# dimensionless total [l(l+1)/2pi] C_l's
# for l=2 to 3000, i.e. number of multipoles equal to 2999
#
# -> if you prefer output in CAMB/HealPix/LensPix units/order, set 'format' to 'camb' in input file
# -> if you don't want to see such a header, set 'headers' to 'no' in input file
# -> for CMB lensing (phi), these are C_l^phi-phi for the lensing potential.
#    Remember the conversion factors:
#    C_l^dd (deflection) = l(l+1) C_l^phi-phi
#    C_l^gg (shear/convergence) = 1/4 (l(l+1))^2 C_l^phi-phi
#
# 1:l     2:TT                     3:EE                     4:TE                     5:BB                     6:phiphi                 7:TPhi                   8:Ephi               
    2       1.366330598727e-10       4.225417728245e-15       3.882625878294e-13       0.000000000000e+00       8.069000699074e-09       4.087280816909e-10      -1.851603606555e-12 
    3       1.286448789456e-10       5.378876528431e-15       4.248310577551e-13       0.000000000000e+00       4.939262651992e-09       2.892027623702e-10      -1.403978873343e-12 
    4       1.215144307907e-10       4.632713498655e-15       3.884432260729e-13       0.000000000000e+00       3.421680830695e-09       2.183345180846e-10      -9.217710979497e-13 
    5       1.163521818523e-10       3.078844034590e-15       3.239232704776e-13       0.000000000000e+00       2.547672289554e-09       1.718560128055e-10      -5.160562404794e-13 
    6       1.129141652756e-10       1.711967709511e-15       2.557510324280e-13       0.000000000000e+00       1.986204975411e-09       1.393177093475e-10      -2.173835522511e-13 
    7       1.107725329393e-10       9.154960535453e-16       1.973413433300e-13       0.000000000000e+00       1.599610439737e-09       1.155178558543e-10      -2.699550475063e-14 
    8       1.095884507006e-10       5.830130245122e-16       1.539418455796e-13       0.000000000000e+00       1.319969001659e-09       9.753374337600e-11       7.021596827091e-14 
    9       1.091012044826e-10       4.653155717894e-16       1.260281035655e-13       0.000000000000e+00       1.109991271800e-09       8.357711428582e-11       9.767696269434e-14 
   10       1.091092250484e-10       3.981711731972e-16       1.114741467178e-13       0.000000000000e+00       9.476150586070e-10       7.251801501836e-11       8.123763856300e-14 
   11       1.095215700968e-10       3.386082235452e-16       1.069877726244e-13       0.000000000000e+00       8.117790293827e-10       6.438862610578e-11       4.500162113085e-14 
   12       1.102417571736e-10       2.997362317716e-16       1.091472469943e-13       0.000000000000e+00       7.095249436041e-10       5.686762440507e-11       6.260728588942e-15 
   13       1.111922765117e-10       2.907198372503e-16       1.150250748929e-13       0.000000000000e+00       6.255503644067e-10       5.073459782324e-11      -2.308717570073e-14 
   14       1.123008090675e-10       3.032862769176e-16       1.225865469604e-13       0.000000000000e+00       5.556609551738e-10       4.535467202033e-11      -3.878663062228e-14 
   15       1.135816571957e-10       3.265532275109e-16       1.306802526377e-13       0.000000000000e+00       4.968186518541e-10       4.084476109045e-11      -4.110771591238e-14 
   16       1.150108537177e-10       3.591710549485e-16       1.388031704276e-13       0.000000000000e+00       4.467745438546e-10       3.700638210032e-11      -3.401911859963e-14 
   17       1.165286669996e-10       4.074118414314e-16       1.468777879529e-13       0.000000000000e+00       4.038335552950e-10       3.368619779971e-11      -2.268806721631e-14 
   18       1.181262030631e-10       4.771379812308e-16       1.552310711583e-13       0.000000000000e+00       3.665581246393e-10       3.074577605941e-11      -1.202120154417e-14 
   19       1.198170774989e-10       5.688260716951e-16       1.641173004429e-13       0.000000000000e+00       3.343472519064e-10       2.816713377692e-11      -4.582024079693e-15 
   20       1.215641364946e-10       6.804563760829e-16       1.736908157040e-13       0.000000000000e+00       3.059749894363e-10       2.591135628239e-11      -1.994929778090e-15 
   21       1.233791104753e-10       8.110332760970e-16       1.838607362087e-13       0.000000000000e+00       2.809957881325e-10       2.393570218217e-11      -3.629706852550e-15 
   22       1.252577567996e-10       9.595755392482e-16       1.943656850316e-13       0.000000000000e+00       2.588086417660e-10       2.216266471316e-11      -7.685405748082e-15 
   23       1.271953063087e-10       1.126134808849e-15       2.048190175091e-13       0.000000000000e+00       2.391168924711e-10       2.056376981095e-11      -1.243324759485e-14 
   24       1.291670143706e-10       1.310942394848e-15       2.147537348527e-13       0.000000000000e+00       2.214713624839e-10       1.910921090643e-11      -1.606093752910e-14 
   25       1.311769994979e-10       1.514249717916e-15       2.238776631370e-13       0.000000000000e+00       2.056331035435e-10       1.779606852998e-11      -1.778947835626e-14 
   26       1.332250897803e-10       1.736485587502e-15       2.319717517449e-13       0.000000000000e+00       1.912925827102e-10       1.661734800520e-11      -1.731620265489e-14 
   27       1.353205299723e-10       1.979344980993e-15       2.390039681270e-13       0.000000000000e+00       1.783756003533e-10       1.556422690763e-11      -1.515404114020e-14 
   28       1.374588217247e-10       2.245168455381e-15       2.450325618285e-13       0.000000000000e+00       1.667257053354e-10       1.461218863804e-11      -1.229658542545e-14 
   29       1.396218729971e-10       2.536348472144e-15       2.501426505517e-13       0.000000000000e+00       1.560601291989e-10       1.372686317432e-11      -9.849005894801e-15 
   30       1.418170417411e-10       2.854119080610e-15       2.543615327633e-13       0.000000000000e+00       1.463201515177e-10       1.290839871281e-11      -8.186890462670e-15 
   31       1.440500176382e-10       3.199281118041e-15       2.577132113567e-13       0.000000000000e+00       1.374335567768e-10       1.216272175291e-11      -7.474419031780e-15 
   32       1.463169883676e-10       3.572534185918e-15       2.602123700604e-13       0.000000000000e+00       1.292598540310e-10       1.148932822615e-11      -7.783083721586e-15 
   33       1.486182550607e-10       3.974608472372e-15       2.617632918041e-13       0.000000000000e+00       1.217545978376e-10       1.088082902202e-11      -8.761617176159e-15 
   34       1.509472298055e-10       4.406164011953e-15       2.622218899054e-13       0.000000000000e+00       1.148514012684e-10       1.032192987245e-11      -9.829783418225e-15 
   35       1.532919122533e-10       4.867834113620e-15       2.614407792607e-13       0.000000000000e+00       1.084476060855e-10       9.794442665145e-12      -1.040572319229e-14 
   36       1.556567367355e-10       5.360525799296e-15       2.593408696730e-13       0.000000000000e+00       1.025266242438e-10       9.296880352646e-12      -1.043476733973e-14 
   37       1.580467626179e-10       5.885216962050e-15       2.558634727970e-13       0.000000000000e+00       9.706991905985e-11       8.830934246917e-12      -1.004030786441e-14 
   38       1.604609993740e-10       6.442875609260e-15       2.509513939056e-13       0.000000000000e+00       9.202001526593e-11       8.395984933720e-12      -9.387638888443e-15 
   39       1.628951499950e-10       7.034412167686e-15       2.445592962503e-13       0.000000000000e+00       8.730123453257e-11       7.989912375996e-12      -8.659109837729e-15 
   40       1.653526592649e-10       7.660519078032e-15       2.366889416224e-13       0.000000000000e+00       8.289914587064e-11       7.612428200190e-12      -7.961942537687e-15 
   41       1.678362676897e-10       8.321774959462e-15       2.273660379998e-13       0.000000000000e+00       7.880219222367e-11       7.262487560597e-12      -7.394109034608e-15 
   42       1.703444688318e-10       9.018682226943e-15       2.166317747376e-13       0.000000000000e+00       7.497798382407e-11       6.937190164904e-12      -7.070452470401e-15 
   43       1.728738072411e-10       9.751710112236e-15       2.045223747473e-13       0.000000000000e+00       7.138528260647e-11       6.632783180912e-12      -7.086516082814e-15 
   44       1.754276643141e-10       1.052145047832e-14       1.909981563829e-13       0.000000000000e+00       6.801856836294e-11       6.348412795932e-12      -7.394337962684e-15 
   45       1.780094748593e-10       1.132850295971e-14       1.759937585310e-13       0.000000000000e+00       6.487441742958e-11       6.083279744683e-12      -7.889504455767e-15 
   46       1.806199740418e-10       1.217343017144e-14       1.594370005187e-13       0.000000000000e+00       6.193812154608e-11       5.835502333546e-12      -8.443515625765e-15 
   47       1.832569336811e-10       1.305675619575e-14       1.412483694087e-13       0.000000000000e+00       5.918280799847e-11       5.602034094938e-12      -8.902372872764e-15 
   48       1.859168251308e-10       1.397892207906e-14       1.213537843921e-13       0.000000000000e+00       5.657771373755e-11       5.379572615715e-12      -9.128826989510e-15 
   49       1.886009775191e-10       1.494014101968e-14       9.972834107389e-14       0.000000000000e+00       5.411781877359e-11       5.167781105030e-12      -9.146500572606e-15 
   50       1.913107023704e-10       1.594049975926e-14       7.636401728153e-14       0.000000000000e+00       5.180105437929e-11       4.966833467967e-12      -9.033965324224e-15 
   51       1.940453572486e-10       1.697999439297e-14       5.125763322050e-14       0.000000000000e+00       4.961947577595e-11       4.776471425292e-12      -8.885423797243e-15 
   52       1.968021803500e-10       1.805852666279e-14       2.441101617239e-14       0.000000000000e+00       4.755884931577e-11       4.595972737931e-12      -8.811524587051e-15 
   53       1.995779884593e-10       1.917598607365e-14      -4.175321213909e-15       0.000000000000e+00       4.560312248500e-11       4.424443857121e-12      -8.910735919576e-15 
   54       2.023751641566e-10       2.033252956376e-14      -3.452343360563e-14       0.000000000000e+00       4.375013360734e-11       4.261859365783e-12      -9.172948000437e-15 
   55       2.051969198967e-10       2.152836728924e-14      -6.666186823309e-14       0.000000000000e+00       4.199922229641e-11       4.108234441869e-12      -9.552503461293e-15 
   56       2.080454840904e-10       2.276368299047e-14      -1.006197616931e-13       0.000000000000e+00       4.034649682610e-11       3.963306064712e-12      -9.995059421239e-15 
   57       2.109220138261e-10       2.403863388379e-14      -1.364269472175e-13       0.000000000000e+00       3.878462604337e-11       3.826514842253e-12      -1.043716822981e-14 
   58       2.138265075904e-10       2.535335055331e-14      -1.741140619419e-13       0.000000000000e+00       3.730263128103e-11       3.696986838264e-12      -1.080585821001e-14 
   59       2.167584499228e-10       2.670783143350e-14      -2.137032202208e-13       0.000000000000e+00       3.588890848635e-11       3.573770516298e-12      -1.103640488390e-14 
   60       2.197191184277e-10       2.810159788817e-14      -2.551772606765e-13       0.000000000000e+00       3.454158677193e-11       3.456653101281e-12      -1.113141617569e-14 
   61       2.227096592183e-10       2.953395869694e-14      -2.985035342891e-13       0.000000000000e+00       3.326021193937e-11       3.345502020517e-12      -1.111475196028e-14 
   62       2.257303408969e-10       3.100410481517e-14      -3.436425022232e-13       0.000000000000e+00       3.204263119787e-11       3.240017125863e-12      -1.101473337188e-14 
   63       2.287804920872e-10       3.251110569258e-14      -3.905475233012e-13       0.000000000000e+00       3.088489457592e-11       3.139721168975e-12      -1.086434017360e-14 
   64       2.318584389669e-10       3.405390559180e-14      -4.391646414773e-13       0.000000000000e+00       2.978115633289e-11       3.043950276560e-12      -1.070140812694e-14 
   65       2.349624268925e-10       3.563143963955e-14      -4.894440633906e-13       0.000000000000e+00       2.872528807400e-11       2.952032457832e-12      -1.056013872296e-14 
   66       2.380937524503e-10       3.724301881582e-14      -5.413778936366e-13       0.000000000000e+00       2.771633661423e-11       2.863888461239e-12      -1.044309514087e-14 
   67       2.412541850129e-10       3.888802015877e-14      -5.949700348762e-13       0.000000000000e+00       2.675404917505e-11       2.779541518417e-12      -1.034361081066e-14 
   68       2.444450068885e-10       4.056577390051e-14      -6.502253152635e-13       0.000000000000e+00       2.583721391422e-11       2.698936355099e-12      -1.025390893687e-14 
   69       2.476669783802e-10       4.227556313489e-14      -7.071496029152e-13       0.000000000000e+00       2.496360921721e-11       2.621934926004e-12      -1.016505685722e-14 
   70       2.509203028451e-10       4.401662348519e-14      -7.657499203789e-13       0.000000000000e+00       2.412995298865e-11       2.548312149735e-12      -1.006692040130e-14 
   71       2.542045917542e-10       4.578814277189e-14      -8.260345591026e-13       0.000000000000e+00       2.333185194383e-11       2.477751643664e-12      -9.948118249259e-15 
   72       2.575193179705e-10       4.758922530144e-14      -8.880051749446e-13       0.000000000000e+00       2.256493174265e-11       2.409930055221e-12      -9.799192267729e-15 
   73       2.608653539602e-10       4.941877753527e-14      -9.516310637774e-13       0.000000000000e+00       2.182859121822e-11       2.344798274077e-12      -9.622924461963e-15 
   74       2.642436670727e-10       5.127559977232e-14      -1.016870131961e-12       0.000000000000e+00       2.112288048915e-11       2.282346742221e-12      -9.425927101363e-15 
   75       2.676548340930e-10       5.315841846290e-14      -1.083676410344e-12       0.000000000000e+00       2.044736062270e-11       2.222519436094e-12      -9.215629519219e-15 
   76       2.710990174476e-10       5.506588506863e-14      -1.151999985653e-12       0.000000000000e+00       1.980107988609e-11       2.165211624224e-12      -9.000305895523e-15 
   77       2.745759414103e-10       5.699657492251e-14      -1.221786931878e-12       0.000000000000e+00       1.918254999786e-11       2.110267624867e-12      -8.789103039784e-15 
   78       2.780848683084e-10       5.894898608884e-14      -1.292979241663e-12       0.000000000000e+00       1.858972237918e-11       2.057478563647e-12      -8.592068173835e-15 
   79       2.816245747281e-10       6.092153822331e-14      -1.365514757689e-12       0.000000000000e+00       1.801996440520e-11       2.006580131197e-12      -8.420176714652e-15 
   80       2.851938814298e-10       6.291262165887e-14      -1.439332389699e-12       0.000000000000e+00       1.747071332618e-11       1.957318931205e-12      -8.282741820629e-15 
   81       2.887934014236e-10       6.492075698884e-14      -1.514388959913e-12       0.000000000000e+00       1.694162106227e-11       1.909669727355e-12      -8.179063817489e-15 
   82       2.924240534597e-10       6.694446124667e-14      -1.590645171527e-12       0.000000000000e+00       1.643274027705e-11       1.863652007983e-12      -8.105374489265e-15 
   83       2.960865219520e-10       6.898219993486e-14      -1.668060611748e-12       0.000000000000e+00       1.594386876452e-11       1.819263789501e-12      -8.057306124259e-15 
   84       2.997812434378e-10       7.103238681509e-14      -1.746593781052e-12       0.000000000000e+00       1.547453824984e-11       1.776480644238e-12      -8.029870811992e-15 
   85       3.035083930374e-10       7.309338369832e-14      -1.826202122464e-12       0.000000000000e+00       1.502400319011e-11       1.735254728267e-12      -8.017439740150e-15 
   86       3.072678709139e-10       7.516350023490e-14      -1.906842050820e-12       0.000000000000e+00       1.459122957518e-11       1.695513809242e-12      -8.013722491543e-15 
   87       3.110592887333e-10       7.724099370470e-14      -1.988468982040e-12       0.000000000000e+00       1.417488372837e-11       1.657160294227e-12      -8.011746341051e-15 
   88       3.148819561237e-10       7.932406880717e-14      -2.071037362398e-12       0.000000000000e+00       1.377332110727e-11       1.620070257530e-12      -8.003835552579e-15 
   89       3.187351743058e-10       8.141090314859e-14      -2.154499085944e-12       0.000000000000e+00       1.338497797651e-11       1.584124178779e-12      -7.983252823375e-15 
   90       3.226191992855e-10       8.349972874311e-14      -2.238798398454e-12       0.000000000000e+00       1.300964125101e-11       1.549306802212e-12      -7.949463836117e-15 
   91       3.265344055107e-10       8.558876296933e-14      -2.323876244286e-12       0.000000000000e+00       1.264735814296e-11       1.515621223802e-12      -7.903664241998e-15 
   92       3.304809833384e-10       8.767618418397e-14      -2.409671812113e-12       0.000000000000e+00       1.229804593093e-11       1.483058085336e-12      -7.847195169589e-15 
   93       3.344589300960e-10       8.976013189693e-14      -2.496122540041e-12       0.000000000000e+00       1.196148679619e-11       1.451595077305e-12      -7.781547422878e-15 
   94       3.384680411428e-10       9.183870694643e-14      -2.583164120738e-12       0.000000000000e+00       1.163732265902e-11       1.421196441797e-12      -7.708365679300e-15 
   95       3.425079009315e-10       9.390997167401e-14      -2.670730506548e-12       0.000000000000e+00       1.132505001501e-11       1.391812475389e-12      -7.629452687777e-15 
   96       3.465778740700e-10       9.597195009971e-14      -2.758753914622e-12       0.000000000000e+00       1.102401477136e-11       1.363379032041e-12      -7.546773466750e-15 
   97       3.506770963829e-10       9.802262809706e-14      -2.847164832034e-12       0.000000000000e+00       1.073340708322e-11       1.335817025985e-12      -7.462459502219e-15 
   98       3.548044659728e-10       1.000599535682e-13      -2.935892020904e-12       0.000000000000e+00       1.045225618997e-11       1.309031934620e-12      -7.378812945774e-15 
   99       3.589589166155e-10       1.020818837034e-13      -3.024864007423e-12       0.000000000000e+00       1.017965293218e-11       1.282936265133e-12      -7.297854164325e-15 
  100       3.631403014506e-10       1.040865340181e-13      -3.114013778499e-12       0.000000000000e+00       9.915464426797e-12       1.257521659880e-12      -7.219882191457e-15 
  101       3.673486184352e-10       1.060720508491e-13      -3.203274762959e-12       0.000000000000e+00       9.659711497881e-12       1.232796128151e-12      -7.144717226532e-15 
  102       3.715837337309e-10       1.080365668900e-13      -3.292579429814e-12       0.000000000000e+00       9.412347653254e-12       1.208761777583e-12      -7.072137772222e-15 
  103       3.758453761872e-10       1.099782019369e-13      -3.381859311368e-12       0.000000000000e+00       9.173256680575e-12       1.185414595410e-12      -7.001879297414e-15 
  104       3.801331318259e-10       1.118950636341e-13      -3.471045026327e-12       0.000000000000e+00       8.942250243410e-12       1.162744229695e-12      -6.933632900112e-15 
  105       3.844464383243e-10       1.137852482200e-13      -3.560066302905e-12       0.000000000000e+00       8.719065477310e-12       1.140733770579e-12      -6.867043970345e-15 
  106       3.887845794992e-10       1.156468412730e-13      -3.648852001938e-12       0.000000000000e+00       8.503362585883e-12       1.119359531513e-12      -6.801710853069e-15 
  107       3.931466797907e-10       1.174779184572e-13      -3.737330139988e-12       0.000000000000e+00       8.294722436863e-12       1.098590830505e-12      -6.737183511074e-15 
  108       3.975316987460e-10       1.192765462680e-13      -3.825427912455e-12       0.000000000000e+00       8.092644158191e-12       1.078389771359e-12      -6.672962187887e-15 
  109       4.019384255031e-10       1.210407827785e-13      -3.913071716683e-12       0.000000000000e+00       7.896542734082e-12       1.058711024913e-12      -6.608496070674e-15 
  110       4.063656868139e-10       1.227687260356e-13      -4.000187674975e-12       0.000000000000e+00       7.705880898943e-12       1.039512697987e-12      -6.543303003519e-15 
  111       4.108130132069e-10       1.244586646914e-13      -4.086703230115e-12       0.000000000000e+00       7.520589161206e-12       1.020790990493e-12      -6.477348908761e-15 
  112       4.152800481521e-10       1.261089481348e-13      -4.172545798238e-12       0.000000000000e+00       7.340695284724e-12       1.002549584921e-12      -6.410714646969e-15 
  113       4.197663387646e-10       1.277179417640e-13      -4.257642314874e-12       0.000000000000e+00       7.166193724447e-12       9.847888465894e-13      -6.343479161509e-15 
  114       4.242713323866e-10       1.292840282011e-13      -4.341919262972e-12       0.000000000000e+00       6.997044542376e-12       9.675057138542e-13      -6.275719331132e-15 
  115       4.287943731704e-10       1.308056085056e-13      -4.425302700927e-12       0.000000000000e+00       6.833172323520e-12       9.506935883202e-13      -6.207509822566e-15 
  116       4.333346986604e-10       1.322811033886e-13      -4.507718290593e-12       0.000000000000e+00       6.674465091845e-12       9.343422250513e-13      -6.138922943100e-15 
  117       4.378914363757e-10       1.337089544275e-13      -4.589091325314e-12       0.000000000000e+00       6.520773226231e-12       9.184376227813e-13      -6.070028493177e-15 
  118       4.424636003927e-10       1.350876252793e-13      -4.669346757939e-12       0.000000000000e+00       6.371908376425e-12       9.029619141244e-13      -6.000893618979e-15 
  119       4.470500879273e-10       1.364156028954e-13      -4.748409228846e-12       0.000000000000e+00       6.227642378995e-12       8.878932557859e-13      -5.931582665019e-15 
  120       4.516496759173e-10       1.376913987352e-13      -4.826203093966e-12       0.000000000000e+00       6.087706173285e-12       8.732057187729e-13      -5.862157026730e-15 
  121       4.562610176053e-10       1.389135499807e-13      -4.902652452801e-12       0.000000000000e+00       5.951788717367e-12       8.588691786049e-13      -5.792675003048e-15 
  122       4.608826391206e-10       1.400806207502e-13      -4.977681176449e-12       0.000000000000e+00       5.819535903996e-12       8.448492055244e-13      -5.723191649009e-15 
  123       4.655131142539e-10       1.411912512538e-13      -5.051213880883e-12       0.000000000000e+00       5.690626988340e-12       8.311149649190e-13      -5.653761948581e-15 
  124       4.701516187952e-10       1.422443090684e-13      -5.123178913700e-12       0.000000000000e+00       5.565016122097e-12       8.176641801453e-13      -5.584451059908e-15 
  125       4.747974337350e-10       1.432387576101e-13      -5.193505764904e-12       0.000000000000e+00       5.442716653508e-12       8.045008439279e-13      -5.515324974730e-15 
  126       4.794497707817e-10       1.441736113251e-13      -5.262124187472e-12       0.000000000000e+00       5.323725631598e-12       7.916274187256e-13      -5.446447183521e-15 
  127       4.841077703459e-10       1.450479372806e-13      -5.328964232818e-12       0.000000000000e+00       5.208023331981e-12       7.790447899641e-13      -5.377878554194e-15 
  128       4.887704995249e-10       1.458608567564e-13      -5.393956286245e-12       0.000000000000e+00       5.095572782660e-12       7.667522192706e-13      -5.309677210820e-15 
  129       4.934369500872e-10       1.466115468360e-13      -5.457031102413e-12       0.000000000000e+00       4.986319289831e-12       7.547472977062e-13      -5.241898412332e-15 
  130       4.981060364568e-10       1.472992419979e-13      -5.518119840787e-12       0.000000000000e+00       4.880189963688e-12       7.430258990004e-13      -5.174594431245e-15 
  131       5.027765936978e-10       1.479232357072e-13      -5.577154101108e-12       0.000000000000e+00       4.777093244219e-12       7.315821327842e-13      -5.107814432361e-15 
  132       5.074473754983e-10       1.484828820065e-13      -5.634065958840e-12       0.000000000000e+00       4.676918427018e-12       7.204082978237e-13      -5.041604351487e-15 
  133       5.121170521558e-10       1.489775971075e-13      -5.688788000640e-12       0.000000000000e+00       4.579535189080e-12       7.094948352535e-13      -4.976006774141e-15 
  134       5.167842085607e-10       1.494068609823e-13      -5.741253359808e-12       0.000000000000e+00       4.484793114606e-12       6.988302818107e-13      -4.911060814268e-15 
  135       5.214473421811e-10       1.497702189546e-13      -5.791395751751e-12       0.000000000000e+00       4.392521220807e-12       6.884012230679e-13      -4.846801992951e-15 
  136       5.261048610475e-10       1.500672832911e-13      -5.839149509442e-12       0.000000000000e+00       4.302527483706e-12       6.781922466671e-13      -4.783262117121e-15 
  137       5.307552219927e-10       1.502977624187e-13      -5.884450236472e-12       0.000000000000e+00       4.214639588924e-12       6.681892113140e-13      -4.720458578112e-15 
  138       5.353973657856e-10       1.504615486207e-13      -5.927236767431e-12       0.000000000000e+00       4.128832947030e-12       6.583895345359e-13      -4.658361254258e-15 
  139       5.400303234126e-10       1.505586424751e-13      -5.967449478561e-12       0.000000000000e+00       4.045115087686e-12       6.487928857773e-13      -4.596921937489e-15 
  140       5.446530787474e-10       1.505891277925e-13      -6.005029727377e-12       0.000000000000e+00       3.963485412695e-12       6.393979406770e-13      -4.536084419500e-15 
  141       5.492645674252e-10       1.505531733832e-13      -6.039919892049e-12       0.000000000000e+00       3.883934983464e-12       6.302023553466e-13      -4.475784303310e-15 
  142       5.538636757176e-10       1.504510348236e-13      -6.072063410772e-12       0.000000000000e+00       3.806446308475e-12       6.212027406506e-13      -4.415948814813e-15 
  143       5.584492394072e-10       1.502830562233e-13      -6.101404821156e-12       0.000000000000e+00       3.730993130744e-12       6.123946364854e-13      -4.356496614344e-15 
  144       5.630200426620e-10       1.500496719912e-13      -6.127889799597e-12       0.000000000000e+00       3.657540215289e-12       6.037724860584e-13      -4.297337608228e-15 
  145       5.675748169107e-10       1.497514086025e-13      -6.151465200659e-12       0.000000000000e+00       3.586043136600e-12       5.953296101679e-13      -4.238372760347e-15 
  146       5.721122397166e-10       1.493888863651e-13      -6.172079096452e-12       0.000000000000e+00       3.516448066096e-12       5.870581814817e-13      -4.179493903689e-15 
  147       5.766309336530e-10       1.489628211867e-13      -6.189680816014e-12       0.000000000000e+00       3.448691559599e-12       5.789491988171e-13      -4.120583551909e-15 
  148       5.811294651770e-10       1.484740263410e-13      -6.204220984684e-12       0.000000000000e+00       3.382700344793e-12       5.709924614196e-13      -4.061514710890e-15 
  149       5.856063435051e-10       1.479234142347e-13      -6.215651563488e-12       0.000000000000e+00       3.318391108693e-12       5.631765432427e-13      -4.002150690293e-15 
  150       5.900600194872e-10       1.473119981739e-13      -6.223925888511e-12       0.000000000000e+00       3.255670285111e-12       5.554887672268e-13      -3.942344915123e-15 
  151       5.944888844815e-10       1.466408941308e-13      -6.228998710283e-12       0.000000000000e+00       3.194433842120e-12       5.479151795789e-13      -3.881940737279e-15 
  152       5.988912692292e-10       1.459113225107e-13      -6.230826233151e-12       0.000000000000e+00       3.134567069518e-12       5.404405240518e-13      -3.820771247118e-15 
  153       6.032655659012e-10       1.451245945768e-13      -6.229366392400e-12       0.000000000000e+00       3.075968297513e-12       5.330518359043e-13      -3.758704607943e-15 
  154       6.076106093708e-10       1.442820665891e-13      -6.224579631693e-12       0.000000000000e+00       3.018622980449e-12       5.257496537526e-13      -3.695785196932e-15 
  155       6.119253293947e-10       1.433851847520e-13      -6.216428273300e-12       0.000000000000e+00       2.962536125033e-12       5.185378055276e-13      -3.632105283217e-15 
  156       6.162086301318e-10       1.424355018470e-13      -6.204876327107e-12       0.000000000000e+00       2.907708888028e-12       5.114198752181e-13      -3.567760726907e-15 
  157       6.204593896451e-10       1.414346789213e-13      -6.189889531202e-12       0.000000000000e+00       2.854138485597e-12       5.043991955851e-13      -3.502851022488e-15 
  158       6.246764594034e-10       1.403844869763e-13      -6.171435392470e-12       0.000000000000e+00       2.801818102649e-12       4.974788408757e-13      -3.437479342227e-15 
  159       6.288586637838e-10       1.392868086560e-13      -6.149483227179e-12       0.000000000000e+00       2.750736802185e-12       4.906616195378e-13      -3.371752579577e-15 
  160       6.330047995733e-10       1.381436399358e-13      -6.124004201572e-12       0.000000000000e+00       2.700879434643e-12       4.839500669336e-13      -3.305781392578e-15 
  161       6.371136354709e-10       1.369570918109e-13      -6.094971372454e-12       0.000000000000e+00       2.652226547246e-12       4.773464380544e-13      -3.239680247263e-15 
  162       6.411839115893e-10       1.357293919845e-13      -6.062359727786e-12       0.000000000000e+00       2.604754293347e-12       4.708527002341e-13      -3.173567461059e-15 
  163       6.452143389573e-10       1.344628865570e-13      -6.026146227270e-12       0.000000000000e+00       2.558434341774e-12       4.644705258640e-13      -3.107565246194e-15 
  164       6.492035990217e-10       1.331600417139e-13      -5.986309842942e-12       0.000000000000e+00       2.513233786176e-12       4.582012851065e-13      -3.041799753096e-15 
  165       6.531503431488e-10       1.318234454148e-13      -5.942831599760e-12       0.000000000000e+00       2.469115054372e-12       4.520460386093e-13      -2.976401113799e-15 
  166       6.570531921270e-10       1.304558090815e-13      -5.895694616196e-12       0.000000000000e+00       2.426035817692e-12       4.460055302198e-13      -2.911503485348e-15 
  167       6.609107356683e-10       1.290599692868e-13      -5.844884144821e-12       0.000000000000e+00       2.383948900328e-12       4.400801796991e-13      -2.847245093198e-15 
  168       6.647215319106e-10       1.276388894430e-13      -5.790387612902e-12       0.000000000000e+00       2.342802188674e-12       4.342700754361e-13      -2.783768274621e-15 
  169       6.684841069194e-10       1.261956614905e-13      -5.732194662985e-12       0.000000000000e+00       2.302538540679e-12       4.285749671619e-13      -2.721219522110e-15 
  170       6.721969541901e-10       1.247335075861e-13      -5.670297193488e-12       0.000000000000e+00       2.263095695188e-12       4.229942586634e-13      -2.659749526779e-15 
  171       6.758586328291e-10       1.232556848021e-13      -5.604688693051e-12       0.000000000000e+00       2.224418869175e-12       4.175270491806e-13      -2.599481424321e-15 
  172       6.794680723288e-10       1.217651867710e-13      -5.535362096328e-12       0.000000000000e+00       2.186499917924e-12       4.121722767213e-13      -2.540412470870e-15 
  173       6.830242923688e-10       1.202650202836e-13      -5.462311826354e-12       0.000000000000e+00       2.149341281554e-12       4.069285727903e-13      -2.482504213766e-15 
  174       6.865263063298e-10       1.187583013219e-13      -5.385534522118e-12       0.000000000000e+00       2.112943552453e-12       4.017942077483e-13      -2.425713465362e-15 
  175       6.899731211979e-10       1.172482563525e-13      -5.305029076273e-12       0.000000000000e+00       2.077305436382e-12       3.967670837251e-13      -2.369992216693e-15 
  176       6.933637374690e-10       1.157382236189e-13      -5.220796672839e-12       0.000000000000e+00       2.042423713597e-12       3.918447275316e-13      -2.315287551148e-15 
  177       6.966971490536e-10       1.142316544348e-13      -5.132840824918e-12       0.000000000000e+00       2.008293199952e-12       3.870242835736e-13      -2.261541558141e-15 
  178       6.999723431814e-10       1.127321144763e-13      -5.041167412397e-12       0.000000000000e+00       1.974906708019e-12       3.823025067637e-13      -2.208691246779e-15 
  179       7.031883003057e-10       1.112432850754e-13      -4.945784719660e-12       0.000000000000e+00       1.942255008194e-12       3.776757554347e-13      -2.156668459539e-15 
  180       7.063439940081e-10       1.097689645122e-13      -4.846703473293e-12       0.000000000000e+00       1.910326789811e-12       3.731399842520e-13      -2.105399785934e-15 
  181       7.094383909031e-10       1.083130693082e-13      -4.743936879795e-12       0.000000000000e+00       1.879108622258e-12       3.686907371264e-13      -2.054806476184e-15 
  182       7.124704505427e-10       1.068796355188e-13      -4.637500663285e-12       0.000000000000e+00       1.848584916082e-12       3.643231401272e-13      -2.004804354890e-15 
  183       7.154391253208e-10       1.054728200263e-13      -4.527413103211e-12       0.000000000000e+00       1.818737884106e-12       3.600318943945e-13      -1.955303734702e-15 
  184       7.183433603780e-10       1.040969018325e-13      -4.413695072056e-12       0.000000000000e+00       1.789547502540e-12       3.558112690524e-13      -1.906209329991e-15 
  185       7.211820935060e-10       1.027562833518e-13      -4.296370073052e-12       0.000000000000e+00       1.760991472095e-12       3.516550941215e-13      -1.857420170519e-15 
  186       7.239542550524e-10       1.014554917038e-13      -4.175464277882e-12       0.000000000000e+00       1.733045179090e-12       3.475567534319e-13      -1.808829515114e-15 
  187       7.266587678250e-10       1.001991800062e-13      -4.051006564390e-12       0.000000000000e+00       1.705681656568e-12       3.435091775358e-13      -1.760324765333e-15 
  188       7.292945469967e-10       9.899212866744e-14      -3.923028554292e-12       0.000000000000e+00       1.678871545409e-12       3.395048366203e-13      -1.711787379142e-15 
  189       7.318605000097e-10       9.783924667987e-14      -3.791564650881e-12       0.000000000000e+00       1.652583055439e-12       3.355357334202e-13      -1.663092784580e-15 
  190       7.343555264806e-10       9.674557291225e-14      -3.656652076739e-12       0.000000000000e+00       1.626781926544e-12       3.315933961309e-13      -1.614110293432e-15 
  191       7.367785923869e-10       9.571606952933e-14      -3.518328720925e-12       0.000000000000e+00       1.601438201330e-12       3.276707104150e-13      -1.564732661453e-15 
  192       7.391289590417e-10       9.475498225108e-14      -3.376626421637e-12       0.000000000000e+00       1.576547191483e-12       3.237675836575e-13      -1.514967425161e-15 
  193       7.414059711501e-10       9.386643448589e-14      -3.231577251123e-12       0.000000000000e+00       1.552110012819e-12       3.198856929096e-13      -1.464852265611e-15 
  194       7.436089842175e-10       9.305463149722e-14      -3.083215691219e-12       0.000000000000e+00       1.528126898666e-12       3.160266829404e-13      -1.414425988547e-15 
  195       7.457373646978e-10       9.232386101617e-14      -2.931578663890e-12       0.000000000000e+00       1.504597183271e-12       3.121921651670e-13      -1.363728535080e-15 
  196       7.477904901406e-10       9.167849385407e-14      -2.776705561770e-12       0.000000000000e+00       1.481519285199e-12       3.083837165856e-13      -1.312800992372e-15 
  197       7.497677493391e-10       9.112298451512e-14      -2.618638278704e-12       0.000000000000e+00       1.458890690732e-12       3.046028787018e-13      -1.261685604318e-15 
  198       7.516685424776e-10       9.066187180895e-14      -2.457421240287e-12       0.000000000000e+00       1.436707937276e-12       3.008511564622e-13      -1.210425782227e-15 
  199       7.534922812791e-10       9.029977946325e-14      -2.293101434404e-12       0.000000000000e+00       1.414966596756e-12       2.971300171841e-13      -1.159066115507e-15 
  200       7.552383891534e-10       9.004141673634e-14      -2.125728441771e-12       0.000000000000e+00       1.393661259019e-12       2.934408894873e-13      -1.107652382340e-15 
  201       7.569063013441e-10       8.989157902980e-14      -1.955354466476e-12       0.000000000000e+00       1.372785515239e-12       2.897851622239e-13      -1.056231560373e-15 
  202       7.584954650768e-10       8.985514850105e-14      -1.782034366519e-12       0.000000000000e+00       1.352331941312e-12       2.861641834098e-13      -1.004851837392e-15 
  203       7.600053397064e-10       8.993709467595e-14      -1.605825684351e-12       0.000000000000e+00       1.332292081263e-12       2.825792591550e-13      -9.535626220079e-16 
  204       7.614353968648e-10       9.014247506143e-14      -1.426788677418e-12       0.000000000000e+00       1.312656430643e-12       2.790316525946e-13      -9.024145543371e-16 
  205       7.627851206088e-10       9.047643575804e-14      -1.244986348697e-12       0.000000000000e+00       1.293414419933e-12       2.755225828196e-13      -8.514595166840e-16 
  206       7.640540075676e-10       9.094421207258e-14      -1.060484477237e-12       0.000000000000e+00       1.274554397942e-12       2.720532238071e-13      -8.007506442226e-16 
  207       7.652415670903e-10       9.155112913071e-14      -8.733516487056e-13       0.000000000000e+00       1.256063615213e-12       2.686247033520e-13      -7.503423356782e-16 
  208       7.663473213937e-10       9.230260248953e-14      -6.836592859199e-13       0.000000000000e+00       1.237928207418e-12       2.652381019968e-13      -7.002902640094e-16 
  209       7.673708057100e-10       9.320413875016e-14      -4.914816793938e-13       0.000000000000e+00       1.220133178766e-12       2.618944519631e-13      -6.506513870900e-16 
  210       7.683115684344e-10       9.426133617042e-14      -2.968960178755e-13       0.000000000000e+00       1.202662385398e-12       2.585947360819e-13      -6.014839583908e-16 
  211       7.691691712727e-10       9.547988527732e-14      -9.998241888900e-14       0.000000000000e+00       1.185498518794e-12       2.553398867245e-13      -5.528475376615e-16 
  212       7.699431893890e-10       9.686556947975e-14       9.917604072635e-14       0.000000000000e+00       1.168623089169e-12       2.521307847333e-13      -5.048030016127e-16 
  213       7.706332501714e-10       9.842393578433e-14       3.004975680659e-13       0.000000000000e+00       1.152020034525e-12       2.489681549514e-13      -4.574016031849e-16 
  214       7.712391521344e-10       1.001592809370e-13       5.039147660289e-13       0.000000000000e+00       1.135686853350e-12       2.458522471834e-13      -4.106513053519e-16 
  215       7.717607543350e-10       1.020755979681e-13       7.093623482803e-13       0.000000000000e+00       1.119624191976e-12       2.427831316137e-13      -3.645481934436e-16 
  216       7.721979387242e-10       1.041768996814e-13       9.167729258678e-13       0.000000000000e+00       1.103832279488e-12       2.397607989382e-13      -3.190872041913e-16 
  217       7.725506103960e-10       1.064672183983e-13       1.126076987932e-12       0.000000000000e+00       1.088310920671e-12       2.367851590224e-13      -2.742621075779e-16 
  218       7.728186978371e-10       1.089506057019e-13       1.337202882417e-12       0.000000000000e+00       1.073059488952e-12       2.338560395606e-13      -2.300654886897e-16 
  219       7.730021531759e-10       1.116311321807e-13       1.550076796784e-12       0.000000000000e+00       1.058076919351e-12       2.309731847337e-13      -1.864887295667e-16 
  220       7.731009524321e-10       1.145128871736e-13       1.764622738716e-12       0.000000000000e+00       1.043361701426e-12       2.281362538683e-13      -1.435219910541e-16 
  221       7.731150957658e-10       1.175999785132e-13       1.980762516837e-12       0.000000000000e+00       1.028911872217e-12       2.253448200950e-13      -1.011541946528e-16 
  222       7.730446077267e-10       1.208965322700e-13       2.198415721415e-12       0.000000000000e+00       1.014725009193e-12       2.225983690070e-13      -5.937300437091e-17 
  223       7.728895375041e-10       1.244066924971e-13       2.417499705079e-12       0.000000000000e+00       1.000798223200e-12       2.198962973185e-13      -1.816480857423e-17 
  224       7.726499591753e-10       1.281346209736e-13       2.637929563526e-12       0.000000000000e+00       9.871281514060e-13       2.172379115236e-13       2.248529816245e-17 
  225       7.723259719554e-10       1.320844969492e-13       2.859618116233e-12       0.000000000000e+00       9.737109502454e-13       2.146224265542e-13       6.259353320451e-17 
  226       7.719177004469e-10       1.362605168879e-13       3.082475887168e-12       0.000000000000e+00       9.605422883679e-13       2.120489644395e-13       1.021774440064e-16 
  227       7.714252948883e-10       1.406668942125e-13       3.306411085502e-12       0.000000000000e+00       9.476173395832e-13       2.095165529634e-13       1.412559262609e-16 
  228       7.708489314040e-10       1.453078590486e-13       3.531329586316e-12       0.000000000000e+00       9.349307758075e-13       2.070241243239e-13       1.798492420478e-16 
  229       7.701888122535e-10       1.501876579684e-13       3.757134911318e-12       0.000000000000e+00       9.224767600094e-13       2.045705137915e-13       2.179790379832e-16 
  230       7.694451660803e-10       1.553105537352e-13       3.983728209549e-12       0.000000000000e+00       9.102489391564e-13       2.021544583672e-13       2.556683633684e-16 
  231       7.686182481621e-10       1.606808250474e-13       4.211008238094e-12       0.000000000000e+00       8.982404371610e-13       1.997745954418e-13       2.929416883389e-16 
  232       7.677083406590e-10       1.663027662824e-13       4.438871342796e-12       0.000000000000e+00       8.864438478263e-13       1.974294614539e-13       3.298249220136e-16 
  233       7.667157528639e-10       1.721806872411e-13       4.667211438964e-12       0.000000000000e+00       8.748512277931e-13       1.951174905487e-13       3.663454306436e-16 
  234       7.656408214510e-10       1.783189128916e-13       4.895919992086e-12       0.000000000000e+00       8.634540894853e-13       1.928370132363e-13       4.025320557612e-16 
  235       7.644839107255e-10       1.847217831136e-13       5.124885998538e-12       0.000000000000e+00       8.522433940562e-13       1.905862550506e-13       4.384151323293e-16 
  236       7.632454128731e-10       1.913936524422e-13       5.353995966296e-12       0.000000000000e+00       8.412095443350e-13       1.883633352074e-13       4.740265068898e-16 
  237       7.619257482086e-10       1.983388898125e-13       5.583133895646e-12       0.000000000000e+00       8.303423777726e-13       1.861662652635e-13       5.093995557133e-16 
  238       7.605253608607e-10       2.055614849264e-13       5.812187878176e-12       0.000000000000e+00       8.196331221398e-13       1.839933177694e-13       5.445613775078e-16 
  239       7.590447050174e-10       2.130638414211e-13       6.041070377249e-12       0.000000000000e+00       8.090804086795e-13       1.818441597861e-13       5.795088091693e-16 
  240       7.574842583304e-10       2.208479100905e-13       6.269699138784e-12       0.000000000000e+00       7.986846095720e-13       1.797187854393e-13       6.142309921804e-16 
  241       7.558445266442e-10       2.289155746062e-13       6.497990678179e-12       0.000000000000e+00       7.884459050500e-13       1.776171515432e-13       6.487170689959e-16 
  242       7.541260442352e-10       2.372686504319e-13       6.725860274983e-12       0.000000000000e+00       7.783642804857e-13       1.755391770392e-13       6.829561846833e-16 
  243       7.523293740523e-10       2.459088837377e-13       6.953221967574e-12       0.000000000000e+00       7.684395234773e-13       1.734847424357e-13       7.169374885625e-16 
  244       7.504551079557e-10       2.548379503140e-13       7.179988547828e-12       0.000000000000e+00       7.586712209363e-13       1.714536892465e-13       7.506501358465e-16 
  245       7.485038669569e-10       2.640574544860e-13       7.406071555793e-12       0.000000000000e+00       7.490587561737e-13       1.694458194301e-13       7.840832892812e-16 
  246       7.464763014588e-10       2.735689280278e-13       7.631381274360e-12       0.000000000000e+00       7.396013059875e-13       1.674608948292e-13       8.172261207861e-16 
  247       7.443730914946e-10       2.833738290767e-13       7.855826723943e-12       0.000000000000e+00       7.302978377491e-13       1.654986366090e-13       8.500678130943e-16 
  248       7.421949469683e-10       2.934735410475e-13       8.079315657141e-12       0.000000000000e+00       7.211471064903e-13       1.635587246972e-13       8.825975613927e-16 
  249       7.399426078937e-10       3.038693715465e-13       8.301754553421e-12       0.000000000000e+00       7.121476519900e-13       1.616407972224e-13       9.148045749622e-16 
  250       7.376168446346e-10       3.145625512860e-13       8.523048613787e-12       0.000000000000e+00       7.032977958613e-13       1.597444499533e-13       9.466780788180e-16 
  251       7.352184581441e-10       3.255542329981e-13       8.743101755451e-12       0.000000000000e+00       6.945956386379e-13       1.578692357382e-13       9.782073153501e-16 
  252       7.327482802045e-10       3.368454903497e-13       8.961816606509e-12       0.000000000000e+00       6.860390568616e-13       1.560146639437e-13       1.009381545963e-15 
  253       7.302071736671e-10       3.484373168558e-13       9.179094500612e-12       0.000000000000e+00       6.776257001682e-13       1.541801998938e-13       1.040190052716e-15 
  254       7.275960326916e-10       3.603306247944e-13       9.394835471643e-12       0.000000000000e+00       6.693529883755e-13       1.523652643093e-13       1.070622139965e-15 
  255       7.249157829859e-10       3.725262441204e-13       9.608938248383e-12       0.000000000000e+00       6.612181085688e-13       1.505692327464e-13       1.100667135999e-15 
  256       7.221673820459e-10       3.850249213801e-13       9.821300249190e-12       0.000000000000e+00       6.532180121891e-13       1.487914350365e-13       1.130314394685e-15 
  257       7.193518193950e-10       3.978273186251e-13       1.003181757667e-11       0.000000000000e+00       6.453494121188e-13       1.470311547244e-13       1.159553297105e-15 
  258       7.164701168240e-10       4.109340123267e-13       1.024038501235e-11       0.000000000000e+00       6.376087797693e-13       1.452876285083e-13       1.188373253196e-15 
  259       7.135233286305e-10       4.243454922901e-13       1.044689601135e-11       0.000000000000e+00       6.299923421672e-13       1.435600456780e-13       1.216763703394e-15 
  260       7.105125418590e-10       4.380621605688e-13       1.065124269706e-11       0.000000000000e+00       6.224960790419e-13       1.418475475550e-13       1.244714120270e-15 
  261       7.074388765402e-10       4.520843303786e-13       1.085331585581e-11       0.000000000000e+00       6.151157199116e-13       1.401492269305e-13       1.272214010171e-15 
  262       7.043034859307e-10       4.664122250118e-13       1.105300493153e-11       0.000000000000e+00       6.078467411709e-13       1.384641275054e-13       1.299252914864e-15 
  263       7.011075567532e-10       4.810459767515e-13       1.125019802045e-11       0.000000000000e+00       6.006843631770e-13       1.367912433289e-13       1.325820413170e-15 
  264       6.978523094353e-10       4.959856257862e-13       1.144478186576e-11       0.000000000000e+00       5.936235473368e-13       1.351295182376e-13       1.351906122610e-15 
  265       6.945389983501e-10       5.112311191232e-13       1.163664185227e-11       0.000000000000e+00       5.866589931941e-13       1.334778452950e-13       1.377499701042e-15 
  266       6.911688542339e-10       5.267820474991e-13       1.182566992406e-11       0.000000000000e+00       5.797861435844e-13       1.318353276570e-13       1.402593028342e-15 
  267       6.877429074833e-10       5.426368425197e-13       1.201178882452e-11       0.000000000000e+00       5.730042665649e-13       1.302020780177e-13       1.427186879290e-15 
  268       6.842621557291e-10       5.587935338101e-13       1.219492916223e-11       0.000000000000e+00       5.663135351731e-13       1.285784614844e-13       1.451284616233e-15 
  269       6.807276209353e-10       5.752500055726e-13       1.237502161456e-11       0.000000000000e+00       5.597140332223e-13       1.269648379403e-13       1.474890046962e-15 
  270       6.771403495411e-10       5.920039950585e-13       1.255199693567e-11       0.000000000000e+00       5.532057540912e-13       1.253615619260e-13       1.498007430038e-15 
  271       6.735014126025e-10       6.090530910395e-13       1.272578596464e-11       0.000000000000e+00       5.467885995145e-13       1.237689825195e-13       1.520641480116e-15 
  272       6.698119059350e-10       6.263947322796e-13       1.289631963350e-11       0.000000000000e+00       5.404623783726e-13       1.221874432178e-13       1.542797373267e-15 
  273       6.660729502547e-10       6.440262060060e-13       1.306352897527e-11       0.000000000000e+00       5.342268054819e-13       1.206172818169e-13       1.564480752305e-15 
  274       6.622856913211e-10       6.619446463813e-13       1.322734513205e-11       0.000000000000e+00       5.280815003847e-13       1.190588302933e-13       1.585697732106e-15 
  275       6.584513000787e-10       6.801470329746e-13       1.338769936307e-11       0.000000000000e+00       5.220259861397e-13       1.175124146842e-13       1.606454904936e-15 
  276       6.545709727989e-10       6.986301892333e-13       1.354452305275e-11       0.000000000000e+00       5.160596881114e-13       1.159783549689e-13       1.626759345771e-15 
  277       6.506459312223e-10       7.173907809544e-13       1.369774771874e-11       0.000000000000e+00       5.101819327608e-13       1.144569649492e-13       1.646618617625e-15 
  278       6.466774227004e-10       7.364253147562e-13       1.384730502001e-11       0.000000000000e+00       5.043919464351e-13       1.129485521302e-13       1.666040776868e-15 
  279       6.426667203379e-10       7.557301365499e-13       1.399312676491e-11       0.000000000000e+00       4.986888541581e-13       1.114534176013e-13       1.685034378555e-15 
  280       6.386151231342e-10       7.753014300109e-13       1.413514491920e-11       0.000000000000e+00       4.930716784200e-13       1.099718559170e-13       1.703608481748e-15 
  281       6.345239561261e-10       7.951352150507e-13       1.427329161412e-11       0.000000000000e+00       4.875393379676e-13       1.085041549776e-13       1.721772654836e-15 
  282       6.303945705292e-10       8.152273462880e-13       1.440749915448e-11       0.000000000000e+00       4.820906465945e-13       1.070505959099e-13       1.739536980866e-15 
  283       6.262283438798e-10       8.355735115207e-13       1.453770002669e-11       0.000000000000e+00       4.767243119310e-13       1.056114529481e-13       1.756912062858e-15 
  284       6.220266801777e-10       8.561692301970e-13       1.466382690680e-11       0.000000000000e+00       4.714389342343e-13       1.041869933150e-13       1.773909029137e-15 
  285       6.177910100273e-10       8.770098518874e-13       1.478581266863e-11       0.000000000000e+00       4.662330051783e-13       1.027774771020e-13       1.790539538651e-15 
  286       6.135227907801e-10       8.980905547558e-13       1.490359039174e-11       0.000000000000e+00       4.611049066444e-13       1.013831571505e-13       1.806815786296e-15 
  287       6.092235066765e-10       9.194063440312e-13       1.501709336956e-11       0.000000000000e+00       4.560529095107e-13       1.000042789326e-13       1.822750508241e-15 
  288       6.048946689878e-10       9.409520504794e-13       1.512625511743e-11       0.000000000000e+00       4.510751724427e-13       9.864108043193e-14       1.838356987251e-15 
  289       6.005378161583e-10       9.627223288745e-13       1.523100938065e-11       0.000000000000e+00       4.461697406831e-13       9.729379202413e-14       1.853649058010e-15 
  290       5.961545139472e-10       9.847116564701e-13       1.533129014252e-11       0.000000000000e+00       4.413345448419e-13       9.596263635805e-14       1.868641112445e-15 
  291       5.917463555705e-10       1.006914331471e-12       1.542703163247e-11       0.000000000000e+00       4.365673996868e-13       9.464782823638e-14       1.883348105049e-15 
  292       5.873149618434e-10       1.029324471506e-12       1.551816833403e-11       0.000000000000e+00       4.318660029329e-13       9.334957449648e-14       1.897785558208e-15 
  293       5.828619813217e-10       1.051936012097e-12       1.560463499296e-11       0.000000000000e+00       4.272279340327e-13       9.206807389114e-14       1.911969567519e-15 
  294       5.783890904441e-10       1.074742705131e-12       1.568636662527e-11       0.000000000000e+00       4.226506529668e-13       9.080351696947e-14       1.925916807119e-15 
  295       5.738979936743e-10       1.097738117335e-12       1.576329852531e-11       0.000000000000e+00       4.181314990333e-13       8.955608595761e-14       1.939644535006e-15 
  296       5.693904236428e-10       1.120915628743e-12       1.583536627379e-11       0.000000000000e+00       4.136676896383e-13       8.832595463961e-14       1.953170598363e-15 
  297       5.648680359078e-10       1.144268602701e-12       1.590251230333e-11       0.000000000000e+00       4.092568435912e-13       8.711324933887e-14       1.966509446574e-15 
  298       5.603320872766e-10       1.167790908168e-12       1.596470593206e-11       0.000000000000e+00       4.048985816671e-13       8.591793000541e-14       1.979659944553e-15 
  299       5.557837420915e-10       1.191476419872e-12       1.602192432160e-11       0.000000000000e+00       4.005930016489e-13       8.473990310362e-14       1.992616976177e-15 
  300       5.512241761988e-10       1.215318847787e-12       1.607414602444e-11       0.000000000000e+00       3.963401603521e-13       8.357905981840e-14       2.005375383000e-15 
  301       5.466545769469e-10       1.239311735830e-12       1.612135100087e-11       0.000000000000e+00       3.921400731257e-13       8.243527588320e-14       2.017929964169e-15 
  302       5.420761431863e-10       1.263448460572e-12       1.616352063592e-11       0.000000000000e+00       3.879927133534e-13       8.130841140809e-14       2.030275476332e-15 
  303       5.374900852681e-10       1.287722229938e-12       1.620063775636e-11       0.000000000000e+00       3.838980119551e-13       8.019831070783e-14       2.042406633550e-15 
  304       5.328976250435e-10       1.312126081913e-12       1.623268664761e-11       0.000000000000e+00       3.798558568881e-13       7.910480212991e-14       2.054318107206e-15 
  305       5.282999958626e-10       1.336652883244e-12       1.625965307068e-11       0.000000000000e+00       3.758660926478e-13       7.802769788266e-14       2.066004525919e-15 
  306       5.236984425736e-10       1.361295328146e-12       1.628152427917e-11       0.000000000000e+00       3.719285197698e-13       7.696679386326e-14       2.077460475452e-15 
  307       5.190942215223e-10       1.386045937007e-12       1.629828903618e-11       0.000000000000e+00       3.680428943303e-13       7.592186948582e-14       2.088680498623e-15 
  308       5.144886005505e-10       1.410897055089e-12       1.630993763127e-11       0.000000000000e+00       3.642089274480e-13       7.489268750945e-14       2.099659095216e-15 
  309       5.098828589958e-10       1.435840851234e-12       1.631646189741e-11       0.000000000000e+00       3.604262847849e-13       7.387899386633e-14       2.110390721893e-15 
  310       5.052782876902e-10       1.460869316567e-12       1.631785522794e-11       0.000000000000e+00       3.566945860476e-13       7.288051748976e-14       2.120869792103e-15 
  311       5.006761889594e-10       1.485974263205e-12       1.631411259353e-11       0.000000000000e+00       3.530134044886e-13       7.189697014220e-14       2.131090675993e-15 
  312       4.960778766220e-10       1.511147322951e-12       1.630523055907e-11       0.000000000000e+00       3.493822664077e-13       7.092804624338e-14       2.141047700321e-15 
  313       4.914846759887e-10       1.536379946010e-12       1.629120730072e-11       0.000000000000e+00       3.458006506528e-13       6.997342269833e-14       2.150735148362e-15 
  314       4.868979238609e-10       1.561663399684e-12       1.627204262276e-11       0.000000000000e+00       3.422679881216e-13       6.903275872545e-14       2.160147259824e-15 
  315       4.823189685304e-10       1.586988767079e-12       1.624773797461e-11       0.000000000000e+00       3.387836612626e-13       6.810569568457e-14       2.169278230755e-15 
  316       4.777491697782e-10       1.612346945813e-12       1.621829646776e-11       0.000000000000e+00       3.353470035761e-13       6.719185690503e-14       2.178122213457e-15 
  317       4.731898988737e-10       1.637728646713e-12       1.618372289270e-11       0.000000000000e+00       3.319572991160e-13       6.629084751372e-14       2.186673316392e-15 
  318       4.686425385737e-10       1.663124392524e-12       1.614402373590e-11       0.000000000000e+00       3.286137819904e-13       6.540225426314e-14       2.194925604097e-15 
  319       4.641084831216e-10       1.688524516613e-12       1.609920719676e-11       0.000000000000e+00       3.253156358634e-13       6.452564535948e-14       2.202873097095e-15 
  320       4.595891382468e-10       1.713919161670e-12       1.604928320452e-11       0.000000000000e+00       3.220619934560e-13       6.366057029069e-14       2.210509771801e-15 
  321       4.550859211631e-10       1.739298278416e-12       1.599426343527e-11       0.000000000000e+00       3.188519360471e-13       6.280655965450e-14       2.217829560437e-15 
  322       4.506002605685e-10       1.764651624304e-12       1.593416132885e-11       0.000000000000e+00       3.156844929755e-13       6.196312498654e-14       2.224826350942e-15 
  323       4.461335966440e-10       1.789968762225e-12       1.586899210583e-11       0.000000000000e+00       3.125586411403e-13       6.112975858834e-14       2.231493986883e-15 
  324       4.416873810527e-10       1.815239059210e-12       1.579877278445e-11       0.000000000000e+00       3.094733045026e-13       6.030593335546e-14       2.237826267362e-15 
  325       4.372630769389e-10       1.840451685138e-12       1.572352219758e-11       0.000000000000e+00       3.064273535867e-13       5.949110260548e-14       2.243816946933e-15 
  326       4.328621589275e-10       1.865595611434e-12       1.564326100964e-11       0.000000000000e+00       3.034196049812e-13       5.868469990615e-14       2.249459735508e-15 
  327       4.284861131226e-10       1.890659609781e-12       1.555801173360e-11       0.000000000000e+00       3.004488208401e-13       5.788613890335e-14       2.254748298268e-15 
  328       4.241364371072e-10       1.915632250817e-12       1.546779874790e-11       0.000000000000e+00       2.975137083844e-13       5.709481314923e-14       2.259676255577e-15 
  329       4.198146399418e-10       1.940501902842e-12       1.537264831338e-11       0.000000000000e+00       2.946129194032e-13       5.631009593025e-14       2.264237182890e-15 
  330       4.155222421637e-10       1.965256730524e-12       1.527258859029e-11       0.000000000000e+00       2.917450497546e-13       5.553134009523e-14       2.268424610664e-15 
  331       4.112607757863e-10       1.989884693598e-12       1.516764965517e-11       0.000000000000e+00       2.889086388675e-13       5.475787788344e-14       2.272232024269e-15 
  332       4.070316664572e-10       2.014374421488e-12       1.505786396708e-11       0.000000000000e+00       2.861024424724e-13       5.398915708800e-14       2.275654574062e-15 
  333       4.028358742569e-10       2.038717881945e-12       1.494326775373e-11       0.000000000000e+00       2.833262649616e-13       5.322515646054e-14       2.278694288202e-15 
  334       3.986742372233e-10       2.062907826329e-12       1.482389971897e-11       0.000000000000e+00       2.805801623764e-13       5.246598809780e-14       2.281355087137e-15 
  335       3.945475876506e-10       2.086936923854e-12       1.469980061640e-11       0.000000000000e+00       2.778641722519e-13       5.171176271754e-14       2.283641095724e-15 
  336       3.904567519601e-10       2.110797761243e-12       1.457101326684e-11       0.000000000000e+00       2.751783134148e-13       5.096258963455e-14       2.285556644995e-15 
  337       3.864025505719e-10       2.134482842386e-12       1.443758257571e-11       0.000000000000e+00       2.725225857809e-13       5.021857673671e-14       2.287106273922e-15 
  338       3.823857977754e-10       2.157984587990e-12       1.429955555051e-11       0.000000000000e+00       2.698969701536e-13       4.947983046101e-14       2.288294731184e-15 
  339       3.784073016014e-10       2.181295335240e-12       1.415698131826e-11       0.000000000000e+00       2.673014280211e-13       4.874645576964e-14       2.289126976938e-15 
  340       3.744678636926e-10       2.204407337447e-12       1.400991114292e-11       0.000000000000e+00       2.647359013543e-13       4.801855612599e-14       2.289608184581e-15 
  341       3.705682791748e-10       2.227312763709e-12       1.385839844283e-11       0.000000000000e+00       2.622003124048e-13       4.729623347070e-14       2.289743742519e-15 
  342       3.667093365288e-10       2.250003698562e-12       1.370249880815e-11       0.000000000000e+00       2.596945635024e-13       4.657958819773e-14       2.289539255935e-15 
  343       3.628918174607e-10       2.272472141637e-12       1.354227001831e-11       0.000000000000e+00       2.572185368534e-13       4.586871913039e-14       2.289000548556e-15 
  344       3.591164967740e-10       2.294710007311e-12       1.337777205944e-11       0.000000000000e+00       2.547720943379e-13       4.516372349737e-14       2.288133664417e-15 
  345       3.553841422398e-10       2.316709124369e-12       1.320906714179e-11       0.000000000000e+00       2.523550773077e-13       4.446469690880e-14       2.286944869632e-15 
  346       3.516955144690e-10       2.338461235650e-12       1.303621971722e-11       0.000000000000e+00       2.499673063842e-13       4.377173333229e-14       2.285440654156e-15 
  347       3.480513667828e-10       2.359957997709e-12       1.285929649655e-11       0.000000000000e+00       2.476085812564e-13       4.308492506897e-14       2.283627733560e-15 
  348       3.444524450843e-10       2.381190980470e-12       1.267836646711e-11       0.000000000000e+00       2.452786804783e-13       4.240436272955e-14       2.281513050787e-15 
  349       3.408994877295e-10       2.402151666878e-12       1.249350091009e-11       0.000000000000e+00       2.429773612670e-13       4.173013521033e-14       2.279103777931e-15 
  350       3.373932253986e-10       2.422831452555e-12       1.230477341800e-11       0.000000000000e+00       2.407043593001e-13       4.106232966929e-14       2.276407317994e-15 
  351       3.339343809670e-10       2.443221645460e-12       1.211225991213e-11       0.000000000000e+00       2.384593885142e-13       4.040103150209e-14       2.273431306657e-15 
  352       3.305236693770e-10       2.463313465535e-12       1.191603865998e-11       0.000000000000e+00       2.362421409021e-13       3.974632431815e-14       2.270183614050e-15 
  353       3.271617975084e-10       2.483098044366e-12       1.171619029267e-11       0.000000000000e+00       2.340522863106e-13       3.909828991666e-14       2.266672346512e-15 
  354       3.238494640500e-10       2.502566424838e-12       1.151279782243e-11       0.000000000000e+00       2.318894722388e-13       3.845700826265e-14       2.262905848365e-15 
  355       3.205873593709e-10       2.521709560786e-12       1.130594665999e-11       0.000000000000e+00       2.297533236354e-13       3.782255746304e-14       2.258892703677e-15 
  356       3.173761653916e-10       2.540518316652e-12       1.109572463203e-11       0.000000000000e+00       2.276434426968e-13       3.719501374263e-14       2.254641738029e-15 
  357       3.142165554550e-10       2.558983467141e-12       1.088222199865e-11       0.000000000000e+00       2.255594086647e-13       3.657445142023e-14       2.250162020285e-15 
  358       3.111091941981e-10       2.577095696872e-12       1.066553147076e-11       0.000000000000e+00       2.235007776240e-13       3.596094288463e-14       2.245462864353e-15 
  359       3.080547374226e-10       2.594845600040e-12       1.044574822756e-11       0.000000000000e+00       2.214670823006e-13       3.535455857068e-14       2.240553830960e-15 
  360       3.050538319666e-10       2.612223680062e-12       1.022296993393e-11       0.000000000000e+00       2.194578318593e-13       3.475536693531e-14       2.235444729413e-15 
  361       3.021071155755e-10       2.629220349237e-12       9.997296757944e-12       0.000000000000e+00       2.174725117013e-13       3.416343443360e-14       2.230145619368e-15 
  362       2.992152167734e-10       2.645825928403e-12       9.768831388220e-12       0.000000000000e+00       2.155105832624e-13       3.357882549483e-14       2.224666812596e-15 
  363       2.963787547341e-10       2.662030646584e-12       9.537679051418e-12       0.000000000000e+00       2.135714838103e-13       3.300160249849e-14       2.219018874752e-15 
  364       2.935983391526e-10       2.677824640653e-12       9.303947529661e-12       0.000000000000e+00       2.116546262431e-13       3.243182575033e-14       2.213212627140e-15 
  365       2.908745701159e-10       2.693197954983e-12       9.067747177968e-12       0.000000000000e+00       2.097593988863e-13       3.186955345843e-14       2.207259148481e-15 
  366       2.882080379747e-10       2.708140541102e-12       8.829190941699e-12       0.000000000000e+00       2.078851652913e-13       3.131484170923e-14       2.201169776680e-15 
  367       2.855993232140e-10       2.722642257348e-12       8.588394373990e-12       0.000000000000e+00       2.060312640326e-13       3.076774444357e-14       2.194956110592e-15 
  368       2.830489963248e-10       2.736692868524e-12       8.345475653191e-12       0.000000000000e+00       2.041970085062e-13       3.022831343274e-14       2.188630011791e-15 
  369       2.805576176754e-10       2.750282045552e-12       8.100555600306e-12       0.000000000000e+00       2.023816867269e-13       2.969659825451e-14       2.182203606335e-15 
  370       2.781257373818e-10       2.763399365132e-12       7.853757696431e-12       0.000000000000e+00       2.005845611263e-13       2.917264626920e-14       2.175689286533e-15 
  371       2.757538342970e-10       2.776035594954e-12       7.605199299587e-12       0.000000000000e+00       1.988050025165e-13       2.865649022714e-14       2.169097388435e-15 
  372       2.734421306074e-10       2.788186605502e-12       7.354964880814e-12       0.000000000000e+00       1.970428981705e-13       2.814811060569e-14       2.162429120531e-15 
  373       2.711907697336e-10       2.799849610531e-12       7.103131775771e-12       0.000000000000e+00       1.952982593018e-13       2.764747175258e-14       2.155683362019e-15 
  374       2.689998763785e-10       2.811021896081e-12       6.849778900629e-12       0.000000000000e+00       1.935710882537e-13       2.715453408695e-14       2.148858961874e-15 
  375       2.668695563451e-10       2.821700821253e-12       6.594986761853e-12       0.000000000000e+00       1.918613784133e-13       2.666925406466e-14       2.141954738590e-15 
  376       2.647998963546e-10       2.831883818977e-12       6.338837465987e-12       0.000000000000e+00       1.901691141264e-13       2.619158414354e-14       2.134969479930e-15 
  377       2.627909638652e-10       2.841568396784e-12       6.081414729443e-12       0.000000000000e+00       1.884942706121e-13       2.572147274870e-14       2.127901942670e-15 
  378       2.608428068901e-10       2.850752137586e-12       5.822803888287e-12       0.000000000000e+00       1.868368138766e-13       2.525886423784e-14       2.120750852346e-15 
  379       2.589554538154e-10       2.859432700441e-12       5.563091908022e-12       0.000000000000e+00       1.851967006284e-13       2.480369886650e-14       2.113514902998e-15 
  380       2.571289132192e-10       2.867607821326e-12       5.302367393380e-12       0.000000000000e+00       1.835738781923e-13       2.435591275337e-14       2.106192756917e-15 
  381       2.553631736889e-10       2.875275313917e-12       5.040720598100e-12       0.000000000000e+00       1.819682844239e-13       2.391543784559e-14       2.098783044394e-15 
  382       2.536582036405e-10       2.882433070352e-12       4.778243434723e-12       0.000000000000e+00       1.803798476242e-13       2.348220188402e-14       2.091284363462e-15 
  383       2.520139511357e-10       2.889079062010e-12       4.515029484369e-12       0.000000000000e+00       1.788084864540e-13       2.305612836853e-14       2.083695279644e-15 
  384       2.504303437014e-10       2.895211340283e-12       4.251174006532e-12       0.000000000000e+00       1.772541098484e-13       2.263713652332e-14       2.076014325698e-15 
  385       2.489072881468e-10       2.900828037345e-12       3.986773948859e-12       0.000000000000e+00       1.757166169309e-13       2.222514126217e-14       2.068240001365e-15 
  386       2.474446703826e-10       2.905927366928e-12       3.721927956941e-12       0.000000000000e+00       1.741958969286e-13       2.182005315375e-14       2.060370773111e-15 
  387       2.460423552388e-10       2.910507625095e-12       3.456736384096e-12       0.000000000000e+00       1.726918290858e-13       2.142177838690e-14       2.052405073880e-15 
  388       2.447001862829e-10       2.914567191008e-12       3.191301301158e-12       0.000000000000e+00       1.712042825793e-13       2.103021873593e-14       2.044341302833e-15 
  389       2.434179856385e-10       2.918104527709e-12       2.925726506259e-12       0.000000000000e+00       1.697331164319e-13       2.064527152592e-14       2.036177825097e-15 
  390       2.421955538034e-10       2.921118182882e-12       2.660117534620e-12       0.000000000000e+00       1.682781794278e-13       2.026682959798e-14       2.027912971512e-15 
  391       2.410326694676e-10       2.923606789634e-12       2.394581668332e-12       0.000000000000e+00       1.668393100266e-13       1.989478127455e-14       2.019545038376e-15 
  392       2.399290893322e-10       2.925569067266e-12       2.129227946148e-12       0.000000000000e+00       1.654163362775e-13       1.952901032471e-14       2.011072287189e-15 
  393       2.388845479270e-10       2.927003822042e-12       1.864167173264e-12       0.000000000000e+00       1.640090757342e-13       1.916939592945e-14       2.002492944405e-15 
  394       2.378987574290e-10       2.927909947964e-12       1.599511931108e-12       0.000000000000e+00       1.626173353695e-13       1.881581264695e-14       1.993805201170e-15 
  395       2.369714074811e-10       2.928286427548e-12       1.335376587123e-12       0.000000000000e+00       1.612409114889e-13       1.846813037790e-14       1.985007213075e-15 
  396       2.361021650097e-10       2.928132332588e-12       1.071877304558e-12       0.000000000000e+00       1.598795896461e-13       1.812621433077e-14       1.976097099898e-15 
  397       2.352906740432e-10       2.927446824940e-12       8.091320522511e-13       0.000000000000e+00       1.585331445568e-13       1.778992498709e-14       1.967072945352e-15 
  398       2.345365555305e-10       2.926229157283e-12       5.472606144147e-13       0.000000000000e+00       1.572013400132e-13       1.745911806676e-14       1.957932796830e-15 
  399       2.338394071590e-10       2.924478673901e-12       2.863846004239e-13       0.000000000000e+00       1.558839287988e-13       1.713364449335e-14       1.948674665151e-15 
  400       2.331988031731e-10       2.922194811451e-12       2.662745460125e-14       0.000000000000e+00       1.545806526025e-13       1.681335035935e-14       1.939296524307e-15 
  401       2.326142941920e-10       2.919377099734e-12      -2.318855339965e-13       0.000000000000e+00       1.532912419332e-13       1.649807689148e-14       1.929796311209e-15 
  402       2.320854070287e-10       2.916025162473e-12      -4.890272217926e-13       0.000000000000e+00       1.520154160344e-13       1.618766041600e-14       1.920171925432e-15 
  403       2.316116445075e-10       2.912138718081e-12      -7.446686009041e-13       0.000000000000e+00       1.507528827984e-13       1.588193232395e-14       1.910421228961e-15 
  404       2.311924852829e-10       2.907717580437e-12      -9.986787893557e-13       0.000000000000e+00       1.495033386807e-13       1.558071903650e-14       1.900542045939e-15 
  405       2.308273836573e-10       2.902761659656e-12      -1.250925021293e-12       0.000000000000e+00       1.482664686150e-13       1.528384197020e-14       1.890532162410e-15 
  406       2.305157693999e-10       2.897270962862e-12      -1.501272637199e-12       0.000000000000e+00       1.470419459270e-13       1.499111750228e-14       1.880389326068e-15 
  407       2.302570475644e-10       2.891245594961e-12      -1.749585074103e-12       0.000000000000e+00       1.458294322491e-13       1.470235693592e-14       1.870111246002e-15 
  408       2.300505983074e-10       2.884685759415e-12      -1.995723855800e-12       0.000000000000e+00       1.446285774352e-13       1.441736646560e-14       1.859695592440e-15 
  409       2.298957767072e-10       2.877591759014e-12      -2.239548583061e-12       0.000000000000e+00       1.434390194745e-13       1.413594714231e-14       1.849139996500e-15 
  410       2.297919543710e-10       2.869964713235e-12      -2.480931188521e-12       0.000000000000e+00       1.422604479969e-13       1.385793123771e-14       1.838442837451e-15 
  411       2.297386462547e-10       2.861808736746e-12      -2.719799277586e-12       0.000000000000e+00       1.410927974403e-13       1.358329282638e-14       1.827605635752e-15 
  412       2.297353879785e-10       2.853128839584e-12      -2.956094303370e-12       0.000000000000e+00       1.399360605565e-13       1.331204105197e-14       1.816630744274e-15 
  413       2.297816942908e-10       2.843930218809e-12      -3.189757441050e-12       0.000000000000e+00       1.387902253992e-13       1.304418407349e-14       1.805520568744e-15 
  414       2.298770589165e-10       2.834218259789e-12      -3.420729588239e-12       0.000000000000e+00       1.376552752831e-13       1.277972905648e-14       1.794277568046e-15 
  415       2.300209544053e-10       2.823998537487e-12      -3.648951365362e-12       0.000000000000e+00       1.365311887444e-13       1.251868216419e-14       1.782904254534e-15 
  416       2.302128319792e-10       2.813276817736e-12      -3.874363116021e-12       0.000000000000e+00       1.354179394999e-13       1.226104854887e-14       1.771403194334e-15 
  417       2.304521213809e-10       2.802059058531e-12      -4.096904907374e-12       0.000000000000e+00       1.343154964069e-13       1.200683234289e-14       1.759777007657e-15 
  418       2.307382307216e-10       2.790351411303e-12      -4.316516530503e-12       0.000000000000e+00       1.332238234230e-13       1.175603665001e-14       1.748028369097e-15 
  419       2.310705463292e-10       2.778160222209e-12      -4.533137500785e-12       0.000000000000e+00       1.321428795661e-13       1.150866353658e-14       1.736160007947e-15 
  420       2.314484325962e-10       2.765492033412e-12      -4.746707058271e-12       0.000000000000e+00       1.310726188737e-13       1.126471402273e-14       1.724174708500e-15 
  421       2.318712318280e-10       2.752353584363e-12      -4.957164168048e-12       0.000000000000e+00       1.300129903628e-13       1.102418807360e-14       1.712075310357e-15 
  422       2.323382640903e-10       2.738751813086e-12      -5.164447520621e-12       0.000000000000e+00       1.289639379897e-13       1.078708459053e-14       1.699864708734e-15 
  423       2.328488270580e-10       2.724693857458e-12      -5.368495532277e-12       0.000000000000e+00       1.279254006097e-13       1.055340140231e-14       1.687545854773e-15 
  424       2.334021958625e-10       2.710187056497e-12      -5.569246345463e-12       0.000000000000e+00       1.268973119370e-13       1.032313525634e-14       1.675121755840e-15 
  425       2.339976229398e-10       2.695238951640e-12      -5.766637829155e-12       0.000000000000e+00       1.258796005041e-13       1.009628180987e-14       1.662595475841e-15 
  426       2.346343378793e-10       2.679857288027e-12      -5.960607579229e-12       0.000000000000e+00       1.248721896218e-13       9.872835621193e-15       1.649970135524e-15 
  427       2.353115472706e-10       2.664050015787e-12      -6.151092918837e-12       0.000000000000e+00       1.238749973388e-13       9.652790140887e-15       1.637248912784e-15 
  428       2.360284345526e-10       2.647825291315e-12      -6.338030898777e-12       0.000000000000e+00       1.228879364016e-13       9.436137702987e-15       1.624435042977e-15 
  429       2.367841598609e-10       2.631191478563e-12      -6.521358297864e-12       0.000000000000e+00       1.219109142142e-13       9.222869516219e-15       1.611531819218e-15 
  430       2.375778598761e-10       2.614157150315e-12      -6.701011623303e-12       0.000000000000e+00       1.209438327976e-13       9.012975655198e-15       1.598542592697e-15 
  431       2.384086476717e-10       2.596731089475e-12      -6.876927111062e-12       0.000000000000e+00       1.199865887500e-13       8.806445051646e-15       1.585470772977e-15 
  432       2.392756125623e-10       2.578922290347e-12      -7.049040726242e-12       0.000000000000e+00       1.190390732060e-13       8.603265485599e-15       1.572319828307e-15 
  433       2.401778199512e-10       2.560739959921e-12      -7.217288163453e-12       0.000000000000e+00       1.181011717969e-13       8.403423576616e-15       1.559093285928e-15 
  434       2.411143111791e-10       2.542193519152e-12      -7.381604847181e-12       0.000000000000e+00       1.171727646097e-13       8.206904774991e-15       1.545794732376e-15 
  435       2.420841033716e-10       2.523292604248e-12      -7.541925932164e-12       0.000000000000e+00       1.162537261479e-13       8.013693352961e-15       1.532427813794e-15 
  436       2.430861892872e-10       2.504047067947e-12      -7.698186303761e-12       0.000000000000e+00       1.153439252901e-13       7.823772395920e-15       1.518996236235e-15 
  437       2.441195371659e-10       2.484466980804e-12      -7.850320578327e-12       0.000000000000e+00       1.144432252505e-13       7.637123793623e-15       1.505503765971e-15 
  438       2.451830905764e-10       2.464562632474e-12      -7.998263103584e-12       0.000000000000e+00       1.135514835386e-13       7.453728231404e-15       1.491954229800e-15 
  439       2.462757682648e-10       2.444344532992e-12      -8.141947958993e-12       0.000000000000e+00       1.126685519184e-13       7.273565181379e-15       1.478351515350e-15 
  440       2.473964640025e-10       2.423823414059e-12      -8.281308956125e-12       0.000000000000e+00       1.117942763687e-13       7.096612893660e-15       1.464699571391e-15 
  441       2.485440464339e-10       2.403010230323e-12      -8.416279639034e-12       0.000000000000e+00       1.109284970426e-13       6.922848387562e-15       1.451002408135e-15 
  442       2.497173589246e-10       2.381916160664e-12      -8.546793284632e-12       0.000000000000e+00       1.100710482272e-13       6.752247442819e-15       1.437264097549e-15 
  443       2.509152194098e-10       2.360552609472e-12      -8.672782903054e-12       0.000000000000e+00       1.092217583037e-13       6.584784590787e-15       1.423488773660e-15 
  444       2.521364202416e-10       2.338931207937e-12      -8.794181238037e-12       0.000000000000e+00       1.083804497064e-13       6.420433105658e-15       1.409680632861e-15 
  445       2.533797280376e-10       2.317063815327e-12      -8.910920767290e-12       0.000000000000e+00       1.075469388833e-13       6.259164995672e-15       1.395843934216e-15 
  446       2.546438835288e-10       2.294962520272e-12      -9.022933702863e-12       0.000000000000e+00       1.067210362553e-13       6.100950994321e-15       1.381982999772e-15 
  447       2.559276014075e-10       2.272639642048e-12      -9.130151991524e-12       0.000000000000e+00       1.059025461760e-13       5.945760551565e-15       1.368102214862e-15 
  448       2.572295701755e-10       2.250107731858e-12      -9.232507315129e-12       0.000000000000e+00       1.050912668916e-13       5.793561825040e-15       1.354206028413e-15 
  449       2.585485743274e-10       2.227379100862e-12      -9.329942882211e-12       0.000000000000e+00       1.042870248837e-13       5.644324279948e-15       1.340298333178e-15 
  450       2.598838655655e-10       2.204464384822e-12      -9.422449222195e-12       0.000000000000e+00       1.034897792041e-13       5.498026599272e-15       1.326380583728e-15 
  451       2.612348033021e-10       2.181373935521e-12      -9.510029550568e-12       0.000000000000e+00       1.026995204380e-13       5.354649012321e-15       1.312453618146e-15 
  452       2.626007333310e-10       2.158118290814e-12      -9.592688089730e-12       0.000000000000e+00       1.019162366063e-13       5.214170701965e-15       1.298518272531e-15 
  453       2.639809877481e-10       2.134708175629e-12      -9.670430076365e-12       0.000000000000e+00       1.011399131461e-13       5.076569797400e-15       1.284575380937e-15 
  454       2.653748848720e-10       2.111154502975e-12      -9.743261768819e-12       0.000000000000e+00       1.003705328903e-13       4.941823366906e-15       1.270625775314e-15 
  455       2.667817291649e-10       2.087468374937e-12      -9.811190454478e-12       0.000000000000e+00       9.960807604833e-14       4.809907410603e-15       1.256670285444e-15 
  456       2.682008111530e-10       2.063661083682e-12      -9.874224457135e-12       0.000000000000e+00       9.885252018585e-14       4.680796853217e-15       1.242709738881e-15 
  457       2.696314073475e-10       2.039744112457e-12      -9.932373144373e-12       0.000000000000e+00       9.810384020519e-14       4.554465536832e-15       1.228744960890e-15 
  458       2.710727801651e-10       2.015729136597e-12      -9.985646934935e-12       0.000000000000e+00       9.736200832543e-14       4.430886213656e-15       1.214776774382e-15 
  459       2.725241778486e-10       1.991628024521e-12      -1.003405730610e-11       0.000000000000e+00       9.662699406255e-14       4.310030538776e-15       1.200805999858e-15 
  460       2.739848343877e-10       1.967452838737e-12      -1.007761680107e-11       0.000000000000e+00       9.589876420958e-14       4.191869062919e-15       1.186833455345e-15 
  461       2.754539694397e-10       1.943215836842e-12      -1.011633903631e-11       0.000000000000e+00       9.517728281680e-14       4.076371225213e-15       1.172859956333e-15 
  462       2.769307882503e-10       1.918929472526e-12      -1.015023870897e-11       0.000000000000e+00       9.446251117187e-14       3.963505345943e-15       1.158886315716e-15 
  463       2.784144815739e-10       1.894606396571e-12      -1.017933160423e-11       0.000000000000e+00       9.375440778000e-14       3.853238619312e-15       1.144913343729e-15 
  464       2.799042255947e-10       1.870259457857e-12      -1.020363460267e-11       0.000000000000e+00       9.305292834414e-14       3.745537106204e-15       1.130941847889e-15 
  465       2.813991818471e-10       1.845901704359e-12      -1.022316568768e-11       0.000000000000e+00       9.235802574507e-14       3.640365726937e-15       1.116972632929e-15 
  466       2.828984971365e-10       1.821546384153e-12      -1.023794395279e-11       0.000000000000e+00       9.166965002163e-14       3.537688254028e-15       1.103006500743e-15 
  467       2.844013034600e-10       1.797206946414e-12      -1.024798960908e-11       0.000000000000e+00       9.098774835087e-14       3.437467304947e-15       1.089044250319e-15 
  468       2.859067179271e-10       1.772897042423e-12      -1.025332399255e-11       0.000000000000e+00       9.031226502817e-14       3.339664334883e-15       1.075086677679e-15 
  469       2.874138426803e-10       1.748630526562e-12      -1.025396957145e-11       0.000000000000e+00       8.964314144743e-14       3.244239629498e-15       1.061134575820e-15 
  470       2.889217648157e-10       1.724421457322e-12      -1.024994995375e-11       0.000000000000e+00       8.898031608125e-14       3.151152297689e-15       1.047188734650e-15 
  471       2.904295563039e-10       1.700284098303e-12      -1.024128989440e-11       0.000000000000e+00       8.832372446106e-14       3.060360264347e-15       1.033249940928e-15 
  472       2.919362739107e-10       1.676232919214e-12      -1.022801530280e-11       0.000000000000e+00       8.767329915729e-14       2.971820263116e-15       1.019318978202e-15 
  473       2.934409591175e-10       1.652282596877e-12      -1.021015325012e-11       0.000000000000e+00       8.702896975952e-14       2.885487829153e-15       1.005396626746e-15 
  474       2.949426380422e-10       1.628448016227e-12      -1.018773197671e-11       0.000000000000e+00       8.639066285667e-14       2.801317291888e-15       9.914836635029e-16 
  475       2.964403213599e-10       1.604744271316e-12      -1.016078089943e-11       0.000000000000e+00       8.575830201715e-14       2.719261767781e-15       9.775808620185e-16 
  476       2.979330042234e-10       1.581186666314e-12      -1.012933061908e-11       0.000000000000e+00       8.513180776900e-14       2.639273153085e-15       9.636889923828e-16 
  477       2.994196661841e-10       1.557790716509e-12      -1.009341292773e-11       0.000000000000e+00       8.451109758008e-14       2.561302116602e-15       9.498088211675e-16 
  478       3.008992711127e-10       1.534572149311e-12      -1.005306081612e-11       0.000000000000e+00       8.389608583820e-14       2.485298092444e-15       9.359411113651e-16 
  479       3.023707671194e-10       1.511546905256e-12      -1.000830848102e-11       0.000000000000e+00       8.328668383131e-14       2.411209272794e-15       9.220866223271e-16 
  480       3.038330864753e-10       1.488731139001e-12      -9.959191332627e-12       0.000000000000e+00       8.268279972765e-14       2.338982600663e-15       9.082461097031e-16 
  481       3.052851455325e-10       1.466141220333e-12      -9.905746001912e-12       0.000000000000e+00       8.208433855592e-14       2.268563762650e-15       8.944203253788e-16 
  482       3.067258446453e-10       1.443793735166e-12      -9.848010348016e-12       0.000000000000e+00       8.149120218541e-14       2.199897181702e-15       8.806100174149e-16 
  483       3.081540680904e-10       1.421705486547e-12      -9.786023465616e-12       0.000000000000e+00       8.090328930620e-14       2.132926009873e-15       8.668159299858e-16 
  484       3.095686839877e-10       1.399893495654e-12      -9.719825692300e-12       0.000000000000e+00       8.032049540930e-14       2.067592121084e-15       8.530388033179e-16 
  485       3.109685442213e-10       1.378375002799e-12      -9.649458615947e-12       0.000000000000e+00       7.974271276681e-14       2.003836103883e-15       8.392793736285e-16 
  486       3.123524843598e-10       1.357167468431e-12      -9.574965082097e-12       0.000000000000e+00       7.916983041210e-14       1.941597254202e-15       8.255383730641e-16 
  487       3.137193235771e-10       1.336288574138e-12      -9.496389201329e-12       0.000000000000e+00       7.860173411993e-14       1.880813568119e-15       8.118165296392e-16 
  488       3.150680086407e-10       1.315754594456e-12      -9.413778785968e-12       0.000000000000e+00       7.803832512692e-14       1.821432869948e-15       7.981145812045e-16 
  489       3.163980507574e-10       1.295575456887e-12      -9.327192725113e-12       0.000000000000e+00       7.747957694681e-14       1.763446576093e-15       7.844333179342e-16 
  490       3.177091015914e-10       1.275759536622e-12      -9.236693843950e-12       0.000000000000e+00       7.692548020943e-14       1.706856923235e-15       7.707735409842e-16 
  491       3.190008103665e-10       1.256315272603e-12      -9.142346502862e-12       0.000000000000e+00       7.637602406316e-14       1.651665922359e-15       7.571360485224e-16 
  492       3.202728238602e-10       1.237251167704e-12      -9.044216606029e-12       0.000000000000e+00       7.583119616454e-14       1.597875357109e-15       7.435216356745e-16 
  493       3.215247863958e-10       1.218575788916e-12      -8.942371610024e-12       0.000000000000e+00       7.529098266781e-14       1.545486782149e-15       7.299310944698e-16 
  494       3.227563398364e-10       1.200297767527e-12      -8.836880532409e-12       0.000000000000e+00       7.475536821455e-14       1.494501521519e-15       7.163652137865e-16 
  495       3.239671235776e-10       1.182425799307e-12      -8.727813960331e-12       0.000000000000e+00       7.422433592322e-14       1.444920666997e-15       7.028247792975e-16 
  496       3.251567745405e-10       1.164968644688e-12      -8.615244059121e-12       0.000000000000e+00       7.369786737877e-14       1.396745076456e-15       6.893105734162e-16 
  497       3.263249271653e-10       1.147935128949e-12      -8.499244580888e-12       0.000000000000e+00       7.317594262220e-14       1.349975372225e-15       6.758233752420e-16 
  498       3.274712134041e-10       1.131334142397e-12      -8.379890873120e-12       0.000000000000e+00       7.265854014020e-14       1.304611939447e-15       6.623639605059e-16 
  499       3.285952627139e-10       1.115174640549e-12      -8.257259887274e-12       0.000000000000e+00       7.214563685465e-14       1.260654924438e-15       6.489331015162e-16 
  500       3.296967020501e-10       1.099465644317e-12      -8.131430187378e-12       0.000000000000e+00       7.163720811228e-14       1.218104233045e-15       6.355315671043e-16 
  501       3.307751558595e-10       1.084216240190e-12      -8.002481958626e-12       0.000000000000e+00       7.113322767423e-14       1.176959529008e-15       6.221601225700e-16 
  502       3.318302460731e-10       1.069435580414e-12      -7.870497015974e-12       0.000000000000e+00       7.063366770561e-14       1.137220232315e-15       6.088195296276e-16 
  503       3.328615920999e-10       1.055132883177e-12      -7.735558812739e-12       0.000000000000e+00       7.013849876513e-14       1.098885517564e-15       5.955105463511e-16 
  504       3.338688108192e-10       1.041317432792e-12      -7.597752449192e-12       0.000000000000e+00       6.964768979464e-14       1.061954312323e-15       5.822339271202e-16 
  505       3.348515165746e-10       1.027998579878e-12      -7.457164681158e-12       0.000000000000e+00       6.916120810875e-14       1.026425295484e-15       5.689904225657e-16 
  506       3.358093211664e-10       1.015185741543e-12      -7.313883928612e-12       0.000000000000e+00       6.867901938439e-14       9.922968956277e-16       5.557807795152e-16 
  507       3.367418338452e-10       1.002888401567e-12      -7.168000284272e-12       0.000000000000e+00       6.820108765042e-14       9.595672893788e-16       5.426057409388e-16 
  508       3.376486613047e-10       9.911161105839e-13      -7.019605522202e-12       0.000000000000e+00       6.772737527719e-14       9.282343997669e-16       5.294660458950e-16 
  509       3.385294076752e-10       9.798784862657e-13      -6.868793106405e-12       0.000000000000e+00       6.725784296614e-14       8.982958945846e-16       5.163624294757e-16 
  510       3.393836745162e-10       9.691852135031e-13      -6.715658199417e-12       0.000000000000e+00       6.679244973937e-14       8.697491847470e-16       5.032956227525e-16 
  511       3.402110608102e-10       9.590460445891e-13      -6.560297670911e-12       0.000000000000e+00       6.633115292927e-14       8.425914226506e-16       4.902663527219e-16 
  512       3.410111629553e-10       9.494707994017e-13      -6.402810106287e-12       0.000000000000e+00       6.587390816802e-14       8.168195005321e-16       4.772753422513e-16 
  513       3.417835747585e-10       9.404693655860e-13      -6.243295815270e-12       0.000000000000e+00       6.542066937726e-14       7.924300488279e-16       4.643233100243e-16 
  514       3.425278874288e-10       9.320516987371e-13      -6.081856840510e-12       0.000000000000e+00       6.497138875763e-14       7.694194345326e-16       4.514109704866e-16 
  515       3.432436895705e-10       9.242278225826e-13      -5.918596966176e-12       0.000000000000e+00       6.452601677837e-14       7.477837595587e-16       4.385390337916e-16 
  516       3.439305671761e-10       9.170078291653e-13      -5.753621726552e-12       0.000000000000e+00       6.408450216689e-14       7.275188590947e-16       4.257082057459e-16 
  517       3.445881036196e-10       9.104018790257e-13      -5.587038414636e-12       0.000000000000e+00       6.364679189837e-14       7.086202999650e-16       4.129191877553e-16 
  518       3.452158796495e-10       9.044202013843e-13      -5.418956090734e-12       0.000000000000e+00       6.321283118535e-14       6.910833789885e-16       4.001726767699e-16 
  519       3.458134733819e-10       8.990730943249e-13      -5.249485591059e-12       0.000000000000e+00       6.278256346729e-14       6.749031213377e-16       3.874693652302e-16 
  520       3.463804602940e-10       8.943709249766e-13      -5.078739536327e-12       0.000000000000e+00       6.235593040017e-14       6.600742788975e-16       3.748099410126e-16 
  521       3.469164132165e-10       8.903241296963e-13      -4.906832340353e-12       0.000000000000e+00       6.193287184609e-14       6.465913286249e-16       3.621950873751e-16 
  522       3.474209023277e-10       8.869432142520e-13      -4.733880218648e-12       0.000000000000e+00       6.151332586281e-14       6.344484709072e-16       3.496254829028e-16 
  523       3.478934951456e-10       8.842387540045e-13      -4.560001197017e-12       0.000000000000e+00       6.109722869340e-14       6.236396279216e-16       3.371018014536e-16 
  524       3.483337565220e-10       8.822213940908e-13      -4.385315120152e-12       0.000000000000e+00       6.068451475577e-14       6.141584419940e-16       3.246247121041e-16 
  525       3.487412486348e-10       8.809018496060e-13      -4.209943660234e-12       0.000000000000e+00       6.027511663227e-14       6.059982739581e-16       3.121948790947e-16 
  526       3.491155309816e-10       8.802909057864e-13      -4.034010325523e-12       0.000000000000e+00       5.986896505929e-14       5.991522015144e-16       2.998129617760e-16 
  527       3.494562572623e-10       8.803975601421e-13      -3.857631960848e-12       0.000000000000e+00       5.946599989801e-14       5.936115556178e-16       2.874796813537e-16 
  528       3.497634689815e-10       8.812233920790e-13      -3.680892973536e-12       0.000000000000e+00       5.906620340092e-14       5.893614885369e-16       2.751960232629e-16 
  529       3.500373099406e-10       8.827680381500e-13      -3.503870412666e-12       0.000000000000e+00       5.866956784346e-14       5.863852801671e-16       2.629630402757e-16 
  530       3.502779301164e-10       8.850310354238e-13      -3.326642417718e-12       0.000000000000e+00       5.827608462023e-14       5.846657866653e-16       2.507817861811e-16 
  531       3.504854856961e-10       8.880118208653e-13      -3.149288223499e-12       0.000000000000e+00       5.788574423936e-14       5.841854381785e-16       2.386533157595e-16 
  532       3.506601391122e-10       8.917097307178e-13      -2.971888165070e-12       0.000000000000e+00       5.749853631679e-14       5.849262365722e-16       2.265786847571e-16 
  533       3.508020590773e-10       8.961239998836e-13      -2.794523682675e-12       0.000000000000e+00       5.711444957058e-14       5.868697531594e-16       2.145589498606e-16 
  534       3.509114206191e-10       9.012537613059e-13      -2.617277326668e-12       0.000000000000e+00       5.673347181529e-14       5.899971264284e-16       2.025951686713e-16 
  535       3.509884051154e-10       9.070980453494e-13      -2.440232762439e-12       0.000000000000e+00       5.635558995625e-14       5.942890597723e-16       1.906883996799e-16 
  536       3.510332003290e-10       9.136557791822e-13      -2.263474775345e-12       0.000000000000e+00       5.598078998390e-14       5.997258192165e-16       1.788397022405e-16 
  537       3.510460004425e-10       9.209257861567e-13      -2.087089275633e-12       0.000000000000e+00       5.560905696810e-14       6.062872311479e-16       1.670501365457e-16 
  538       3.510270060930e-10       9.289067851912e-13      -1.911163303370e-12       0.000000000000e+00       5.524037505246e-14       6.139526800436e-16       1.553207636004e-16 
  539       3.509764244077e-10       9.375973901509e-13      -1.735785033373e-12       0.000000000000e+00       5.487472744866e-14       6.227011061986e-16       1.436526451966e-16 
  540       3.508944690382e-10       9.469961092294e-13      -1.561043780130e-12       0.000000000000e+00       5.451209643076e-14       6.325110034553e-16       1.320468438880e-16 
  541       3.507813601955e-10       9.571013443299e-13      -1.387030002733e-12       0.000000000000e+00       5.415246332954e-14       6.433604169314e-16       1.205044229641e-16 
  542       3.506373246852e-10       9.679113904464e-13      -1.213835309803e-12       0.000000000000e+00       5.379580852681e-14       6.552269407487e-16       1.090264464247e-16 
  543       3.504625959421e-10       9.794244350453e-13      -1.041552464420e-12       0.000000000000e+00       5.344211144971e-14       6.680877157617e-16       9.761397895467e-17 
  544       3.502574140654e-10       9.916385574463e-13      -8.702753890457e-13       0.000000000000e+00       5.309135056508e-14       6.819194272859e-16       8.626808589817e-17 
  545       3.500220258533e-10       1.004551728204e-12      -7.000991704561e-13       0.000000000000e+00       5.274350337372e-14       6.966983028266e-16       7.498983323306e-17 
  546       3.497566848382e-10       1.018161808489e-12      -5.311200646659e-13       0.000000000000e+00       5.239854640477e-14       7.124001098072e-16       6.378028754548e-17 
  547       3.494616513214e-10       1.032466549469e-12      -3.634355018569e-13       0.000000000000e+00       5.205645520999e-14       7.290001532979e-16       5.264051600424e-17 
  548       3.491371924082e-10       1.047463591692e-12      -1.971440913057e-13       0.000000000000e+00       5.171720435809e-14       7.464732737444e-16       4.157158633530e-17 
  549       3.487835820427e-10       1.063150464463e-12      -3.234562631084e-14       0.000000000000e+00       5.138076742906e-14       7.647938446958e-16       3.057456679622e-17 
  550       3.484011010426e-10       1.079524585230e-12       1.308589108798e-13       0.000000000000e+00       5.104711700847e-14       7.839357705342e-16       1.965052615062e-17 
  551       3.479900371343e-10       1.096583258964e-12       2.923673441411e-13       0.000000000000e+00       5.071622468183e-14       8.038724842021e-16       8.800533642605e-18 
  552       3.475506849880e-10       1.114323677539e-12       4.520762985436e-13       0.000000000000e+00       5.038806102887e-14       8.245769449317e-16      -1.974341028743e-18 
  553       3.470833462520e-10       1.132742919114e-12       6.098811954259e-13       0.000000000000e+00       5.006259561788e-14       8.460216359733e-16      -1.267302773493e-17 
  554       3.465883295883e-10       1.151837947515e-12       7.656762474671e-13       0.000000000000e+00       4.973979700002e-14       8.681785623236e-16      -2.329445594357e-17 
  555       3.460659507070e-10       1.171605611615e-12       9.193544537593e-13       0.000000000000e+00       4.941963270365e-14       8.910192484545e-16      -3.383755474399e-17 
  556       3.455165324016e-10       1.192042644717e-12       1.070807594880e-12       0.000000000000e+00       4.910206922865e-14       9.145147360414e-16      -4.430125287271e-17 
  557       3.449404045835e-10       1.213145663933e-12       1.219926227966e-12       0.000000000000e+00       4.878707204075e-14       9.386355816922e-16      -5.468447873899e-17 
  558       3.443379043173e-10       1.234911169567e-12       1.366599681783e-12       0.000000000000e+00       4.847460556582e-14       9.633518546751e-16      -6.498616045045e-17 
  559       3.437093758556e-10       1.257335544497e-12       1.510716051801e-12       0.000000000000e+00       4.816463318421e-14       9.886331346478e-16      -7.520522583853e-17 
  560       3.430551706738e-10       1.280415053554e-12       1.652162195265e-12       0.000000000000e+00       4.785711722510e-14       1.014448509386e-15      -8.534060248406e-17 
  561       3.423756475050e-10       1.304145842905e-12       1.790823726269e-12       0.000000000000e+00       4.755201896075e-14       1.040766572511e-15      -9.539121774284e-17 
  562       3.416711723752e-10       1.328523939432e-12       1.926585010827e-12       0.000000000000e+00       4.724929860089e-14       1.067555421221e-15      -1.053559987712e-16 
  563       3.409421186379e-10       1.353545250117e-12       2.059329161947e-12       0.000000000000e+00       4.694891528700e-14       1.094782654014e-15      -1.152338725513e-16 
  564       3.401888670092e-10       1.379205561422e-12       2.188938034701e-12       0.000000000000e+00       4.665082708665e-14       1.122415368423e-15      -1.250237659171e-16 
  565       3.394118056024e-10       1.405500538667e-12       2.315292221301e-12       0.000000000000e+00       4.635499098781e-14       1.150420158742e-15      -1.347246055797e-16 
  566       3.386113416005e-10       1.432424860306e-12       2.438285317002e-12       0.000000000000e+00       4.606136945814e-14       1.178767307156e-15      -1.443354843934e-16 
  567       3.377879365298e-10       1.459969597528e-12       2.557867131089e-12       0.000000000000e+00       4.576995031984e-14       1.207443480229e-15      -1.538561648023e-16 
  568       3.369420719625e-10       1.488124766018e-12       2.674001577830e-12       0.000000000000e+00       4.548072737488e-14       1.236439354571e-15      -1.632865883967e-16 
  569       3.360742380011e-10       1.516880184028e-12       2.786652506639e-12       0.000000000000e+00       4.519369388312e-14       1.265745452286e-15      -1.726267109309e-16 
  570       3.351849333169e-10       1.546225471434e-12       2.895783702485e-12       0.000000000000e+00       4.490884255905e-14       1.295352140269e-15      -1.818765024116e-16 
  571       3.342746651903e-10       1.576150048796e-12       3.001358886301e-12       0.000000000000e+00       4.462616556859e-14       1.325249629502e-15      -1.910359471853e-16 
  572       3.333439495493e-10       1.606643136413e-12       3.103341715393e-12       0.000000000000e+00       4.434565452586e-14       1.355427974350e-15      -2.001050440261e-16 
  573       3.323933110090e-10       1.637693753382e-12       3.201695783847e-12       0.000000000000e+00       4.406730048993e-14       1.385877071862e-15      -2.090838062236e-16 
  574       3.314232829111e-10       1.669290716657e-12       3.296384622940e-12       0.000000000000e+00       4.379109396163e-14       1.416586661059e-15      -2.179722616700e-16 
  575       3.304344073627e-10       1.701422640105e-12       3.387371701546e-12       0.000000000000e+00       4.351702488033e-14       1.447546322241e-15      -2.267704529485e-16 
  576       3.294272352761e-10       1.734077933563e-12       3.474620426547e-12       0.000000000000e+00       4.324508262066e-14       1.478745476274e-15      -2.354784374207e-16 
  577       3.284023264075e-10       1.767244801900e-12       3.558094143241e-12       0.000000000000e+00       4.297525598935e-14       1.510173383893e-15      -2.440962873143e-16 
  578       3.273602493969e-10       1.800911244069e-12       3.637756135750e-12       0.000000000000e+00       4.270753322198e-14       1.541819144995e-15      -2.526240898108e-16 
  579       3.263015818066e-10       1.835065052171e-12       3.713569627432e-12       0.000000000000e+00       4.244190197973e-14       1.573671697938e-15      -2.610619471332e-16 
  580       3.252269101612e-10       1.869693810507e-12       3.785497781283e-12       0.000000000000e+00       4.217834934619e-14       1.605719818835e-15      -2.694099766337e-16 
  581       3.241368299866e-10       1.904784894640e-12       3.853503700353e-12       0.000000000000e+00       4.191686182415e-14       1.637952120853e-15      -2.776683108817e-16 
  582       3.230319458489e-10       1.940325470451e-12       3.917550428149e-12       0.000000000000e+00       4.165742533231e-14       1.670357053509e-15      -2.858370977510e-16 
  583       3.219128713942e-10       1.976302493196e-12       3.977600949048e-12       0.000000000000e+00       4.140002520211e-14       1.702922901964e-15      -2.939165005078e-16 
  584       3.207802293876e-10       2.012702706567e-12       4.033618188704e-12       0.000000000000e+00       4.114464617451e-14       1.735637786324e-15      -3.019066978985e-16 
  585       3.196346517526e-10       2.049512641746e-12       4.085565014454e-12       0.000000000000e+00       4.089127239672e-14       1.768489660932e-15      -3.098078842371e-16 
  586       3.184767796101e-10       2.086718616466e-12       4.133404235732e-12       0.000000000000e+00       4.063988741900e-14       1.801466313668e-15      -3.176202694933e-16 
  587       3.173072633180e-10       2.124306734065e-12       4.177098604474e-12       0.000000000000e+00       4.039047419146e-14       1.834555365245e-15      -3.253440793796e-16 
  588       3.161267625103e-10       2.162262882548e-12       4.216610815529e-12       0.000000000000e+00       4.014301506080e-14       1.867744268501e-15      -3.329795554399e-16 
  589       3.149359461362e-10       2.200572733642e-12       4.251903507063e-12       0.000000000000e+00       3.989749176710e-14       1.901020307704e-15      -3.405269551362e-16 
  590       3.137354924998e-10       2.239221741856e-12       4.282939260974e-12       0.000000000000e+00       3.965388544058e-14       1.934370597842e-15      -3.479865519372e-16 
  591       3.125260892989e-10       2.278195143537e-12       4.309680603297e-12       0.000000000000e+00       3.941217659841e-14       1.967782083920e-15      -3.553586354054e-16 
  592       3.113084336646e-10       2.317477955928e-12       4.332090004614e-12       0.000000000000e+00       3.917234514145e-14       2.001241540260e-15      -3.626435112850e-16 
  593       3.100832322002e-10       2.357054976225e-12       4.350129880462e-12       0.000000000000e+00       3.893437035103e-14       2.034735569795e-15      -3.698415015897e-16 
  594       3.088512010211e-10       2.396910780638e-12       4.363762591741e-12       0.000000000000e+00       3.869823088577e-14       2.068250603366e-15      -3.769529446904e-16 
  595       3.076130657933e-10       2.437029723447e-12       4.372950445124e-12       0.000000000000e+00       3.846390477827e-14       2.101772899018e-15      -3.839781954026e-16 
  596       3.063695617733e-10       2.477395936057e-12       4.377655693467e-12       0.000000000000e+00       3.823136943199e-14       2.135288541298e-15      -3.909176250747e-16 
  597       3.051214338469e-10       2.517993326062e-12       4.377840536213e-12       0.000000000000e+00       3.800060161793e-14       2.168783440551e-15      -3.977716216749e-16 
  598       3.038694365687e-10       2.558805576295e-12       4.373467119807e-12       0.000000000000e+00       3.777157747146e-14       2.202243332215e-15      -4.045405898796e-16 
  599       3.026143342014e-10       2.599816143894e-12       4.364497538098e-12       0.000000000000e+00       3.754427248908e-14       2.235653776120e-15      -4.112249511610e-16 
  600       3.013569007551e-10       2.641008259353e-12       4.350893832755e-12       0.000000000000e+00       3.731866152520e-14       2.269000155783e-15      -4.178251438744e-16 
  601       3.000979200261e-10       2.682364925585e-12       4.332617993669e-12       0.000000000000e+00       3.709471878891e-14       2.302267677706e-15      -4.243416233463e-16 
  602       2.988381856368e-10       2.723868916974e-12       4.309631959365e-12       0.000000000000e+00       3.687241784076e-14       2.335441370669e-15      -4.307748619620e-16 
  603       2.975785010748e-10       2.765502778441e-12       4.281897617411e-12       0.000000000000e+00       3.665173158954e-14       2.368506085031e-15      -4.371253492531e-16 
  604       2.963196797317e-10       2.807248824492e-12       4.249376804826e-12       0.000000000000e+00       3.643263228904e-14       2.401446492024e-15      -4.433935919857e-16 
  605       2.950624821575e-10       2.849089948718e-12       4.212042740607e-12       0.000000000000e+00       3.621509563120e-14       2.434249818833e-15      -4.495799593504e-16 
  606       2.938074260832e-10       2.891012075582e-12       4.169914624825e-12       0.000000000000e+00       3.599911314037e-14       2.466914127593e-15      -4.556842142629e-16 
  607       2.925549719008e-10       2.933001765803e-12       4.123023873461e-12       0.000000000000e+00       3.578468007114e-14       2.499440234350e-15      -4.617059709512e-16 
  608       2.913055850537e-10       2.975045410591e-12       4.071402765829e-12       0.000000000000e+00       3.557179133706e-14       2.531828991522e-15      -4.676448488676e-16 
  609       2.900597360555e-10       3.017129230973e-12       4.015084448728e-12       0.000000000000e+00       3.536044150881e-14       2.564081288084e-15      -4.735004727264e-16 
  610       2.888179005084e-10       3.059239277112e-12       3.954102940595e-12       0.000000000000e+00       3.515062481229e-14       2.596198049761e-15      -4.792724725406e-16 
  611       2.875805591222e-10       3.101361427631e-12       3.888493135653e-12       0.000000000000e+00       3.494233512673e-14       2.628180239223e-15      -4.849604836587e-16 
  612       2.863481977326e-10       3.143481388938e-12       3.818290808062e-12       0.000000000000e+00       3.473556598281e-14       2.660028856274e-15      -4.905641468020e-16 
  613       2.851213073206e-10       3.185584694548e-12       3.743532616071e-12       0.000000000000e+00       3.453031056079e-14       2.691744938048e-15      -4.960831081017e-16 
  614       2.839003840306e-10       3.227656704405e-12       3.664256106166e-12       0.000000000000e+00       3.432656168861e-14       2.723329559194e-15      -5.015170191356e-16 
  615       2.826859291892e-10       3.269682604206e-12       3.580499717223e-12       0.000000000000e+00       3.412431184001e-14       2.754783832074e-15      -5.068655369650e-16 
  616       2.814784493244e-10       3.311647404725e-12       3.492302784656e-12       0.000000000000e+00       3.392355313267e-14       2.786108906955e-15      -5.121283241723e-16 
  617       2.802784561836e-10       3.353535941135e-12       3.399705544571e-12       0.000000000000e+00       3.372427732627e-14       2.817305972197e-15      -5.173050488975e-16 
  618       2.790864667529e-10       3.395332872330e-12       3.302749137911e-12       0.000000000000e+00       3.352647582066e-14       2.848376254447e-15      -5.223953848754e-16 
  619       2.779030032756e-10       3.437022680250e-12       3.201475614612e-12       0.000000000000e+00       3.333013965396e-14       2.879321018832e-15      -5.273990114724e-16 
  620       2.767285932709e-10       3.478589669203e-12       3.095927937752e-12       0.000000000000e+00       3.313525950067e-14       2.910141569149e-15      -5.323156137239e-16 
  621       2.755637695524e-10       3.520017965190e-12       2.986149987700e-12       0.000000000000e+00       3.294182566979e-14       2.940839248060e-15      -5.371448823710e-16 
  622       2.744090702473e-10       3.561291515223e-12       2.872186566265e-12       0.000000000000e+00       3.274982810293e-14       2.971415437280e-15      -5.418865138975e-16 
  623       2.732650388148e-10       3.602394086655e-12       2.754083400853e-12       0.000000000000e+00       3.255925637243e-14       3.001871557773e-15      -5.465402105671e-16 
  624       2.721322240649e-10       3.643309266497e-12       2.631887148611e-12       0.000000000000e+00       3.237009967949e-14       3.032209069940e-15      -5.511056804603e-16 
  625       2.710111801769e-10       3.684020460746e-12       2.505645400579e-12       0.000000000000e+00       3.218234685227e-14       3.062429473815e-15      -5.555826375113e-16 
  626       2.699024667185e-10       3.724510893704e-12       2.375406685843e-12       0.000000000000e+00       3.199598634399e-14       3.092534309253e-15      -5.599708015453e-16 
  627       2.688066486642e-10       3.764763607303e-12       2.241220475683e-12       0.000000000000e+00       3.181100623111e-14       3.122525156126e-15      -5.642698983151e-16 
  628       2.677242964142e-10       3.804761460428e-12       2.103137187724e-12       0.000000000000e+00       3.162739421136e-14       3.152403634512e-15      -5.684796595386e-16 
  629       2.666559858131e-10       3.844487128241e-12       1.961208190089e-12       0.000000000000e+00       3.144513760192e-14       3.182171404888e-15      -5.725998229353e-16 
  630       2.656022981685e-10       3.883923101501e-12       1.815485805544e-12       0.000000000000e+00       3.126422333751e-14       3.211830168321e-15      -5.766301322637e-16 
  631       2.645638202696e-10       3.923051685891e-12       1.666023315654e-12       0.000000000000e+00       3.108463796851e-14       3.241381666663e-15      -5.805703373580e-16 
  632       2.635411444065e-10       3.961855001337e-12       1.512874964931e-12       0.000000000000e+00       3.090636765907e-14       3.270827682739e-15      -5.844201941655e-16 
  633       2.625348683882e-10       4.000314981335e-12       1.356095964984e-12       0.000000000000e+00       3.072939818526e-14       3.300170040543e-15      -5.881794647831e-16 
  634       2.615455955616e-10       4.038413372271e-12       1.195742498671e-12       0.000000000000e+00       3.055371493313e-14       3.329410605427e-15      -5.918479174948e-16 
  635       2.605739348304e-10       4.076131732746e-12       1.031871724249e-12       0.000000000000e+00       3.037930289687e-14       3.358551284292e-15      -5.954253268083e-16 
  636       2.596205006736e-10       4.113451432900e-12       8.645417795245e-13       0.000000000000e+00       3.020614667692e-14       3.387594025784e-15      -5.989114734925e-16 
  637       2.586859131644e-10       4.150353653729e-12       6.938117860022e-13       0.000000000000e+00       3.003423047805e-14       3.416540820485e-15      -6.023061446137e-16 
  638       2.577707979885e-10       4.186819386417e-12       5.197418530389e-13       0.000000000000e+00       2.986353810752e-14       3.445393701100e-15      -6.056091335737e-16 
  639       2.568757864633e-10       4.222829431652e-12       3.423930819913e-13       0.000000000000e+00       2.969405297320e-14       3.474154742657e-15      -6.088202401457e-16 
  640       2.560015155563e-10       4.258364398953e-12       1.618275703678e-13       0.000000000000e+00       2.952575808165e-14       3.502826062692e-15      -6.119392705121e-16 
  641       2.551486279042e-10       4.293404705991e-12      -2.189158402164e-14       0.000000000000e+00       2.935863603623e-14       3.531409821446e-15      -6.149660373011e-16 
  642       2.543177718310e-10       4.327930577912e-12      -2.087002789145e-13       0.000000000000e+00       2.919266903528e-14       3.559908222051e-15      -6.179003596241e-16 
  643       2.535096013673e-10       4.361922046663e-12      -3.985334034457e-13       0.000000000000e+00       2.902783887016e-14       3.588323510731e-15      -6.207420631121e-16 
  644       2.527246871258e-10       4.395361050068e-12      -5.913230335290e-13       0.000000000000e+00       2.886412951411e-14       3.616656697566e-15      -6.234910367163e-16 
  645       2.519632466762e-10       4.428237782591e-12      -7.869929815724e-13       0.000000000000e+00       2.870153495668e-14       3.644903686641e-15      -6.261474044446e-16 
  646       2.512254081060e-10       4.460544486954e-12      -9.854641152143e-13       0.000000000000e+00       2.854005154284e-14       3.673059058703e-15      -6.287113575842e-16 
  647       2.505112986035e-10       4.492273367326e-12      -1.186656141964e-12       0.000000000000e+00       2.837967539724e-14       3.701117342480e-15      -6.311830983445e-16 
  648       2.498210444510e-10       4.523416589247e-12      -1.390487604531e-12       0.000000000000e+00       2.822040242303e-14       3.729073014494e-15      -6.335628399096e-16 
  649       2.491547710177e-10       4.553966279561e-12      -1.596875876153e-12       0.000000000000e+00       2.806222830078e-14       3.756920498892e-15      -6.358508064923e-16 
  650       2.485126027525e-10       4.583914526345e-12      -1.805737155928e-12       0.000000000000e+00       2.790514848729e-14       3.784654167264e-15      -6.380472333876e-16 
  651       2.478946631774e-10       4.613253378839e-12      -2.016986464141e-12       0.000000000000e+00       2.774915821449e-14       3.812268338466e-15      -6.401523670253e-16 
  652       2.473010748800e-10       4.641974847375e-12      -2.230537637595e-12       0.000000000000e+00       2.759425248829e-14       3.839757278442e-15      -6.421664650244e-16 
  653       2.467319595067e-10       4.670070903307e-12      -2.446303324940e-12       0.000000000000e+00       2.744042608746e-14       3.867115200049e-15      -6.440897962460e-16 
  654       2.461874377556e-10       4.697533478940e-12      -2.664194982002e-12       0.000000000000e+00       2.728767356246e-14       3.894336262875e-15      -6.459226408465e-16 
  655       2.456676293695e-10       4.724354467462e-12      -2.884122867111e-12       0.000000000000e+00       2.713598923436e-14       3.921414573067e-15      -6.476652903316e-16 
  656       2.451726531289e-10       4.750525722870e-12      -3.105996036435e-12       0.000000000000e+00       2.698536719365e-14       3.948344183147e-15      -6.493180476091e-16 
  657       2.447026268448e-10       4.776039059904e-12      -3.329722339303e-12       0.000000000000e+00       2.683580129912e-14       3.975119091839e-15      -6.508812270428e-16 
  658       2.442576673518e-10       4.800886253972e-12      -3.555208413540e-12       0.000000000000e+00       2.668728517676e-14       4.001733243889e-15      -6.523551545055e-16 
  659       2.438378905011e-10       4.825059041083e-12      -3.782359680792e-12       0.000000000000e+00       2.653981221858e-14       4.028180529891e-15      -6.537401674328e-16 
  660       2.434434111531e-10       4.848549117775e-12      -4.011080341860e-12       0.000000000000e+00       2.639337558149e-14       4.054454786103e-15      -6.550366148761e-16 
  661       2.430743431712e-10       4.871348141048e-12      -4.241273372023e-12       0.000000000000e+00       2.624796818617e-14       4.080549794275e-15      -6.562448575563e-16 
  662       2.427307994136e-10       4.893447728287e-12      -4.472840516375e-12       0.000000000000e+00       2.610358271592e-14       4.106459281470e-15      -6.573652679172e-16 
  663       2.424128917274e-10       4.914839457198e-12      -4.705682285147e-12       0.000000000000e+00       2.596021161555e-14       4.132176919884e-15      -6.583982301787e-16 
  664       2.421207309406e-10       4.935514865737e-12      -4.939697949042e-12       0.000000000000e+00       2.581784709022e-14       4.157696326671e-15      -6.593441403902e-16 
  665       2.418544268559e-10       4.955465452033e-12      -5.174785534561e-12       0.000000000000e+00       2.567648110431e-14       4.183011063765e-15      -6.602034064845e-16 
  666       2.416140882431e-10       4.974682674328e-12      -5.410841819333e-12       0.000000000000e+00       2.553610538031e-14       4.208114637702e-15      -6.609764483305e-16 
  667       2.413998228320e-10       4.993157950898e-12      -5.647762327448e-12       0.000000000000e+00       2.539671139763e-14       4.233000499441e-15      -6.616636977870e-16 
  668       2.412117373060e-10       5.010882659988e-12      -5.885441324779e-12       0.000000000000e+00       2.525829039153e-14       4.257662044189e-15      -6.622655987562e-16 
  669       2.410499372945e-10       5.027848139738e-12      -6.123771814317e-12       0.000000000000e+00       2.512083335193e-14       4.282092611221e-15      -6.627826072368e-16 
  670       2.409145273657e-10       5.044045688116e-12      -6.362645531501e-12       0.000000000000e+00       2.498433102231e-14       4.306285483705e-15      -6.632151913777e-16 
  671       2.408056110205e-10       5.059466562844e-12      -6.601952939543e-12       0.000000000000e+00       2.484877389856e-14       4.330233888519e-15      -6.635638315311e-16 
  672       2.407232906843e-10       5.074101981333e-12      -6.841583224759e-12       0.000000000000e+00       2.471415222783e-14       4.353930996083e-15      -6.638290203062e-16 
  673       2.406676677007e-10       5.087943120605e-12      -7.081424291901e-12       0.000000000000e+00       2.458045600744e-14       4.377369920170e-15      -6.640112626224e-16 
  674       2.406388423244e-10       5.100981117231e-12      -7.321362759484e-12       0.000000000000e+00       2.444767498368e-14       4.400543717736e-15      -6.641110757628e-16 
  675       2.406369137139e-10       5.113207067255e-12      -7.561283955115e-12       0.000000000000e+00       2.431579865075e-14       4.423445388742e-15      -6.641289894276e-16 
  676       2.406619799244e-10       5.124612026125e-12      -7.801071910824e-12       0.000000000000e+00       2.418481624954e-14       4.446067875973e-15      -6.640655457876e-16 
  677       2.407141379014e-10       5.135187008624e-12      -8.040609358390e-12       0.000000000000e+00       2.405471676659e-14       4.468404064861e-15      -6.639212995373e-16 
  678       2.407934834729e-10       5.144922988799e-12      -8.279777724676e-12       0.000000000000e+00       2.392548893285e-14       4.490446783309e-15      -6.636968179486e-16 
  679       2.409001113427e-10       5.153810899888e-12      -8.518457126953e-12       0.000000000000e+00       2.379712122264e-14       4.512188801515e-15      -6.633926809241e-16 
  680       2.410341150835e-10       5.161841634254e-12      -8.756526368232e-12       0.000000000000e+00       2.366960185245e-14       4.533622831789e-15      -6.630094810507e-16 
  681       2.411955871295e-10       5.169006043314e-12      -8.993862932594e-12       0.000000000000e+00       2.354291877985e-14       4.554741528380e-15      -6.625478236525e-16 
  682       2.413846187698e-10       5.175294937465e-12      -9.230342980516e-12       0.000000000000e+00       2.341705970230e-14       4.575537487296e-15      -6.620083268447e-16 
  683       2.416012414029e-10       5.180701212462e-12      -9.465850026218e-12       0.000000000000e+00       2.329201376019e-14       4.596004392151e-15      -6.613916006238e-16 
  684       2.418452489397e-10       5.185226278488e-12      -9.700301182409e-12       0.000000000000e+00       2.316777668794e-14       4.616140478893e-15      -6.606981835406e-16 
  685       2.421163715961e-10       5.188873768181e-12      -9.933621466511e-12       0.000000000000e+00       2.304434577060e-14       4.635945144681e-15      -6.599286047810e-16 
  686       2.424143342650e-10       5.191647423085e-12      -1.016573516694e-11       0.000000000000e+00       2.292171814894e-14       4.655417808675e-15      -6.590834050548e-16 
  687       2.427388564949e-10       5.193551094127e-12      -1.039656584067e-11       0.000000000000e+00       2.279989081883e-14       4.674557912153e-15      -6.581631366434e-16 
  688       2.430896524672e-10       5.194588742097e-12      -1.062603631078e-11       0.000000000000e+00       2.267886063047e-14       4.693364918630e-15      -6.571683634482e-16 
  689       2.434664309744e-10       5.194764438118e-12      -1.085406866402e-11       0.000000000000e+00       2.255862428774e-14       4.711838313971e-15      -6.560996610382e-16 
  690       2.438688953981e-10       5.194082364128e-12      -1.108058424838e-11       0.000000000000e+00       2.243917834747e-14       4.729977606513e-15      -6.549576166986e-16 
  691       2.442967436863e-10       5.192546813350e-12      -1.130550367064e-11       0.000000000000e+00       2.232051921877e-14       4.747782327174e-15      -6.537428294782e-16 
  692       2.447496683319e-10       5.190162190773e-12      -1.152874679392e-11       0.000000000000e+00       2.220264316232e-14       4.765252029578e-15      -6.524559102378e-16 
  693       2.452273563502e-10       5.186933013624e-12      -1.175023273527e-11       0.000000000000e+00       2.208554628965e-14       4.782386290166e-15      -6.510974816980e-16 
  694       2.457294892570e-10       5.182863911846e-12      -1.196987986319e-11       0.000000000000e+00       2.196922456250e-14       4.799184708316e-15      -6.496681784876e-16 
  695       2.462557430464e-10       5.177959628573e-12      -1.218760579521e-11       0.000000000000e+00       2.185367379207e-14       4.815646906457e-15      -6.481686471910e-16 
  696       2.468057881684e-10       5.172225020607e-12      -1.240332739548e-11       0.000000000000e+00       2.173888963832e-14       4.831772530189e-15      -6.465995463969e-16 
  697       2.473792895072e-10       5.165665058892e-12      -1.261696077224e-11       0.000000000000e+00       2.162486760931e-14       4.847561248397e-15      -6.449615467458e-16 
  698       2.479759063590e-10       5.158284828991e-12      -1.282842127550e-11       0.000000000000e+00       2.151160306049e-14       4.863012753368e-15      -6.432553309783e-16 
  699       2.485952924095e-10       5.150089531563e-12      -1.303762349449e-11       0.000000000000e+00       2.139909119399e-14       4.878126760910e-15      -6.414815939831e-16 
  700       2.492370957122e-10       5.141084482837e-12      -1.324448125529e-11       0.000000000000e+00       2.128732705791e-14       4.892903010466e-15      -6.396410428449e-16 
  701       2.499009586662e-10       5.131275115089e-12      -1.344890761836e-11       0.000000000000e+00       2.117630554567e-14       4.907341265233e-15      -6.377343968925e-16 
  702       2.505865179938e-10       5.120666977115e-12      -1.365081487610e-11       0.000000000000e+00       2.106602139526e-14       4.921441312277e-15      -6.357623877468e-16 
  703       2.512934047187e-10       5.109265734713e-12      -1.385011455043e-11       0.000000000000e+00       2.095646918858e-14       4.935202962651e-15      -6.337257593688e-16 
  704       2.520212441437e-10       5.097077171153e-12      -1.404671739031e-11       0.000000000000e+00       2.084764335072e-14       4.948626051510e-15      -6.316252681077e-16 
  705       2.527696558286e-10       5.084107187656e-12      -1.424053336935e-11       0.000000000000e+00       2.073953814928e-14       4.961710438231e-15      -6.294616827489e-16 
  706       2.535382535682e-10       5.070361803869e-12      -1.443147168332e-11       0.000000000000e+00       2.063214769363e-14       4.974456006525e-15      -6.272357845619e-16 
  707       2.543266453699e-10       5.055847158339e-12      -1.461944074775e-11       0.000000000000e+00       2.052546593429e-14       4.986862664560e-15      -6.249483673485e-16 
  708       2.551344334319e-10       5.040569508993e-12      -1.480434819546e-11       0.000000000000e+00       2.041948666215e-14       4.998930345070e-15      -6.226002374906e-16 
  709       2.559612141208e-10       5.024535233611e-12      -1.498610087415e-11       0.000000000000e+00       2.031420350783e-14       5.010659005480e-15      -6.201922139987e-16 
  710       2.568065779496e-10       5.007750830302e-12      -1.516460484391e-11       0.000000000000e+00       2.020960994096e-14       5.022048628015e-15      -6.177251285591e-16 
  711       2.576701095558e-10       4.990222917981e-12      -1.533976537484e-11       0.000000000000e+00       2.010569926947e-14       5.033099219824e-15      -6.151998255828e-16 
  712       2.585513876786e-10       4.971958236844e-12      -1.551148694456e-11       0.000000000000e+00       2.000246463892e-14       5.043810813089e-15      -6.126171622528e-16 
  713       2.594499851377e-10       4.952963648843e-12      -1.567967323580e-11       0.000000000000e+00       1.989989903178e-14       5.054183465150e-15      -6.099780085728e-16 
  714       2.603654688103e-10       4.933246138164e-12      -1.584422713395e-11       0.000000000000e+00       1.979799526675e-14       5.064217258616e-15      -6.072832474145e-16 
  715       2.612973996097e-10       4.912812811703e-12      -1.600505072461e-11       0.000000000000e+00       1.969674599804e-14       5.073912301483e-15      -6.045337745663e-16 
  716       2.622453324625e-10       4.891670899539e-12      -1.616204529117e-11       0.000000000000e+00       1.959614371470e-14       5.083268727251e-15      -6.017304987807e-16 
  717       2.632088162871e-10       4.869827755413e-12      -1.631511131234e-11       0.000000000000e+00       1.949618073989e-14       5.092286695041e-15      -5.988743418229e-16 
  718       2.641873939712e-10       4.847290857200e-12      -1.646414845974e-11       0.000000000000e+00       1.939684923022e-14       5.100966389713e-15      -5.959662385184e-16 
  719       2.651806023497e-10       4.824067807391e-12      -1.660905559543e-11       0.000000000000e+00       1.929814117502e-14       5.109308021981e-15      -5.930071368013e-16 
  720       2.661879721827e-10       4.800166333563e-12      -1.674973076952e-11       0.000000000000e+00       1.920004839565e-14       5.117311828528e-15      -5.899979977619e-16 
  721       2.672090281333e-10       4.775594288857e-12      -1.688607121766e-11       0.000000000000e+00       1.910256254483e-14       5.124978072127e-15      -5.869397956953e-16 
  722       2.682432916260e-10       4.750360467013e-12      -1.701798698727e-11       0.000000000000e+00       1.900567622410e-14       5.132307050114e-15      -5.838334332193e-16 
  723       2.692902895296e-10       4.724477064572e-12      -1.714544212296e-11       0.000000000000e+00       1.890938636260e-14       5.139299119768e-15      -5.806794846505e-16 
  724       2.703495456057e-10       4.697957269348e-12      -1.726841430818e-11       0.000000000000e+00       1.881369090516e-14       5.145954673675e-15      -5.774784475399e-16 
  725       2.714205776229e-10       4.670814451041e-12      -1.738688131263e-11       0.000000000000e+00       1.871858769990e-14       5.152274131536e-15      -5.742308271613e-16 
  726       2.725028973354e-10       4.643062161895e-12      -1.750082099297e-11       0.000000000000e+00       1.862407449769e-14       5.158257940281e-15      -5.709371365401e-16 
  727       2.735960104613e-10       4.614714137365e-12      -1.761021129349e-11       0.000000000000e+00       1.853014895182e-14       5.163906574193e-15      -5.675978964816e-16 
  728       2.746994166611e-10       4.585784296778e-12      -1.771503024684e-11       0.000000000000e+00       1.843680861747e-14       5.169220535024e-15      -5.642136355994e-16 
  729       2.758126095168e-10       4.556286743997e-12      -1.781525597465e-11       0.000000000000e+00       1.834405095132e-14       5.174200352112e-15      -5.607848903443e-16 
  730       2.769350765096e-10       4.526235768084e-12      -1.791086668832e-11       0.000000000000e+00       1.825187331109e-14       5.178846582504e-15      -5.573122050324e-16 
  731       2.780662989992e-10       4.495645843962e-12      -1.800184068962e-11       0.000000000000e+00       1.816027295510e-14       5.183159811072e-15      -5.537961318737e-16 
  732       2.792057522017e-10       4.464531633082e-12      -1.808815637145e-11       0.000000000000e+00       1.806924704184e-14       5.187140650630e-15      -5.502372310007e-16 
  733       2.803529051687e-10       4.432907984080e-12      -1.816979221850e-11       0.000000000000e+00       1.797879262951e-14       5.190789742056e-15      -5.466360704970e-16 
  734       2.815072207654e-10       4.400789933446e-12      -1.824672680795e-11       0.000000000000e+00       1.788890667562e-14       5.194107754410e-15      -5.429932264253e-16 
  735       2.826681556493e-10       4.368192706182e-12      -1.831893881015e-11       0.000000000000e+00       1.779958603648e-14       5.197095385050e-15      -5.393092828565e-16 
  736       2.838351602490e-10       4.335131716471e-12      -1.838640698934e-11       0.000000000000e+00       1.771082746684e-14       5.199753359755e-15      -5.355848318978e-16 
  737       2.850076787423e-10       4.301622568334e-12      -1.844911020431e-11       0.000000000000e+00       1.762262761938e-14       5.202082432839e-15      -5.318204737214e-16 
  738       2.861851490348e-10       4.267681056298e-12      -1.850702740913e-11       0.000000000000e+00       1.753498304431e-14       5.204083387274e-15      -5.280168165929e-16 
  739       2.873670027388e-10       4.233323166055e-12      -1.856013765379e-11       0.000000000000e+00       1.744789018893e-14       5.205757034805e-15      -5.241744768998e-16 
  740       2.885526651514e-10       4.198565075129e-12      -1.860842008496e-11       0.000000000000e+00       1.736134539715e-14       5.207104216070e-15      -5.202940791800e-16 
  741       2.897415552334e-10       4.163423153537e-12      -1.865185394662e-11       0.000000000000e+00       1.727534490911e-14       5.208125800721e-15      -5.163762561504e-16 
  742       2.909330855877e-10       4.127913964453e-12      -1.869041858079e-11       0.000000000000e+00       1.718988486069e-14       5.208822687540e-15      -5.124216487352e-16 
  743       2.921266624375e-10       4.092054264869e-12      -1.872409342821e-11       0.000000000000e+00       1.710496128308e-14       5.209195804556e-15      -5.084309060946e-16 
  744       2.933216856055e-10       4.055861006260e-12      -1.875285802902e-11       0.000000000000e+00       1.702057010235e-14       5.209246109169e-15      -5.044046856532e-16 
  745       2.945175484919e-10       4.019351335249e-12      -1.877669202348e-11       0.000000000000e+00       1.693670713902e-14       5.208974588264e-15      -5.003436531285e-16 
  746       2.957136380532e-10       3.982542594266e-12      -1.879557515265e-11       0.000000000000e+00       1.685336810758e-14       5.208382258331e-15      -4.962484825594e-16 
  747       2.969093347806e-10       3.945452322215e-12      -1.880948725907e-11       0.000000000000e+00       1.677054861609e-14       5.207470165585e-15      -4.921198563346e-16 
  748       2.981040126786e-10       3.908098255132e-12      -1.881840828747e-11       0.000000000000e+00       1.668824416572e-14       5.206239386083e-15      -4.879584652214e-16 
  749       2.992970392436e-10       3.870498326855e-12      -1.882231828545e-11       0.000000000000e+00       1.660645015030e-14       5.204691025844e-15      -4.837650083939e-16 
  750       3.004877754422e-10       3.832670669682e-12      -1.882119740419e-11       0.000000000000e+00       1.652516185592e-14       5.202826220966e-15      -4.795401934615e-16 
  751       3.016755756902e-10       3.794633615035e-12      -1.881502589912e-11       0.000000000000e+00       1.644437446043e-14       5.200646137746e-15      -4.752847364975e-16 
  752       3.028597878305e-10       3.756405694125e-12      -1.880378413062e-11       0.000000000000e+00       1.636408303305e-14       5.198151972798e-15      -4.709993620679e-16 
  753       3.040397531122e-10       3.718005638614e-12      -1.878745256472e-11       0.000000000000e+00       1.628428253390e-14       5.195344953173e-15      -4.666848032591e-16 
  754       3.052148061689e-10       3.679452381277e-12      -1.876601177379e-11       0.000000000000e+00       1.620496781358e-14       5.192226336476e-15      -4.623418017072e-16 
  755       3.063842749972e-10       3.640765056667e-12      -1.873944243724e-11       0.000000000000e+00       1.612613361270e-14       5.188797410984e-15      -4.579711076262e-16 
  756       3.075474809353e-10       3.601963001778e-12      -1.870772534217e-11       0.000000000000e+00       1.604777456148e-14       5.185059495769e-15      -4.535734798363e-16 
  757       3.087037386416e-10       3.563065756705e-12      -1.867084138413e-11       0.000000000000e+00       1.596988517927e-14       5.181013940810e-15      -4.491496857926e-16 
  758       3.098523560731e-10       3.524093065312e-12      -1.862877156776e-11       0.000000000000e+00       1.589245987414e-14       5.176662127117e-15      -4.447005016138e-16 
  759       3.109926344639e-10       3.485064875892e-12      -1.858149700750e-11       0.000000000000e+00       1.581549294242e-14       5.172005466850e-15      -4.402267121101e-16 
  760       3.121238683040e-10       3.446001341832e-12      -1.852899892829e-11       0.000000000000e+00       1.573897856826e-14       5.167045403432e-15      -4.357291108124e-16 
  761       3.132454029938e-10       3.406921774833e-12      -1.847126898948e-11       0.000000000000e+00       1.566291158378e-14       5.161783367115e-15      -4.312084791747e-16 
  762       3.143568090636e-10       3.367841481242e-12      -1.840834047228e-11       0.000000000000e+00       1.558728976638e-14       5.156220640480e-15      -4.266655236878e-16 
  763       3.154577112511e-10       3.328774866389e-12      -1.834025769152e-11       0.000000000000e+00       1.551211158457e-14       5.150358490593e-15      -4.221009376167e-16 
  764       3.165477311187e-10       3.289736476980e-12      -1.826706572946e-11       0.000000000000e+00       1.543737544113e-14       5.144198213438e-15      -4.175154217414e-16 
  765       3.176264870438e-10       3.250741001540e-12      -1.818881043854e-11       0.000000000000e+00       1.536307967281e-14       5.137741134024e-15      -4.129096843805e-16 
  766       3.186935942091e-10       3.211803270863e-12      -1.810553844425e-11       0.000000000000e+00       1.528922255005e-14       5.130988606500e-15      -4.082844414159e-16 
  767       3.197486645934e-10       3.172938258459e-12      -1.801729714798e-11       0.000000000000e+00       1.521580227670e-14       5.123942014258e-15      -4.036404163168e-16 
  768       3.207913069619e-10       3.134161080994e-12      -1.792413472981e-11       0.000000000000e+00       1.514281698974e-14       5.116602770047e-15      -3.989783401637e-16 
  769       3.218211268565e-10       3.095486998744e-12      -1.782610015134e-11       0.000000000000e+00       1.507026475898e-14       5.108972316082e-15      -3.942989516732e-16 
  770       3.228377265865e-10       3.056931416037e-12      -1.772324315857e-11       0.000000000000e+00       1.499814358678e-14       5.101052124152e-15      -3.896029972214e-16 
  771       3.238407052193e-10       3.018509881701e-12      -1.761561428464e-11       0.000000000000e+00       1.492645140781e-14       5.092843695728e-15      -3.848912308685e-16 
  772       3.248296585703e-10       2.980238089509e-12      -1.750326485276e-11       0.000000000000e+00       1.485518608868e-14       5.084348562077e-15      -3.801644143832e-16 
  773       3.258041791936e-10       2.942131878627e-12      -1.738624697896e-11       0.000000000000e+00       1.478434542776e-14       5.075568284368e-15      -3.754233172664e-16 
  774       3.267638563728e-10       2.904207234058e-12      -1.726461357495e-11       0.000000000000e+00       1.471392715481e-14       5.066504453781e-15      -3.706687167757e-16 
  775       3.277082761111e-10       2.866480287093e-12      -1.713841835094e-11       0.000000000000e+00       1.464392893073e-14       5.057158691620e-15      -3.659013979496e-16 
  776       3.286370211218e-10       2.828967315752e-12      -1.700771581848e-11       0.000000000000e+00       1.457434834732e-14       5.047532649419e-15      -3.611221536313e-16 
  777       3.295496708191e-10       2.791684745233e-12      -1.687256129331e-11       0.000000000000e+00       1.450518292690e-14       5.037628009051e-15      -3.563317844936e-16 
  778       3.304458013079e-10       2.754649148359e-12      -1.673301089811e-11       0.000000000000e+00       1.443643012211e-14       5.027446482843e-15      -3.515310990624e-16 
  779       3.313249853752e-10       2.717877246022e-12      -1.658912156542e-11       0.000000000000e+00       1.436808731561e-14       5.016989813678e-15      -3.467209137412e-16 
  780       3.321867924797e-10       2.681385907633e-12      -1.644095104042e-11       0.000000000000e+00       1.430015181977e-14       5.006259775110e-15      -3.419020528354e-16 
  781       3.330307887429e-10       2.645192151564e-12      -1.628855788375e-11       0.000000000000e+00       1.423262087639e-14       4.995258171470e-15      -3.370753485761e-16 
  782       3.338565369390e-10       2.609313145598e-12      -1.613200147439e-11       0.000000000000e+00       1.416549165645e-14       4.983986837977e-15      -3.322416411448e-16 
  783       3.346635964861e-10       2.573766207374e-12      -1.597134201243e-11       0.000000000000e+00       1.409876125981e-14       4.972447640850e-15      -3.274017786970e-16 
  784       3.354515234360e-10       2.538568804832e-12      -1.580664052193e-11       0.000000000000e+00       1.403242671489e-14       4.960642477410e-15      -3.225566173870e-16 
  785       3.362198704649e-10       2.503738556662e-12      -1.563795885374e-11       0.000000000000e+00       1.396648497846e-14       4.948573276199e-15      -3.177070213916e-16 
  786       3.369681868642e-10       2.469293232749e-12      -1.546535968835e-11       0.000000000000e+00       1.390093293529e-14       4.936241997081e-15      -3.128538629345e-16 
  787       3.376960185303e-10       2.435250754620e-12      -1.528890653867e-11       0.000000000000e+00       1.383576739791e-14       4.923650631357e-15      -3.079980223107e-16 
  788       3.384029079557e-10       2.401629195888e-12      -1.510866375291e-11       0.000000000000e+00       1.377098510628e-14       4.910801201872e-15      -3.031403879100e-16 
  789       3.390883942192e-10       2.368446782701e-12      -1.492469651739e-11       0.000000000000e+00       1.370658272757e-14       4.897695763126e-15      -2.982818562421e-16 
  790       3.397520129763e-10       2.335721894190e-12      -1.473707085935e-11       0.000000000000e+00       1.364255685582e-14       4.884336401380e-15      -2.934233319600e-16 
  791       3.403932964499e-10       2.303473062909e-12      -1.454585364981e-11       0.000000000000e+00       1.357890401170e-14       4.870725234770e-15      -2.885657278847e-16 
  792       3.410117734205e-10       2.271718975288e-12      -1.435111260638e-11       0.000000000000e+00       1.351562064219e-14       4.856864413414e-15      -2.837099650291e-16 
  793       3.416069692170e-10       2.240478472076e-12      -1.415291629609e-11       0.000000000000e+00       1.345270312033e-14       4.842756119521e-15      -2.788569726224e-16 
  794       3.421784057069e-10       2.209770548789e-12      -1.395133413822e-11       0.000000000000e+00       1.339014774490e-14       4.828402567503e-15      -2.740076881341e-16 
  795       3.427256012867e-10       2.179614356154e-12      -1.374643640713e-11       0.000000000000e+00       1.332795074016e-14       4.813806004080e-15      -2.691630572983e-16 
  796       3.432480708729e-10       2.150029200557e-12      -1.353829423510e-11       0.000000000000e+00       1.326610825559e-14       4.798968708394e-15      -2.643240341378e-16 
  797       3.437453258917e-10       2.121034544490e-12      -1.332697961513e-11       0.000000000000e+00       1.320461636555e-14       4.783892992115e-15      -2.594915809884e-16 
  798       3.442168742701e-10       2.092650006997e-12      -1.311256540380e-11       0.000000000000e+00       1.314347106905e-14       4.768581199555e-15      -2.546666685230e-16 
  799       3.446622204262e-10       2.064895364118e-12      -1.289512532408e-11       0.000000000000e+00       1.308266828942e-14       4.753035707771e-15      -2.498502757759e-16 
  800       3.450809396117e-10       2.037788254947e-12      -1.267473501546e-11       0.000000000000e+00       1.302220439323e-14       4.737259241195e-15      -2.450432255890e-16 
  801       3.454729024459e-10       2.011337253005e-12      -1.245147519956e-11       0.000000000000e+00       1.296207775786e-14       4.721255821571e-15      -2.402456876115e-16 
  802       3.458380544584e-10       1.985548669372e-12      -1.222542857789e-11       0.000000000000e+00       1.290228723193e-14       4.705029835563e-15      -2.354576662831e-16 
  803       3.461763421124e-10       1.960428835647e-12      -1.199667879278e-11       0.000000000000e+00       1.284283161856e-14       4.688585721971e-15      -2.306791645838e-16 
  804       3.464877128090e-10       1.935984103963e-12      -1.176531043039e-11       0.000000000000e+00       1.278370967518e-14       4.671927971905e-15      -2.259101840269e-16 
  805       3.467721148917e-10       1.912220847005e-12      -1.153140902377e-11       0.000000000000e+00       1.272492011335e-14       4.655061128951e-15      -2.211507246532e-16 
  806       3.470294976508e-10       1.889145458028e-12      -1.129506105584e-11       0.000000000000e+00       1.266646159858e-14       4.637989789338e-15      -2.164007850235e-16 
  807       3.472598113275e-10       1.866764350871e-12      -1.105635396246e-11       0.000000000000e+00       1.260833275010e-14       4.620718602110e-15      -2.116603622123e-16 
  808       3.474630071190e-10       1.845083959975e-12      -1.081537613545e-11       0.000000000000e+00       1.255053214074e-14       4.603252269292e-15      -2.069294518015e-16 
  809       3.476390371819e-10       1.824110740400e-12      -1.057221692556e-11       0.000000000000e+00       1.249305829670e-14       4.585595546056e-15      -2.022080478733e-16 
  810       3.477878546376e-10       1.803851167840e-12      -1.032696664558e-11       0.000000000000e+00       1.243590969737e-14       4.567753240895e-15      -1.974961430036e-16 
  811       3.479094135760e-10       1.784311738642e-12      -1.007971657329e-11       0.000000000000e+00       1.237908477516e-14       4.549730215788e-15      -1.927937282557e-16 
  812       3.480036690602e-10       1.765498969824e-12      -9.830558954525e-12       0.000000000000e+00       1.232258191528e-14       4.531531386368e-15      -1.881007931733e-16 
  813       3.480705771307e-10       1.747419399086e-12      -9.579587006193e-12       0.000000000000e+00       1.226639945560e-14       4.513161722089e-15      -1.834173257743e-16 
  814       3.481100948100e-10       1.730079584832e-12      -9.326894919293e-12       0.000000000000e+00       1.221053568645e-14       4.494626246400e-15      -1.787433125436e-16 
  815       3.481221801071e-10       1.713486106184e-12      -9.072577861946e-12       0.000000000000e+00       1.215498885038e-14       4.475930036907e-15      -1.740787384269e-16 
  816       3.481067920215e-10       1.697645563001e-12      -8.816731982417e-12       0.000000000000e+00       1.209975714208e-14       4.457078225546e-15      -1.694235868240e-16 
  817       3.480638905478e-10       1.682564575894e-12      -8.559454412140e-12       0.000000000000e+00       1.204483870808e-14       4.438075998747e-15      -1.647778395821e-16 
  818       3.479934366802e-10       1.668249786241e-12      -8.300843268743e-12       0.000000000000e+00       1.199023164664e-14       4.418928597608e-15      -1.601414769890e-16 
  819       3.478953924168e-10       1.654707856208e-12      -8.040997659075e-12       0.000000000000e+00       1.193593400755e-14       4.399641318055e-15      -1.555144777669e-16 
  820       3.477697207640e-10       1.641945468764e-12      -7.780017682228e-12       0.000000000000e+00       1.188194379191e-14       4.380219511022e-15      -1.508968190653e-16 
  821       3.476163857408e-10       1.629969327696e-12      -7.518004432562e-12       0.000000000000e+00       1.182825895200e-14       4.360668582606e-15      -1.462884764547e-16 
  822       3.474353523834e-10       1.618786157626e-12      -7.255060002733e-12       0.000000000000e+00       1.177487739104e-14       4.340993994248e-15      -1.416894239199e-16 
  823       3.472265867494e-10       1.608402704030e-12      -6.991287486712e-12       0.000000000000e+00       1.172179696304e-14       4.321201262891e-15      -1.370996338531e-16 
  824       3.469900559223e-10       1.598825733253e-12      -6.726790982816e-12       0.000000000000e+00       1.166901547258e-14       4.301295961156e-15      -1.325190770476e-16 
  825       3.467257280160e-10       1.590062032527e-12      -6.461675596731e-12       0.000000000000e+00       1.161653067467e-14       4.281283717504e-15      -1.279477226912e-16 
  826       3.464335721790e-10       1.582118409986e-12      -6.196047444534e-12       0.000000000000e+00       1.156434027452e-14       4.261170216410e-15      -1.233855383593e-16 
  827       3.461135585988e-10       1.575001694682e-12      -5.930013655719e-12       0.000000000000e+00       1.151244192740e-14       4.240961198529e-15      -1.188324900082e-16 
  828       3.457656585065e-10       1.568718736605e-12      -5.663682376227e-12       0.000000000000e+00       1.146083323840e-14       4.220662460861e-15      -1.142885419690e-16 
  829       3.453898441809e-10       1.563276406698e-12      -5.397162771462e-12       0.000000000000e+00       1.140951176227e-14       4.200279856926e-15      -1.097536569403e-16 
  830       3.449860889531e-10       1.558681596873e-12      -5.130565029323e-12       0.000000000000e+00       1.135847500326e-14       4.179819296927e-15      -1.052277959822e-16 
  831       3.445543672111e-10       1.554941220029e-12      -4.864000363225e-12       0.000000000000e+00       1.130772041489e-14       4.159286747920e-15      -1.007109185091e-16 
  832       3.440946544036e-10       1.552062210067e-12      -4.597581015127e-12       0.000000000000e+00       1.125724539978e-14       4.138688233984e-15      -9.620298228348e-17 
  833       3.436069270449e-10       1.550051521908e-12      -4.331420258552e-12       0.000000000000e+00       1.120704730949e-14       4.118029836388e-15      -9.170394340908e-17 
  834       3.430911627193e-10       1.548916131511e-12      -4.065632401618e-12       0.000000000000e+00       1.115712344428e-14       4.097317693756e-15      -8.721375632426e-17 
  835       3.425473400850e-10       1.548663035886e-12      -3.800332790056e-12       0.000000000000e+00       1.110747105297e-14       4.076558002242e-15      -8.273237379547e-17 
  836       3.419754388793e-10       1.549299253114e-12      -3.535637810242e-12       0.000000000000e+00       1.105808733276e-14       4.055757015693e-15      -7.825974691053e-17 
  837       3.413754399220e-10       1.550831822364e-12      -3.271664892217e-12       0.000000000000e+00       1.100896942898e-14       4.034921045821e-15      -7.379582507202e-17 
  838       3.407473251207e-10       1.553267803905e-12      -3.008532512712e-12       0.000000000000e+00       1.096011443498e-14       4.014056462368e-15      -6.934055599067e-17 
  839       3.400911254720e-10       1.556612126881e-12      -2.746351773720e-12       0.000000000000e+00       1.091151975284e-14       3.993168411069e-15      -6.489402450531e-17 
  840       3.394070659731e-10       1.560861091538e-12      -2.485200971500e-12       0.000000000000e+00       1.086318418289e-14       3.972256942748e-15      -6.045687170351e-17 
  841       3.386954232399e-10       1.566008753989e-12      -2.225150591169e-12       0.000000000000e+00       1.081510685280e-14       3.951320817213e-15      -5.602988307883e-17 
  842       3.379564777507e-10       1.572049067875e-12      -1.966271692654e-12       0.000000000000e+00       1.076728685821e-14       3.930358779319e-15      -5.161385038196e-17 
  843       3.371905138589e-10       1.578975884009e-12      -1.708635912285e-12       0.000000000000e+00       1.071972326262e-14       3.909369558913e-15      -4.720957163769e-17 
  844       3.363978198053e-10       1.586782950034e-12      -1.452315464384e-12       0.000000000000e+00       1.067241509724e-14       3.888351870783e-15      -4.281785116191e-17 
  845       3.355786877309e-10       1.595463910064e-12      -1.197383142855e-12       0.000000000000e+00       1.062536136091e-14       3.867304414613e-15      -3.843949957867e-17 
  846       3.347334136896e-10       1.605012304342e-12      -9.439123227728e-13       0.000000000000e+00       1.057856101995e-14       3.846225874928e-15      -3.407533383712e-17 
  847       3.338622976602e-10       1.615421568885e-12      -6.919769619780e-13       0.000000000000e+00       1.053201300800e-14       3.825114921047e-15      -2.972617722854e-17 
  848       3.329656435595e-10       1.626685035139e-12      -4.416516026634e-13       0.000000000000e+00       1.048571622598e-14       3.803970207032e-15      -2.539285940336e-17 
  849       3.320437592549e-10       1.638795929626e-12      -1.930113729658e-13       0.000000000000e+00       1.043966954189e-14       3.782790371638e-15      -2.107621638818e-17 
  850       3.310969565766e-10       1.651747373593e-12       5.386801144345e-14       0.000000000000e+00       1.039387179072e-14       3.761574038263e-15      -1.677709060270e-17 
  851       3.301255513302e-10       1.665532382666e-12       2.989102457686e-13       0.000000000000e+00       1.034832177431e-14       3.740319814899e-15      -1.249633087684e-17 
  852       3.291298633096e-10       1.680143866498e-12       5.420384344985e-13       0.000000000000e+00       1.030301826124e-14       3.719026294080e-15      -8.234792467625e-18 
  853       3.281102163095e-10       1.695574628421e-12       7.831750898167e-13       0.000000000000e+00       1.025795998670e-14       3.697692052835e-15      -3.993337076296e-18 
  854       3.270669381375e-10       1.711817365092e-12       1.022242130011e-12       0.000000000000e+00       1.021314565236e-14       3.676315652635e-15       2.271671347507e-19 
  855       3.260003606273e-10       1.728864666150e-12       1.259160877882e-12       0.000000000000e+00       1.016857392624e-14       3.654895639343e-15       4.425845524931e-18 
  856       3.249108196509e-10       1.746709013858e-12       1.493852059155e-12       0.000000000000e+00       1.012424344263e-14       3.633430543169e-15       8.601816958472e-18 
  857       3.237986551313e-10       1.765342782763e-12       1.726235800887e-12       0.000000000000e+00       1.008015280189e-14       3.611918878613e-15       1.275419378741e-17 
  858       3.226642110550e-10       1.784758239336e-12       1.956231629878e-12       0.000000000000e+00       1.003630057038e-14       3.590359144419e-15       1.688208183457e-17 
  859       3.215078354844e-10       1.804947541631e-12       2.183758471080e-12       0.000000000000e+00       9.992685280337e-15       3.568749823526e-15       2.098458037657e-17 
  860       3.203298805709e-10       1.825902738929e-12       2.408734646007e-12       0.000000000000e+00       9.949305429716e-15       3.547089383014e-15       2.506078212684e-17 
  861       3.191307025670e-10       1.847615771391e-12       2.631077871143e-12       0.000000000000e+00       9.906159482092e-15       3.525376274059e-15       2.910977321856e-17 
  862       3.179106618388e-10       1.870078469709e-12       2.850705256355e-12       0.000000000000e+00       9.863245866525e-15       3.503608931878e-15       3.313063318770e-17 
  863       3.166701228791e-10       1.893282554756e-12       3.067533303299e-12       0.000000000000e+00       9.820562977442e-15       3.481785775684e-15       3.712243495600e-17 
  864       3.154094543193e-10       1.917219637232e-12       3.281477903831e-12       0.000000000000e+00       9.778109174505e-15       3.459905208630e-15       4.108424481394e-17 
  865       3.141290289427e-10       1.941881217321e-12       3.492454338418e-12       0.000000000000e+00       9.735882782493e-15       3.437965617766e-15       4.501512240380e-17 
  866       3.128292236963e-10       1.967258684338e-12       3.700377274544e-12       0.000000000000e+00       9.693882091173e-15       3.415965373984e-15       4.891412070256e-17 
  867       3.115104197039e-10       1.993343316376e-12       3.905160765124e-12       0.000000000000e+00       9.652105355178e-15       3.393902831969e-15       5.278028600499e-17 
  868       3.101730022786e-10       2.020126279962e-12       4.106718246911e-12       0.000000000000e+00       9.610550793880e-15       3.371776330150e-15       5.661265790657e-17 
  869       3.088173609351e-10       2.047598629705e-12       4.304962538905e-12       0.000000000000e+00       9.569216591271e-15       3.349584190651e-15       6.041026928653e-17 
  870       3.074438894025e-10       2.075751307945e-12       4.499805840766e-12       0.000000000000e+00       9.528100895829e-15       3.327324719238e-15       6.417214629080e-17 
  871       3.060529856370e-10       2.104575144404e-12       4.691159731217e-12       0.000000000000e+00       9.487201820403e-15       3.304996205270e-15       6.789730831506e-17 
  872       3.046450518340e-10       2.134060855837e-12       4.878935166463e-12       0.000000000000e+00       9.446517442083e-15       3.282596921651e-15       7.158476798768e-17 
  873       3.032204944412e-10       2.164199045682e-12       5.063042478592e-12       0.000000000000e+00       9.406045802078e-15       3.260125124779e-15       7.523353115277e-17 
  874       3.017797241707e-10       2.194980203708e-12       5.243391373990e-12       0.000000000000e+00       9.365784905587e-15       3.237579054495e-15       7.884259685310e-17 
  875       3.003231560121e-10       2.226394705671e-12       5.419890931746e-12       0.000000000000e+00       9.325732721682e-15       3.214956934034e-15       8.241095731318e-17 
  876       2.988512092443e-10       2.258432812956e-12       5.592449602068e-12       0.000000000000e+00       9.285887183176e-15       3.192256969973e-15       8.593759792217e-17 
  877       2.973643074491e-10       2.291084672235e-12       5.760975204685e-12       0.000000000000e+00       9.246246186503e-15       3.169477352186e-15       8.942149721694e-17 
  878       2.958628764697e-10       2.324339604804e-12       5.925387513128e-12       0.000000000000e+00       9.206807845793e-15       3.146617290967e-15       9.286185454680e-17 
  879       2.943473382280e-10       2.358183962369e-12       6.085656240086e-12       0.000000000000e+00       9.167571259979e-15       3.123680147423e-15       9.625877725096e-17 
  880       2.928181168295e-10       2.392603234916e-12       6.241763680470e-12       0.000000000000e+00       9.128535758195e-15       3.100670355034e-15       9.961260487302e-17 
  881       2.912756406201e-10       2.427582757328e-12       6.393692183165e-12       0.000000000000e+00       9.089700646652e-15       3.077592387301e-15       1.029236825331e-16 
  882       2.897203421976e-10       2.463107708927e-12       6.541424151386e-12       0.000000000000e+00       9.051065208548e-15       3.054450757857e-15       1.061923609461e-16 
  883       2.881526584241e-10       2.499163113011e-12       6.684942043053e-12       0.000000000000e+00       9.012628703985e-15       3.031250020583e-15       1.094189964406e-16 
  884       2.865730304388e-10       2.535733836396e-12       6.824228371152e-12       0.000000000000e+00       8.974390369885e-15       3.007994769713e-15       1.126039509764e-16 
  885       2.849819036693e-10       2.572804588954e-12       6.959265704104e-12       0.000000000000e+00       8.936349419901e-15       2.984689639948e-15       1.157475921638e-16 
  886       2.833797278448e-10       2.610359923156e-12       7.090036666134e-12       0.000000000000e+00       8.898505044338e-15       2.961339306569e-15       1.188502932814e-16 
  887       2.817669570077e-10       2.648384233606e-12       7.216523937631e-12       0.000000000000e+00       8.860856410063e-15       2.937948485546e-15       1.219124332947e-16 
  888       2.801440495261e-10       2.686861756588e-12       7.338710255520e-12       0.000000000000e+00       8.823402660423e-15       2.914521933649e-15       1.249343968745e-16 
  889       2.785114681060e-10       2.725776569600e-12       7.456578413628e-12       0.000000000000e+00       8.786142915156e-15       2.891064448561e-15       1.279165744153e-16 
  890       2.768696798037e-10       2.765112590896e-12       7.570111263047e-12       0.000000000000e+00       8.749076270311e-15       2.867580868989e-15       1.308593620538e-16 
  891       2.752191560378e-10       2.804853579028e-12       7.679291712506e-12       0.000000000000e+00       8.712201798161e-15       2.844076074774e-15       1.337631616869e-16 
  892       2.735603726016e-10       2.844983132380e-12       7.784102728731e-12       0.000000000000e+00       8.675518547116e-15       2.820554987003e-15       1.366283809907e-16 
  893       2.718938096752e-10       2.885484688715e-12       7.884527336819e-12       0.000000000000e+00       8.639025541641e-15       2.797022568121e-15       1.394554334382e-16 
  894       2.702199518381e-10       2.926341524708e-12       7.980548620597e-12       0.000000000000e+00       8.602721782168e-15       2.773483822043e-15       1.422447383184e-16 
  895       2.685392880810e-10       2.967536755492e-12       8.072149722996e-12       0.000000000000e+00       8.566606245015e-15       2.749943794260e-15       1.449967207542e-16 
  896       2.668523118185e-10       3.009053334193e-12       8.159313846411e-12       0.000000000000e+00       8.530677882296e-15       2.726407571958e-15       1.477118117210e-16 
  897       2.651595209008e-10       3.050874051472e-12       8.242024253071e-12       0.000000000000e+00       8.494935621840e-15       2.702880284125e-15       1.503904480650e-16 
  898       2.634614176265e-10       3.092981535064e-12       8.320264265405e-12       0.000000000000e+00       8.459378367104e-15       2.679367101661e-15       1.530330725216e-16 
  899       2.617585087545e-10       3.135358249320e-12       8.394017266408e-12       0.000000000000e+00       8.424004997090e-15       2.655873237493e-15       1.556401337340e-16 
  900       2.600513055165e-10       3.177986494742e-12       8.463266700011e-12       0.000000000000e+00       8.388814366255e-15       2.632403946683e-15       1.582120862713e-16 
  901       2.583403236290e-10       3.220848407528e-12       8.527996071439e-12       0.000000000000e+00       8.353805304434e-15       2.608964526541e-15       1.607493906471e-16 
  902       2.566260833057e-10       3.263925959110e-12       8.588188947589e-12       0.000000000000e+00       8.318976616746e-15       2.585560316739e-15       1.632525133379e-16 
  903       2.549091092696e-10       3.307200955691e-12       8.643828957386e-12       0.000000000000e+00       8.284327083518e-15       2.562196699414e-15       1.657219268012e-16 
  904       2.531899307655e-10       3.350655037791e-12       8.694899792156e-12       0.000000000000e+00       8.249855460190e-15       2.538879099288e-15       1.681581094944e-16 
  905       2.514690815722e-10       3.394269679780e-12       8.741385205993e-12       0.000000000000e+00       8.215560477241e-15       2.515612983777e-15       1.705615458927e-16 
  906       2.497471000143e-10       3.438026189422e-12       8.783269016119e-12       0.000000000000e+00       8.181440840094e-15       2.492403863097e-15       1.729327265078e-16 
  907       2.480245289753e-10       3.481905707412e-12       8.820535103259e-12       0.000000000000e+00       8.147495229037e-15       2.469257290383e-15       1.752721479062e-16 
  908       2.463019159088e-10       3.525889206921e-12       8.853167412000e-12       0.000000000000e+00       8.113722299138e-15       2.446178861796e-15       1.775803127277e-16 
  909       2.445798128519e-10       3.569957493129e-12       8.881149951164e-12       0.000000000000e+00       8.080120680155e-15       2.423174216635e-15       1.798577297035e-16 
  910       2.428587764363e-10       3.614091202770e-12       8.904466794169e-12       0.000000000000e+00       8.046688976457e-15       2.400249037446e-15       1.821049136749e-16 
  911       2.411393679016e-10       3.658270803669e-12       8.923102079400e-12       0.000000000000e+00       8.013425766934e-15       2.377409050140e-15       1.843223856116e-16 
  912       2.394221531067e-10       3.702476594282e-12       8.937040010573e-12       0.000000000000e+00       7.980329604917e-15       2.354660024096e-15       1.865106726302e-16 
  913       2.377077025425e-10       3.746688703238e-12       8.946264857101e-12       0.000000000000e+00       7.947399018087e-15       2.332007772279e-15       1.886703080122e-16 
  914       2.359965913441e-10       3.790887088877e-12       8.950760954463e-12       0.000000000000e+00       7.914632508396e-15       2.309458151347e-15       1.908018312230e-16 
  915       2.342893993031e-10       3.835051538790e-12       8.950512704571e-12       0.000000000000e+00       7.882028551978e-15       2.287017061764e-15       1.929057879297e-16 
  916       2.325867108796e-10       3.879161669357e-12       8.945504576131e-12       0.000000000000e+00       7.849585599064e-15       2.264690447910e-15       1.949827300200e-16 
  917       2.308890699396e-10       3.923198055663e-12       8.935730482470e-12       0.000000000000e+00       7.817302257773e-15       2.242483035952e-15       1.970330790602e-16 
  918       2.291968431521e-10       3.967145641871e-12       8.921222077874e-12       0.000000000000e+00       7.785177848846e-15       2.220394525187e-15       1.990567142509e-16 
  919       2.275103544411e-10       4.010990384235e-12       8.902020912535e-12       0.000000000000e+00       7.753211859576e-15       2.198423336275e-15       2.010533779473e-16 
  920       2.258299300694e-10       4.054718125354e-12       8.878169097643e-12       0.000000000000e+00       7.721403760672e-15       2.176567867912e-15       2.030228116228e-16 
  921       2.241558986442e-10       4.098314593875e-12       8.849709307082e-12       0.000000000000e+00       7.689753006208e-15       2.154826496766e-15       2.049647558684e-16 
  922       2.224885911231e-10       4.141765404188e-12       8.816684779138e-12       0.000000000000e+00       7.658259033556e-15       2.133197577405e-15       2.068789503915e-16 
  923       2.208283408198e-10       4.185056056132e-12       8.779139318204e-12       0.000000000000e+00       7.626921263333e-15       2.111679442229e-15       2.087651340147e-16 
  924       2.191754834098e-10       4.228171934693e-12       8.737117296477e-12       0.000000000000e+00       7.595739099342e-15       2.090270401406e-15       2.106230446749e-16 
  925       2.175303569364e-10       4.271098309710e-12       8.690663655670e-12       0.000000000000e+00       7.564711928507e-15       2.068968742794e-15       2.124524194222e-16 
  926       2.158933018163e-10       4.313820335567e-12       8.639823908705e-12       0.000000000000e+00       7.533839120822e-15       2.047772731881e-15       2.142529944188e-16 
  927       2.142646608455e-10       4.356323050903e-12       8.584644141426e-12       0.000000000000e+00       7.503120029288e-15       2.026680611713e-15       2.160245049377e-16 
  928       2.126447792051e-10       4.398591378307e-12       8.525171014296e-12       0.000000000000e+00       7.472553989854e-15       2.005690602824e-15       2.177666853623e-16 
  929       2.110340044671e-10       4.440610124023e-12       8.461451764104e-12       0.000000000000e+00       7.442140321362e-15       1.984800903171e-15       2.194792691844e-16 
  930       2.094326866001e-10       4.482363977646e-12       8.393534205665e-12       0.000000000000e+00       7.411878325482e-15       1.964009688061e-15       2.211619890040e-16 
  931       2.078411779752e-10       4.523837511829e-12       8.321466733527e-12       0.000000000000e+00       7.381767286658e-15       1.943315110086e-15       2.228145765276e-16 
  932       2.062598333717e-10       4.565015181978e-12       8.245298323669e-12       0.000000000000e+00       7.351806472049e-15       1.922715299052e-15       2.244367625674e-16 
  933       2.046890099831e-10       4.605881325958e-12       8.165078535213e-12       0.000000000000e+00       7.321995131467e-15       1.902208361911e-15       2.260282770404e-16 
  934       2.031290674226e-10       4.646420163791e-12       8.080857512116e-12       0.000000000000e+00       7.292332497321e-15       1.881792382695e-15       2.275888489668e-16 
  935       2.015803677291e-10       4.686615797357e-12       7.992685984884e-12       0.000000000000e+00       7.262817784557e-15       1.861465422442e-15       2.291182064695e-16 
  936       2.000432753729e-10       4.726452210097e-12       7.900615272270e-12       0.000000000000e+00       7.233450190601e-15       1.841225519133e-15       2.306160767728e-16 
  937       1.985181572616e-10       4.765913266711e-12       7.804697282974e-12       0.000000000000e+00       7.204228895297e-15       1.821070687617e-15       2.320821862011e-16 
  938       1.970053827459e-10       4.804982712861e-12       7.704984517356e-12       0.000000000000e+00       7.175153060850e-15       1.800998919550e-15       2.335162601783e-16 
  939       1.955053236251e-10       4.843644174871e-12       7.601530069129e-12       0.000000000000e+00       7.146221831768e-15       1.781008183320e-15       2.349180232263e-16 
  940       1.940183541534e-10       4.881881159430e-12       7.494387627070e-12       0.000000000000e+00       7.117434334802e-15       1.761096423983e-15       2.362871989641e-16 
  941       1.925448510451e-10       4.919677053289e-12       7.383611476718e-12       0.000000000000e+00       7.088789678887e-15       1.741261563188e-15       2.376235101069e-16 
  942       1.910851934810e-10       4.957015122967e-12       7.269256502080e-12       0.000000000000e+00       7.060286955085e-15       1.721501499118e-15       2.389266784646e-16 
  943       1.896397631137e-10       4.993878514445e-12       7.151378187336e-12       0.000000000000e+00       7.031925236523e-15       1.701814106410e-15       2.401964249413e-16 
  944       1.882089440739e-10       5.030250252876e-12       7.030032618537e-12       0.000000000000e+00       7.003703578338e-15       1.682197236098e-15       2.414324695337e-16 
  945       1.867931229755e-10       5.066113242278e-12       6.905276485314e-12       0.000000000000e+00       6.975621017614e-15       1.662648715533e-15       2.426345313304e-16 
  946       1.853926889220e-10       5.101450265237e-12       6.777167082578e-12       0.000000000000e+00       6.947676573328e-15       1.643166348325e-15       2.438023285104e-16 
  947       1.840080335122e-10       5.136243982613e-12       6.645762312222e-12       0.000000000000e+00       6.919869246287e-15       1.623747914265e-15       2.449355783426e-16 
  948       1.826395508458e-10       5.170476933233e-12       6.511120684830e-12       0.000000000000e+00       6.892198019071e-15       1.604391169263e-15       2.460339971843e-16 
  949       1.812876375291e-10       5.204131533597e-12       6.373301321376e-12       0.000000000000e+00       6.864661855974e-15       1.585093845277e-15       2.470973004803e-16 
  950       1.799526926812e-10       5.237190077579e-12       6.232363954925e-12       0.000000000000e+00       6.837259702946e-15       1.565853650243e-15       2.481252027618e-16 
  951       1.786351179395e-10       5.269634736125e-12       6.088368932342e-12       0.000000000000e+00       6.809990487532e-15       1.546668268009e-15       2.491174176453e-16 
  952       1.773353174656e-10       5.301447556956e-12       5.941377215993e-12       0.000000000000e+00       6.782853118816e-15       1.527535358264e-15       2.500736578316e-16 
  953       1.760536979510e-10       5.332610464270e-12       5.791450385448e-12       0.000000000000e+00       6.755846487361e-15       1.508452556471e-15       2.509936351046e-16 
  954       1.747906686230e-10       5.363105258438e-12       5.638650639182e-12       0.000000000000e+00       6.728969465148e-15       1.489417473798e-15       2.518770603304e-16 
  955       1.735466412505e-10       5.392913615714e-12       5.483040796283e-12       0.000000000000e+00       6.702220905520e-15       1.470427697049e-15       2.527236434560e-16 
  956       1.723219712157e-10       5.422019348235e-12       5.324685490811e-12       0.000000000000e+00       6.675599773981e-15       1.451481429539e-15       2.535331923597e-16 
  957       1.711167797323e-10       5.450415222498e-12       5.163654771444e-12       0.000000000000e+00       6.649105542891e-15       1.432579424589e-15       2.543059110577e-16 
  958       1.699311289230e-10       5.478096244452e-12       5.000020560199e-12       0.000000000000e+00       6.622737802684e-15       1.413723081432e-15       2.550421060506e-16 
  959       1.687650805055e-10       5.505057408632e-12       4.833855466621e-12       0.000000000000e+00       6.596496131513e-15       1.394913806961e-15       2.557420878971e-16 
  960       1.676186957902e-10       5.531293698156e-12       4.665232789639e-12       0.000000000000e+00       6.570380095212e-15       1.376153015746e-15       2.564061712260e-16 
  961       1.664920356790e-10       5.556800084719e-12       4.494226519428e-12       0.000000000000e+00       6.544389247248e-15       1.357442130047e-15       2.570346747482e-16 
  962       1.653851606623e-10       5.581571528595e-12       4.320911339266e-12       0.000000000000e+00       6.518523128685e-15       1.338782579831e-15       2.576279212682e-16 
  963       1.642981308181e-10       5.605602978633e-12       4.145362627398e-12       0.000000000000e+00       6.492781268143e-15       1.320175802789e-15       2.581862376963e-16 
  964       1.632310058095e-10       5.628889372252e-12       3.967656458890e-12       0.000000000000e+00       6.467163181749e-15       1.301623244348e-15       2.587099550603e-16 
  965       1.621838448829e-10       5.651425635439e-12       3.787869607494e-12       0.000000000000e+00       6.441668373105e-15       1.283126357689e-15       2.591994085178e-16 
  966       1.611567068658e-10       5.673206682752e-12       3.606079547504e-12       0.000000000000e+00       6.416296333238e-15       1.264686603761e-15       2.596549373676e-16 
  967       1.601496501655e-10       5.694227417308e-12       3.422364455620e-12       0.000000000000e+00       6.391046540564e-15       1.246305451297e-15       2.600768850619e-16 
  968       1.591627327665e-10       5.714482730789e-12       3.236803212803e-12       0.000000000000e+00       6.365918460845e-15       1.227984376830e-15       2.604655992179e-16 
  969       1.581960122290e-10       5.733967503433e-12       3.049475406137e-12       0.000000000000e+00       6.340911547144e-15       1.209724864706e-15       2.608214316301e-16 
  970       1.572495456867e-10       5.752676604036e-12       2.860461330690e-12       0.000000000000e+00       6.316025239789e-15       1.191528407104e-15       2.611447382820e-16 
  971       1.563233898452e-10       5.770604889948e-12       2.669841991370e-12       0.000000000000e+00       6.291258966327e-15       1.173396504047e-15       2.614358793579e-16 
  972       1.554176009795e-10       5.787747207068e-12       2.477699104790e-12       0.000000000000e+00       6.266612141483e-15       1.155330663419e-15       2.616952192547e-16 
  973       1.545322349327e-10       5.804098389845e-12       2.284115101123e-12       0.000000000000e+00       6.242084167120e-15       1.137332400982e-15       2.619231265944e-16 
  974       1.536673471136e-10       5.819653261274e-12       2.089173125964e-12       0.000000000000e+00       6.217674432197e-15       1.119403240387e-15       2.621199742352e-16 
  975       1.528229924950e-10       5.834406632891e-12       1.892957042189e-12       0.000000000000e+00       6.193382312726e-15       1.101544713195e-15       2.622861392838e-16 
  976       1.519992256117e-10       5.848353304775e-12       1.695551431816e-12       0.000000000000e+00       6.169207171731e-15       1.083758358889e-15       2.624220031075e-16 
  977       1.511961005587e-10       5.861488065543e-12       1.497041597864e-12       0.000000000000e+00       6.145148359208e-15       1.066045724890e-15       2.625279513457e-16 
  978       1.504136709889e-10       5.873805692345e-12       1.297513566212e-12       0.000000000000e+00       6.121205212080e-15       1.048408366573e-15       2.626043739218e-16 
  979       1.496519901116e-10       5.885300950867e-12       1.097054087459e-12       0.000000000000e+00       6.097377054159e-15       1.030847847283e-15       2.626516650554e-16 
  980       1.489111106902e-10       5.895968595324e-12       8.957506387844e-13       0.000000000000e+00       6.073663196101e-15       1.013365738346e-15       2.626702232741e-16 
  981       1.481910850406e-10       5.905803368458e-12       6.936914258084e-13       0.000000000000e+00       6.050062935366e-15       9.959636190922e-16       2.626604514252e-16 
  982       1.474919650289e-10       5.914800001536e-12       4.909653844498e-13       0.000000000000e+00       6.026575556179e-15       9.786430768647e-16       2.626227566877e-16 
  983       1.468138020699e-10       5.922953214349e-12       2.876621827872e-13       0.000000000000e+00       6.003200329481e-15       9.614057070379e-16       2.625575505844e-16 
  984       1.461566471248e-10       5.930257715206e-12       8.387222291802e-14       0.000000000000e+00       5.979936512897e-15       9.442531130323e-16       2.624652489933e-16 
  985       1.455205506994e-10       5.936708200936e-12      -1.203133571812e-13       0.000000000000e+00       5.956783350686e-15       9.271869063304e-16       2.623462721603e-16 
  986       1.449055628421e-10       5.942299356880e-12      -3.248026817953e-13       0.000000000000e+00       5.933740073703e-15       9.102087064913e-16       2.622010447100e-16 
  987       1.443117331422e-10       5.947025856892e-12      -5.295031356109e-13       0.000000000000e+00       5.910805899359e-15       8.933201411669e-16       2.620299956587e-16 
  988       1.437391107276e-10       5.950882363337e-12      -7.343213618565e-13       0.000000000000e+00       5.887980031576e-15       8.765228461166e-16       2.618335584256e-16 
  989       1.431877442631e-10       5.953863527084e-12      -9.391632604425e-13       0.000000000000e+00       5.865261660747e-15       8.598184652237e-16       2.616121708447e-16 
  990       1.426576819486e-10       5.955963987509e-12      -1.143933986102e-12       0.000000000000e+00       5.842649963693e-15       8.432086505096e-16       2.613662751773e-16 
  991       1.421489715168e-10       5.957178372489e-12      -1.348537946531e-12       0.000000000000e+00       5.820144103626e-15       8.266950621504e-16       2.610963181230e-16 
  992       1.416616602315e-10       5.957501298400e-12      -1.552878800527e-12       0.000000000000e+00       5.797743230099e-15       8.102793684916e-16       2.608027508325e-16 
  993       1.411957948856e-10       5.956927370115e-12      -1.756859456132e-12       0.000000000000e+00       5.775446478974e-15       7.939632460635e-16       2.604860289189e-16 
  994       1.407514217993e-10       5.955451180999e-12      -1.960382068772e-12       0.000000000000e+00       5.753252972372e-15       7.777483795973e-16       2.601466124695e-16 
  995       1.403285474867e-10       5.953069321157e-12      -2.163354959933e-12       0.000000000000e+00       5.731161916350e-15       7.616366185241e-16       2.597848718760e-16 
  996       1.399270200279e-10       5.949786434457e-12      -2.365713488208e-12       0.000000000000e+00       5.709172895572e-15       7.456304489608e-16       2.594008037831e-16 
  997       1.395466459519e-10       5.945609250417e-12      -2.567399480942e-12       0.000000000000e+00       5.687285582878e-15       7.297325286835e-16       2.589943109936e-16 
  998       1.391872294030e-10       5.940544584256e-12      -2.768354340453e-12       0.000000000000e+00       5.665499641937e-15       7.139455313064e-16       2.585652962727e-16 
  999       1.388485721342e-10       5.934599337143e-12      -2.968519043012e-12       0.000000000000e+00       5.643814727213e-15       6.982721463155e-16       2.581136623487e-16 
 1000       1.385304735006e-10       5.927780496427e-12      -3.167834137815e-12       0.000000000000e+00       5.622230483936e-15       6.827150791032e-16       2.576393119136e-16 
 1001       1.382327304523e-10       5.920095135886e-12      -3.366239745970e-12       0.000000000000e+00       5.600746548075e-15       6.672770510029e-16       2.571421476232e-16 
 1002       1.379551375285e-10       5.911550415964e-12      -3.563675559468e-12       0.000000000000e+00       5.579362546304e-15       6.519607993230e-16       2.566220720981e-16 
 1003       1.376974868498e-10       5.902153584012e-12      -3.760080840165e-12       0.000000000000e+00       5.558078095976e-15       6.367690773814e-16       2.560789879238e-16 
 1004       1.374595681124e-10       5.891911974530e-12      -3.955394418757e-12       0.000000000000e+00       5.536892805090e-15       6.217046545401e-16       2.555127976515e-16 
 1005       1.372411685808e-10       5.880833009405e-12      -4.149554693765e-12       0.000000000000e+00       5.515806272264e-15       6.067703162393e-16       2.549234037983e-16 
 1006       1.370420730814e-10       5.868924198152e-12      -4.342499630504e-12       0.000000000000e+00       5.494818086703e-15       5.919688640319e-16       2.543107088478e-16 
 1007       1.368620639957e-10       5.856193138158e-12      -4.534166760068e-12       0.000000000000e+00       5.473927828171e-15       5.773031156176e-16       2.536746152506e-16 
 1008       1.367009212536e-10       5.842647514918e-12      -4.724493178306e-12       0.000000000000e+00       5.453135066960e-15       5.627759048778e-16       2.530150254250e-16 
 1009       1.365584223267e-10       5.828295102279e-12      -4.913415544800e-12       0.000000000000e+00       5.432439363858e-15       5.483900819097e-16       2.523318417570e-16 
 1010       1.364343422219e-10       5.813143762679e-12      -5.100870081844e-12       0.000000000000e+00       5.411840270125e-15       5.341485130604e-16       2.516249666013e-16 
 1011       1.363284534740e-10       5.797201447387e-12      -5.286792573422e-12       0.000000000000e+00       5.391337327459e-15       5.200540809617e-16       2.508943022815e-16 
 1012       1.362405261397e-10       5.780476196746e-12      -5.471118364186e-12       0.000000000000e+00       5.370930067966e-15       5.061096845642e-16       2.501397510905e-16 
 1013       1.361703277907e-10       5.762976140410e-12      -5.653782358433e-12       0.000000000000e+00       5.350618014131e-15       4.923182391721e-16       2.493612152915e-16 
 1014       1.361176235068e-10       5.744709497587e-12      -5.834719019087e-12       0.000000000000e+00       5.330400678789e-15       4.786826764768e-16       2.485585971178e-16 
 1015       1.360821758693e-10       5.725684577282e-12      -6.013862366672e-12       0.000000000000e+00       5.310277565096e-15       4.652059445919e-16       2.477317987738e-16 
 1016       1.360637449545e-10       5.705909778530e-12      -6.191145978297e-12       0.000000000000e+00       5.290248166495e-15       4.518910080876e-16       2.468807224354e-16 
 1017       1.360620883269e-10       5.685393590646e-12      -6.366502986625e-12       0.000000000000e+00       5.270311966690e-15       4.387408480246e-16       2.460052702501e-16 
 1018       1.360769610321e-10       5.664144593457e-12      -6.539866078861e-12       0.000000000000e+00       5.250468439617e-15       4.257584619888e-16       2.451053443382e-16 
 1019       1.361081155909e-10       5.642171457549e-12      -6.711167495725e-12       0.000000000000e+00       5.230717049408e-15       4.129468641258e-16       2.441808467926e-16 
 1020       1.361553019919e-10       5.619482944505e-12      -6.880339030428e-12       0.000000000000e+00       5.211057250370e-15       4.003090851749e-16       2.432316796796e-16 
 1021       1.362182676851e-10       5.596087907144e-12      -7.047312027658e-12       0.000000000000e+00       5.191488486948e-15       3.878481725036e-16       2.422577450397e-16 
 1022       1.362967575752e-10       5.571995289765e-12      -7.212017382549e-12       0.000000000000e+00       5.172010193698e-15       3.755671901424e-16       2.412589448873e-16 
 1023       1.363905140149e-10       5.547214128384e-12      -7.374385539667e-12       0.000000000000e+00       5.152621795259e-15       3.634692188184e-16       2.402351812119e-16 
 1024       1.364992767982e-10       5.521753550979e-12      -7.534346491983e-12       0.000000000000e+00       5.133322706319e-15       3.515573559903e-16       2.391863559785e-16 
 1025       1.366227831534e-10       5.495622777725e-12      -7.691829779854e-12       0.000000000000e+00       5.114112331588e-15       3.398347158826e-16       2.381123711275e-16 
 1026       1.367607677371e-10       5.468831121239e-12      -7.846764490001e-12       0.000000000000e+00       5.094990065768e-15       3.283044295198e-16       2.370131285761e-16 
 1027       1.369129626268e-10       5.441387986820e-12      -7.999079254486e-12       0.000000000000e+00       5.075955293523e-15       3.169696447610e-16       2.358885302179e-16 
 1028       1.370790973145e-10       5.413302872688e-12      -8.148702249691e-12       0.000000000000e+00       5.057007389448e-15       3.058335263341e-16       2.347384779241e-16 
 1029       1.372588987002e-10       5.384585370224e-12      -8.295561195297e-12       0.000000000000e+00       5.038145718041e-15       2.948992558703e-16       2.335628735437e-16 
 1030       1.374520910847e-10       5.355245164214e-12      -8.439583353259e-12       0.000000000000e+00       5.019369633672e-15       2.841700319385e-16       2.323616189037e-16 
 1031       1.376583961634e-10       5.325292033087e-12      -8.580695526790e-12       0.000000000000e+00       5.000678480554e-15       2.736490700795e-16       2.311346158102e-16 
 1032       1.378775330193e-10       5.294735849155e-12      -8.718824059334e-12       0.000000000000e+00       4.982071592712e-15       2.633396028404e-16       2.298817660483e-16 
 1033       1.381092181165e-10       5.263586578855e-12      -8.853894833545e-12       0.000000000000e+00       4.963548293954e-15       2.532448798094e-16       2.286029713831e-16 
 1034       1.383531637160e-10       5.231854897482e-12      -8.985843647751e-12       0.000000000000e+00       4.945107971988e-15       2.433671459005e-16       2.272982737260e-16 
 1035       1.386090731132e-10       5.199554042417e-12      -9.114647507944e-12       0.000000000000e+00       4.926750301975e-15       2.337045603313e-16       2.259682778023e-16 
 1036       1.388766453199e-10       5.166697986558e-12      -9.240293775864e-12       0.000000000000e+00       4.908475026077e-15       2.242542341844e-16       2.246137344566e-16 
 1037       1.391555766286e-10       5.133300826513e-12      -9.362769831744e-12       0.000000000000e+00       4.890281879572e-15       2.150132481285e-16       2.232354010436e-16 
 1038       1.394455606058e-10       5.099376782908e-12      -9.482063074450e-12       0.000000000000e+00       4.872170590833e-15       2.059786523390e-16       2.218340414450e-16 
 1039       1.397462880849e-10       5.064940200698e-12      -9.598160921627e-12       0.000000000000e+00       4.854140881308e-15       1.971474664174e-16       2.204104260851e-16 
 1040       1.400574471595e-10       5.030005549474e-12      -9.711050809836e-12       0.000000000000e+00       4.836192465498e-15       1.885166793112e-16       2.189653319475e-16 
 1041       1.403787231763e-10       4.994587423777e-12      -9.820720194702e-12       0.000000000000e+00       4.818325050936e-15       1.800832492336e-16       2.174995425911e-16 
 1042       1.407097987286e-10       4.958700543403e-12      -9.927156551051e-12       0.000000000000e+00       4.800538338163e-15       1.718441035834e-16       2.160138481660e-16 
 1043       1.410503536490e-10       4.922359753714e-12      -1.003034737305e-11       0.000000000000e+00       4.782832020709e-15       1.637961388649e-16       2.145090454305e-16 
 1044       1.414000650028e-10       4.885580025947e-12      -1.013028017436e-11       0.000000000000e+00       4.765205785070e-15       1.559362206076e-16       2.129859377664e-16 
 1045       1.417586070812e-10       4.848376457525e-12      -1.022694248826e-11       0.000000000000e+00       4.747659310691e-15       1.482611832857e-16       2.114453351958e-16 
 1046       1.421256513940e-10       4.810764272366e-12      -1.032032186781e-11       0.000000000000e+00       4.730192269935e-15       1.407678302387e-16       2.098880543970e-16 
 1047       1.425008666633e-10       4.772758821191e-12      -1.041040588597e-11       0.000000000000e+00       4.712804328072e-15       1.334529335903e-16       2.083149187212e-16 
 1048       1.428839188161e-10       4.734375581836e-12      -1.049718213576e-11       0.000000000000e+00       4.695495143249e-15       1.263132341689e-16       2.067267582079e-16 
 1049       1.432744709778e-10       4.695630159558e-12      -1.058063823039e-11       0.000000000000e+00       4.678264366477e-15       1.193454414269e-16       2.051244096017e-16 
 1050       1.436721834651e-10       4.656538287347e-12      -1.066076180343e-11       0.000000000000e+00       4.661111641600e-15       1.125462333610e-16       2.035087163686e-16 
 1051       1.440767137793e-10       4.617115826237e-12      -1.073754050889e-11       0.000000000000e+00       4.644036605281e-15       1.059122564314e-16       2.018805287117e-16 
 1052       1.444877165994e-10       4.577378765611e-12      -1.081096202143e-11       0.000000000000e+00       4.627038886976e-15       9.944012548233e-17       2.002407035877e-16 
 1053       1.449048437748e-10       4.537343223515e-12      -1.088101403648e-11       0.000000000000e+00       4.610118108917e-15       9.312642366111e-17       1.985901047232e-16 
 1054       1.453277443193e-10       4.497025446963e-12      -1.094768427033e-11       0.000000000000e+00       4.593273886085e-15       8.696770233852e-17       1.969296026307e-16 
 1055       1.457560644034e-10       4.456441812252e-12      -1.101096046038e-11       0.000000000000e+00       4.576505826192e-15       8.096048102833e-17       1.952600746249e-16 
 1056       1.461894473478e-10       4.415608825265e-12      -1.107083036516e-11       0.000000000000e+00       4.559813529661e-15       7.510124730720e-17       1.935824048389e-16 
 1057       1.466275336165e-10       4.374543121787e-12      -1.112728176456e-11       0.000000000000e+00       4.543196589598e-15       6.938645673444e-17       1.918974842406e-16 
 1058       1.470699608099e-10       4.333261467810e-12      -1.118030245995e-11       0.000000000000e+00       4.526654591779e-15       6.381253277185e-17       1.902062106483e-16 
 1059       1.475163636578e-10       4.291780759843e-12      -1.122988027429e-11       0.000000000000e+00       4.510187114621e-15       5.837586670348e-17       1.885094887477e-16 
 1060       1.479663740129e-10       4.250118025224e-12      -1.127600305231e-11       0.000000000000e+00       4.493793729167e-15       5.307281755550e-17       1.868082301077e-16 
 1061       1.484196208435e-10       4.208290422427e-12      -1.131865866065e-11       0.000000000000e+00       4.477473999058e-15       4.789971201595e-17       1.851033531964e-16 
 1062       1.488757302268e-10       4.166315241372e-12      -1.135783498795e-11       0.000000000000e+00       4.461227480516e-15       4.285284435456e-17       1.833957833978e-16 
 1063       1.493343253421e-10       4.124209903736e-12      -1.139351994507e-11       0.000000000000e+00       4.445053722323e-15       3.792847634258e-17       1.816864530277e-16 
 1064       1.497950264637e-10       4.081991963260e-12      -1.142570146519e-11       0.000000000000e+00       4.428952265796e-15       3.312283717253e-17       1.799763013497e-16 
 1065       1.502574509544e-10       4.039679106061e-12      -1.145436750393e-11       0.000000000000e+00       4.412922644767e-15       2.843212337808e-17       1.782662745921e-16 
 1066       1.507212132583e-10       3.997289150940e-12      -1.147950603954e-11       0.000000000000e+00       4.396964385562e-15       2.385249875380e-17       1.765573259633e-16 
 1067       1.511859248940e-10       3.954840049690e-12      -1.150110507300e-11       0.000000000000e+00       4.381077006981e-15       1.938009427497e-17       1.748504156687e-16 
 1068       1.516511944478e-10       3.912349887409e-12      -1.151915262822e-11       0.000000000000e+00       4.365260020272e-15       1.501100801741e-17       1.731465109263e-16 
 1069       1.521166275667e-10       3.869836882807e-12      -1.153363675209e-11       0.000000000000e+00       4.349512929114e-15       1.074130507726e-17       1.714465859833e-16 
 1070       1.525818269518e-10       3.827319388518e-12      -1.154454551471e-11       0.000000000000e+00       4.333835229595e-15       6.567017490815e-18       1.697516221324e-16 
 1071       1.530463923511e-10       3.784815891405e-12      -1.155186700948e-11       0.000000000000e+00       4.318226410186e-15       2.484144154290e-18       1.680626077274e-16 
 1072       1.535099205527e-10       3.742345012874e-12      -1.155558935327e-11       0.000000000000e+00       4.302685951725e-15      -1.511349256340e-18       1.663805382003e-16 
 1073       1.539720366335e-10       3.699924446927e-12      -1.155570841370e-11       0.000000000000e+00       4.287213381066e-15      -5.423071011187e-18       1.647061769132e-16 
 1074       1.544324881844e-10       3.657567757868e-12      -1.155225110593e-11       0.000000000000e+00       4.271808432878e-15      -9.252818493903e-18       1.630393341181e-16 
 1075       1.548910523542e-10       3.615287539611e-12      -1.154525241339e-11       0.000000000000e+00       4.256470890008e-15      -1.300194433656e-17       1.613795782116e-16 
 1076       1.553475047073e-10       3.573096474171e-12      -1.153474769034e-11       0.000000000000e+00       4.241200529987e-15      -1.667181409636e-17       1.597264739990e-16 
 1077       1.558016192197e-10       3.531007331870e-12      -1.152077266278e-11       0.000000000000e+00       4.225997125023e-15      -2.026380628801e-17       1.580795826858e-16 
 1078       1.562531682758e-10       3.489032971531e-12      -1.150336342945e-11       0.000000000000e+00       4.210860441975e-15      -2.377931241604e-17       1.564384618688e-16 
 1079       1.567019226643e-10       3.447186340678e-12      -1.148255646275e-11       0.000000000000e+00       4.195790242345e-15      -2.721973700722e-17       1.548026655278e-16 
 1080       1.571476515752e-10       3.405480475738e-12      -1.145838860967e-11       0.000000000000e+00       4.180786282258e-15      -3.058649764289e-17       1.531717440165e-16 
 1081       1.575901225954e-10       3.363928502234e-12      -1.143089709277e-11       0.000000000000e+00       4.165848312447e-15      -3.388102499134e-17       1.515452440540e-16 
 1082       1.580291017057e-10       3.322543634990e-12      -1.140011951111e-11       0.000000000000e+00       4.150976078237e-15      -3.710476284013e-17       1.499227087161e-16 
 1083       1.584643532771e-10       3.281339178326e-12      -1.136609384118e-11       0.000000000000e+00       4.136169319529e-15      -4.025916812853e-17       1.483036774265e-16 
 1084       1.588956400669e-10       3.240328526257e-12      -1.132885843788e-11       0.000000000000e+00       4.121427770786e-15      -4.334571097979e-17       1.466876859483e-16 
 1085       1.593227232152e-10       3.199525162695e-12      -1.128845203546e-11       0.000000000000e+00       4.106751161014e-15      -4.636587473357e-17       1.450742663750e-16 
 1086       1.597453622414e-10       3.158942661644e-12      -1.124491374842e-11       0.000000000000e+00       4.092139213748e-15      -4.932115597829e-17       1.434629471222e-16 
 1087       1.601633150407e-10       3.118594687400e-12      -1.119828307252e-11       0.000000000000e+00       4.077591647035e-15      -5.221306458346e-17       1.418532529184e-16 
 1088       1.605763378798e-10       3.078494994753e-12      -1.114859988571e-11       0.000000000000e+00       4.063108173419e-15      -5.504312373208e-17       1.402447047969e-16 
 1089       1.609841853942e-10       3.038657429180e-12      -1.109590444903e-11       0.000000000000e+00       4.048688499926e-15      -5.781286995296e-17       1.386368200865e-16 
 1090       1.613866105841e-10       2.999095927050e-12      -1.104023740763e-11       0.000000000000e+00       4.034332328045e-15      -6.052385315315e-17       1.370291124032e-16 
 1091       1.617833648105e-10       2.959824515819e-12      -1.098163979165e-11       0.000000000000e+00       4.020039353715e-15      -6.317763665022e-17       1.354210916415e-16 
 1092       1.621741977923e-10       2.920857314230e-12      -1.092015301722e-11       0.000000000000e+00       4.005809267307e-15      -6.577579720468e-17       1.338122639655e-16 
 1093       1.625588576020e-10       2.882208532511e-12      -1.085581888735e-11       0.000000000000e+00       3.991641753612e-15      -6.831992505233e-17       1.322021318003e-16 
 1094       1.629370906626e-10       2.843892472575e-12      -1.078867959294e-11       0.000000000000e+00       3.977536491820e-15      -7.081162393660e-17       1.305901938232e-16 
 1095       1.633086417435e-10       2.805923528220e-12      -1.071877771369e-11       0.000000000000e+00       3.963493155505e-15      -7.325251114094e-17       1.289759449553e-16 
 1096       1.636732539574e-10       2.768316185324e-12      -1.064615621902e-11       0.000000000000e+00       3.949511412614e-15      -7.564421752116e-17       1.273588763525e-16 
 1097       1.640306687563e-10       2.731085022049e-12      -1.057085846910e-11       0.000000000000e+00       3.935590925444e-15      -7.798838753782e-17       1.257384753970e-16 
 1098       1.643806259278e-10       2.694244709034e-12      -1.049292821569e-11       0.000000000000e+00       3.921731350632e-15      -8.028667928855e-17       1.241142256884e-16 
 1099       1.647228635920e-10       2.657810009600e-12      -1.041240960319e-11       0.000000000000e+00       3.907932339136e-15      -8.254076454046e-17       1.224856070351e-16 
 1100       1.650571181973e-10       2.621795779943e-12      -1.032934716949e-11       0.000000000000e+00       3.894193536220e-15      -8.475232876246e-17       1.208520954458e-16 
 1101       1.653831245171e-10       2.586216969340e-12      -1.024378584702e-11       0.000000000000e+00       3.880514581437e-15      -8.692307115764e-17       1.192131631204e-16 
 1102       1.657006156463e-10       2.551088620338e-12      -1.015577096358e-11       0.000000000000e+00       3.866895108614e-15      -8.905470469565e-17       1.175682784418e-16 
 1103       1.660093229972e-10       2.516425868964e-12      -1.006534824339e-11       0.000000000000e+00       3.853334745837e-15      -9.114895614504e-17       1.159169059666e-16 
 1104       1.663089762964e-10       2.482243944914e-12      -9.972563807972e-12       0.000000000000e+00       3.839833115435e-15      -9.320756610560e-17       1.142585064169e-16 
 1105       1.665993035809e-10       2.448558171759e-12      -9.877464177131e-12       0.000000000000e+00       3.826389833960e-15      -9.523228904078e-17       1.125925366715e-16 
 1106       1.668800311944e-10       2.415383967140e-12      -9.780096269880e-12       0.000000000000e+00       3.813004512177e-15      -9.722489331001e-17       1.109184497571e-16 
 1107       1.671508837840e-10       2.382736842969e-12      -9.680507405396e-12       0.000000000000e+00       3.799676755045e-15      -9.918716120107e-17       1.092356948395e-16 
 1108       1.674115842963e-10       2.350632405625e-12      -9.578745303968e-12       0.000000000000e+00       3.786406161700e-15      -1.011208889625e-16       1.075437172153e-16 
 1109       1.676618539739e-10       2.319086356157e-12      -9.474858087938e-12       0.000000000000e+00       3.773192325444e-15      -1.030278868357e-16       1.058419583027e-16 
 1110       1.679014123519e-10       2.288114490479e-12      -9.368894282651e-12       0.000000000000e+00       3.760034833721e-15      -1.049099790879e-16       1.041298556331e-16 
 1111       1.681299772539e-10       2.257732699570e-12      -9.260902817403e-12       0.000000000000e+00       3.746933268110e-15      -1.067690040439e-16       1.024068428426e-16 
 1112       1.683473068479e-10       2.227954955623e-12      -9.150934131823e-12       0.000000000000e+00       3.733887247592e-15      -1.086058863430e-16       1.006725192902e-16 
 1113       1.685533264248e-10       2.198787241100e-12      -9.039043509050e-12       0.000000000000e+00       3.720896559032e-15      -1.104178402959e-16       9.892716137286e-17 
 1114       1.687480032788e-10       2.170233540293e-12      -8.925287788237e-12       0.000000000000e+00       3.707961028383e-15      -1.122011298417e-16       9.717121791267e-17 
 1115       1.689313047992e-10       2.142297846143e-12      -8.809724264143e-12       0.000000000000e+00       3.695080477539e-15      -1.139519929327e-16       9.540514114641e-17 
 1116       1.691031984717e-10       2.114984160246e-12      -8.692410688178e-12       0.000000000000e+00       3.682254724324e-15      -1.156666414774e-16       9.362938673339e-17 
 1117       1.692636518780e-10       2.088296492854e-12      -8.573405269466e-12       0.000000000000e+00       3.669483582481e-15      -1.173412612823e-16       9.184441376312e-17 
 1118       1.694126326967e-10       2.062238862880e-12      -8.452766675889e-12       0.000000000000e+00       3.656766861659e-15      -1.189720119945e-16       9.005068476314e-17 
 1119       1.695501087040e-10       2.036815297902e-12      -8.330554035147e-12       0.000000000000e+00       3.644104367402e-15      -1.205550270445e-16       8.824866570671e-17 
 1120       1.696760477735e-10       2.012029834166e-12      -8.206826935812e-12       0.000000000000e+00       3.631495901136e-15      -1.220864135880e-16       8.643882602058e-17 
 1121       1.697904178773e-10       1.987886516590e-12      -8.081645428378e-12       0.000000000000e+00       3.618941260160e-15      -1.235622524487e-16       8.462163859274e-17 
 1122       1.698931870860e-10       1.964389398764e-12      -7.955070026315e-12       0.000000000000e+00       3.606440237631e-15      -1.249785980607e-16       8.279757978017e-17 
 1123       1.699843235695e-10       1.941542542962e-12      -7.827161707128e-12       0.000000000000e+00       3.593992622556e-15      -1.263314784106e-16       8.096712941660e-17 
 1124       1.700637955972e-10       1.919350020137e-12      -7.697981913403e-12       0.000000000000e+00       3.581598199776e-15      -1.276168949802e-16       7.913077082022e-17 
 1125       1.701315715386e-10       1.897815909928e-12      -7.567592553866e-12       0.000000000000e+00       3.569256749957e-15      -1.288308226888e-16       7.728899080148e-17 
 1126       1.701876198638e-10       1.876944300665e-12      -7.436056004436e-12       0.000000000000e+00       3.556968049579e-15      -1.299692098359e-16       7.544227967082e-17 
 1127       1.702319091436e-10       1.856739289370e-12      -7.303435109277e-12       0.000000000000e+00       3.544731870923e-15      -1.310279780428e-16       7.359113124640e-17 
 1128       1.702644080506e-10       1.837204981763e-12      -7.169793181850e-12       0.000000000000e+00       3.532547982058e-15      -1.320030221960e-16       7.173604286187e-17 
 1129       1.702850853591e-10       1.818345492262e-12      -7.035194005974e-12       0.000000000000e+00       3.520416146831e-15      -1.328902103890e-16       6.987751537414e-17 
 1130       1.702939099458e-10       1.800164943993e-12      -6.899701836872e-12       0.000000000000e+00       3.508336124855e-15      -1.336853838649e-16       6.801605317106e-17 
 1131       1.702908507902e-10       1.782667468785e-12      -6.763381402227e-12       0.000000000000e+00       3.496307671499e-15      -1.343843569585e-16       6.615216417926e-17 
 1132       1.702758769750e-10       1.765857207182e-12      -6.626297903238e-12       0.000000000000e+00       3.484330537873e-15      -1.349829170394e-16       6.428635987183e-17 
 1133       1.702489576868e-10       1.749738308439e-12      -6.488517015669e-12       0.000000000000e+00       3.472404470816e-15      -1.354768244537e-16       6.241915527610e-17 
 1134       1.702100622163e-10       1.734314930534e-12      -6.350104890910e-12       0.000000000000e+00       3.460529212889e-15      -1.358618124667e-16       6.055106898140e-17 
 1135       1.701591599589e-10       1.719591240162e-12      -6.211128157021e-12       0.000000000000e+00       3.448704502360e-15      -1.361335872054e-16       5.868262314677e-17 
 1136       1.700962204149e-10       1.705571412747e-12      -6.071653919796e-12       0.000000000000e+00       3.436930073190e-15      -1.362878276008e-16       5.681434350874e-17 
 1137       1.700212131905e-10       1.692259632441e-12      -5.931749763807e-12       0.000000000000e+00       3.425205655028e-15      -1.363201853301e-16       5.494675938908e-17 
 1138       1.699341079976e-10       1.679660092128e-12      -5.791483753465e-12       0.000000000000e+00       3.413530973192e-15      -1.362262847596e-16       5.308040370254e-17 
 1139       1.698348746549e-10       1.667776993429e-12      -5.650924434070e-12       0.000000000000e+00       3.401905748662e-15      -1.360017228867e-16       5.121581296461e-17 
 1140       1.697234830879e-10       1.656614546706e-12      -5.510140832866e-12       0.000000000000e+00       3.390329698066e-15      -1.356420692824e-16       4.935352729926e-17 
 1141       1.695999033293e-10       1.646176971063e-12      -5.369202460094e-12       0.000000000000e+00       3.378802533669e-15      -1.351428660337e-16       4.749409044666e-17 
 1142       1.694641055200e-10       1.636468494351e-12      -5.228179310046e-12       0.000000000000e+00       3.367323963364e-15      -1.344996276862e-16       4.563804977102e-17 
 1143       1.693160599090e-10       1.627493353172e-12      -5.087141862118e-12       0.000000000000e+00       3.355893690653e-15      -1.337078411863e-16       4.378595626823e-17 
 1144       1.691557368543e-10       1.619255792883e-12      -4.946161081865e-12       0.000000000000e+00       3.344511414645e-15      -1.327629658234e-16       4.193836457369e-17 
 1145       1.689831068228e-10       1.611760067598e-12      -4.805308422055e-12       0.000000000000e+00       3.333176830034e-15      -1.316604331730e-16       4.009583297002e-17 
 1146       1.687981403913e-10       1.605010440194e-12      -4.664655823718e-12       0.000000000000e+00       3.321889627098e-15      -1.303956470384e-16       3.825892339482e-17 
 1147       1.686008082469e-10       1.599011182311e-12      -4.524275717207e-12       0.000000000000e+00       3.310649491677e-15      -1.289639833934e-16       3.642820144842e-17 
 1148       1.683910811870e-10       1.593766574358e-12      -4.384241023247e-12       0.000000000000e+00       3.299456105169e-15      -1.273607903248e-16       3.460423640163e-17 
 1149       1.681689301203e-10       1.589280905518e-12      -4.244625153988e-12       0.000000000000e+00       3.288309144514e-15      -1.255813879746e-16       3.278760120350e-17 
 1150       1.679343260670e-10       1.585558473747e-12      -4.105502014063e-12       0.000000000000e+00       3.277208282186e-15      -1.236210684825e-16       3.097887248903e-17 
 1151       1.676872688175e-10       1.582601834062e-12      -3.966940677386e-12       0.000000000000e+00       3.266153219006e-15      -1.214769424450e-16       2.917856783120e-17 
 1152       1.674278733066e-10       1.580406519021e-12      -3.828989341441e-12       0.000000000000e+00       3.255143783093e-15      -1.191535040768e-16       2.738695660894e-17 
 1153       1.671562843371e-10       1.578966251213e-12      -3.691691171352e-12       0.000000000000e+00       3.244179832146e-15      -1.166571365971e-16       2.560424675306e-17 
 1154       1.668726480239e-10       1.578274688741e-12      -3.555089606228e-12       0.000000000000e+00       3.233261220725e-15      -1.139942722314e-16       2.383064728632e-17 
 1155       1.665771117970e-10       1.578325425072e-12      -3.419228359733e-12       0.000000000000e+00       3.222387800238e-15      -1.111713923213e-16       2.206636832544e-17 
 1156       1.662698244047e-10       1.579111988878e-12      -3.284151420657e-12       0.000000000000e+00       3.211559418934e-15      -1.081950274337e-16       2.031162108326e-17 
 1157       1.659509359167e-10       1.580627843884e-12      -3.149903053491e-12       0.000000000000e+00       3.200775921894e-15      -1.050717574703e-16       1.856661787073e-17 
 1158       1.656205977269e-10       1.582866388710e-12      -3.016527798997e-12       0.000000000000e+00       3.190037151023e-15      -1.018082117772e-16       1.683157209902e-17 
 1159       1.652789625565e-10       1.585820956719e-12      -2.884070474781e-12       0.000000000000e+00       3.179342945038e-15      -9.841106925447e-17       1.510669828157e-17 
 1160       1.649261844575e-10       1.589484815861e-12      -2.752576175862e-12       0.000000000000e+00       3.168693139465e-15      -9.488705846568e-17       1.339221203619e-17 
 1161       1.645624188150e-10       1.593851168518e-12      -2.622090275245e-12       0.000000000000e+00       3.158087566625e-15      -9.124295774728e-17       1.168833008710e-17 
 1162       1.641878223510e-10       1.598913151346e-12      -2.492658424498e-12       0.000000000000e+00       3.147526055627e-15      -8.748559531824e-17       9.995270266999e-18 
 1163       1.638025531268e-10       1.604663835128e-12      -2.364326554313e-12       0.000000000000e+00       3.137008432361e-15      -8.362184938951e-17       8.313251519174e-18 
 1164       1.634067705466e-10       1.611096224609e-12      -2.237140875090e-12       0.000000000000e+00       3.126534519485e-15      -7.965864827359e-17       6.642493899528e-18 
 1165       1.630006353601e-10       1.618203258351e-12      -2.111147877498e-12       0.000000000000e+00       3.116104136423e-15      -7.560297049400e-17       4.983218578668e-18 
 1166       1.625843096660e-10       1.625977808568e-12      -1.986394333056e-12       0.000000000000e+00       3.105717099348e-15      -7.146184489481e-17       3.335647843974e-18 
 1167       1.621579569145e-10       1.634412680982e-12      -1.862927294699e-12       0.000000000000e+00       3.095373221181e-15      -6.724235075019e-17       1.700005101667e-18 
 1168       1.617217419111e-10       1.643500614657e-12      -1.740794097349e-12       0.000000000000e+00       3.085072311576e-15      -6.295161787389e-17       7.651487888290e-20 
 1169       1.612758308187e-10       1.653234281852e-12      -1.620042358493e-12       0.000000000000e+00       3.074814176917e-15      -5.859682672877e-17      -1.534597174261e-18 
 1170       1.608203911616e-10       1.663606287865e-12      -1.500719978749e-12       0.000000000000e+00       3.064598620302e-15      -5.418520853633e-17      -3.133104282594e-18 
 1171       1.603555918279e-10       1.674609170872e-12      -1.382875142442e-12       0.000000000000e+00       3.054425441544e-15      -4.972404538624e-17      -4.718778543824e-18 
 1172       1.598816030729e-10       1.686235401781e-12      -1.266556318170e-12       0.000000000000e+00       3.044294437152e-15      -4.522067034582e-17      -6.291390926463e-18 
 1173       1.593985965219e-10       1.698477384070e-12      -1.151812259383e-12       0.000000000000e+00       3.034205400330e-15      -4.068246756958e-17      -7.850711267761e-18 
 1174       1.589067451734e-10       1.711327453637e-12      -1.038692004950e-12       0.000000000000e+00       3.024158120964e-15      -3.611687240875e-17      -9.396508271634e-18 
 1175       1.584062234023e-10       1.724777878639e-12      -9.272448797318e-13       0.000000000000e+00       3.014152385614e-15      -3.153137152078e-17      -1.092854950660e-17 
 1176       1.578972069626e-10       1.738820859344e-12      -8.175204951548e-13       0.000000000000e+00       3.004187977508e-15      -2.693350297888e-17      -1.244660140368e-17 
 1177       1.573798729907e-10       1.753448527973e-12      -7.095687497799e-13       0.000000000000e+00       2.994264676529e-15      -2.233085638151e-17      -1.395042925439e-17 
 1178       1.568544000085e-10       1.768652948543e-12      -6.034398298760e-13       0.000000000000e+00       2.984382259210e-15      -1.773107296193e-17      -1.543979720860e-17 
 1179       1.563209679260e-10       1.784426116715e-12      -4.991842099917e-13       0.000000000000e+00       2.974540498721e-15      -1.314184569768e-17      -1.691446827250e-17 
 1180       1.557797580451e-10       1.800759959637e-12      -3.968526535268e-13       0.000000000000e+00       2.964739164867e-15      -8.570919420149e-18      -1.837420430653e-17 
 1181       1.552309530620e-10       1.817646335793e-12      -2.964962133043e-13       0.000000000000e+00       2.954978024071e-15      -4.026090924059e-18      -1.981876602332e-17 
 1182       1.546747370706e-10       1.835077034842e-12      -1.981662321423e-13       0.000000000000e+00       2.945256839371e-15       4.847909230121e-19      -2.124791298558e-17 
 1183       1.541112955655e-10       1.853043777468e-12      -1.019143434256e-13       0.000000000000e+00       2.935575370411e-15       4.953825071102e-18      -2.266140360406e-17 
 1184       1.535408154448e-10       1.871538215223e-12      -7.792471677630e-15       0.000000000000e+00       2.925933373428e-15       9.373058178353e-18      -2.405899513549e-17 
 1185       1.529634850135e-10       1.890551930371e-12       8.414716686766e-14       0.000000000000e+00       2.916330601250e-15       1.373448450149e-17      -2.544044368048e-17 
 1186       1.523794939865e-10       1.910076435737e-12       1.738520636940e-13       0.000000000000e+00       2.906766803279e-15       1.803004578629e-17      -2.680550418146e-17 
 1187       1.517890334914e-10       1.930103174548e-12       2.612694174312e-13       0.000000000000e+00       2.897241725490e-15       2.225163115810e-17      -2.815393042064e-17 
 1188       1.511922960717e-10       1.950623520278e-12       3.463461332827e-13       0.000000000000e+00       2.887755110417e-15       2.639107701228e-17      -2.948547501788e-17 
 1189       1.505894756900e-10       1.971628776499e-12       4.290288224547e-13       0.000000000000e+00       2.878306697148e-15       3.044016690467e-17      -3.079988942867e-17 
 1190       1.499807696190e-10       1.993109657649e-12       5.092717717802e-13       0.000000000000e+00       2.868896246003e-15       3.439277479949e-17      -3.209699372078e-17 
 1191       1.493663841337e-10       2.015054724707e-12       5.870609609000e-13       0.000000000000e+00       2.859523612936e-15       3.825132384995e-17      -3.337688684657e-17 
 1192       1.487465288957e-10       2.037451929999e-12       6.623903389384e-13       0.000000000000e+00       2.850188676028e-15       4.202040673044e-17      -3.463973894927e-17 
 1193       1.481214150737e-10       2.060289134326e-12       7.352538811665e-13       0.000000000000e+00       2.840891310878e-15       4.570464954657e-17      -3.588572182230e-17 
 1194       1.474912553473e-10       2.083554106767e-12       8.056455891048e-13       0.000000000000e+00       2.831631390596e-15       4.930871190717e-17      -3.711500891313e-17 
 1195       1.468562639103e-10       2.107234524476e-12       8.735594906266e-13       0.000000000000e+00       2.822408785791e-15       5.283728699621e-17      -3.832777532712e-17 
 1196       1.462166564733e-10       2.131317972487e-12       9.389896400605e-13       0.000000000000e+00       2.813223364572e-15       5.629510164480e-17      -3.952419783134e-17 
 1197       1.455726502677e-10       2.155791943515e-12       1.001930118294e-12       0.000000000000e+00       2.804074992535e-15       5.968691640309e-17      -4.070445485843e-17 
 1198       1.449244640482e-10       2.180643837752e-12       1.062375032876e-12       0.000000000000e+00       2.794963532760e-15       6.301752561228e-17      -4.186872651044e-17 
 1199       1.442723180965e-10       2.205860962676e-12       1.120318518121e-12       0.000000000000e+00       2.785888845802e-15       6.629175747655e-17      -4.301719456262e-17 
 1200       1.436164342243e-10       2.231430532845e-12       1.175754735209e-12       0.000000000000e+00       2.776850789686e-15       6.951447413501e-17      -4.415004246733e-17 
 1201       1.429570357766e-10       2.257339669702e-12       1.228677872293e-12       0.000000000000e+00       2.767849219901e-15       7.269057173367e-17      -4.526745535782e-17 
 1202       1.422943476347e-10       2.283575401375e-12       1.279082144598e-12       0.000000000000e+00       2.758883989390e-15       7.582498049741e-17      -4.636962005210e-17 
 1203       1.416285962199e-10       2.310124662480e-12       1.326961794526e-12       0.000000000000e+00       2.749954948549e-15       7.892266480188e-17      -4.745672505676e-17 
 1204       1.409600094960e-10       2.336974293917e-12       1.372311091760e-12       0.000000000000e+00       2.741061945213e-15       8.198862324553e-17      -4.852896057082e-17 
 1205       1.402888169731e-10       2.364111042679e-12       1.415124333362e-12       0.000000000000e+00       2.732204824656e-15       8.502788872151e-17      -4.958651848957e-17 
 1206       1.396152497108e-10       2.391521561644e-12       1.455395843884e-12       0.000000000000e+00       2.723383429580e-15       8.804552848965e-17      -5.062959240838e-17 
 1207       1.389395403208e-10       2.419192409384e-12       1.493119975465e-12       0.000000000000e+00       2.714597600111e-15       9.104664424844e-17      -5.165837762657e-17 
 1208       1.382619229708e-10       2.447110049961e-12       1.528291107933e-12       0.000000000000e+00       2.705847173791e-15       9.403637220691e-17      -5.267307115125e-17 
 1209       1.375826333876e-10       2.475260852732e-12       1.560903648915e-12       0.000000000000e+00       2.697131985571e-15       9.701988315668e-17      -5.367387170113e-17 
 1210       1.369019088598e-10       2.503631092147e-12       1.590952033933e-12       0.000000000000e+00       2.688451867807e-15       1.000023825438e-16      -5.466097971037e-17 
 1211       1.362199882416e-10       2.532206947550e-12       1.618430726510e-12       0.000000000000e+00       2.679806650248e-15       1.029891105410e-16      -5.563459733243e-17 
 1212       1.355371119559e-10       2.560974502983e-12       1.643334218273e-12       0.000000000000e+00       2.671196160036e-15       1.059853421190e-16      -5.659492844389e-17 
 1213       1.348535219970e-10       2.589919746985e-12       1.665657029055e-12       0.000000000000e+00       2.662620221694e-15       1.089963871193e-16      -5.754217864830e-17 
 1214       1.341694619346e-10       2.619028572393e-12       1.685393706999e-12       0.000000000000e+00       2.654078657122e-15       1.120275903256e-16      -5.847655528002e-17 
 1215       1.334851769165e-10       2.648286776144e-12       1.702538828661e-12       0.000000000000e+00       2.645571285591e-15       1.150843315358e-16      -5.939826740804e-17 
 1216       1.328009136719e-10       2.677680059077e-12       1.717086999112e-12       0.000000000000e+00       2.637097923733e-15       1.181720256341e-16      -6.030752583983e-17 
 1217       1.321169205146e-10       2.707194025731e-12       1.729032852043e-12       0.000000000000e+00       2.628658385537e-15       1.212961226629e-16      -6.120454312520e-17 
 1218       1.314334473464e-10       2.736814184149e-12       1.738371049864e-12       0.000000000000e+00       2.620252482342e-15       1.244621078947e-16      -6.208953356009e-17 
 1219       1.307507456601e-10       2.766525945678e-12       1.745096283812e-12       0.000000000000e+00       2.611880022832e-15       1.276755019042e-16      -6.296271319044e-17 
 1220       1.300690685428e-10       2.796314624769e-12       1.749203274051e-12       0.000000000000e+00       2.603540813024e-15       1.309418606401e-16      -6.382429981603e-17 
 1221       1.293886706791e-10       2.826165438782e-12       1.750686769775e-12       0.000000000000e+00       2.595234656268e-15       1.342667754971e-16      -6.467451299429e-17 
 1222       1.287098083542e-10       2.856063507783e-12       1.749541549313e-12       0.000000000000e+00       2.586961353234e-15       1.376558733879e-16      -6.551357404419e-17 
 1223       1.280327394574e-10       2.885993854345e-12       1.745762420229e-12       0.000000000000e+00       2.578720701912e-15       1.411148168152e-16      -6.634170605000e-17 
 1224       1.273577234850e-10       2.915941403353e-12       1.739344219427e-12       0.000000000000e+00       2.570512497600e-15       1.446493039436e-16      -6.715913386522e-17 
 1225       1.266850215438e-10       2.945890981803e-12       1.730281813255e-12       0.000000000000e+00       2.562336532898e-15       1.482650686713e-16      -6.796608411634e-17 
 1226       1.260148963540e-10       2.975827318600e-12       1.718570097606e-12       0.000000000000e+00       2.554192597706e-15       1.519678807025e-16      -6.876278520672e-17 
 1227       1.253476122526e-10       3.005735044366e-12       1.704203998019e-12       0.000000000000e+00       2.546080479211e-15       1.557635456193e-16      -6.954946732041e-17 
 1228       1.246834351967e-10       3.035598691233e-12       1.687178469789e-12       0.000000000000e+00       2.537999961884e-15       1.596579049532e-16      -7.032636242599e-17 
 1229       1.240226115228e-10       3.065403586639e-12       1.667494350688e-12       0.000000000000e+00       2.529950848454e-15       1.636550241869e-16      -7.109365974557e-17 
 1230       1.233653039429e-10       3.095138546721e-12       1.645175995134e-12       0.000000000000e+00       2.521933023117e-15       1.677517330240e-16      -7.185137157415e-17 
 1231       1.227116547940e-10       3.124793214562e-12       1.620253849973e-12       0.000000000000e+00       2.513946389066e-15       1.719430203233e-16      -7.259946587193e-17 
 1232       1.220618072134e-10       3.154357168975e-12       1.592758621447e-12       0.000000000000e+00       2.505990847572e-15       1.762238402073e-16      -7.333791065469e-17 
 1233       1.214159051410e-10       3.183819924380e-12       1.562721275759e-12       0.000000000000e+00       2.498066297979e-15       1.805891119905e-16      -7.406667399406e-17 
 1234       1.207740933206e-10       3.213170930677e-12       1.530173039643e-12       0.000000000000e+00       2.490172637699e-15       1.850337201070e-16      -7.478572401788e-17 
 1235       1.201365173010e-10       3.242399573113e-12       1.495145400929e-12       0.000000000000e+00       2.482309762210e-15       1.895525140391e-16      -7.549502891047e-17 
 1236       1.195033234382e-10       3.271495172157e-12       1.457670109116e-12       0.000000000000e+00       2.474477565045e-15       1.941403082451e-16      -7.619455691291e-17 
 1237       1.188746588966e-10       3.300446983374e-12       1.417779175932e-12       0.000000000000e+00       2.466675937793e-15       1.987918820876e-16      -7.688427632341e-17 
 1238       1.182506716503e-10       3.329244197294e-12       1.375504875908e-12       0.000000000000e+00       2.458904770091e-15       2.035019797614e-16      -7.756415549754e-17 
 1239       1.176315104850e-10       3.357875939286e-12       1.330879746944e-12       0.000000000000e+00       2.451163949619e-15       2.082653102219e-16      -7.823416284857e-17 
 1240       1.170173249995e-10       3.386331269426e-12       1.283936590872e-12       0.000000000000e+00       2.443453362097e-15       2.130765471129e-16      -7.889426684779e-17 
 1241       1.164082656070e-10       3.414599182377e-12       1.234708474031e-12       0.000000000000e+00       2.435772891276e-15       2.179303286950e-16      -7.954443602475e-17 
 1242       1.158044835366e-10       3.442668607254e-12       1.183228727829e-12       0.000000000000e+00       2.428122418937e-15       2.228212577733e-16      -8.018463896764e-17 
 1243       1.152061308353e-10       3.470528407498e-12       1.129530949315e-12       0.000000000000e+00       2.420501824886e-15       2.277439016260e-16      -8.081484432353e-17 
 1244       1.146133603688e-10       3.498167380751e-12       1.073649001740e-12       0.000000000000e+00       2.412910986945e-15       2.326927919324e-16      -8.143502079871e-17 
 1245       1.140263258236e-10       3.525574258721e-12       1.015617015133e-12       0.000000000000e+00       2.405349780951e-15       2.376624247005e-16      -8.204513715898e-17 
 1246       1.134451817084e-10       3.552737707065e-12       9.554693868614e-13       0.000000000000e+00       2.397818080750e-15       2.426472601958e-16      -8.264516222994e-17 
 1247       1.128700833556e-10       3.579646325249e-12       8.932407822031e-13       0.000000000000e+00       2.390315758191e-15       2.476417228691e-16      -8.323506489732e-17 
 1248       1.123011869225e-10       3.606288646431e-12       8.289661349120e-13       0.000000000000e+00       2.382842683121e-15       2.526402012845e-16      -8.381481410725e-17 
 1249       1.117386493935e-10       3.632653137323e-12       7.626806477862e-13       0.000000000000e+00       2.375398723383e-15       2.576370480476e-16      -8.438437886661e-17 
 1250       1.111826285809e-10       3.658728198072e-12       6.944197932354e-13       0.000000000000e+00       2.367983744806e-15       2.626265797339e-16      -8.494372824327e-17 
 1251       1.106332831271e-10       3.684502162126e-12       6.242193138490e-13       0.000000000000e+00       2.360597611204e-15       2.676030768164e-16      -8.549283136645e-17 
 1252       1.100907725054e-10       3.709963296110e-12       5.521152229629e-13       0.000000000000e+00       2.353240184370e-15       2.725607835940e-16      -8.603165742698e-17 
 1253       1.095552570223e-10       3.735099799694e-12       4.781438052278e-13       0.000000000000e+00       2.345911324070e-15       2.774939081196e-16      -8.656017567763e-17 
 1254       1.090268978184e-10       3.759899805469e-12       4.023416171764e-13       0.000000000000e+00       2.338610888039e-15       2.823966221283e-16      -8.707835543341e-17 
 1255       1.085058568704e-10       3.784351378817e-12       3.247454877911e-13       0.000000000000e+00       2.331338731977e-15       2.872630609652e-16      -8.758616607186e-17 
 1256       1.079922969921e-10       3.808442517784e-12       2.453925190716e-13       0.000000000000e+00       2.324094709539e-15       2.920873235138e-16      -8.808357703335e-17 
 1257       1.074863818365e-10       3.832161152950e-12       1.643200866026e-13       0.000000000000e+00       2.316878672339e-15       2.968634721240e-16      -8.857055782139e-17 
 1258       1.069882758969e-10       3.855495147306e-12       8.156584012126e-14       0.000000000000e+00       2.309690469936e-15       3.015855325402e-16      -8.904707800296e-17 
 1259       1.064981445085e-10       3.878432296119e-12      -2.832295915246e-15       0.000000000000e+00       2.302529949834e-15       3.062474938294e-16      -8.951310720876e-17 
 1260       1.060161538503e-10       3.900960326811e-12      -8.883612176197e-14       0.000000000000e+00       2.295396957476e-15       3.108433083094e-16      -8.996861513354e-17 
 1261       1.055424709459e-10       3.923066898825e-12      -1.764071618187e-13       0.000000000000e+00       2.288291336238e-15       3.153668914767e-16      -9.041357153642e-17 
 1262       1.050772636660e-10       3.944739603502e-12      -2.655066640624e-13       0.000000000000e+00       2.281212927427e-15       3.198121219351e-16      -9.084794624116e-17 
 1263       1.046207007288e-10       3.965965963952e-12      -3.560955994794e-13       0.000000000000e+00       2.274161570272e-15       3.241728413231e-16      -9.127170913648e-17 
 1264       1.041729517025e-10       3.986733434922e-12      -4.481346614981e-13       0.000000000000e+00       2.267137101920e-15       3.284428542426e-16      -9.168483017636e-17 
 1265       1.037341870063e-10       4.007029402673e-12      -5.415842654212e-13       0.000000000000e+00       2.260139357434e-15       3.326159281866e-16      -9.208727938033e-17 
 1266       1.033045779121e-10       4.026841184853e-12      -6.364045478582e-13       0.000000000000e+00       2.253168169786e-15       3.366857934677e-16      -9.247902683381e-17 
 1267       1.028842965459e-10       4.046156030361e-12      -7.325553661575e-13       0.000000000000e+00       2.246223369850e-15       3.406461431459e-16      -9.286004268836e-17 
 1268       1.024734871867e-10       4.064962790456e-12      -8.299955977816e-13       0.000000000000e+00       2.239304802034e-15       3.444923456570e-16      -9.323029885825e-17 
 1269       1.020721797981e-10       4.083256953390e-12      -9.286810307331e-13       0.000000000000e+00       2.232412371371e-15       3.482266044533e-16      -9.358977413077e-17 
 1270       1.016803755027e-10       4.101035667565e-12      -1.028566447678e-12       0.000000000000e+00       2.225545996962e-15       3.518528577078e-16      -9.393844911542e-17 
 1271       1.012980751938e-10       4.118296075564e-12      -1.129606323176e-12       0.000000000000e+00       2.218705596383e-15       3.553750710662e-16      -9.427630455349e-17 
 1272       1.009252795349e-10       4.135035314153e-12      -1.231754823063e-12       0.000000000000e+00       2.211891085685e-15       3.587972377030e-16      -9.460332131843e-17 
 1273       1.005619889591e-10       4.151250514272e-12      -1.334965803832e-12       0.000000000000e+00       2.205102379388e-15       3.621233783774e-16      -9.491948041633e-17 
 1274       1.002082036682e-10       4.166938801035e-12      -1.439192812008e-12       0.000000000000e+00       2.198339390478e-15       3.653575414887e-16      -9.522476298632e-17 
 1275       9.986392363247e-11       4.182097293727e-12      -1.544389083535e-12       0.000000000000e+00       2.191602030404e-15       3.685038031324e-16      -9.551915030103e-17 
 1276       9.952914858986e-11       4.196723105801e-12      -1.650507543151e-12       0.000000000000e+00       2.184890209073e-15       3.715662671562e-16      -9.580262376699e-17 
 1277       9.920387804531e-11       4.210813344871e-12      -1.757500803772e-12       0.000000000000e+00       2.178203834846e-15       3.745490652155e-16      -9.607516492507e-17 
 1278       9.888811127023e-11       4.224365112712e-12      -1.865321165869e-12       0.000000000000e+00       2.171542814534e-15       3.774563568294e-16      -9.633675545090e-17 
 1279       9.858184730187e-11       4.237375505258e-12      -1.973920616850e-12       0.000000000000e+00       2.164907053398e-15       3.802923294367e-16      -9.658737715532e-17 
 1280       9.828508494272e-11       4.249841612595e-12      -2.083250830440e-12       0.000000000000e+00       2.158296455138e-15       3.830611984514e-16      -9.682701198479e-17 
 1281       9.799782275985e-11       4.261760518959e-12      -2.193263166062e-12       0.000000000000e+00       2.151710921896e-15       3.857672073187e-16      -9.705564202183e-17 
 1282       9.772005908433e-11       4.273129302736e-12      -2.303908668215e-12       0.000000000000e+00       2.145150354249e-15       3.884146275710e-16      -9.727324948544e-17 
 1283       9.745179201060e-11       4.283945036452e-12      -2.415138065854e-12       0.000000000000e+00       2.138614651204e-15       3.910077588834e-16      -9.747981673154e-17 
 1284       9.719301939589e-11       4.294204786777e-12      -2.526901771775e-12       0.000000000000e+00       2.132103710197e-15       3.935509291299e-16      -9.767532625338e-17 
 1285       9.694373885954e-11       4.303905614516e-12      -2.639149881990e-12       0.000000000000e+00       2.125617427089e-15       3.960484944389e-16      -9.785976068200e-17 
 1286       9.670394778245e-11       4.313044574609e-12      -2.751832175108e-12       0.000000000000e+00       2.119155696159e-15       3.985048392492e-16      -9.803310278663e-17 
 1287       9.647364330642e-11       4.321618716128e-12      -2.864898111718e-12       0.000000000000e+00       2.112718410103e-15       4.009243763658e-16      -9.819533547513e-17 
 1288       9.625282233357e-11       4.329625082269e-12      -2.978296833766e-12       0.000000000000e+00       2.106305460030e-15       4.033115470160e-16      -9.834644179441e-17 
 1289       9.604148152569e-11       4.337060710357e-12      -3.091977163939e-12       0.000000000000e+00       2.099916735458e-15       4.056708209048e-16      -9.848640493091e-17 
 1290       9.583961730366e-11       4.343922631833e-12      -3.205887605039e-12       0.000000000000e+00       2.093552124309e-15       4.080066962708e-16      -9.861520821093e-17 
 1291       9.564722584681e-11       4.350207872260e-12      -3.319976339370e-12       0.000000000000e+00       2.087211512907e-15       4.103236999425e-16      -9.873283510115e-17 
 1292       9.546430309231e-11       4.355913451311e-12      -3.434191228114e-12       0.000000000000e+00       2.080894785970e-15       4.126263873935e-16      -9.883926920903e-17 
 1293       9.529084473458e-11       4.361036382775e-12      -3.548479810713e-12       0.000000000000e+00       2.074601826615e-15       4.149193427989e-16      -9.893449428322e-17 
 1294       9.512684622464e-11       4.365573674543e-12      -3.662789304248e-12       0.000000000000e+00       2.068332516343e-15       4.172071790907e-16      -9.901849421400e-17 
 1295       9.497230276951e-11       4.369522328616e-12      -3.777066602819e-12       0.000000000000e+00       2.062086735045e-15       4.194945380138e-16      -9.909125303373e-17 
 1296       9.482720933159e-11       4.372879341093e-12      -3.891258276928e-12       0.000000000000e+00       2.055864360990e-15       4.217860901821e-16      -9.915275491726e-17 
 1297       9.469156062807e-11       4.375641702171e-12      -4.005310572856e-12       0.000000000000e+00       2.049665270830e-15       4.240865351337e-16      -9.920298418234e-17 
 1298       9.456535113029e-11       4.377806396143e-12      -4.119169412044e-12       0.000000000000e+00       2.043489339586e-15       4.264006013875e-16      -9.924192529009e-17 
 1299       9.444857506311e-11       4.379370401392e-12      -4.232780390474e-12       0.000000000000e+00       2.037336440654e-15       4.287330464985e-16      -9.926956284542e-17 
 1300       9.434122640435e-11       4.380330690390e-12      -4.346088778049e-12       0.000000000000e+00       2.031206445793e-15       4.310886571137e-16      -9.928588159741e-17 
 1301       9.424329888412e-11       4.380684229693e-12      -4.459039517973e-12       0.000000000000e+00       2.025099225128e-15       4.334722490282e-16      -9.929086643981e-17 
 1302       9.415478598424e-11       4.380427979939e-12      -4.571577226130e-12       0.000000000000e+00       2.019014647139e-15       4.358886672409e-16      -9.928450241143e-17 
 1303       9.407568093760e-11       4.379558895844e-12      -4.683646190467e-12       0.000000000000e+00       2.012952578666e-15       4.383427860100e-16      -9.926677469657e-17 
 1304       9.400597672757e-11       4.378073926198e-12      -4.795190370371e-12       0.000000000000e+00       2.006912884898e-15       4.408395089095e-16      -9.923766862545e-17 
 1305       9.394566608737e-11       4.375970013866e-12      -4.906153396052e-12       0.000000000000e+00       2.000895429370e-15       4.433837688845e-16      -9.919716967467e-17 
 1306       9.389474149945e-11       4.373244095776e-12      -5.016478567921e-12       0.000000000000e+00       1.994900073963e-15       4.459805283073e-16      -9.914526346759e-17 
 1307       9.385317630673e-11       4.369894533795e-12      -5.126113032062e-12       0.000000000000e+00       1.988926691540e-15       4.486332569681e-16      -9.908194781281e-17 
 1308       9.382086781614e-11       4.365925424843e-12      -5.235020359006e-12       0.000000000000e+00       1.982975204029e-15       4.513393473039e-16      -9.900726896613e-17 
 1309       9.379769355741e-11       4.361342338984e-12      -5.343168104438e-12       0.000000000000e+00       1.977045544758e-15       4.540946479930e-16      -9.892128577505e-17 
 1310       9.378353011148e-11       4.356150893026e-12      -5.450523645542e-12       0.000000000000e+00       1.971137645851e-15       4.568949813164e-16      -9.882405767889e-17 
 1311       9.377825310863e-11       4.350356750622e-12      -5.557054180678e-12       0.000000000000e+00       1.965251438221e-15       4.597361431065e-16      -9.871564471000e-17 
 1312       9.378173722647e-11       4.343965622359e-12      -5.662726729054e-12       0.000000000000e+00       1.959386851571e-15       4.626139026964e-16      -9.859610749510e-17 
 1313       9.379385618809e-11       4.336983265867e-12      -5.767508130399e-12       0.000000000000e+00       1.953543814387e-15       4.655240028688e-16      -9.846550725647e-17 
 1314       9.381448276001e-11       4.329415485903e-12      -5.871365044638e-12       0.000000000000e+00       1.947722253939e-15       4.684621598046e-16      -9.832390581330e-17 
 1315       9.384348875034e-11       4.321268134459e-12      -5.974263951563e-12       0.000000000000e+00       1.941922096276e-15       4.714240630327e-16      -9.817136558293e-17 
 1316       9.388074500678e-11       4.312547110853e-12      -6.076171150506e-12       0.000000000000e+00       1.936143266223e-15       4.744053753782e-16      -9.800794958211e-17 
 1317       9.392612141469e-11       4.303258361830e-12      -6.177052760016e-12       0.000000000000e+00       1.930385687379e-15       4.774017329121e-16      -9.783372142831e-17 
 1318       9.397948689516e-11       4.293407881654e-12      -6.276874717530e-12       0.000000000000e+00       1.924649282114e-15       4.804087448994e-16      -9.764874534097e-17 
 1319       9.404070940307e-11       4.283001712210e-12      -6.375602779045e-12       0.000000000000e+00       1.918933971565e-15       4.834219937492e-16      -9.745308614278e-17 
 1320       9.410965592515e-11       4.272045943101e-12      -6.473202518793e-12       0.000000000000e+00       1.913239675632e-15       4.864370349627e-16      -9.724680926096e-17 
 1321       9.418619247801e-11       4.260546711741e-12      -6.569639328914e-12       0.000000000000e+00       1.907566312981e-15       4.894493970830e-16      -9.702998072851e-17 
 1322       9.427018410624e-11       4.248510203456e-12      -6.664878419130e-12       0.000000000000e+00       1.901913801032e-15       4.924545816433e-16      -9.680266718553e-17 
 1323       9.436149488046e-11       4.235942651579e-12      -6.758884816417e-12       0.000000000000e+00       1.896282055963e-15       4.954480631167e-16      -9.656493588045e-17 
 1324       9.445998789534e-11       4.222850337550e-12      -6.851623364681e-12       0.000000000000e+00       1.890670992707e-15       4.984252888647e-16      -9.631685467131e-17 
 1325       9.456552526773e-11       4.209239591009e-12      -6.943058724425e-12       0.000000000000e+00       1.885080524944e-15       5.013816790861e-16      -9.605849202707e-17 
 1326       9.467796813467e-11       4.195116789896e-12      -7.033155372432e-12       0.000000000000e+00       1.879510565103e-15       5.043126267666e-16      -9.578991702884e-17 
 1327       9.479717665143e-11       4.180488360550e-12      -7.121877601429e-12       0.000000000000e+00       1.873961024355e-15       5.072134976271e-16      -9.551119937118e-17 
 1328       9.492300998965e-11       4.165360777799e-12      -7.209189519766e-12       0.000000000000e+00       1.868431812614e-15       5.100796300732e-16      -9.522240936336e-17 
 1329       9.505532633531e-11       4.149740565066e-12      -7.295055051088e-12       0.000000000000e+00       1.862922838532e-15       5.129063351438e-16      -9.492361793066e-17 
 1330       9.519398288685e-11       4.133634294460e-12      -7.379437934007e-12       0.000000000000e+00       1.857434009497e-15       5.156888964605e-16      -9.461489661560e-17 
 1331       9.533883585319e-11       4.117048586874e-12      -7.462301721777e-12       0.000000000000e+00       1.851965231628e-15       5.184225701763e-16      -9.429631757925e-17 
 1332       9.548974045184e-11       4.099990112087e-12      -7.543609781967e-12       0.000000000000e+00       1.846516409774e-15       5.211025849248e-16      -9.396795360250e-17 
 1333       9.564655090689e-11       4.082465588853e-12      -7.623325296132e-12       0.000000000000e+00       1.841087447511e-15       5.237241417689e-16      -9.362987808732e-17 
 1334       9.580912044712e-11       4.064481785007e-12      -7.701411259492e-12       0.000000000000e+00       1.835678247138e-15       5.262824141502e-16      -9.328216505805e-17 
 1335       9.597730130406e-11       4.046045517553e-12      -7.777830480598e-12       0.000000000000e+00       1.830288709676e-15       5.287725478376e-16      -9.292488916264e-17 
 1336       9.615094471003e-11       4.027163652770e-12      -7.852545581010e-12       0.000000000000e+00       1.824918734861e-15       5.311896608766e-16      -9.255812567398e-17 
 1337       9.632990089619e-11       4.007843106302e-12      -7.925518994972e-12       0.000000000000e+00       1.819568221147e-15       5.335288435381e-16      -9.218195049114e-17 
 1338       9.651401909063e-11       3.988090843261e-12      -7.996712969079e-12       0.000000000000e+00       1.814237065699e-15       5.357851582677e-16      -9.179644014063e-17 
 1339       9.670314751641e-11       3.967913878319e-12      -8.066089561956e-12       0.000000000000e+00       1.808925164389e-15       5.379536396342e-16      -9.140167177769e-17 
 1340       9.689713338963e-11       3.947319275809e-12      -8.133610643929e-12       0.000000000000e+00       1.803632411798e-15       5.400292942789e-16      -9.099772318760e-17 
 1341       9.709582291747e-11       3.926314149819e-12      -8.199237896698e-12       0.000000000000e+00       1.798358701208e-15       5.420071008648e-16      -9.058467278689e-17 
 1342       9.729906129626e-11       3.904905664292e-12      -8.262932813012e-12       0.000000000000e+00       1.793103924601e-15       5.438820100252e-16      -9.016259962464e-17 
 1343       9.750669270957e-11       3.883101033123e-12      -8.324656696341e-12       0.000000000000e+00       1.787867972659e-15       5.456489443128e-16      -8.973158338379e-17 
 1344       9.771856032622e-11       3.860907520252e-12      -8.384370660548e-12       0.000000000000e+00       1.782650734754e-15       5.473027981489e-16      -8.929170438235e-17 
 1345       9.793450629836e-11       3.838332439767e-12      -8.442035629568e-12       0.000000000000e+00       1.777452098954e-15       5.488384377721e-16      -8.884304357472e-17 
 1346       9.815437183215e-11       3.815383572648e-12      -8.497618467022e-12       0.000000000000e+00       1.772271962030e-15       5.502521099315e-16      -8.838568613247e-17 
 1347       9.837799740454e-11       3.792070421771e-12      -8.551110438607e-12       0.000000000000e+00       1.767110259641e-15       5.515456848121e-16      -8.791973222678e-17 
 1348       9.860522254496e-11       3.768402970731e-12      -8.602508949627e-12       0.000000000000e+00       1.761966936470e-15       5.527224591003e-16      -8.744528636564e-17 
 1349       9.883588576103e-11       3.744391268555e-12      -8.651811433313e-12       0.000000000000e+00       1.756841936243e-15       5.537857514639e-16      -8.696245382653e-17 
 1350       9.906982453657e-11       3.720045429824e-12      -8.699015350907e-12       0.000000000000e+00       1.751735201717e-15       5.547389025945e-16      -8.647134065786e-17 
 1351       9.930687532973e-11       3.695375634800e-12      -8.744118191742e-12       0.000000000000e+00       1.746646674687e-15       5.555852752498e-16      -8.597205368054e-17 
 1352       9.954687357100e-11       3.670392129551e-12      -8.787117473316e-12       0.000000000000e+00       1.741576295974e-15       5.563282542955e-16      -8.546470048947e-17 
 1353       9.978965366128e-11       3.645105226072e-12      -8.828010741374e-12       0.000000000000e+00       1.736524005433e-15       5.569712467477e-16      -8.494938945503e-17 
 1354       1.000350489700e-10       3.619525302414e-12      -8.866795569990e-12       0.000000000000e+00       1.731489741941e-15       5.575176818155e-16      -8.442622972463e-17 
 1355       1.002828918330e-10       3.593662802808e-12      -8.903469561639e-12       0.000000000000e+00       1.726473443403e-15       5.579710109427e-16      -8.389533122420e-17 
 1356       1.005330135510e-10       3.567528237787e-12      -8.938030347285e-12       0.000000000000e+00       1.721475046743e-15       5.583347078501e-16      -8.335680465967e-17 
 1357       1.007852443872e-10       3.541132184313e-12      -8.970475586449e-12       0.000000000000e+00       1.716494487906e-15       5.586122685783e-16      -8.281076151856e-17 
 1358       1.010394135655e-10       3.514485285903e-12      -9.000802967300e-12       0.000000000000e+00       1.711531701855e-15       5.588072115293e-16      -8.225731407140e-17 
 1359       1.012953492688e-10       3.487598252750e-12      -9.029010206726e-12       0.000000000000e+00       1.706586622567e-15       5.589230775088e-16      -8.169657537333e-17 
 1360       1.015528786367e-10       3.460481861850e-12      -9.055095050413e-12       0.000000000000e+00       1.701659183032e-15       5.589634297689e-16      -8.112865926552e-17 
 1361       1.018118277639e-10       3.433146957128e-12      -9.079055272930e-12       0.000000000000e+00       1.696749315253e-15       5.589318540500e-16      -8.055368037676e-17 
 1362       1.020720216979e-10       3.405604449559e-12      -9.100888677802e-12       0.000000000000e+00       1.691856950237e-15       5.588319586229e-16      -7.997175412492e-17 
 1363       1.023332844374e-10       3.377865317296e-12      -9.120593097594e-12       0.000000000000e+00       1.686982018002e-15       5.586673743313e-16      -7.938299671849e-17 
 1364       1.025954389303e-10       3.349940605795e-12      -9.138166393984e-12       0.000000000000e+00       1.682124447566e-15       5.584417546341e-16      -7.878752515807e-17 
 1365       1.028583070715e-10       3.321841427935e-12      -9.153606457848e-12       0.000000000000e+00       1.677284166950e-15       5.581587756473e-16      -7.818545723790e-17 
 1366       1.031217097012e-10       3.293578964151e-12      -9.166911209337e-12       0.000000000000e+00       1.672461103175e-15       5.578221361864e-16      -7.757691154736e-17 
 1367       1.033854666031e-10       3.265164462548e-12      -9.178078597953e-12       0.000000000000e+00       1.667655182257e-15       5.574355578088e-16      -7.696200747248e-17 
 1368       1.036493965022e-10       3.236609239037e-12      -9.187106602633e-12       0.000000000000e+00       1.662866329210e-15       5.570027848558e-16      -7.634086519744e-17 
 1369       1.039133170627e-10       3.207924677451e-12      -9.193993231826e-12       0.000000000000e+00       1.658094468037e-15       5.565275844951e-16      -7.571360570613e-17 
 1370       1.041770448868e-10       3.179122229674e-12      -9.198736523570e-12       0.000000000000e+00       1.653339521733e-15       5.560137467627e-16      -7.508035078360e-17 
 1371       1.044403955118e-10       3.150213415764e-12      -9.201334545574e-12       0.000000000000e+00       1.648601412281e-15       5.554650846053e-16      -7.444122301759e-17 
 1372       1.047031834089e-10       3.121209824081e-12      -9.201785395296e-12       0.000000000000e+00       1.643880060649e-15       5.548854339226e-16      -7.379634580008e-17 
 1373       1.049652219810e-10       3.092123111406e-12      -9.200087200021e-12       0.000000000000e+00       1.639175386789e-15       5.542786536096e-16      -7.314584332873e-17 
 1374       1.052263235608e-10       3.062965003070e-12      -9.196238116943e-12       0.000000000000e+00       1.634487309634e-15       5.536486255985e-16      -7.248984060846e-17 
 1375       1.054862994086e-10       3.033747293080e-12      -9.190236333239e-12       0.000000000000e+00       1.629815747096e-15       5.529992549013e-16      -7.182846345292e-17 
 1376       1.057449597110e-10       3.004481844237e-12      -9.182080066154e-12       0.000000000000e+00       1.625160616063e-15       5.523344696518e-16      -7.116183848602e-17 
 1377       1.060021135781e-10       2.975180588269e-12      -9.171767563077e-12       0.000000000000e+00       1.620521832397e-15       5.516582211481e-16      -7.049009314340e-17 
 1378       1.062575690425e-10       2.945855525951e-12      -9.159297101617e-12       0.000000000000e+00       1.615899310934e-15       5.509744838944e-16      -6.981335567403e-17 
 1379       1.065111330565e-10       2.916518727228e-12      -9.144666989689e-12       0.000000000000e+00       1.611292965478e-15       5.502872556438e-16      -6.913175514161e-17 
 1380       1.067626114907e-10       2.887182331346e-12      -9.127875565587e-12       0.000000000000e+00       1.606702708801e-15       5.496005574400e-16      -6.844542142618e-17 
 1381       1.070118091321e-10       2.857858546971e-12      -9.108921198067e-12       0.000000000000e+00       1.602128452640e-15       5.489184336598e-16      -6.775448522555e-17 
 1382       1.072585296817e-10       2.828559652316e-12      -9.087802286424e-12       0.000000000000e+00       1.597570107696e-15       5.482449520556e-16      -6.705907805687e-17 
 1383       1.075025757530e-10       2.799297995266e-12      -9.064517260570e-12       0.000000000000e+00       1.593027583630e-15       5.475842037969e-16      -6.635933225812e-17 
 1384       1.077437488699e-10       2.770085993501e-12      -9.039064581115e-12       0.000000000000e+00       1.588500789060e-15       5.469403035133e-16      -6.565538098961e-17 
 1385       1.079818657587e-10       2.740935413884e-12      -9.011447174978e-12       0.000000000000e+00       1.583989639616e-15       5.463164212708e-16      -6.494735392031e-17 
 1386       1.082168074160e-10       2.711855202040e-12      -8.981685793294e-12       0.000000000000e+00       1.579494082183e-15       5.457118672345e-16      -6.423536423398e-17 
 1387       1.084484705549e-10       2.682853630107e-12      -8.949805794700e-12       0.000000000000e+00       1.575014070904e-15       5.451249763085e-16      -6.351952148881e-17 
 1388       1.086767513575e-10       2.653939015476e-12      -8.915832722958e-12       0.000000000000e+00       1.570549559156e-15       5.445540733910e-16      -6.279993592148e-17 
 1389       1.089015454734e-10       2.625119720873e-12      -8.879792307309e-12       0.000000000000e+00       1.566100499540e-15       5.439974733554e-16      -6.207671844836e-17 
 1390       1.091227480197e-10       2.596404154434e-12      -8.841710462833e-12       0.000000000000e+00       1.561666843884e-15       5.434534810323e-16      -6.134998066674e-17 
 1391       1.093402535790e-10       2.567800769791e-12      -8.801613290801e-12       0.000000000000e+00       1.557248543238e-15       5.429203911912e-16      -6.061983485610e-17 
 1392       1.095539561995e-10       2.539318066143e-12      -8.759527079037e-12       0.000000000000e+00       1.552845547876e-15       5.423964885223e-16      -5.988639397934e-17 
 1393       1.097637493932e-10       2.510964588346e-12      -8.715478302266e-12       0.000000000000e+00       1.548457807292e-15       5.418800476181e-16      -5.914977168403e-17 
 1394       1.099695261357e-10       2.482748926984e-12      -8.669493622480e-12       0.000000000000e+00       1.544085270198e-15       5.413693329550e-16      -5.841008230362e-17 
 1395       1.101711788649e-10       2.454679718454e-12      -8.621599889287e-12       0.000000000000e+00       1.539727884522e-15       5.408625988753e-16      -5.766744085873e-17 
 1396       1.103685994800e-10       2.426765645042e-12      -8.571824140270e-12       0.000000000000e+00       1.535385597410e-15       5.403580895689e-16      -5.692196305834e-17 
 1397       1.105616793410e-10       2.399015435005e-12      -8.520193601343e-12       0.000000000000e+00       1.531058355218e-15       5.398540390546e-16      -5.617376530107e-17 
 1398       1.107503092672e-10       2.371437862651e-12      -8.466735687109e-12       0.000000000000e+00       1.526746103515e-15       5.393486711624e-16      -5.542296467641e-17 
 1399       1.109343795370e-10       2.344041748418e-12      -8.411478001214e-12       0.000000000000e+00       1.522448787080e-15       5.388401995148e-16      -5.466967896595e-17 
 1400       1.111137798863e-10       2.316835958951e-12      -8.354448336704e-12       0.000000000000e+00       1.518166349899e-15       5.383268275088e-16      -5.391402664463e-17 
 1401       1.112883995080e-10       2.289829407187e-12      -8.295674676382e-12       0.000000000000e+00       1.513898735164e-15       5.378067482973e-16      -5.315612688199e-17 
 1402       1.114581270509e-10       2.263031052431e-12      -8.235185193162e-12       0.000000000000e+00       1.509645885273e-15       5.372781447713e-16      -5.239609954338e-17 
 1403       1.116228506188e-10       2.236449900434e-12      -8.173008250431e-12       0.000000000000e+00       1.505407741825e-15       5.367391895410e-16      -5.163406519126e-17 
 1404       1.117824577697e-10       2.210095003479e-12      -8.109172402397e-12       0.000000000000e+00       1.501184245621e-15       5.361880449181e-16      -5.087014508638e-17 
 1405       1.119368355149e-10       2.183975460454e-12      -8.043706394453e-12       0.000000000000e+00       1.496975336660e-15       5.356228628972e-16      -5.010446118904e-17 
 1406       1.120858703177e-10       2.158100416936e-12      -7.976639163529e-12       0.000000000000e+00       1.492780954140e-15       5.350417851375e-16      -4.933713616036e-17 
 1407       1.122294480931e-10       2.132479065268e-12      -7.907999838449e-12       0.000000000000e+00       1.488601036453e-15       5.344429429447e-16      -4.856829336347e-17 
 1408       1.123674542063e-10       2.107120644642e-12      -7.837817740290e-12       0.000000000000e+00       1.484435521186e-15       5.338244572527e-16      -4.779805686482e-17 
 1409       1.124997734721e-10       2.082034441173e-12      -7.766122382733e-12       0.000000000000e+00       1.480284345117e-15       5.331844386051e-16      -4.702655143534e-17 
 1410       1.126262901541e-10       2.057229787986e-12      -7.692943472425e-12       0.000000000000e+00       1.476147444215e-15       5.325209871372e-16      -4.625390255174e-17 
 1411       1.127468879634e-10       2.032716065288e-12      -7.618310909331e-12       0.000000000000e+00       1.472024753637e-15       5.318321925575e-16      -4.548023639774e-17 
 1412       1.128614500578e-10       2.008502700455e-12      -7.542254787094e-12       0.000000000000e+00       1.467916207728e-15       5.311161341296e-16      -4.470567986530e-17 
 1413       1.129698590413e-10       1.984599168106e-12      -7.464805393388e-12       0.000000000000e+00       1.463821740015e-15       5.303708806538e-16      -4.393036055585e-17 
 1414       1.130719969625e-10       1.961014990186e-12      -7.385993210275e-12       0.000000000000e+00       1.459741283213e-15       5.295944904488e-16      -4.315440678157e-17 
 1415       1.131677453144e-10       1.937759736045e-12      -7.305848914565e-12       0.000000000000e+00       1.455674769214e-15       5.287850113336e-16      -4.237794756660e-17 
 1416       1.132569850327e-10       1.914843022514e-12      -7.224403378166e-12       0.000000000000e+00       1.451622129092e-15       5.279404806089e-16      -4.160111264830e-17 
 1417       1.133395964956e-10       1.892274513993e-12      -7.141687668447e-12       0.000000000000e+00       1.447583293097e-15       5.270589250393e-16      -4.082403247845e-17 
 1418       1.134154595225e-10       1.870063922520e-12      -7.057733048588e-12       0.000000000000e+00       1.443558190659e-15       5.261383608345e-16      -4.004683822455e-17 
 1419       1.134844533731e-10       1.848221007861e-12      -6.972570977942e-12       0.000000000000e+00       1.439546750378e-15       5.251767936313e-16      -3.926966177104e-17 
 1420       1.135464567466e-10       1.826755577583e-12      -6.886233112388e-12       0.000000000000e+00       1.435548900030e-15       5.241722184753e-16      -3.849263572050e-17 
 1421       1.136013477809e-10       1.805677487135e-12      -6.798751304686e-12       0.000000000000e+00       1.431564566559e-15       5.231226198027e-16      -3.771589339497e-17 
 1422       1.136490040511e-10       1.784996639928e-12      -6.710157604839e-12       0.000000000000e+00       1.427593676080e-15       5.220259714217e-16      -3.693956883711e-17 
 1423       1.136893025695e-10       1.764722987417e-12      -6.620484260442e-12       0.000000000000e+00       1.423636153875e-15       5.208802364947e-16      -3.616379681149e-17 
 1424       1.137221409595e-10       1.744865200841e-12      -6.529764223804e-12       0.000000000000e+00       1.419691930950e-15       5.196839619908e-16      -3.538870057010e-17 
 1425       1.137475012209e-10       1.725426671376e-12      -6.438032678272e-12       0.000000000000e+00       1.415760963777e-15       5.184380687610e-16      -3.461435500887e-17 
 1426       1.137653866180e-10       1.706409469063e-12      -6.345325528288e-12       0.000000000000e+00       1.411843214754e-15       5.171440798108e-16      -3.384082313523e-17 
 1427       1.137758005636e-10       1.687815667419e-12      -6.251678894438e-12       0.000000000000e+00       1.407938645659e-15       5.158035275143e-16      -3.306816827002e-17 
 1428       1.137787466196e-10       1.669647343437e-12      -6.157129113840e-12       0.000000000000e+00       1.404047217651e-15       5.144179536307e-16      -3.229645404799e-17 
 1429       1.137742284968e-10       1.651906577588e-12      -6.061712740529e-12       0.000000000000e+00       1.400168891267e-15       5.129889093214e-16      -3.152574441838e-17 
 1430       1.137622500560e-10       1.634595453821e-12      -5.965466545846e-12       0.000000000000e+00       1.396303626425e-15       5.115179551669e-16      -3.075610364533e-17 
 1431       1.137428153077e-10       1.617716059565e-12      -5.868427518817e-12       0.000000000000e+00       1.392451382414e-15       5.100066611835e-16      -2.998759630852e-17 
 1432       1.137159284125e-10       1.601270485731e-12      -5.770632866549e-12       0.000000000000e+00       1.388612117904e-15       5.084566068402e-16      -2.922028730360e-17 
 1433       1.136815936818e-10       1.585260826709e-12      -5.672120014608e-12       0.000000000000e+00       1.384785790934e-15       5.068693810759e-16      -2.845424184272e-17 
 1434       1.136398155780e-10       1.569689180377e-12      -5.572926607412e-12       0.000000000000e+00       1.380972358917e-15       5.052465823157e-16      -2.768952545511e-17 
 1435       1.135905987144e-10       1.554557648092e-12      -5.473090508611e-12       0.000000000000e+00       1.377171778636e-15       5.035898184884e-16      -2.692620398750e-17 
 1436       1.135339478563e-10       1.539868334700e-12      -5.372649801479e-12       0.000000000000e+00       1.373384006246e-15       5.019007070428e-16      -2.616434360473e-17 
 1437       1.134698679206e-10       1.525623348532e-12      -5.271642789296e-12       0.000000000000e+00       1.369608997266e-15       5.001808749651e-16      -2.540401079021e-17 
 1438       1.133983639766e-10       1.511824801407e-12      -5.170107995737e-12       0.000000000000e+00       1.365846706586e-15       4.984319587953e-16      -2.464527234644e-17 
 1439       1.133194412462e-10       1.498474808633e-12      -5.068084165257e-12       0.000000000000e+00       1.362097088457e-15       4.966556046444e-16      -2.388819539557e-17 
 1440       1.132331051042e-10       1.485575489007e-12      -4.965610263477e-12       0.000000000000e+00       1.358360096498e-15       4.948534682113e-16      -2.313284737987e-17 
 1441       1.131393610786e-10       1.473128964817e-12      -4.862725477571e-12       0.000000000000e+00       1.354635683687e-15       4.930272147992e-16      -2.237929606228e-17 
 1442       1.130382148512e-10       1.461137361845e-12      -4.759469216654e-12       0.000000000000e+00       1.350923802367e-15       4.911785193333e-16      -2.162760952691e-17 
 1443       1.129296722576e-10       1.449602809365e-12      -4.655881112163e-12       0.000000000000e+00       1.347224404236e-15       4.893090663767e-16      -2.087785617955e-17 
 1444       1.128137392876e-10       1.438527440143e-12      -4.552001018251e-12       0.000000000000e+00       1.343537440356e-15       4.874205501481e-16      -2.013010474822e-17 
 1445       1.126904220856e-10       1.427913390445e-12      -4.447869012166e-12       0.000000000000e+00       1.339862861141e-15       4.855146745384e-16      -1.938442428366e-17 
 1446       1.125597269512e-10       1.417762800030e-12      -4.343525394640e-12       0.000000000000e+00       1.336200616363e-15       4.835931531272e-16      -1.864088415986e-17 
 1447       1.124216603390e-10       1.408077812156e-12      -4.239010690279e-12       0.000000000000e+00       1.332550655149e-15       4.816577092002e-16      -1.789955407457e-17 
 1448       1.122762288594e-10       1.398860573579e-12      -4.134365647942e-12       0.000000000000e+00       1.328912925978e-15       4.797100757661e-16      -1.716050404982e-17 
 1449       1.121234392785e-10       1.390113234557e-12      -4.029631241135e-12       0.000000000000e+00       1.325287376680e-15       4.777519955727e-16      -1.642380443243e-17 
 1450       1.119632985188e-10       1.381837948847e-12      -3.924848668390e-12       0.000000000000e+00       1.321673954436e-15       4.757852211249e-16      -1.568952589456e-17 
 1451       1.117958136597e-10       1.374036873709e-12      -3.820059353657e-12       0.000000000000e+00       1.318072605775e-15       4.738115147006e-16      -1.495773943419e-17 
 1452       1.116209919371e-10       1.366712169906e-12      -3.715304946688e-12       0.000000000000e+00       1.314483276575e-15       4.718326483682e-16      -1.422851637564e-17 
 1453       1.114388407444e-10       1.359866001706e-12      -3.610627323422e-12       0.000000000000e+00       1.310905912057e-15       4.698504040031e-16      -1.350192837012e-17 
 1454       1.112493676326e-10       1.353500536881e-12      -3.506068586375e-12       0.000000000000e+00       1.307340456791e-15       4.678665733049e-16      -1.277804739623e-17 
 1455       1.110525803107e-10       1.347617946712e-12      -3.401671065023e-12       0.000000000000e+00       1.303786854686e-15       4.658829578140e-16      -1.205694576044e-17 
 1456       1.108484866460e-10       1.342220405986e-12      -3.297477316188e-12       0.000000000000e+00       1.300245048996e-15       4.639013689285e-16      -1.133869609769e-17 
 1457       1.106370946643e-10       1.337310093000e-12      -3.193530124427e-12       0.000000000000e+00       1.296714982313e-15       4.619236279214e-16      -1.062337137182e-17 
 1458       1.104184125504e-10       1.332889189559e-12      -3.089872502417e-12       0.000000000000e+00       1.293196596570e-15       4.599515659569e-16      -9.911044876156e-18 
 1459       1.101924486486e-10       1.328959880982e-12      -2.986547691341e-12       0.000000000000e+00       1.289689833036e-15       4.579870241079e-16      -9.201790233982e-18 
 1460       1.099592114624e-10       1.325524356099e-12      -2.883599161274e-12       0.000000000000e+00       1.286194632320e-15       4.560318533724e-16      -8.495681399085e-18 
 1461       1.097187096558e-10       1.322584807252e-12      -2.781070611570e-12       0.000000000000e+00       1.282710934361e-15       4.540879146907e-16      -7.792792656257e-18 
 1462       1.094709520527e-10       1.320143430299e-12      -2.679005971248e-12       0.000000000000e+00       1.279238678435e-15       4.521570789619e-16      -7.093198621823e-18 
 1463       1.092159616665e-10       1.318201293822e-12      -2.577446234492e-12       0.000000000000e+00       1.275777808296e-15       4.502406547400e-16      -6.396967915636e-18 
 1464       1.089538179398e-10       1.316754934386e-12      -2.476419931756e-12       0.000000000000e+00       1.272328287667e-15       4.483376650277e-16      -5.704144106839e-18 
 1465       1.086846149274e-10       1.315799727244e-12      -2.375952564168e-12       0.000000000000e+00       1.268890084904e-15       4.464465532887e-16      -5.014764578650e-18 
 1466       1.084084473072e-10       1.315331013981e-12      -2.276069759979e-12       0.000000000000e+00       1.265463167860e-15       4.445657541913e-16      -4.328866839756e-18 
 1467       1.081254103812e-10       1.315344102446e-12      -2.176797274773e-12       0.000000000000e+00       1.262047503881e-15       4.426936935925e-16      -3.646488524477e-18 
 1468       1.078356000767e-10       1.315834266698e-12      -2.078160991677e-12       0.000000000000e+00       1.258643059814e-15       4.408287885232e-16      -2.967667392925e-18 
 1469       1.075391129472e-10       1.316796746935e-12      -1.980186921570e-12       0.000000000000e+00       1.255249801994e-15       4.389694471730e-16      -2.292441331174e-18 
 1470       1.072360461740e-10       1.318226749437e-12      -1.882901203289e-12       0.000000000000e+00       1.251867696254e-15       4.371140688748e-16      -1.620848351415e-18 
 1471       1.069264975669e-10       1.320119446504e-12      -1.786330103842e-12       0.000000000000e+00       1.248496707914e-15       4.352610440898e-16      -9.529265921261e-19 
 1472       1.066105655652e-10       1.322469976391e-12      -1.690500018614e-12       0.000000000000e+00       1.245136801790e-15       4.334087543921e-16      -2.887143182318e-19 
 1473       1.062883492393e-10       1.325273443248e-12      -1.595437471579e-12       0.000000000000e+00       1.241787942185e-15       4.315555724540e-16       3.717500787328e-19 
 1474       1.059599482917e-10       1.328524917056e-12      -1.501169115503e-12       0.000000000000e+00       1.238450092889e-15       4.296998620300e-16       1.028428080459e-18 
 1475       1.056254630577e-10       1.332219433567e-12      -1.407721732163e-12       0.000000000000e+00       1.235123217182e-15       4.278399779425e-16       1.681281041702e-18 
 1476       1.052849945071e-10       1.336351994238e-12      -1.315122232544e-12       0.000000000000e+00       1.231807277831e-15       4.259742660659e-16       2.330270190116e-18 
 1477       1.049386442448e-10       1.340917566175e-12      -1.223397657059e-12       0.000000000000e+00       1.228502237086e-15       4.241010633119e-16       2.975356626093e-18 
 1478       1.045865145124e-10       1.345911082063e-12      -1.132575175749e-12       0.000000000000e+00       1.225208056682e-15       4.222186976139e-16       3.616501322600e-18 
 1479       1.042287081889e-10       1.351327440110e-12      -1.042682088499e-12       0.000000000000e+00       1.221924697839e-15       4.203254879121e-16       4.253665125012e-18 
 1480       1.038653287921e-10       1.357161503982e-12      -9.537458252429e-13       0.000000000000e+00       1.218652121257e-15       4.184197441383e-16       4.886808750956e-18 
 1481       1.034964804796e-10       1.363408102742e-12      -8.657939461727e-13       0.000000000000e+00       1.215390287117e-15       4.164997672006e-16       5.515892790139e-18 
 1482       1.031222680501e-10       1.370062030786e-12      -7.788541419494e-13       0.000000000000e+00       1.212139155082e-15       4.145638489682e-16       6.140877704194e-18 
 1483       1.027427969441e-10       1.377118047783e-12      -6.929542339105e-13       0.000000000000e+00       1.208898684291e-15       4.126102722563e-16       6.761723826509e-18 
 1484       1.023581732455e-10       1.384570878609e-12      -6.081221742793e-13       0.000000000000e+00       1.205668833362e-15       4.106373108107e-16       7.378391362070e-18 
 1485       1.019685036825e-10       1.392415213290e-12      -5.243860463739e-13       0.000000000000e+00       1.202449560391e-15       4.086432292931e-16       7.990840387293e-18 
 1486       1.015738956286e-10       1.400645706936e-12      -4.417740648165e-13       0.000000000000e+00       1.199240822947e-15       4.066262832653e-16       8.599030849864e-18 
 1487       1.011744571041e-10       1.409256979681e-12      -3.603145757419e-13       0.000000000000e+00       1.196042578075e-15       4.045847191745e-16       9.202922568577e-18 
 1488       1.007702967767e-10       1.418243616617e-12      -2.800360570065e-13       0.000000000000e+00       1.192854782294e-15       4.025167743376e-16       9.802475233165e-18 
 1489       1.003615239630e-10       1.427600167738e-12      -2.009671183979e-13       0.000000000000e+00       1.189677391594e-15       4.004206769267e-16       1.039764840414e-17 
 1490       9.994824862968e-11       1.437321147870e-12      -1.231365018429e-13       0.000000000000e+00       1.186510361436e-15       3.982946459533e-16       1.098840151265e-17 
 1491       9.953058139427e-11       1.447401036617e-12      -4.657308161738e-14       0.000000000000e+00       1.183353646752e-15       3.961368912533e-16       1.157469386026e-17 
 1492       9.910863352654e-11       1.457834278292e-12       2.869413544524e-14       0.000000000000e+00       1.180207201942e-15       3.939456134720e-16       1.215648461885e-17 
 1493       9.868251694953e-11       1.468615281859e-12       1.026360097449e-13       0.000000000000e+00       1.177070980876e-15       3.917190040486e-16       1.273373283043e-17 
 1494       9.825234424069e-11       1.479738420868e-12       1.752232687059e-13       0.000000000000e+00       1.173944936888e-15       3.894552452014e-16       1.330639740697e-17 
 1495       9.781822863300e-11       1.491198033394e-12       2.464265065678e-13       0.000000000000e+00       1.170829022779e-15       3.871525099121e-16       1.387443713023e-17 
 1496       9.738028401608e-11       1.502988421976e-12       3.162161841768e-13       0.000000000000e+00       1.167723190816e-15       3.848089619110e-16       1.443781065162e-17 
 1497       9.693862493732e-11       1.515103853552e-12       3.845626287765e-13       0.000000000000e+00       1.164627392728e-15       3.824227556617e-16       1.499647649203e-17 
 1498       9.649336660302e-11       1.527538559400e-12       4.514360337987e-13       0.000000000000e+00       1.161541579706e-15       3.799920363459e-16       1.555039304164e-17 
 1499       9.604462487945e-11       1.540286735073e-12       5.168064586550e-13       0.000000000000e+00       1.158465702404e-15       3.775149398483e-16       1.609951855980e-17 
 1500       9.559251629405e-11       1.553342540338e-12       5.806438285274e-13       0.000000000000e+00       1.155399710935e-15       3.749895927412e-16       1.664381117484e-17 
 1501       9.513715803651e-11       1.566700099112e-12       6.429179341593e-13       0.000000000000e+00       1.152343554872e-15       3.724141122695e-16       1.718322888390e-17 
 1502       9.467866818038e-11       1.580353170627e-12       7.036030811909e-13       0.000000000000e+00       1.149297187464e-15       3.697872668390e-16       1.771773362261e-17 
 1503       9.421716634816e-11       1.594294159528e-12       7.626920881107e-13       0.000000000000e+00       1.146260578343e-15       3.671104645490e-16       1.824730351762e-17 
 1504       9.375277305491e-11       1.608515096009e-12       8.201824242020e-13       0.000000000000e+00       1.143233700936e-15       3.643857839937e-16       1.877192075305e-17 
 1505       9.328560948951e-11       1.623007963635e-12       8.760715724073e-13       0.000000000000e+00       1.140216528263e-15       3.616153155367e-16       1.929156751155e-17 
 1506       9.281579751577e-11       1.637764699263e-12       9.303570293658e-13       0.000000000000e+00       1.137209032933e-15       3.588011613300e-16       1.980622597435e-17 
 1507       9.234345967357e-11       1.652777192960e-12       9.830363054524e-13       0.000000000000e+00       1.134211187141e-15       3.559454353348e-16       2.031587832134e-17 
 1508       9.186871917999e-11       1.668037287928e-12       1.034106924815e-12       0.000000000000e+00       1.131222962672e-15       3.530502633405e-16       2.082050673109e-17 
 1509       9.139169993044e-11       1.683536780421e-12       1.083566425414e-12       0.000000000000e+00       1.128244330895e-15       3.501177829854e-16       2.132009338089e-17 
 1510       9.091252649979e-11       1.699267419663e-12       1.131412359058e-12       0.000000000000e+00       1.125275262767e-15       3.471501437762e-16       2.181462044689e-17 
 1511       9.043132414352e-11       1.715220907775e-12       1.177642291445e-12       0.000000000000e+00       1.122315728829e-15       3.441495071081e-16       2.230407010403e-17 
 1512       8.994821879884e-11       1.731388899687e-12       1.222253802198e-12       0.000000000000e+00       1.119365699205e-15       3.411180462844e-16       2.278842452619e-17 
 1513       8.946333708582e-11       1.747763003067e-12       1.265244484906e-12       0.000000000000e+00       1.116425143603e-15       3.380579465369e-16       2.326766588621e-17 
 1514       8.897680630851e-11       1.764334778234e-12       1.306611947160e-12       0.000000000000e+00       1.113494031314e-15       3.349714050457e-16       2.374177635593e-17 
 1515       8.848875445613e-11       1.781095738082e-12       1.346353810589e-12       0.000000000000e+00       1.110572331208e-15       3.318606309585e-16       2.421073810626e-17 
 1516       8.799931020413e-11       1.798037347999e-12       1.384467710905e-12       0.000000000000e+00       1.107660011738e-15       3.287278454116e-16       2.467453330723e-17 
 1517       8.750860291537e-11       1.815151025788e-12       1.420951297934e-12       0.000000000000e+00       1.104757040934e-15       3.255752815489e-16       2.513314412804e-17 
 1518       8.701676264122e-11       1.832428141589e-12       1.455802235659e-12       0.000000000000e+00       1.101863386407e-15       3.224051845422e-16       2.558655273711e-17 
 1519       8.652392012274e-11       1.849860017794e-12       1.489018202254e-12       0.000000000000e+00       1.098979015345e-15       3.192198116112e-16       2.603474130215e-17 
 1520       8.603020679176e-11       1.867437928972e-12       1.520596890128e-12       0.000000000000e+00       1.096103894514e-15       3.160214320432e-16       2.647769199019e-17 
 1521       8.553575477204e-11       1.885153101790e-12       1.550536005957e-12       0.000000000000e+00       1.093237990253e-15       3.128123272131e-16       2.691538696767e-17 
 1522       8.504069688042e-11       1.902996714928e-12       1.578833270725e-12       0.000000000000e+00       1.090381268480e-15       3.095947906034e-16       2.734780840042e-17 
 1523       8.454516662790e-11       1.920959899004e-12       1.605486419764e-12       0.000000000000e+00       1.087533694686e-15       3.063711278242e-16       2.777493845382e-17 
 1524       8.404929822083e-11       1.939033736493e-12       1.630493202789e-12       0.000000000000e+00       1.084695233934e-15       3.031436566326e-16       2.819675929274e-17 
 1525       8.355322656202e-11       1.957209261647e-12       1.653851383936e-12       0.000000000000e+00       1.081865850862e-15       2.999147069534e-16       2.861325308169e-17 
 1526       8.305708725185e-11       1.975477460414e-12       1.675558741804e-12       0.000000000000e+00       1.079045509679e-15       2.966866208985e-16       2.902440198480e-17 
 1527       8.256101658943e-11       1.993829270361e-12       1.695613069490e-12       0.000000000000e+00       1.076234174165e-15       2.934617527867e-16       2.943018816593e-17 
 1528       8.206515157375e-11       2.012255580594e-12       1.714012174627e-12       0.000000000000e+00       1.073431807669e-15       2.902424691641e-16       2.983059378868e-17 
 1529       8.156962990475e-11       2.030747231675e-12       1.730753879424e-12       0.000000000000e+00       1.070638373111e-15       2.870311488239e-16       3.022560101646e-17 
 1530       8.107458998453e-11       2.049295015545e-12       1.745836020704e-12       0.000000000000e+00       1.067853832979e-15       2.838301828258e-16       3.061519201256e-17 
 1531       8.058017091842e-11       2.067889675445e-12       1.759256449939e-12       0.000000000000e+00       1.065078149326e-15       2.806419745167e-16       3.099934894018e-17 
 1532       8.008651251615e-11       2.086521905833e-12       1.771013033294e-12       0.000000000000e+00       1.062311283775e-15       2.774689395500e-16       3.137805396247e-17 
 1533       7.959375529297e-11       2.105182352310e-12       1.781103651658e-12       0.000000000000e+00       1.059553197512e-15       2.743135059060e-16       3.175128924264e-17 
 1534       7.910204047077e-11       2.123861611533e-12       1.789526200689e-12       0.000000000000e+00       1.056803851291e-15       2.711781139112e-16       3.211903694395e-17 
 1535       7.861150997924e-11       2.142550231140e-12       1.796278590849e-12       0.000000000000e+00       1.054063205428e-15       2.680652162590e-16       3.248127922980e-17 
 1536       7.812230645700e-11       2.161238709670e-12       1.801358747440e-12       0.000000000000e+00       1.051331219801e-15       2.649772780289e-16       3.283799826377e-17 
 1537       7.763457325269e-11       2.179917496483e-12       1.804764610646e-12       0.000000000000e+00       1.048607853852e-15       2.619167767070e-16       3.318917620968e-17 
 1538       7.714845442617e-11       2.198576991677e-12       1.806494135571e-12       0.000000000000e+00       1.045893066585e-15       2.588862022055e-16       3.353479523164e-17 
 1539       7.666409474959e-11       2.217207546015e-12       1.806545292273e-12       0.000000000000e+00       1.043186816564e-15       2.558880568828e-16       3.387483749409e-17 
 1540       7.618163970857e-11       2.235799460839e-12       1.804916065807e-12       0.000000000000e+00       1.040489061910e-15       2.529248555633e-16       3.420928516189e-17 
 1541       7.570122419167e-11       2.254343538359e-12       1.801607846376e-12       0.000000000000e+00       1.037799763725e-15       2.499986248104e-16       3.453812420222e-17 
 1542       7.522293843929e-11       2.272832738387e-12       1.796635634914e-12       0.000000000000e+00       1.035118896372e-15       2.471093955044e-16       3.486135582978e-17 
 1543       7.474686177379e-11       2.291260537170e-12       1.790017934456e-12       0.000000000000e+00       1.032446437288e-15       2.442566959952e-16       3.517898517038e-17 
 1544       7.427307388238e-11       2.309620378401e-12       1.781773369019e-12       0.000000000000e+00       1.029782363570e-15       2.414400515454e-16       3.549101746912e-17 
 1545       7.380165481768e-11       2.327905673163e-12       1.771920683815e-12       0.000000000000e+00       1.027126651981e-15       2.386589843250e-16       3.579745809063e-17 
 1546       7.333268499826e-11       2.346109799883e-12       1.760478745462e-12       0.000000000000e+00       1.024479278943e-15       2.359130134061e-16       3.609831251935e-17 
 1547       7.286624520924e-11       2.364226104275e-12       1.747466542188e-12       0.000000000000e+00       1.021840220541e-15       2.332016547575e-16       3.639358635975e-17 
 1548       7.240241660281e-11       2.382247899289e-12       1.732903184044e-12       0.000000000000e+00       1.019209452517e-15       2.305244212393e-16       3.668328533659e-17 
 1549       7.194128069880e-11       2.400168465062e-12       1.716807903113e-12       0.000000000000e+00       1.016586950276e-15       2.278808225976e-16       3.696741529515e-17 
 1550       7.148291938528e-11       2.417981048864e-12       1.699200053719e-12       0.000000000000e+00       1.013972688878e-15       2.252703654589e-16       3.724598220148e-17 
 1551       7.102741491906e-11       2.435678865045e-12       1.680099112636e-12       0.000000000000e+00       1.011366643045e-15       2.226925533252e-16       3.751899214266e-17 
 1552       7.057484992631e-11       2.453255094985e-12       1.659524679299e-12       0.000000000000e+00       1.008768787154e-15       2.201468865681e-16       3.778645132703e-17 
 1553       7.012530740307e-11       2.470702887041e-12       1.637496476011e-12       0.000000000000e+00       1.006179095239e-15       2.176328624238e-16       3.804836608442e-17 
 1554       6.967887071586e-11       2.488015356495e-12       1.614034348153e-12       0.000000000000e+00       1.003597540990e-15       2.151499749875e-16       3.830474286644e-17 
 1555       6.923562360221e-11       2.505185585504e-12       1.589158264395e-12       0.000000000000e+00       1.001024097753e-15       2.126977152083e-16       3.855558824669e-17 
 1556       6.879565017122e-11       2.522206623046e-12       1.562888316904e-12       0.000000000000e+00       9.984587385280e-16       2.102755708836e-16       3.880090892100e-17 
 1557       6.835903490416e-11       2.539071484867e-12       1.535244721554e-12       0.000000000000e+00       9.959014359686e-16       2.078830266538e-16       3.904071170771e-17 
 1558       6.792586265497e-11       2.555773153433e-12       1.506247818135e-12       0.000000000000e+00       9.933521623822e-16       2.055195639969e-16       3.927500354788e-17 
 1559       6.749621865087e-11       2.572304577875e-12       1.475918070560e-12       0.000000000000e+00       9.908108897286e-16       2.031846612232e-16       3.950379150556e-17 
 1560       6.707018849291e-11       2.588658673938e-12       1.444276067081e-12       0.000000000000e+00       9.882775896194e-16       2.008777934699e-16       3.972708276802e-17 
 1561       6.664785815652e-11       2.604828323929e-12       1.411342520491e-12       0.000000000000e+00       9.857522333173e-16       1.985984326959e-16       3.994488464599e-17 
 1562       6.622931399209e-11       2.620806376665e-12       1.377138268338e-12       0.000000000000e+00       9.832347917355e-16       1.963460476759e-16       4.015720457394e-17 
 1563       6.581464272551e-11       2.636585647420e-12       1.341684273131e-12       0.000000000000e+00       9.807252354369e-16       1.941201039957e-16       4.036405011028e-17 
 1564       6.540393145875e-11       2.652158917877e-12       1.305001622555e-12       0.000000000000e+00       9.782235346336e-16       1.919200640465e-16       4.056542893763e-17 
 1565       6.499726767041e-11       2.667518936072e-12       1.267111529673e-12       0.000000000000e+00       9.757296591858e-16       1.897453870193e-16       4.076134886306e-17 
 1566       6.459473921629e-11       2.682658416342e-12       1.228035333140e-12       0.000000000000e+00       9.732435786016e-16       1.875955289002e-16       4.095181781836e-17 
 1567       6.419643432995e-11       2.697570039276e-12       1.187794497413e-12       0.000000000000e+00       9.707652620360e-16       1.854699424642e-16       4.113684386022e-17 
 1568       6.380244162327e-11       2.712246451661e-12       1.146410612958e-12       0.000000000000e+00       9.682946782904e-16       1.833680772707e-16       4.131643517056e-17 
 1569       6.341285008699e-11       2.726680266432e-12       1.103905396458e-12       0.000000000000e+00       9.658317958116e-16       1.812893796573e-16       4.149060005668e-17 
 1570       6.302774909132e-11       2.740864062618e-12       1.060300691028e-12       0.000000000000e+00       9.633765826915e-16       1.792332927350e-16       4.165934695162e-17 
 1571       6.264722838646e-11       2.754790385289e-12       1.015618466418e-12       0.000000000000e+00       9.609290066660e-16       1.771992563826e-16       4.182268441429e-17 
 1572       6.227137810318e-11       2.768451745508e-12       9.698808192274e-13       0.000000000000e+00       9.584890351147e-16       1.751867072414e-16       4.198062112980e-17 
 1573       6.190028875337e-11       2.781840620277e-12       9.231099731114e-13       0.000000000000e+00       9.560566350600e-16       1.731950787100e-16       4.213316590965e-17 
 1574       6.153405123062e-11       2.794949452484e-12       8.753282789912e-13       0.000000000000e+00       9.536317731663e-16       1.712238009383e-16       4.228032769201e-17 
 1575       6.117275681077e-11       2.807770650854e-12       8.265582152635e-13       0.000000000000e+00       9.512144157396e-16       1.692723008231e-16       4.242211554197e-17 
 1576       6.081649715245e-11       2.820296589892e-12       7.768223880100e-13       0.000000000000e+00       9.488045287265e-16       1.673400020018e-16       4.255853865173e-17 
 1577       6.046536429770e-11       2.832519609838e-12       7.261435312062e-13       0.000000000000e+00       9.464020777138e-16       1.654263248477e-16       4.268960634092e-17 
 1578       6.011945067246e-11       2.844432016608e-12       6.745445069316e-13       0.000000000000e+00       9.440070279275e-16       1.635306864642e-16       4.281532805678e-17 
 1579       5.977884908719e-11       2.856026081749e-12       6.220483055783e-13       0.000000000000e+00       9.416193442324e-16       1.616525006797e-16       4.293571337446e-17 
 1580       5.944363770262e-11       2.867295064459e-12       5.686785518750e-13       0.000000000000e+00       9.392389939366e-16       1.597912101059e-16       4.305077432121e-17 
 1581       5.911383477372e-11       2.878236288122e-12       5.144610276609e-13       0.000000000000e+00       9.368659552356e-16       1.579463826482e-16       4.316053237208e-17 
 1582       5.878944348786e-11       2.888848092160e-12       4.594221636275e-13       0.000000000000e+00       9.345002088453e-16       1.561176158783e-16       4.326501151950e-17 
 1583       5.847046696138e-11       2.899128812530e-12       4.035885350172e-13       0.000000000000e+00       9.321417352027e-16       1.543045050473e-16       4.336423595554e-17 
 1584       5.815690823943e-11       2.909076781729e-12       3.469868618569e-13       0.000000000000e+00       9.297905144655e-16       1.525066430825e-16       4.345823007221e-17 
 1585       5.784877029584e-11       2.918690328784e-12       2.896440091919e-13       0.000000000000e+00       9.274465265118e-16       1.507236205828e-16       4.354701846190e-17 
 1586       5.754605603293e-11       2.927967779254e-12       2.315869873195e-13       0.000000000000e+00       9.251097509393e-16       1.489550258158e-16       4.363062591766e-17 
 1587       5.724876828133e-11       2.936907455227e-12       1.728429520227e-13       0.000000000000e+00       9.227801670646e-16       1.472004447130e-16       4.370907743362e-17 
 1588       5.695690979988e-11       2.945507675314e-12       1.134392048038e-13       0.000000000000e+00       9.204577539230e-16       1.454594608667e-16       4.378239820528e-17 
 1589       5.667048327543e-11       2.953766754649e-12       5.340319311803e-14       0.000000000000e+00       9.181424902676e-16       1.437316555259e-16       4.385061362995e-17 
 1590       5.638949132266e-11       2.961683004886e-12      -7.237489392545e-15       0.000000000000e+00       9.158343545691e-16       1.420166075924e-16       4.391374930702e-17 
 1591       5.611393648397e-11       2.969254734194e-12      -6.845510266559e-14       0.000000000000e+00       9.135333250149e-16       1.403138936170e-16       4.397183103839e-17 
 1592       5.584382122928e-11       2.976480247256e-12      -1.302217599847e-13       0.000000000000e+00       9.112393795087e-16       1.386230877960e-16       4.402488482878e-17 
 1593       5.557914795590e-11       2.983357845267e-12      -1.925094277458e-13       0.000000000000e+00       9.089524956699e-16       1.369437619668e-16       4.407293688610e-17 
 1594       5.531991898832e-11       2.989885825930e-12      -2.552899252234e-13       0.000000000000e+00       9.066726508332e-16       1.352754856046e-16       4.411601362181e-17 
 1595       5.506613657810e-11       2.996062483451e-12      -3.185349243369e-13       0.000000000000e+00       9.043998220478e-16       1.336178258181e-16       4.415414165129e-17 
 1596       5.481780290370e-11       3.001886108540e-12      -3.822159494170e-13       0.000000000000e+00       9.021339860769e-16       1.319703473461e-16       4.418734779416e-17 
 1597       5.457492007030e-11       3.007354988407e-12      -4.463043769721e-13       0.000000000000e+00       8.998751193974e-16       1.303326125535e-16       4.421565907467e-17 
 1598       5.433749010964e-11       3.012467406759e-12      -5.107714354543e-13       0.000000000000e+00       8.976231981988e-16       1.287041814273e-16       4.423910272206e-17 
 1599       5.410551497989e-11       3.017221643795e-12      -5.755882050261e-13       0.000000000000e+00       8.953781983833e-16       1.270846115731e-16       4.425770617088e-17 
 1600       5.387899656544e-11       3.021615976206e-12      -6.407256173265e-13       0.000000000000e+00       8.931400955648e-16       1.254734582111e-16       4.427149706138e-17 
 1601       5.365793667680e-11       3.025648677173e-12      -7.061544552374e-13       0.000000000000e+00       8.909088650685e-16       1.238702741722e-16       4.428050323986e-17 
 1602       5.344233705037e-11       3.029318016360e-12      -7.718453526499e-13       0.000000000000e+00       8.886844819301e-16       1.222746098942e-16       4.428475275903e-17 
 1603       5.323219934835e-11       3.032622259915e-12      -8.377687942307e-13       0.000000000000e+00       8.864669208956e-16       1.206860134181e-16       4.428427387833e-17 
 1604       5.302752515853e-11       3.035559670466e-12      -9.038951151883e-13       0.000000000000e+00       8.842561564207e-16       1.191040303843e-16       4.427909506436e-17 
 1605       5.282831599414e-11       3.038128507117e-12      -9.701945010393e-13       0.000000000000e+00       8.820521626699e-16       1.175282040284e-16       4.426924499117e-17 
 1606       5.263457329369e-11       3.040327025448e-12      -1.036636987375e-12       0.000000000000e+00       8.798549135164e-16       1.159580751779e-16       4.425475254063e-17 
 1607       5.244629842084e-11       3.042153477507e-12      -1.103192459628e-12       0.000000000000e+00       8.776643825410e-16       1.143931822480e-16       4.423564680283e-17 
 1608       5.226349266419e-11       3.043606111816e-12      -1.169830652836e-12       0.000000000000e+00       8.754805430321e-16       1.128330612378e-16       4.421195707638e-17 
 1609       5.208615723713e-11       3.044683173357e-12      -1.236521151413e-12       0.000000000000e+00       8.733033679849e-16       1.112772457268e-16       4.418371286881e-17 
 1610       5.191429327773e-11       3.045382903578e-12      -1.303233388912e-12       0.000000000000e+00       8.711328301006e-16       1.097252668704e-16       4.415094389688e-17 
 1611       5.174790184851e-11       3.045703540387e-12      -1.369936647790e-12       0.000000000000e+00       8.689689017864e-16       1.081766533971e-16       4.411368008700e-17 
 1612       5.158698393632e-11       3.045643318150e-12      -1.436600059179e-12       0.000000000000e+00       8.668115551543e-16       1.066309316035e-16       4.407195157554e-17 
 1613       5.143154045216e-11       3.045200467685e-12      -1.503192602650e-12       0.000000000000e+00       8.646607620211e-16       1.050876253513e-16       4.402578870918e-17 
 1614       5.128157223104e-11       3.044373216263e-12      -1.569683105976e-12       0.000000000000e+00       8.625164939074e-16       1.035462560633e-16       4.397522204532e-17 
 1615       5.113708003181e-11       3.043159787605e-12      -1.636040244904e-12       0.000000000000e+00       8.603787220375e-16       1.020063427194e-16       4.392028235237e-17 
 1616       5.099806453699e-11       3.041558401876e-12      -1.702232542919e-12       0.000000000000e+00       8.582474173384e-16       1.004674018527e-16       4.386100061016e-17 
 1617       5.086452635262e-11       3.039567275686e-12      -1.768228371010e-12       0.000000000000e+00       8.561225504393e-16       9.892894754611e-17       4.379740801028e-17 
 1618       5.073646600809e-11       3.037184622085e-12      -1.833995947434e-12       0.000000000000e+00       8.540040916715e-16       9.739049142807e-17       4.372953595642e-17 
 1619       5.061387377364e-11       3.034409539234e-12      -1.899505546374e-12       0.000000000000e+00       8.518920133800e-16       9.585167712935e-17       4.365741594335e-17 
 1620       5.049669901256e-11       3.031244685213e-12      -1.964736146199e-12       0.000000000000e+00       8.497862968851e-16       9.431268498924e-17       4.358107919192e-17 
 1621       5.038488055172e-11       3.027693627380e-12      -2.029668840810e-12       0.000000000000e+00       8.476869255827e-16       9.277383099868e-17       4.350055701145e-17 
 1622       5.027835683817e-11       3.023759955926e-12      -2.094284636075e-12       0.000000000000e+00       8.455938826370e-16       9.123543267410e-17       4.341588092120e-17 
 1623       5.017706593849e-11       3.019447283911e-12      -2.158564449694e-12       0.000000000000e+00       8.435071509800e-16       8.969780905974e-17       4.332708265072e-17 
 1624       5.008094553821e-11       3.014759247307e-12      -2.222489111069e-12       0.000000000000e+00       8.414267133110e-16       8.816128072994e-17       4.323419414019e-17 
 1625       4.998993294115e-11       3.009699505032e-12      -2.286039361172e-12       0.000000000000e+00       8.393525520964e-16       8.662616979151e-17       4.313724754079e-17 
 1626       4.990396506879e-11       3.004271738988e-12      -2.349195852409e-12       0.000000000000e+00       8.372846495687e-16       8.509279988605e-17       4.303627521504e-17 
 1627       4.982297845965e-11       2.998479654101e-12      -2.411939148487e-12       0.000000000000e+00       8.352229877268e-16       8.356149619223e-17       4.293130973713e-17 
 1628       4.974690926868e-11       2.992326978356e-12      -2.474249724289e-12       0.000000000000e+00       8.331675483348e-16       8.203258542816e-17       4.282238389331e-17 
 1629       4.967569326662e-11       2.985817462838e-12      -2.536107965730e-12       0.000000000000e+00       8.311183129220e-16       8.050639585369e-17       4.270953068221e-17 
 1630       4.960926583936e-11       2.978954881766e-12      -2.597494169634e-12       0.000000000000e+00       8.290752627824e-16       7.898325727277e-17       4.259278331524e-17 
 1631       4.954756198734e-11       2.971743032535e-12      -2.658388543597e-12       0.000000000000e+00       8.270383789742e-16       7.746350103569e-17       4.247217521686e-17 
 1632       4.949051632489e-11       2.964185735751e-12      -2.718771205854e-12       0.000000000000e+00       8.250076423190e-16       7.594746004152e-17       4.234774002500e-17 
 1633       4.943806307966e-11       2.956286835269e-12      -2.778622185147e-12       0.000000000000e+00       8.229830334022e-16       7.443546874034e-17       4.221951159139e-17 
 1634       4.939013609192e-11       2.948050198233e-12      -2.837921420596e-12       0.000000000000e+00       8.209645325716e-16       7.292786313561e-17       4.208752398190e-17 
 1635       4.934666881399e-11       2.939479715112e-12      -2.896648761559e-12       0.000000000000e+00       8.189521199376e-16       7.142498078647e-17       4.195181147693e-17 
 1636       4.930759430959e-11       2.930579299736e-12      -2.954783967507e-12       0.000000000000e+00       8.169457753723e-16       6.992716081009e-17       4.181240857168e-17 
 1637       4.927284525323e-11       2.921352889340e-12      -3.012306707885e-12       0.000000000000e+00       8.149454785096e-16       6.843474388398e-17       4.166934997661e-17 
 1638       4.924235392954e-11       2.911804444594e-12      -3.069196561986e-12       0.000000000000e+00       8.129512087440e-16       6.694807224831e-17       4.152267061770e-17 
 1639       4.921605223271e-11       2.901937949647e-12      -3.125433018811e-12       0.000000000000e+00       8.109629452310e-16       6.546748970825e-17       4.137240563685e-17 
 1640       4.919387166581e-11       2.891757412163e-12      -3.180995476943e-12       0.000000000000e+00       8.089806668858e-16       6.399334163627e-17       4.121859039221e-17 
 1641       4.917574334018e-11       2.881266863356e-12      -3.235863244410e-12       0.000000000000e+00       8.070043523835e-16       6.252597497448e-17       4.106126045854e-17 
 1642       4.916159797480e-11       2.870470358032e-12      -3.290015538554e-12       0.000000000000e+00       8.050339801584e-16       6.106573823695e-17       4.090045162758e-17 
 1643       4.915136589570e-11       2.859371974625e-12      -3.343431485899e-12       0.000000000000e+00       8.030695284034e-16       5.961298151205e-17       4.073619990836e-17 
 1644       4.914497703525e-11       2.847975815235e-12      -3.396090122017e-12       0.000000000000e+00       8.011109750699e-16       5.816805646475e-17       4.056854152758e-17 
 1645       4.914236093164e-11       2.836286005665e-12      -3.447970391397e-12       0.000000000000e+00       7.991582978668e-16       5.673131633894e-17       4.039751292995e-17 
 1646       4.914344672816e-11       2.824306695460e-12      -3.499051147310e-12       0.000000000000e+00       7.972114742609e-16       5.530311595980e-17       4.022315077856e-17 
 1647       4.914816317264e-11       2.812042057945e-12      -3.549311151680e-12       0.000000000000e+00       7.952704814755e-16       5.388381173607e-17       4.004549195520e-17 
 1648       4.915643861676e-11       2.799496290262e-12      -3.598729074947e-12       0.000000000000e+00       7.933352964907e-16       5.247376166239e-17       3.986457356074e-17 
 1649       4.916820101550e-11       2.786673613407e-12      -3.647283495937e-12       0.000000000000e+00       7.914058960423e-16       5.107332532166e-17       3.968043291546e-17 
 1650       4.918337792644e-11       2.773578272270e-12      -3.694952901731e-12       0.000000000000e+00       7.894822566219e-16       4.968286388730e-17       3.949310755943e-17 
 1651       4.920189650919e-11       2.760214535673e-12      -3.741715687529e-12       0.000000000000e+00       7.875643544764e-16       4.830274012563e-17       3.930263525281e-17 
 1652       4.922368352472e-11       2.746586696404e-12      -3.787550156518e-12       0.000000000000e+00       7.856521656069e-16       4.693331839817e-17       3.910905397627e-17 
 1653       4.924866533477e-11       2.732699071260e-12      -3.832434519741e-12       0.000000000000e+00       7.837456657692e-16       4.557496466397e-17       3.891240193128e-17 
 1654       4.927676790120e-11       2.718556001081e-12      -3.876346895965e-12       0.000000000000e+00       7.818448304726e-16       4.422804648192e-17       3.871271754050e-17 
 1655       4.930791678537e-11       2.704161850789e-12      -3.919265311544e-12       0.000000000000e+00       7.799496349797e-16       4.289293301310e-17       3.851003944810e-17 
 1656       4.934203714751e-11       2.689521009427e-12      -3.961167700293e-12       0.000000000000e+00       7.780600543062e-16       4.156999502307e-17       3.830440652016e-17 
 1657       4.937905374610e-11       2.674637890196e-12      -4.002031903347e-12       0.000000000000e+00       7.761760632201e-16       4.025960488423e-17       3.809585784496e-17 
 1658       4.941889021245e-11       2.659517187678e-12      -4.041838982907e-12       0.000000000000e+00       7.742976381643e-16       3.896213125547e-17       3.788443303166e-17 
 1659       4.946146686878e-11       2.644164651925e-12      -4.080583195682e-12       0.000000000000e+00       7.724247630447e-16       3.767792306512e-17       3.767017310842e-17 
 1660       4.950670288962e-11       2.628586321278e-12      -4.118262107188e-12       0.000000000000e+00       7.705574234921e-16       3.640732539131e-17       3.745311963287e-17 
 1661       4.955451702422e-11       2.612788265847e-12      -4.154873285874e-12       0.000000000000e+00       7.686956049441e-16       3.515068477386e-17       3.723331439496e-17 
 1662       4.960482759590e-11       2.596776587563e-12      -4.190414303138e-12       0.000000000000e+00       7.668392926440e-16       3.390834921638e-17       3.701079941727e-17 
 1663       4.965755250136e-11       2.580557420225e-12      -4.224882733335e-12       0.000000000000e+00       7.649884716409e-16       3.268066818837e-17       3.678561695541e-17 
 1664       4.971260921005e-11       2.564136929551e-12      -4.258276153791e-12       0.000000000000e+00       7.631431267892e-16       3.146799262730e-17       3.655780949837e-17 
 1665       4.976991476349e-11       2.547521313226e-12      -4.290592144816e-12       0.000000000000e+00       7.613032427481e-16       3.027067494073e-17       3.632741976887e-17 
 1666       4.982938577463e-11       2.530716800949e-12      -4.321828289714e-12       0.000000000000e+00       7.594688039815e-16       2.908906900836e-17       3.609449072378e-17 
 1667       4.989093842720e-11       2.513729654486e-12      -4.351982174797e-12       0.000000000000e+00       7.576397947575e-16       2.792353018414e-17       3.585906555440e-17 
 1668       4.995448847501e-11       2.496566167716e-12      -4.381051389393e-12       0.000000000000e+00       7.558161991479e-16       2.677441529839e-17       3.562118768691e-17 
 1669       5.001995124133e-11       2.479232666682e-12      -4.409033525864e-12       0.000000000000e+00       7.539980010280e-16       2.564208265984e-17       3.538090078267e-17 
 1670       5.008724161823e-11       2.461735509639e-12      -4.435926179612e-12       0.000000000000e+00       7.521851840762e-16       2.452689205775e-17       3.513824873860e-17 
 1671       5.015627406589e-11       2.444081087103e-12      -4.461726949094e-12       0.000000000000e+00       7.503777317735e-16       2.342920476402e-17       3.489327568759e-17 
 1672       5.022696261199e-11       2.426275821900e-12      -4.486433435836e-12       0.000000000000e+00       7.485756274035e-16       2.234938353526e-17       3.464602599880e-17 
 1673       5.029922085101e-11       2.408326169216e-12      -4.510043244439e-12       0.000000000000e+00       7.467788540515e-16       2.128779261486e-17       3.439654427804e-17 
 1674       5.037296194359e-11       2.390238616645e-12      -4.532553982596e-12       0.000000000000e+00       7.449873946046e-16       2.024479773513e-17       3.414487536818e-17 
 1675       5.044809861587e-11       2.372019684239e-12      -4.553963261104e-12       0.000000000000e+00       7.432012317509e-16       1.922076611935e-17       3.389106434944e-17 
 1676       5.052454315883e-11       2.353675924557e-12      -4.574268693872e-12       0.000000000000e+00       7.414203479797e-16       1.821606648390e-17       3.363515653984e-17 
 1677       5.060220742765e-11       2.335213922713e-12      -4.593467897937e-12       0.000000000000e+00       7.396447255804e-16       1.723106904033e-17       3.337719749548e-17 
 1678       5.068100284101e-11       2.316640296426e-12      -4.611558493473e-12       0.000000000000e+00       7.378743466430e-16       1.626614549743e-17       3.311723301096e-17 
 1679       5.076084038046e-11       2.297961696067e-12      -4.628538103805e-12       0.000000000000e+00       7.361091930569e-16       1.532166906336e-17       3.285530911973e-17 
 1680       5.084163058978e-11       2.279184804713e-12      -4.644404355421e-12       0.000000000000e+00       7.343492465110e-16       1.439801444775e-17       3.259147209443e-17 
 1681       5.092328357429e-11       2.260316338191e-12      -4.659154877981e-12       0.000000000000e+00       7.325944884933e-16       1.349555786373e-17       3.232576844731e-17 
 1682       5.100570900019e-11       2.241363045129e-12      -4.672787304334e-12       0.000000000000e+00       7.308449002902e-16       1.261467703010e-17       3.205824493054e-17 
 1683       5.108881609394e-11       2.222331707006e-12      -4.685299270525e-12       0.000000000000e+00       7.291004629868e-16       1.175575117334e-17       3.178894853659e-17 
 1684       5.117251364154e-11       2.203229138199e-12      -4.696688415809e-12       0.000000000000e+00       7.273611574658e-16       1.091916102979e-17       3.151792649862e-17 
 1685       5.125670998794e-11       2.184062186033e-12      -4.706952382666e-12       0.000000000000e+00       7.256269644076e-16       1.010528884768e-17       3.124522629079e-17 
 1686       5.134131303635e-11       2.164837730831e-12      -4.716088816805e-12       0.000000000000e+00       7.238978642897e-16       9.314518389218e-18       3.097089562870e-17 
 1687       5.142623024755e-11       2.145562685962e-12      -4.724095367186e-12       0.000000000000e+00       7.221738373864e-16       8.547234932736e-18       3.069498246967e-17 
 1688       5.151136863930e-11       2.126243997891e-12      -4.730969686023e-12       0.000000000000e+00       7.204548637685e-16       7.803825274733e-18       3.041753501317e-17 
 1689       5.159663478563e-11       2.106888646226e-12      -4.736709428804e-12       0.000000000000e+00       7.187409233029e-16       7.084677731985e-18       3.013860170116e-17 
 1690       5.168193481619e-11       2.087503643769e-12      -4.741312254294e-12       0.000000000000e+00       7.170319956522e-16       6.390182143637e-18       2.985823121846e-17 
 1691       5.176717441561e-11       2.068096036565e-12      -4.744775824555e-12       0.000000000000e+00       7.153280602742e-16       5.720729873290e-18       2.957647249308e-17 
 1692       5.185225882283e-11       2.048672903951e-12      -4.747097804955e-12       0.000000000000e+00       7.136290964219e-16       5.076713811098e-18       2.929337469665e-17 
 1693       5.193709283044e-11       2.029241358603e-12      -4.748275864178e-12       0.000000000000e+00       7.119350831428e-16       4.458528375857e-18       2.900898724472e-17 
 1694       5.202158078403e-11       2.009808546588e-12      -4.748307674238e-12       0.000000000000e+00       7.102459992785e-16       3.866569517100e-18       2.872335979718e-17 
 1695       5.210562658151e-11       1.990381647412e-12      -4.747190910492e-12       0.000000000000e+00       7.085618234646e-16       3.301234717183e-18       2.843654225857e-17 
 1696       5.218913367249e-11       1.970967874067e-12      -4.744923251650e-12       0.000000000000e+00       7.068825341302e-16       2.762922993384e-18       2.814858477848e-17 
 1697       5.227201239176e-11       1.951574106175e-12      -4.741504879286e-12       0.000000000000e+00       7.052081111053e-16       2.251909651978e-18       2.785953552739e-17 
 1698       5.235420203030e-11       1.932205785856e-12      -4.736945999925e-12       0.000000000000e+00       7.035385404586e-16       1.767969365412e-18       2.756943400248e-17 
 1699       5.243564895324e-11       1.912868012433e-12      -4.731259387833e-12       0.000000000000e+00       7.018738097005e-16       1.310749849524e-18       2.727831766484e-17 
 1700       5.251629928266e-11       1.893565908517e-12      -4.724457891523e-12       0.000000000000e+00       7.002139061794e-16       8.798968134725e-19       2.698622415899e-17 
 1701       5.259609889720e-11       1.874304620037e-12      -4.716554433870e-12       0.000000000000e+00       6.985588170805e-16       4.750539566068e-19       2.669319131317e-17 
 1702       5.267499343171e-11       1.855089316271e-12      -4.707562012228e-12       0.000000000000e+00       6.969085294264e-16       9.586296534742e-20       2.639925713962e-17 
 1703       5.275292827691e-11       1.835925189887e-12      -4.697493698543e-12       0.000000000000e+00       6.952630300762e-16      -2.580364899394e-19       2.610445983484e-17 
 1704       5.282984857903e-11       1.816817456972e-12      -4.686362639475e-12       0.000000000000e+00       6.936223057253e-16      -5.870067580660e-19       2.580883777987e-17 
 1705       5.290569923946e-11       1.797771357063e-12      -4.674182056508e-12       0.000000000000e+00       6.919863429053e-16      -8.914122101466e-19       2.551242954053e-17 
 1706       5.298042491439e-11       1.778792153189e-12      -4.660965246067e-12       0.000000000000e+00       6.903551279836e-16      -1.171619242722e-18       2.521527386775e-17 
 1707       5.305397001446e-11       1.759885131897e-12      -4.646725579638e-12       0.000000000000e+00       6.887286471629e-16      -1.427996280883e-18       2.491740969780e-17 
 1708       5.312627870443e-11       1.741055603290e-12      -4.631476503882e-12       0.000000000000e+00       6.871068864814e-16      -1.660913781395e-18       2.461887615255e-17 
 1709       5.319729490278e-11       1.722308901059e-12      -4.615231540747e-12       0.000000000000e+00       6.854898318119e-16      -1.870744235822e-18       2.431971253979e-17 
 1710       5.326696228140e-11       1.703650382519e-12      -4.598004287590e-12       0.000000000000e+00       6.838774688618e-16      -2.057862173649e-18       2.401995835346e-17 
 1711       5.333522426523e-11       1.685085428640e-12      -4.579808417292e-12       0.000000000000e+00       6.822697831728e-16      -2.222644165408e-18       2.371965327395e-17 
 1712       5.340202403189e-11       1.666619444081e-12      -4.560657678370e-12       0.000000000000e+00       6.806667601207e-16      -2.365468825803e-18       2.341883716833e-17 
 1713       5.346730451132e-11       1.648257857228e-12      -4.540565895098e-12       0.000000000000e+00       6.790683849149e-16      -2.486716816830e-18       2.311755009067e-17 
 1714       5.353100838547e-11       1.630006120220e-12      -4.519546967618e-12       0.000000000000e+00       6.774746425980e-16      -2.586770850904e-18       2.281583228230e-17 
 1715       5.359307808792e-11       1.611869708991e-12      -4.497614872061e-12       0.000000000000e+00       6.758855180458e-16      -2.666015693983e-18       2.251372417205e-17 
 1716       5.365345580350e-11       1.593854123299e-12      -4.474783660662e-12       0.000000000000e+00       6.743009959670e-16      -2.724838168691e-18       2.221126637655e-17 
 1717       5.371208346800e-11       1.575964886761e-12      -4.451067461872e-12       0.000000000000e+00       6.727210609025e-16      -2.763627157443e-18       2.190849970051e-17 
 1718       5.376890276776e-11       1.558207546887e-12      -4.426480480479e-12       0.000000000000e+00       6.711456972255e-16      -2.782773605568e-18       2.160546513697e-17 
 1719       5.382385513936e-11       1.540587675111e-12      -4.401036997721e-12       0.000000000000e+00       6.695748891410e-16      -2.782670524433e-18       2.130220386757e-17 
 1720       5.387688176921e-11       1.523110866831e-12      -4.374751371405e-12       0.000000000000e+00       6.680086206856e-16      -2.763712994567e-18       2.099875726284e-17 
 1721       5.392792359329e-11       1.505782741436e-12      -4.347638036018e-12       0.000000000000e+00       6.664468757272e-16      -2.726298168787e-18       2.069516688246e-17 
 1722       5.397692129669e-11       1.488608942345e-12      -4.319711502850e-12       0.000000000000e+00       6.648896379646e-16      -2.670825275321e-18       2.039147447555e-17 
 1723       5.402381531334e-11       1.471595137038e-12      -4.290986360104e-12       0.000000000000e+00       6.633368909272e-16      -2.597695620928e-18       2.008772198089e-17 
 1724       5.406854582562e-11       1.454747017089e-12      -4.261477273014e-12       0.000000000000e+00       6.617886179749e-16      -2.507312594030e-18       1.978395152728e-17 
 1725       5.411105276401e-11       1.438070298203e-12      -4.231198983963e-12       0.000000000000e+00       6.602448022974e-16      -2.400081667827e-18       1.948020543370e-17 
 1726       5.415127580674e-11       1.421570720246e-12      -4.200166312595e-12       0.000000000000e+00       6.587054269144e-16      -2.276410403430e-18       1.917652620969e-17 
 1727       5.418915437945e-11       1.405254047283e-12      -4.168394155937e-12       0.000000000000e+00       6.571704746748e-16      -2.136708452977e-18       1.887295655555e-17 
 1728       5.422462765481e-11       1.389126067608e-12      -4.135897488509e-12       0.000000000000e+00       6.556399282570e-16      -1.981387562762e-18       1.856953936264e-17 
 1729       5.425763455218e-11       1.373192593780e-12      -4.102691362443e-12       0.000000000000e+00       6.541137701679e-16      -1.810861576359e-18       1.826631771364e-17 
 1730       5.428811373729e-11       1.357459462655e-12      -4.068790907598e-12       0.000000000000e+00       6.525919827430e-16      -1.625546437741e-18       1.796333488284e-17 
 1731       5.431600362183e-11       1.341932535421e-12      -4.034211331679e-12       0.000000000000e+00       6.510745481462e-16      -1.425860194412e-18       1.766063433639e-17 
 1732       5.434124236314e-11       1.326617697634e-12      -3.998967920349e-12       0.000000000000e+00       6.495614483692e-16      -1.212223000522e-18       1.735825973258e-17 
 1733       5.436376786381e-11       1.311520859246e-12      -3.963076037347e-12       0.000000000000e+00       6.480526652314e-16      -9.850571199996e-19       1.705625492213e-17 
 1734       5.438351777141e-11       1.296647954644e-12      -3.926551124603e-12       0.000000000000e+00       6.465481803794e-16      -7.447869296698e-19       1.675466394842e-17 
 1735       5.440042947805e-11       1.282004942682e-12      -3.889408702357e-12       0.000000000000e+00       6.450479752870e-16      -4.918389223809e-19       1.645353104780e-17 
 1736       5.441445020877e-11       1.267597042623e-12      -3.851664813452e-12       0.000000000000e+00       6.435520326046e-16      -2.265943445827e-19       1.615289487352e-17 
 1737       5.442556738023e-11       1.253426434859e-12      -3.813337360081e-12       0.000000000000e+00       6.420603402204e-16       5.075333373422e-20       1.585277111373e-17 
 1738       5.443377849720e-11       1.239494540877e-12      -3.774444778542e-12       0.000000000000e+00       6.405728872332e-16       3.400570840873e-19       1.555316972754e-17 
 1739       5.443908108712e-11       1.225802785597e-12      -3.735005596209e-12       0.000000000000e+00       6.390896626049e-16       6.411690617605e-19       1.525410070804e-17 
 1740       5.444147270016e-11       1.212352597376e-12      -3.695038431668e-12       0.000000000000e+00       6.376106551602e-16       9.539406045653e-19       1.495557408237e-17 
 1741       5.444095090926e-11       1.199145408009e-12      -3.654561994853e-12       0.000000000000e+00       6.361358535867e-16       1.278222231602e-18       1.465759991178e-17 
 1742       5.443751331018e-11       1.186182652736e-12      -3.613595087174e-12       0.000000000000e+00       6.346652464344e-16       1.613863642019e-18       1.436018829165e-17 
 1743       5.443115752158e-11       1.173465770241e-12      -3.572156601659e-12       0.000000000000e+00       6.331988221157e-16       1.960713713776e-18       1.406334935150e-17 
 1744       5.442188118500e-11       1.160996202657e-12      -3.530265523078e-12       0.000000000000e+00       6.317365689046e-16       2.318620502404e-18       1.376709325511e-17 
 1745       5.440968196498e-11       1.148775395572e-12      -3.487940928084e-12       0.000000000000e+00       6.302784749373e-16       2.687431239766e-18       1.347143020050e-17 
 1746       5.439455754907e-11       1.136804798028e-12      -3.445201985346e-12       0.000000000000e+00       6.288245282112e-16       3.066992332817e-18       1.317637041998e-17 
 1747       5.437650564790e-11       1.125085862529e-12      -3.402067955678e-12       0.000000000000e+00       6.273747165850e-16       3.457149362368e-18       1.288192418022e-17 
 1748       5.435552399519e-11       1.113620045040e-12      -3.358558192178e-12       0.000000000000e+00       6.259290277783e-16       3.857747081841e-18       1.258810178226e-17 
 1749       5.433161034785e-11       1.102408804992e-12      -3.314692140359e-12       0.000000000000e+00       6.244874493716e-16       4.268629416038e-18       1.229491356157e-17 
 1750       5.430476248599e-11       1.091453605288e-12      -3.270489338284e-12       0.000000000000e+00       6.230499688059e-16       4.689639459896e-18       1.200236988809e-17 
 1751       5.427497821299e-11       1.080755912301e-12      -3.225969416697e-12       0.000000000000e+00       6.216165733823e-16       5.120619477248e-18       1.171048116625e-17 
 1752       5.424225535555e-11       1.070317195884e-12      -3.181152099162e-12       0.000000000000e+00       6.201872502620e-16       5.561410899587e-18       1.141925783507e-17 
 1753       5.420659176371e-11       1.060138929367e-12      -3.136057202190e-12       0.000000000000e+00       6.187619864658e-16       6.011854324826e-18       1.112871036812e-17 
 1754       5.416798531093e-11       1.050222589565e-12      -3.090704635380e-12       0.000000000000e+00       6.173407688743e-16       6.471789516057e-18       1.083884927363e-17 
 1755       5.412643389413e-11       1.040569656777e-12      -3.045114401545e-12       0.000000000000e+00       6.159235842272e-16       6.941055400313e-18       1.054968509450e-17 
 1756       5.408193543374e-11       1.031181614795e-12      -2.999306596852e-12       0.000000000000e+00       6.145104191230e-16       7.419490067331e-18       1.026122840834e-17 
 1757       5.403448787373e-11       1.022059950903e-12      -2.953301410955e-12       0.000000000000e+00       6.131012600193e-16       7.906930768309e-18       9.973489827530e-18 
 1758       5.398408918169e-11       1.013206155882e-12      -2.907119127123e-12       0.000000000000e+00       6.116960932319e-16       8.403213914669e-18       9.686479999251e-18 
 1759       5.393073734886e-11       1.004621724011e-12      -2.860780122382e-12       0.000000000000e+00       6.102949049352e-16       8.908175076820e-18       9.400209605522e-18 
 1760       5.387443039018e-11       9.963081530761e-13      -2.814304867642e-12       0.000000000000e+00       6.088976811613e-16       9.421648982915e-18       9.114689363248e-18 
 1761       5.381516634432e-11       9.882669443676e-13      -2.767713927835e-12       0.000000000000e+00       6.075044078003e-16       9.943469517613e-18       8.829930024264e-18 
 1762       5.375294327380e-11       9.804996026869e-13      -2.721027962045e-12       0.000000000000e+00       6.061150705997e-16       1.047346972084e-17       8.545942375372e-18 
 1763       5.368775926493e-11       9.730076363486e-13      -2.674267723646e-12       0.000000000000e+00       6.047296551642e-16       1.101148178656e-17       8.262737238384e-18 
 1764       5.361961242796e-11       9.657925571847e-13      -2.627454060432e-12       0.000000000000e+00       6.033481469556e-16       1.155733706151e-17       7.980325470165e-18 
 1765       5.354850089707e-11       9.588558805471e-13      -2.580607914754e-12       0.000000000000e+00       6.019705312927e-16       1.211086604398e-17       7.698717962676e-18 
 1766       5.347442283043e-11       9.521991253116e-13      -2.533750323650e-12       0.000000000000e+00       6.005967933504e-16       1.267189838260e-17       7.417925643010e-18 
 1767       5.339737641025e-11       9.458238138811e-13      -2.486902418982e-12       0.000000000000e+00       5.992269181601e-16       1.324026287502e-17       7.137959473442e-18 
 1768       5.331735984285e-11       9.397314721888e-13      -2.440085427567e-12       0.000000000000e+00       5.978608906093e-16       1.381578746677e-17       6.858830451464e-18 
 1769       5.323437135867e-11       9.339236297018e-13      -2.393320671316e-12       0.000000000000e+00       5.964986954413e-16       1.439829924996e-17       6.580549609832e-18 
 1770       5.314840921235e-11       9.284018194244e-13      -2.346629567358e-12       0.000000000000e+00       5.951403172546e-16       1.498762446204e-17       6.303128016601e-18 
 1771       5.305947168278e-11       9.231675779014e-13      -2.300033628185e-12       0.000000000000e+00       5.937857405034e-16       1.558358848459e-17       6.026576775176e-18 
 1772       5.296755707310e-11       9.182224452216e-13      -2.253554461777e-12       0.000000000000e+00       5.924349494967e-16       1.618601584206e-17       5.750907024346e-18 
 1773       5.287266371084e-11       9.135679650212e-13      -2.207213771741e-12       0.000000000000e+00       5.910879283985e-16       1.679473020055e-17       5.476129938330e-18 
 1774       5.277478994786e-11       9.092056844868e-13      -2.161033357442e-12       0.000000000000e+00       5.897446612269e-16       1.740955436655e-17       5.202256726816e-18 
 1775       5.267394105931e-11       9.051364919630e-13      -2.115033627555e-12       0.000000000000e+00       5.884051330359e-16       1.803029839755e-17       4.929299494830e-18 
 1776       5.257015000228e-11       9.013586237950e-13      -2.069229127050e-12       0.000000000000e+00       5.870693334674e-16       1.865672382920e-17       4.657273829991e-18 
 1777       5.246345682838e-11       8.978696410614e-13      -2.023632973597e-12       0.000000000000e+00       5.857372532279e-16       1.928857915080e-17       4.386196236667e-18 
 1778       5.235390180068e-11       8.946670904568e-13      -1.978258340884e-12       0.000000000000e+00       5.844088829091e-16       1.992561166496e-17       4.116083278163e-18 
 1779       5.224152539409e-11       8.917485042701e-13      -1.933118458685e-12       0.000000000000e+00       5.830842129881e-16       2.056756748593e-17       3.846951576789e-18 
 1780       5.212636829567e-11       8.891114003630e-13      -1.888226612946e-12       0.000000000000e+00       5.817632338272e-16       2.121419153790e-17       3.578817813945e-18 
 1781       5.200847140488e-11       8.867532821475e-13      -1.843596145856e-12       0.000000000000e+00       5.804459356737e-16       2.186522755331e-17       3.311698730186e-18 
 1782       5.188787583397e-11       8.846716385646e-13      -1.799240455929e-12       0.000000000000e+00       5.791323086596e-16       2.252041807118e-17       3.045611125301e-18 
 1783       5.176462290823e-11       8.828639440625e-13      -1.755172998077e-12       0.000000000000e+00       5.778223428013e-16       2.317950443536e-17       2.780571858388e-18 
 1784       5.163875416633e-11       8.813276585741e-13      -1.711407283688e-12       0.000000000000e+00       5.765160279997e-16       2.384222679291e-17       2.516597847927e-18 
 1785       5.151031136064e-11       8.800602274961e-13      -1.667956880706e-12       0.000000000000e+00       5.752133540398e-16       2.450832409236e-17       2.253706071853e-18 
 1786       5.137933645750e-11       8.790590816663e-13      -1.624835413704e-12       0.000000000000e+00       5.739143105905e-16       2.517753408203e-17       1.991913567637e-18 
 1787       5.124587163758e-11       8.783216373422e-13      -1.582056563966e-12       0.000000000000e+00       5.726188872043e-16       2.584959330836e-17       1.731237432352e-18 
 1788       5.110995929618e-11       8.778452961793e-13      -1.539634069558e-12       0.000000000000e+00       5.713270733175e-16       2.652423711418e-17       1.471694822753e-18 
 1789       5.097164204351e-11       8.776274452088e-13      -1.497581725411e-12       0.000000000000e+00       5.700388582494e-16       2.720119963705e-17       1.213302955350e-18 
 1790       5.083096270502e-11       8.776654568161e-13      -1.455913383395e-12       0.000000000000e+00       5.687542312027e-16       2.788021380755e-17       9.560791064841e-19 
 1791       5.068796432175e-11       8.779566887189e-13      -1.414642952396e-12       0.000000000000e+00       5.674731812628e-16       2.856101134759e-17       7.000406123989e-19 
 1792       5.054269015056e-11       8.784984839452e-13      -1.373784398395e-12       0.000000000000e+00       5.661956973980e-16       2.924332276875e-17       4.452048693178e-19 
 1793       5.039518366452e-11       8.792881708119e-13      -1.333351744543e-12       0.000000000000e+00       5.649217684589e-16       2.992687737052e-17       1.915893335171e-19 
 1794       5.024548855318e-11       8.803230629022e-13      -1.293359071241e-12       0.000000000000e+00       5.636513831784e-16       3.061140323870e-17      -6.078847859874e-20 
 1795       5.009364872289e-11       8.816004590445e-13      -1.253820516213e-12       0.000000000000e+00       5.623845301718e-16       3.129662724360e-17      -3.119109904229e-19 
 1796       4.993970829710e-11       8.831176432903e-13      -1.214750274588e-12       0.000000000000e+00       5.611211979360e-16       3.198227503847e-17      -5.617605650715e-19 
 1797       4.978371161670e-11       8.848718848921e-13      -1.176162598971e-12       0.000000000000e+00       5.598613748497e-16       3.266807105769e-17      -8.103195053091e-19 
 1798       4.962570324031e-11       8.868604382819e-13      -1.138071799528e-12       0.000000000000e+00       5.586050491730e-16       3.335373851518e-17      -1.057570053474e-18 
 1799       4.946572794458e-11       8.890805430492e-13      -1.100492244056e-12       0.000000000000e+00       5.573522090475e-16       3.403899940262e-17      -1.303494391405e-18 
 1800       4.930383072455e-11       8.915294239194e-13      -1.063438358064e-12       0.000000000000e+00       5.561028424956e-16       3.472357448783e-17      -1.548074640363e-18 
 1801       4.914005679390e-11       8.942042907315e-13      -1.026924624850e-12       0.000000000000e+00       5.548569374208e-16       3.540718331304e-17      -1.791292860963e-18 
 1802       4.897445158529e-11       8.971023384167e-13      -9.909655855754e-13       0.000000000000e+00       5.536144816072e-16       3.608954419321e-17      -2.033131053092e-18 
 1803       4.880706075069e-11       9.002207469762e-13      -9.555758393454e-13       0.000000000000e+00       5.523754627193e-16       3.677037421432e-17      -2.273571155841e-18 
 1804       4.863793016165e-11       9.035566814597e-13      -9.207700432847e-13       0.000000000000e+00       5.511398683021e-16       3.744938923172e-17      -2.512595047426e-18 
 1805       4.846710590966e-11       9.071072919433e-13      -8.865629126145e-13       0.000000000000e+00       5.499076857805e-16       3.812630386839e-17      -2.750184545116e-18 
 1806       4.829463430641e-11       9.108697135079e-13      -8.529692207300e-13       0.000000000000e+00       5.486789024591e-16       3.880083151329e-17      -2.986321405156e-18 
 1807       4.812056188415e-11       9.148410662171e-13      -8.200037992772e-13       0.000000000000e+00       5.474535055226e-16       3.947268431963e-17      -3.220987322697e-18 
 1808       4.794493539595e-11       9.190184550955e-13      -7.876815382305e-13       0.000000000000e+00       5.462314820347e-16       4.014157320320e-17      -3.454163931715e-18 
 1809       4.776780181606e-11       9.233989701067e-13      -7.560173859696e-13       0.000000000000e+00       5.450128189387e-16       4.080720784069e-17      -3.685832804942e-18 
 1810       4.758920834020e-11       9.279796861319e-13      -7.250263493565e-13       0.000000000000e+00       5.437975030568e-16       4.146929666798e-17      -3.915975453788e-18 
 1811       4.740920238587e-11       9.327576629476e-13      -6.947234938129e-13       0.000000000000e+00       5.425855210900e-16       4.212754687844e-17      -4.144573328271e-18 
 1812       4.722783159265e-11       9.377299452038e-13      -6.651239433970e-13       0.000000000000e+00       5.413768596181e-16       4.278166442127e-17      -4.371607816935e-18 
 1813       4.704514382254e-11       9.428935624024e-13      -6.362428808813e-13       0.000000000000e+00       5.401715050992e-16       4.343135399977e-17      -4.597060246782e-18 
 1814       4.686118779330e-11       9.482452960305e-13      -6.080932408229e-13       0.000000000000e+00       5.389694447890e-16       4.407638583361e-17      -4.820913869299e-18 
 1815       4.667601498344e-11       9.537809789501e-13      -5.806787682752e-13       0.000000000000e+00       5.377706695060e-16       4.471679653780e-17      -5.043159836216e-18 
 1816       4.648967774322e-11       9.594961903133e-13      -5.540009042350e-13       0.000000000000e+00       5.365751708884e-16       4.535268986082e-17      -5.263791271804e-18 
 1817       4.630222866332e-11       9.653864878632e-13      -5.280610875583e-13       0.000000000000e+00       5.353829404760e-16       4.598417006854e-17      -5.482801291149e-18 
 1818       4.611372057522e-11       9.714474079039e-13      -5.028607549534e-13       0.000000000000e+00       5.341939697108e-16       4.661134194498e-17      -5.700183000146e-18 
 1819       4.592420655148e-11       9.776744652703e-13      -4.784013409743e-13       0.000000000000e+00       5.330082499363e-16       4.723431079303e-17      -5.915929495500e-18 
 1820       4.573373990608e-11       9.840631532972e-13      -4.546842780134e-13       0.000000000000e+00       5.318257723974e-16       4.785318243517e-17      -6.130033864723e-18 
 1821       4.554237419482e-11       9.906089437897e-13      -4.317109962946e-13       0.000000000000e+00       5.306465282405e-16       4.846806321427e-17      -6.342489186129e-18 
 1822       4.535016321555e-11       9.973072869923e-13      -4.094829238664e-13       0.000000000000e+00       5.294705085131e-16       4.907905999429e-17      -6.553288528836e-18 
 1823       4.515716100860e-11       1.004153611559e-12      -3.880014865951e-13       0.000000000000e+00       5.282977041637e-16       4.968628016101e-17      -6.762424952761e-18 
 1824       4.496342185706e-11       1.011143324523e-12      -3.672681081576e-13       0.000000000000e+00       5.271281060414e-16       5.028983162283e-17      -6.969891508620e-18 
 1825       4.476900028712e-11       1.018271811264e-12      -3.472842100347e-13       0.000000000000e+00       5.259617048963e-16       5.088982281144e-17      -7.175681237923e-18 
 1826       4.457395106844e-11       1.025534435484e-12      -3.280512115039e-13       0.000000000000e+00       5.247984913788e-16       5.148636268262e-17      -7.379787172975e-18 
 1827       4.437832921442e-11       1.032926539170e-12      -3.095705296328e-13       0.000000000000e+00       5.236384560396e-16       5.207956071694e-17      -7.582202336872e-18 
 1828       4.418218998261e-11       1.040443442568e-12      -2.918435792716e-13       0.000000000000e+00       5.224815893295e-16       5.266952692054e-17      -7.782919743498e-18 
 1829       4.398558887499e-11       1.048080444149e-12      -2.748717730469e-13       0.000000000000e+00       5.213278815993e-16       5.325637182584e-17      -7.981932397526e-18 
 1830       4.378858163830e-11       1.055832820585e-12      -2.586565213542e-13       0.000000000000e+00       5.201773230998e-16       5.384020649229e-17      -8.179233294412e-18 
 1831       4.359122426444e-11       1.063695826711e-12      -2.431992323509e-13       0.000000000000e+00       5.190299039811e-16       5.442114250711e-17      -8.374815420396e-18 
 1832       4.339357299073e-11       1.071664695500e-12      -2.285013119499e-13       0.000000000000e+00       5.178856142930e-16       5.499929198607e-17      -8.568671752499e-18 
 1833       4.319568430028e-11       1.079734638031e-12      -2.145641638122e-13       0.000000000000e+00       5.167444439844e-16       5.557476757415e-17      -8.760795258519e-18 
 1834       4.299761492231e-11       1.087900843459e-12      -2.013891893400e-13       0.000000000000e+00       5.156063829036e-16       5.614768244637e-17      -8.951178897030e-18 
 1835       4.279942183252e-11       1.096158478983e-12      -1.889777876700e-13       0.000000000000e+00       5.144714207975e-16       5.671815030848e-17      -9.139815617382e-18 
 1836       4.260116225337e-11       1.104502689819e-12      -1.773313556661e-13       0.000000000000e+00       5.133395473120e-16       5.728628539770e-17      -9.326698359696e-18 
 1837       4.240289365446e-11       1.112928599166e-12      -1.664512879127e-13       0.000000000000e+00       5.122107519917e-16       5.785220248349e-17      -9.511820054862e-18 
 1838       4.220467375283e-11       1.121431308178e-12      -1.563389767078e-13       0.000000000000e+00       5.110850242794e-16       5.841601686828e-17      -9.695173624539e-18 
 1839       4.200656051333e-11       1.130005895934e-12      -1.469958120559e-13       0.000000000000e+00       5.099623535164e-16       5.897784438821e-17      -9.876751981150e-18 
 1840       4.180861214893e-11       1.138647419404e-12      -1.384231816611e-13       0.000000000000e+00       5.088427289418e-16       5.953780141384e-17      -1.005654802788e-17 
 1841       4.161088712105e-11       1.147350913425e-12      -1.306224709202e-13       0.000000000000e+00       5.077261396930e-16       6.009600485097e-17      -1.023455465869e-17 
 1842       4.141344413992e-11       1.156111390665e-12      -1.235950629157e-13       0.000000000000e+00       5.066125748050e-16       6.065257214130e-17      -1.041076475827e-17 
 1843       4.121634216487e-11       1.164923841595e-12      -1.173423384087e-13       0.000000000000e+00       5.055020232103e-16       6.120762126322e-17      -1.058517120209e-17 
 1844       4.101964040474e-11       1.173783234458e-12      -1.118656758326e-13       0.000000000000e+00       5.043944737390e-16       6.176127073254e-17      -1.075776685637e-17 
 1845       4.082339831812e-11       1.182684515240e-12      -1.071664512851e-13       0.000000000000e+00       5.032899151183e-16       6.231363960322e-17      -1.092854457808e-17 
 1846       4.062767561377e-11       1.191622607639e-12      -1.032460385223e-13       0.000000000000e+00       5.021883359727e-16       6.286484746813e-17      -1.109749721495e-17 
 1847       4.043253225089e-11       1.200592413033e-12      -1.001058089511e-13       0.000000000000e+00       5.010897248233e-16       6.341501445978e-17      -1.126461760543e-17 
 1848       4.023802843949e-11       1.209588810451e-12      -9.774713162254e-14       0.000000000000e+00       4.999940700883e-16       6.396426125106e-17      -1.142989857876e-17 
 1849       4.004422464073e-11       1.218606656546e-12      -9.617137322463e-14       0.000000000000e+00       4.989013600822e-16       6.451270905600e-17      -1.159333295489e-17 
 1850       3.985118156722e-11       1.227640785558e-12      -9.537989807566e-14       0.000000000000e+00       4.978115830161e-16       6.506047963047e-17      -1.175491354452e-17 
 1851       3.965896018337e-11       1.236686009288e-12      -9.537406811712e-14       0.000000000000e+00       4.967247269971e-16       6.560769527300e-17      -1.191463314909e-17 
 1852       3.946762170576e-11       1.245737117068e-12      -9.615524290676e-14       0.000000000000e+00       4.956407800288e-16       6.615447882541e-17      -1.207248456078e-17 
 1853       3.927722281194e-11       1.254789134423e-12      -9.772303639295e-14       0.000000000000e+00       4.945597308621e-16       6.670090620775e-17      -1.222845991021e-17 
 1854       3.908780122499e-11       1.263838101360e-12      -1.000700721994e-13       0.000000000000e+00       4.934815715596e-16       6.724686361129e-17      -1.238254870395e-17 
 1855       3.889939001582e-11       1.272880300164e-12      -1.031871869061e-13       0.000000000000e+00       4.924062949511e-16       6.779218917916e-17      -1.253473977150e-17 
 1856       3.871202238444e-11       1.281911997247e-12      -1.070651694398e-13       0.000000000000e+00       4.913338937843e-16       6.833672036892e-17      -1.268502191616e-17 
 1857       3.852573166018e-11       1.290929443117e-12      -1.116947610066e-13       0.000000000000e+00       4.902643607241e-16       6.888029395164e-17      -1.283338391500e-17 
 1858       3.834055130180e-11       1.299928872365e-12      -1.170666550240e-13       0.000000000000e+00       4.891976883526e-16       6.942274601101e-17      -1.297981451886e-17 
 1859       3.815651489771e-11       1.308906503641e-12      -1.231714970528e-13       0.000000000000e+00       4.881338691692e-16       6.996391194243e-17      -1.312430245230e-17 
 1860       3.797365616610e-11       1.317858539628e-12      -1.299998847296e-13       0.000000000000e+00       4.870728955899e-16       7.050362645207e-17      -1.326683641355e-17 
 1861       3.779200895512e-11       1.326781167030e-12      -1.375423676990e-13       0.000000000000e+00       4.860147599479e-16       7.104172355594e-17      -1.340740507456e-17 
 1862       3.761160724305e-11       1.335670556543e-12      -1.457894475453e-13       0.000000000000e+00       4.849594544926e-16       7.157803657903e-17      -1.354599708089e-17 
 1863       3.743248513845e-11       1.344522862836e-12      -1.547315777251e-13       0.000000000000e+00       4.839069713904e-16       7.211239815434e-17      -1.368260105176e-17 
 1864       3.725467688038e-11       1.353334224531e-12      -1.643591634995e-13       0.000000000000e+00       4.828573027238e-16       7.264464022199e-17      -1.381720557997e-17 
 1865       3.707821683847e-11       1.362100764180e-12      -1.746625618658e-13       0.000000000000e+00       4.818104404916e-16       7.317459402829e-17      -1.394979923190e-17 
 1866       3.690313951320e-11       1.370818588245e-12      -1.856320814902e-13       0.000000000000e+00       4.807663766088e-16       7.370209012483e-17      -1.408037054748e-17 
 1867       3.672947953598e-11       1.379483787077e-12      -1.972579826397e-13       0.000000000000e+00       4.797251029061e-16       7.422695836759e-17      -1.420890804016e-17 
 1868       3.655727166935e-11       1.388092434891e-12      -2.095304771143e-13       0.000000000000e+00       4.786866111304e-16       7.474902791596e-17      -1.433540019691e-17 
 1869       3.638655080716e-11       1.396640589752e-12      -2.224397281790e-13       0.000000000000e+00       4.776508929441e-16       7.526812723189e-17      -1.445983547816e-17 
 1870       3.621735197473e-11       1.405124293545e-12      -2.359758504962e-13       0.000000000000e+00       4.766179399251e-16       7.578408407894e-17      -1.458220231779e-17 
 1871       3.604971032897e-11       1.413539571960e-12      -2.501289100580e-13       0.000000000000e+00       4.755877435667e-16       7.629672552136e-17      -1.470248912312e-17 
 1872       3.588366115864e-11       1.421882434469e-12      -2.648889241179e-13       0.000000000000e+00       4.745602952776e-16       7.680587792320e-17      -1.482068427484e-17 
 1873       3.571923988443e-11       1.430148874303e-12      -2.802458611234e-13       0.000000000000e+00       4.735355863815e-16       7.731136694737e-17      -1.493677612706e-17 
 1874       3.555648205916e-11       1.438334868434e-12      -2.961896406478e-13       0.000000000000e+00       4.725136081173e-16       7.781301755472e-17      -1.505075300720e-17 
 1875       3.539542336798e-11       1.446436377550e-12      -3.127101333227e-13       0.000000000000e+00       4.714943516384e-16       7.831065400316e-17      -1.516260321603e-17 
 1876       3.523609962848e-11       1.454449346037e-12      -3.297971607699e-13       0.000000000000e+00       4.704778080132e-16       7.880409984668e-17      -1.527231502762e-17 
 1877       3.507854679088e-11       1.462369701956e-12      -3.474404955339e-13       0.000000000000e+00       4.694639682245e-16       7.929317793452e-17      -1.537987668931e-17 
 1878       3.492280093822e-11       1.470193357021e-12      -3.656298610136e-13       0.000000000000e+00       4.684528231697e-16       7.977771041017e-17      -1.548527642170e-17 
 1879       3.476889828648e-11       1.477916206579e-12      -3.843549313949e-13       0.000000000000e+00       4.674443636604e-16       8.025751871051e-17      -1.558850241859e-17 
 1880       3.461687518481e-11       1.485534129589e-12      -4.036053315825e-13       0.000000000000e+00       4.664385804223e-16       8.073242356487e-17      -1.568954284701e-17 
 1881       3.446676811563e-11       1.493042988600e-12      -4.233706371323e-13       0.000000000000e+00       4.654354640951e-16       8.120224499410e-17      -1.578838584716e-17 
 1882       3.431861369485e-11       1.500438629729e-12      -4.436403741837e-13       0.000000000000e+00       4.644350052324e-16       8.166680230970e-17      -1.588501953239e-17 
 1883       3.417244867199e-11       1.507716882641e-12      -4.644040193913e-13       0.000000000000e+00       4.634371943017e-16       8.212591411285e-17      -1.597943198917e-17 
 1884       3.402830993039e-11       1.514873560528e-12      -4.856509998575e-13       0.000000000000e+00       4.624420216839e-16       8.257939829353e-17      -1.607161127708e-17 
 1885       3.388623448737e-11       1.521904460085e-12      -5.073706930644e-13       0.000000000000e+00       4.614494776733e-16       8.302707202961e-17      -1.616154542877e-17 
 1886       3.374625949436e-11       1.528805361493e-12      -5.295524268061e-13       0.000000000000e+00       4.604595524777e-16       8.346875178588e-17      -1.624922244996e-17 
 1887       3.360842223712e-11       1.535572028393e-12      -5.521854791210e-13       0.000000000000e+00       4.594722362179e-16       8.390425331320e-17      -1.633463031936e-17 
 1888       3.347276013586e-11       1.542200207870e-12      -5.752590782234e-13       0.000000000000e+00       4.584875189279e-16       8.433339164755e-17      -1.641775698872e-17 
 1889       3.333931074543e-11       1.548685630425e-12      -5.987624024366e-13       0.000000000000e+00       4.575053905545e-16       8.475598110909e-17      -1.649859038274e-17 
 1890       3.320811175550e-11       1.555024009960e-12      -6.226845801240e-13       0.000000000000e+00       4.565258409572e-16       8.517183530132e-17      -1.657711839910e-17 
 1891       3.307920099071e-11       1.561211043754e-12      -6.470146896222e-13       0.000000000000e+00       4.555488599082e-16       8.558076711007e-17      -1.665332890837e-17 
 1892       3.295260979216e-11       1.567242947667e-12      -6.717414269762e-13       0.000000000000e+00       4.545744377869e-16       8.598266576545e-17      -1.672721105574e-17 
 1893       3.282834310572e-11       1.573118066323e-12      -6.968521064745e-13       0.000000000000e+00       4.536025676697e-16       8.637772868102e-17      -1.679875917704e-17 
 1894       3.270639924002e-11       1.578835275340e-12      -7.223336522479e-13       0.000000000000e+00       4.526332432564e-16       8.676623140606e-17      -1.686796891291e-17 
 1895       3.258677647114e-11       1.584393447233e-12      -7.481729296853e-13       0.000000000000e+00       4.516664581761e-16       8.714845072727e-17      -1.693483590992e-17 
 1896       3.246947304249e-11       1.589791451407e-12      -7.743567453547e-13       0.000000000000e+00       4.507022059878e-16       8.752466467044e-17      -1.699935582057e-17 
 1897       3.235448716480e-11       1.595028154158e-12      -8.008718469244e-13       0.000000000000e+00       4.497404801799e-16       8.789515250207e-17      -1.706152430330e-17 
 1898       3.224181701606e-11       1.600102418667e-12      -8.277049230836e-13       0.000000000000e+00       4.487812741701e-16       8.826019473107e-17      -1.712133702254e-17 
 1899       3.213146074143e-11       1.605013104999e-12      -8.548426034639e-13       0.000000000000e+00       4.478245813055e-16       8.862007311044e-17      -1.717878964867e-17 
 1900       3.202341645324e-11       1.609759070094e-12      -8.822714585601e-13       0.000000000000e+00       4.468703948621e-16       8.897507063890e-17      -1.723387785810e-17 
 1901       3.191768223089e-11       1.614339167772e-12      -9.099779996511e-13       0.000000000000e+00       4.459187080451e-16       8.932547156256e-17      -1.728659733327e-17 
 1902       3.181425612081e-11       1.618752248724e-12      -9.379486787213e-13       0.000000000000e+00       4.449695139885e-16       8.967156137663e-17      -1.733694376265e-17 
 1903       3.171313613642e-11       1.622997160507e-12      -9.661698883814e-13       0.000000000000e+00       4.440228057551e-16       9.001362682702e-17      -1.738491284078e-17 
 1904       3.161432025805e-11       1.627072747548e-12      -9.946279617893e-13       0.000000000000e+00       4.430785763365e-16       9.035195591206e-17      -1.743050026827e-17 
 1905       3.151780643291e-11       1.630977851134e-12      -1.023309172572e-12       0.000000000000e+00       4.421368186525e-16       9.068683788413e-17      -1.747370175183e-17 
 1906       3.142359257501e-11       1.634711309410e-12      -1.052199734744e-12       0.000000000000e+00       4.411975255518e-16       9.101856325135e-17      -1.751451300430e-17 
 1907       3.133167656514e-11       1.638271957378e-12      -1.081285802633e-12       0.000000000000e+00       4.402606898110e-16       9.134742377924e-17      -1.755292974464e-17 
 1908       3.124205625077e-11       1.641658626891e-12      -1.110553470797e-12       0.000000000000e+00       4.393263041352e-16       9.167371249237e-17      -1.758894769799e-17 
 1909       3.115472944602e-11       1.644870146652e-12      -1.139988773946e-12       0.000000000000e+00       4.383943611573e-16       9.199772367605e-17      -1.762256259563e-17 
 1910       3.106969393163e-11       1.647905342210e-12      -1.169577686863e-12       0.000000000000e+00       4.374648534384e-16       9.231975287796e-17      -1.765377017505e-17 
 1911       3.098694745486e-11       1.650763035952e-12      -1.199306124328e-12       0.000000000000e+00       4.365377734674e-16       9.264009690987e-17      -1.768256617996e-17 
 1912       3.090648772945e-11       1.653442047109e-12      -1.229159941035e-12       0.000000000000e+00       4.356131136608e-16       9.295905384926e-17      -1.770894636029e-17 
 1913       3.082831243559e-11       1.655941191743e-12      -1.259124931515e-12       0.000000000000e+00       4.346908663629e-16       9.327692304100e-17      -1.773290647220e-17 
 1914       3.075241921984e-11       1.658259282751e-12      -1.289186830056e-12       0.000000000000e+00       4.337710238453e-16       9.359400509902e-17      -1.775444227816e-17 
 1915       3.067880569506e-11       1.660395129857e-12      -1.319331310625e-12       0.000000000000e+00       4.328535783072e-16       9.391060190796e-17      -1.777354954688e-17 
 1916       3.060746944040e-11       1.662347539612e-12      -1.349543986791e-12       0.000000000000e+00       4.319385218749e-16       9.422701662487e-17      -1.779022405340e-17 
 1917       3.053840800123e-11       1.664115315385e-12      -1.379810411641e-12       0.000000000000e+00       4.310258466019e-16       9.454355368083e-17      -1.780446157909e-17 
 1918       3.047161888904e-11       1.665697257369e-12      -1.410116077706e-12       0.000000000000e+00       4.301155444688e-16       9.486051878266e-17      -1.781625791163e-17 
 1919       3.040709958146e-11       1.667092162567e-12      -1.440446416877e-12       0.000000000000e+00       4.292076073830e-16       9.517821891456e-17      -1.782560884509e-17 
 1920       3.034484752215e-11       1.668298824798e-12      -1.470786800331e-12       0.000000000000e+00       4.283020271787e-16       9.549696233976e-17      -1.783251017991e-17 
 1921       3.028486012076e-11       1.669316034687e-12      -1.501122538451e-12       0.000000000000e+00       4.273987956170e-16       9.581705860225e-17      -1.783695772293e-17 
 1922       3.022713475289e-11       1.670142579664e-12      -1.531438880744e-12       0.000000000000e+00       4.264979043853e-16       9.613881852836e-17      -1.783894728739e-17 
 1923       3.017166876002e-11       1.670777243963e-12      -1.561721015764e-12       0.000000000000e+00       4.255993450976e-16       9.646255422848e-17      -1.783847469299e-17 
 1924       3.011845944946e-11       1.671218808613e-12      -1.591954071035e-12       0.000000000000e+00       4.247031092941e-16       9.678857909874e-17      -1.783553576586e-17 
 1925       3.006750409429e-11       1.671466051442e-12      -1.622123112968e-12       0.000000000000e+00       4.238091884415e-16       9.711720782261e-17      -1.783012633863e-17 
 1926       3.001879993330e-11       1.671517747066e-12      -1.652213146786e-12       0.000000000000e+00       4.229175739322e-16       9.744875637263e-17      -1.782224225038e-17 
 1927       2.997234417097e-11       1.671372666892e-12      -1.682209116441e-12       0.000000000000e+00       4.220282570850e-16       9.778354201205e-17      -1.781187934675e-17 
 1928       2.992813397738e-11       1.671029579111e-12      -1.712095904539e-12       0.000000000000e+00       4.211412291442e-16       9.812188329650e-17      -1.779903347987e-17 
 1929       2.988616648815e-11       1.670487248695e-12      -1.741858332258e-12       0.000000000000e+00       4.202564812801e-16       9.846410007563e-17      -1.778370050843e-17 
 1930       2.984643880442e-11       1.669744437394e-12      -1.771481159273e-12       0.000000000000e+00       4.193740045885e-16       9.881051349483e-17      -1.776587629769e-17 
 1931       2.980894351780e-11       1.668800386721e-12      -1.800950112785e-12       0.000000000000e+00       4.184937906925e-16       9.916132583612e-17      -1.774556015923e-17 
 1932       2.977365524828e-11       1.667656270904e-12      -1.830254983319e-12       0.000000000000e+00       4.176158335518e-16       9.951625904203e-17      -1.772276519873e-17 
 1933       2.974054400419e-11       1.666313754937e-12      -1.859386552239e-12       0.000000000000e+00       4.167401276671e-16       9.987491345536e-17      -1.769750804667e-17 
 1934       2.970957964771e-11       1.664774512609e-12      -1.888335564713e-12       0.000000000000e+00       4.158666674790e-16       1.002368877289e-16      -1.766980542581e-17 
 1935       2.968073189465e-11       1.663040226510e-12      -1.917092729668e-12       0.000000000000e+00       4.149954473683e-16       1.006017788235e-16      -1.763967415136e-17 
 1936       2.965397031427e-11       1.661112588050e-12      -1.945648719747e-12       0.000000000000e+00       4.141264616555e-16       1.009691820053e-16      -1.760713113107e-17 
 1937       2.962926432908e-11       1.658993297466e-12      -1.973994171261e-12       0.000000000000e+00       4.132597046012e-16       1.013386908442e-16      -1.757219336540e-17 
 1938       2.960658321465e-11       1.656684063838e-12      -2.002119684145e-12       0.000000000000e+00       4.123951704058e-16       1.017098972113e-16      -1.753487794759e-17 
 1939       2.958589609938e-11       1.654186605096e-12      -2.030015821908e-12       0.000000000000e+00       4.115328532092e-16       1.020823912767e-16      -1.749520206387e-17 
 1940       2.956717196434e-11       1.651502648039e-12      -2.057673111593e-12       0.000000000000e+00       4.106727470909e-16       1.024557615074e-16      -1.745318299351e-17 
 1941       2.955037964305e-11       1.648633928342e-12      -2.085082043725e-12       0.000000000000e+00       4.098148460699e-16       1.028295946650e-16      -1.740883810899e-17 
 1942       2.953548782126e-11       1.645582190570e-12      -2.112233072271e-12       0.000000000000e+00       4.089591441047e-16       1.032034758037e-16      -1.736218487615e-17 
 1943       2.952246503682e-11       1.642349188190e-12      -2.139116614588e-12       0.000000000000e+00       4.081056350929e-16       1.035769882677e-16      -1.731324085425e-17 
 1944       2.951127967939e-11       1.638936683584e-12      -2.165723051384e-12       0.000000000000e+00       4.072543128712e-16       1.039497136896e-16      -1.726202369619e-17 
 1945       2.950189999034e-11       1.635346448059e-12      -2.192042726667e-12       0.000000000000e+00       4.064051712158e-16       1.043212319876e-16      -1.720855114855e-17 
 1946       2.949429406245e-11       1.631580261861e-12      -2.218065947699e-12       0.000000000000e+00       4.055582038414e-16       1.046911213637e-16      -1.715284105178e-17 
 1947       2.948842983980e-11       1.627639914187e-12      -2.243782984955e-12       0.000000000000e+00       4.047134044018e-16       1.050589583013e-16      -1.709491134032e-17 
 1948       2.948427511751e-11       1.623527203198e-12      -2.269184072071e-12       0.000000000000e+00       4.038707664897e-16       1.054243175631e-16      -1.703478004269e-17 
 1949       2.948179754157e-11       1.619243936028e-12      -2.294259405805e-12       0.000000000000e+00       4.030302836364e-16       1.057867721888e-16      -1.697246528167e-17 
 1950       2.948096460864e-11       1.614791928799e-12      -2.318999145982e-12       0.000000000000e+00       4.021919493116e-16       1.061458934931e-16      -1.690798527442e-17 
 1951       2.948174366585e-11       1.610173006634e-12      -2.343393415458e-12       0.000000000000e+00       4.013557569239e-16       1.065012510632e-16      -1.684135833256e-17 
 1952       2.948410191060e-11       1.605389003665e-12      -2.367432300068e-12       0.000000000000e+00       4.005216998200e-16       1.068524127569e-16      -1.677260286237e-17 
 1953       2.948800639033e-11       1.600441763049e-12      -2.391105848580e-12       0.000000000000e+00       3.996897712850e-16       1.071989447003e-16      -1.670173736488e-17 
 1954       2.949342400239e-11       1.595333136980e-12      -2.414404072653e-12       0.000000000000e+00       3.988599645421e-16       1.075404112853e-16      -1.662878043599e-17 
 1955       2.950032149379e-11       1.590064986699e-12      -2.437316946788e-12       0.000000000000e+00       3.980322727529e-16       1.078763751681e-16      -1.655375076663e-17 
 1956       2.950866546101e-11       1.584639182507e-12      -2.459834408284e-12       0.000000000000e+00       3.972066890168e-16       1.082063972661e-16      -1.647666714286e-17 
 1957       2.951842234980e-11       1.579057603778e-12      -2.481946357190e-12       0.000000000000e+00       3.963832063710e-16       1.085300367566e-16      -1.639754844604e-17 
 1958       2.952955845499e-11       1.573322138972e-12      -2.503642656260e-12       0.000000000000e+00       3.955618177909e-16       1.088468510739e-16      -1.631641365290e-17 
 1959       2.954203992031e-11       1.567434685642e-12      -2.524913130909e-12       0.000000000000e+00       3.947425161892e-16       1.091563959074e-16      -1.623328183571e-17 
 1960       2.955583273814e-11       1.561397150456e-12      -2.545747569166e-12       0.000000000000e+00       3.939252944165e-16       1.094582251994e-16      -1.614817216243e-17 
 1961       2.957090274935e-11       1.555211449197e-12      -2.566135721625e-12       0.000000000000e+00       3.931101452608e-16       1.097518911431e-16      -1.606110389677e-17 
 1962       2.958721564309e-11       1.548879506785e-12      -2.586067301404e-12       0.000000000000e+00       3.922970614477e-16       1.100369441798e-16      -1.597209639838e-17 
 1963       2.960473695662e-11       1.542403257286e-12      -2.605531984098e-12       0.000000000000e+00       3.914860356400e-16       1.103129329972e-16      -1.588116912297e-17 
 1964       2.962343207504e-11       1.535784643921e-12      -2.624519407729e-12       0.000000000000e+00       3.906770604376e-16       1.105794045273e-16      -1.578834162240e-17 
 1965       2.964326623117e-11       1.529025619083e-12      -2.643019172706e-12       0.000000000000e+00       3.898701283779e-16       1.108359039437e-16      -1.569363354486e-17 
 1966       2.966420450530e-11       1.522128144347e-12      -2.661020841775e-12       0.000000000000e+00       3.890652319350e-16       1.110819746598e-16      -1.559706463498e-17 
 1967       2.968621182503e-11       1.515094190482e-12      -2.678513939976e-12       0.000000000000e+00       3.882623635202e-16       1.113171583265e-16      -1.549865473393e-17 
 1968       2.970925296504e-11       1.507925737461e-12      -2.695487954595e-12       0.000000000000e+00       3.874615154814e-16       1.115409948299e-16      -1.539842377960e-17 
 1969       2.973329254688e-11       1.500624774481e-12      -2.711932335118e-12       0.000000000000e+00       3.866626801036e-16       1.117530222892e-16      -1.529639180671e-17 
 1970       2.975829478126e-11       1.493193482778e-12      -2.727838100281e-12       0.000000000000e+00       3.858658501374e-16       1.119528881716e-16      -1.519258226526e-17 
 1971       2.978422269305e-11       1.485634785571e-12      -2.743202672357e-12       0.000000000000e+00       3.850710203917e-16       1.121406835433e-16      -1.508703200274e-17 
 1972       2.981103889008e-11       1.477951802232e-12      -2.758025078692e-12       0.000000000000e+00       3.842781861532e-16       1.123166112976e-16      -1.497978135636e-17 
 1973       2.983870582000e-11       1.470147665862e-12      -2.772304347879e-12       0.000000000000e+00       3.834873426576e-16       1.124808752641e-16      -1.487087084165e-17 
 1974       2.986718577008e-11       1.462225523311e-12      -2.786039509758e-12       0.000000000000e+00       3.826984850899e-16       1.126336802103e-16      -1.476034115276e-17 
 1975       2.989644086695e-11       1.454188535193e-12      -2.799229595419e-12       0.000000000000e+00       3.819116085843e-16       1.127752318426e-16      -1.464823316259e-17 
 1976       2.992643307646e-11       1.446039875906e-12      -2.811873637213e-12       0.000000000000e+00       3.811267082240e-16       1.129057368075e-16      -1.453458792310e-17 
 1977       2.995712420345e-11       1.437782733648e-12      -2.823970668745e-12       0.000000000000e+00       3.803437790411e-16       1.130254026932e-16      -1.441944666552e-17 
 1978       2.998847589151e-11       1.429420310436e-12      -2.835519724888e-12       0.000000000000e+00       3.795628160166e-16       1.131344380305e-16      -1.430285080057e-17 
 1979       3.002044962283e-11       1.420955822123e-12      -2.846519841780e-12       0.000000000000e+00       3.787838140804e-16       1.132330522940e-16      -1.418484191870e-17 
 1980       3.005300671794e-11       1.412392498418e-12      -2.856970056832e-12       0.000000000000e+00       3.780067681110e-16       1.133214559035e-16      -1.406546179033e-17 
 1981       3.008610833555e-11       1.403733582901e-12      -2.866869408728e-12       0.000000000000e+00       3.772316729355e-16       1.133998602252e-16      -1.394475236608e-17 
 1982       3.011971547230e-11       1.394982333042e-12      -2.876216937432e-12       0.000000000000e+00       3.764585233299e-16       1.134684775731e-16      -1.382275577696e-17 
 1983       3.015378896259e-11       1.386142020218e-12      -2.885011684191e-12       0.000000000000e+00       3.756873140181e-16       1.135275212098e-16      -1.369951433468e-17 
 1984       3.018828947836e-11       1.377215929735e-12      -2.893252691536e-12       0.000000000000e+00       3.749180396729e-16       1.135772053481e-16      -1.357507053183e-17 
 1985       3.022317752888e-11       1.368207360838e-12      -2.900939003292e-12       0.000000000000e+00       3.741506949153e-16       1.136177451521e-16      -1.344946704210e-17 
 1986       3.025841346053e-11       1.359119626738e-12      -2.908069664575e-12       0.000000000000e+00       3.733852743142e-16       1.136493567385e-16      -1.332274672055e-17 
 1987       3.029395745662e-11       1.349956054620e-12      -2.914643721800e-12       0.000000000000e+00       3.726217723872e-16       1.136722571778e-16      -1.319495260383e-17 
 1988       3.032976953718e-11       1.340719985670e-12      -2.920660222683e-12       0.000000000000e+00       3.718601835995e-16       1.136866644956e-16      -1.306612791041e-17 
 1989       3.036580955874e-11       1.331414775089e-12      -2.926118216246e-12       0.000000000000e+00       3.711005023646e-16       1.136927976736e-16      -1.293631604078e-17 
 1990       3.040203721412e-11       1.322043792106e-12      -2.931016752820e-12       0.000000000000e+00       3.703427230437e-16       1.136908766510e-16      -1.280556057774e-17 
 1991       3.043841203224e-11       1.312610420006e-12      -2.935354884050e-12       0.000000000000e+00       3.695868399459e-16       1.136811223260e-16      -1.267390528660e-17 
 1992       3.047489337790e-11       1.303118056140e-12      -2.939131662895e-12       0.000000000000e+00       3.688328473282e-16       1.136637565564e-16      -1.254139411541e-17 
 1993       3.051144045160e-11       1.293570111944e-12      -2.942346143639e-12       0.000000000000e+00       3.680807393951e-16       1.136390021616e-16      -1.240807119518e-17 
 1994       3.054801228929e-11       1.283970012959e-12      -2.944997381886e-12       0.000000000000e+00       3.673305102987e-16       1.136070829231e-16      -1.227398084016e-17 
 1995       3.058456776218e-11       1.274321198849e-12      -2.947084434571e-12       0.000000000000e+00       3.665821541387e-16       1.135682235863e-16      -1.213916754801e-17 
 1996       3.062106557657e-11       1.264627123415e-12      -2.948606359960e-12       0.000000000000e+00       3.658356649621e-16       1.135226498614e-16      -1.200367600009e-17 
 1997       3.065746427358e-11       1.254891254618e-12      -2.949562217656e-12       0.000000000000e+00       3.650910367633e-16       1.134705884247e-16      -1.186755106165e-17 
 1998       3.069372222901e-11       1.245117074592e-12      -2.949951068600e-12       0.000000000000e+00       3.643482634841e-16       1.134122669201e-16      -1.173083778207e-17 
 1999       3.072979765306e-11       1.235308079666e-12      -2.949771975078e-12       0.000000000000e+00       3.636073390132e-16       1.133479139599e-16      -1.159358139510e-17 
 2000       3.076564859019e-11       1.225467780379e-12      -2.949024000722e-12       0.000000000000e+00       3.628682571867e-16       1.132777591262e-16      -1.145582731910e-17 
 2001       3.080123291889e-11       1.215599701498e-12      -2.947706210515e-12       0.000000000000e+00       3.621310117875e-16       1.132020329725e-16      -1.131762115726e-17 
 2002       3.083650835146e-11       1.205707382039e-12      -2.945817670797e-12       0.000000000000e+00       3.613955965456e-16       1.131209670244e-16      -1.117900869782e-17 
 2003       3.087143243380e-11       1.195794375279e-12      -2.943357449264e-12       0.000000000000e+00       3.606620051378e-16       1.130347937809e-16      -1.104003591432e-17 
 2004       3.090596254525e-11       1.185864248781e-12      -2.940324614977e-12       0.000000000000e+00       3.599302311876e-16       1.129437467161e-16      -1.090074896585e-17 
 2005       3.094005589831e-11       1.175920584404e-12      -2.936718238360e-12       0.000000000000e+00       3.592002682654e-16       1.128480602800e-16      -1.076119419723e-17 
 2006       3.097366953851e-11       1.165966978328e-12      -2.932537391210e-12       0.000000000000e+00       3.584721098879e-16       1.127479698999e-16      -1.062141813928e-17 
 2007       3.100676034415e-11       1.156007041068e-12      -2.927781146698e-12       0.000000000000e+00       3.577457495187e-16       1.126437119814e-16      -1.048146750904e-17 
 2008       3.103928502611e-11       1.146044397492e-12      -2.922448579370e-12       0.000000000000e+00       3.570211805677e-16       1.125355239100e-16      -1.034138921001e-17 
 2009       3.107120352782e-11       1.136082521207e-12      -2.916540001771e-12       0.000000000000e+00       3.562983968548e-16       1.124235973179e-16      -1.020122724577e-17 
 2010       3.110248925265e-11       1.126124236366e-12      -2.910060684139e-12       0.000000000000e+00       3.555773940054e-16       1.123079375101e-16      -1.006101343581e-17 
 2011       3.113311891063e-11       1.116172212264e-12      -2.903017161814e-12       0.000000000000e+00       3.548581680647e-16       1.121885030166e-16      -9.920776632504e-18 
 2012       3.116306912490e-11       1.106229128658e-12      -2.895416001129e-12       0.000000000000e+00       3.541407150353e-16       1.120652522335e-16      -9.780545801742e-18 
 2013       3.119231643165e-11       1.096297675781e-12      -2.887263799447e-12       0.000000000000e+00       3.534250308771e-16       1.119381434230e-16      -9.640350023064e-18 
 2014       3.122083727999e-11       1.086380554349e-12      -2.878567185200e-12       0.000000000000e+00       3.527111115068e-16       1.118071347128e-16      -9.500218489793e-18 
 2015       3.124860803184e-11       1.076480475579e-12      -2.869332817936e-12       0.000000000000e+00       3.519989527984e-16       1.116721840967e-16      -9.360180509181e-18 
 2016       3.127560496183e-11       1.066600161199e-12      -2.859567388352e-12       0.000000000000e+00       3.512885505828e-16       1.115332494336e-16      -9.220265502547e-18 
 2017       3.130180425722e-11       1.056742343464e-12      -2.849277618339e-12       0.000000000000e+00       3.505799006476e-16       1.113902884480e-16      -9.080503005419e-18 
 2018       3.132718201774e-11       1.046909765165e-12      -2.838470261022e-12       0.000000000000e+00       3.498729987376e-16       1.112432587296e-16      -8.940922667670e-18 
 2019       3.135171425554e-11       1.037105179645e-12      -2.827152100799e-12       0.000000000000e+00       3.491678405540e-16       1.110921177330e-16      -8.801554253664e-18 
 2020       3.137537689504e-11       1.027331350812e-12      -2.815329953383e-12       0.000000000000e+00       3.484644217550e-16       1.109368227778e-16      -8.662427642390e-18 
 2021       3.139814577285e-11       1.017591053148e-12      -2.803010665842e-12       0.000000000000e+00       3.477627379553e-16       1.107773310483e-16      -8.523572827608e-18 
 2022       3.141999663768e-11       1.007887071726e-12      -2.790201116641e-12       0.000000000000e+00       3.470627847260e-16       1.106135995934e-16      -8.385019917986e-18 
 2023       3.144090515017e-11       9.982222022234e-13      -2.776908215679e-12       0.000000000000e+00       3.463645575950e-16       1.104455853265e-16      -8.246799137238e-18 
 2024       3.146084688288e-11       9.885992509297e-13      -2.763138904334e-12       0.000000000000e+00       3.456680520465e-16       1.102732450251e-16      -8.108940824269e-18 
 2025       3.147979732009e-11       9.790210347649e-13      -2.748900155499e-12       0.000000000000e+00       3.449732635210e-16       1.100965353310e-16      -7.971475433312e-18 
 2026       3.149773185776e-11       9.694903812898e-13      -2.734198973628e-12       0.000000000000e+00       3.442801874153e-16       1.099154127499e-16      -7.834433534070e-18 
 2027       3.151462580339e-11       9.600101287192e-13      -2.719042394770e-12       0.000000000000e+00       3.435888190826e-16       1.097298336513e-16      -7.697845811853e-18 
 2028       3.153045437593e-11       9.505831259352e-13      -2.703437486616e-12       0.000000000000e+00       3.428991538322e-16       1.095397542683e-16      -7.561743067722e-18 
 2029       3.154519270567e-11       9.412122324998e-13      -2.687391348534e-12       0.000000000000e+00       3.422111869292e-16       1.093451306977e-16      -7.426156218626e-18 
 2030       3.155881583414e-11       9.319003186677e-13      -2.670911111615e-12       0.000000000000e+00       3.415249135953e-16       1.091459188994e-16      -7.291116297545e-18 
 2031       3.157129871398e-11       9.226502653998e-13      -2.654003938707e-12       0.000000000000e+00       3.408403290076e-16       1.089420746968e-16      -7.156654453627e-18 
 2032       3.158261620887e-11       9.134649643753e-13      -2.636677024463e-12       0.000000000000e+00       3.401574282994e-16       1.087335537760e-16      -7.022801952331e-18 
 2033       3.159274309342e-11       9.043473180052e-13      -2.618937595376e-12       0.000000000000e+00       3.394762065597e-16       1.085203116863e-16      -6.889590175567e-18 
 2034       3.160165405302e-11       8.953002394449e-13      -2.600792909820e-12       0.000000000000e+00       3.387966588335e-16       1.083023038396e-16      -6.757050621831e-18 
 2035       3.160932368379e-11       8.863266526074e-13      -2.582250258094e-12       0.000000000000e+00       3.381187801212e-16       1.080794855103e-16      -6.625214906354e-18 
 2036       3.161572649245e-11       8.774294921759e-13      -2.563316962459e-12       0.000000000000e+00       3.374425653789e-16       1.078518118353e-16      -6.494114761234e-18 
 2037       3.162083689620e-11       8.686117036168e-13      -2.544000377182e-12       0.000000000000e+00       3.367680095185e-16       1.076192378139e-16      -6.363782035581e-18 
 2038       3.162462922266e-11       8.598762431925e-13      -2.524307888572e-12       0.000000000000e+00       3.360951074070e-16       1.073817183074e-16      -6.234248695655e-18 
 2039       3.162707770969e-11       8.512260779748e-13      -2.504246915024e-12       0.000000000000e+00       3.354238538671e-16       1.071392080389e-16      -6.105546825008e-18 
 2040       3.162815650538e-11       8.426641858572e-13      -2.483824907061e-12       0.000000000000e+00       3.347542436768e-16       1.068916615937e-16      -5.977708624621e-18 
 2041       3.162783966785e-11       8.341935555679e-13      -2.463049347367e-12       0.000000000000e+00       3.340862715693e-16       1.066390334185e-16      -5.850766413048e-18 
 2042       3.162610116523e-11       8.258171866831e-13      -2.441927750838e-12       0.000000000000e+00       3.334199322333e-16       1.063812778214e-16      -5.724752626553e-18 
 2043       3.162291487546e-11       8.175380896397e-13      -2.420467664615e-12       0.000000000000e+00       3.327552203123e-16       1.061183489722e-16      -5.599699819251e-18 
 2044       3.161825458629e-11       8.093592857478e-13      -2.398676668126e-12       0.000000000000e+00       3.320921304052e-16       1.058502009016e-16      -5.475640663250e-18 
 2045       3.161209399510e-11       8.012838072044e-13      -2.376562373129e-12       0.000000000000e+00       3.314306570656e-16       1.055767875014e-16      -5.352607948789e-18 
 2046       3.160440670880e-11       7.933146971054e-13      -2.354132423750e-12       0.000000000000e+00       3.307707948024e-16       1.052980625245e-16      -5.230634584378e-18 
 2047       3.159516624376e-11       7.854550094595e-13      -2.331394496525e-12       0.000000000000e+00       3.301125380791e-16       1.050139795841e-16      -5.109753596939e-18 
 2048       3.158435064499e-11       7.777074398838e-13      -2.308356565110e-12       0.000000000000e+00       3.294558816279e-16       1.047245172609e-16      -4.989989787379e-18 
 2049       3.157195638007e-11       7.700732147828e-13      -2.285027696402e-12       0.000000000000e+00       3.288008213925e-16       1.044297546173e-16      -4.871334631828e-18 
 2050       3.155798454432e-11       7.625531942564e-13      -2.261417260185e-12       0.000000000000e+00       3.281473535918e-16       1.041297962222e-16      -4.753771201297e-18 
 2051       3.154243625050e-11       7.551482406976e-13      -2.237534665035e-12       0.000000000000e+00       3.274954744065e-16       1.038247470940e-16      -4.637282489857e-18 
 2052       3.152531262891e-11       7.478592187951e-13      -2.213389358355e-12       0.000000000000e+00       3.268451799794e-16       1.035147127015e-16      -4.521851414545e-18 
 2053       3.150661482734e-11       7.406869955357e-13      -2.188990826434e-12       0.000000000000e+00       3.261964664152e-16       1.031997989638e-16      -4.407460815263e-18 
 2054       3.148634401114e-11       7.336324402061e-13      -2.164348594490e-12       0.000000000000e+00       3.255493297802e-16       1.028801122514e-16      -4.294093454681e-18 
 2055       3.146450136322e-11       7.266964243960e-13      -2.139472226718e-12       0.000000000000e+00       3.249037661026e-16       1.025557593867e-16      -4.181732018135e-18 
 2056       3.144108808411e-11       7.198798219999e-13      -2.114371326341e-12       0.000000000000e+00       3.242597713723e-16       1.022268476444e-16      -4.070359113535e-18 
 2057       3.141610539196e-11       7.131835092196e-13      -2.089055535653e-12       0.000000000000e+00       3.236173415408e-16       1.018934847521e-16      -3.959957271259e-18 
 2058       3.138955452258e-11       7.066083645666e-13      -2.063534536075e-12       0.000000000000e+00       3.229764725212e-16       1.015557788910e-16      -3.850508944060e-18 
 2059       3.136143672944e-11       7.001552688645e-13      -2.037818048194e-12       0.000000000000e+00       3.223371601881e-16       1.012138386961e-16      -3.741996506967e-18 
 2060       3.133175328374e-11       6.938251052512e-13      -2.011915831818e-12       0.000000000000e+00       3.216994003775e-16       1.008677732575e-16      -3.634402257184e-18 
 2061       3.130050547442e-11       6.876187591811e-13      -1.985837686021e-12       0.000000000000e+00       3.210631888871e-16       1.005176921200e-16      -3.527708413991e-18 
 2062       3.126769460814e-11       6.815371184280e-13      -1.959593449193e-12       0.000000000000e+00       3.204285214756e-16       1.001637052846e-16      -3.421897118650e-18 
 2063       3.123332200940e-11       6.755810730867e-13      -1.933192999086e-12       0.000000000000e+00       3.197953938630e-16       9.980592320820e-17      -3.316950434303e-18 
 2064       3.119738902047e-11       6.697515155761e-13      -1.906646252862e-12       0.000000000000e+00       3.191638017309e-16       9.944445680491e-17      -3.212850345873e-18 
 2065       3.115989700149e-11       6.640493406408e-13      -1.879963167145e-12       0.000000000000e+00       3.185337407217e-16       9.907941744613e-17      -3.109578759970e-18 
 2066       3.112084733044e-11       6.584754453542e-13      -1.853153738064e-12       0.000000000000e+00       3.179052064390e-16       9.871091696133e-17      -3.007117504786e-18 
 2067       3.108024140322e-11       6.530307291201e-13      -1.826228001305e-12       0.000000000000e+00       3.172781944476e-16       9.833906763853e-17      -2.905448330002e-18 
 2068       3.103808063364e-11       6.477160936757e-13      -1.799196032155e-12       0.000000000000e+00       3.166527002732e-16       9.796398222491e-17      -2.804552906686e-18 
 2069       3.099436645344e-11       6.425324430934e-13      -1.772067945556e-12       0.000000000000e+00       3.160287194024e-16       9.758577392734e-17      -2.704412827197e-18 
 2070       3.094910031236e-11       6.374806837835e-13      -1.744853896148e-12       0.000000000000e+00       3.154062472827e-16       9.720455641296e-17      -2.605009605085e-18 
 2071       3.090228367812e-11       6.325617244965e-13      -1.717564078320e-12       0.000000000000e+00       3.147852793225e-16       9.682044380977e-17      -2.506324674993e-18 
 2072       3.085391803648e-11       6.277764763254e-13      -1.690208726255e-12       0.000000000000e+00       3.141658108910e-16       9.643355070713e-17      -2.408339392559e-18 
 2073       3.080400489124e-11       6.231258527077e-13      -1.662798113982e-12       0.000000000000e+00       3.135478373179e-16       9.604399215637e-17      -2.311035034316e-18 
 2074       3.075254576428e-11       6.186107694286e-13      -1.635342555423e-12       0.000000000000e+00       3.129313538938e-16       9.565188367138e-17      -2.214392797596e-18 
 2075       3.069954219560e-11       6.142321446223e-13      -1.607852404438e-12       0.000000000000e+00       3.123163558697e-16       9.525734122908e-17      -2.118393800428e-18 
 2076       3.064499574332e-11       6.099908987752e-13      -1.580338054877e-12       0.000000000000e+00       3.117028384572e-16       9.486048127009e-17      -2.023019081443e-18 
 2077       3.058890798372e-11       6.058879547277e-13      -1.552809940626e-12       0.000000000000e+00       3.110907968285e-16       9.446142069923e-17      -1.928249599774e-18 
 2078       3.053128051126e-11       6.019242376768e-13      -1.525278535658e-12       0.000000000000e+00       3.104802261160e-16       9.406027688610e-17      -1.834066234957e-18 
 2079       3.047211493864e-11       5.981006751785e-13      -1.497754354076e-12       0.000000000000e+00       3.098711214127e-16       9.365716766564e-17      -1.740449786834e-18 
 2080       3.041141289675e-11       5.944181971499e-13      -1.470247950166e-12       0.000000000000e+00       3.092634777717e-16       9.325221133871e-17      -1.647380975453e-18 
 2081       3.034917603480e-11       5.908777358716e-13      -1.442769918442e-12       0.000000000000e+00       3.086572902064e-16       9.284552667263e-17      -1.554840440970e-18 
 2082       3.028540602024e-11       5.874802259904e-13      -1.415330893695e-12       0.000000000000e+00       3.080525536905e-16       9.243723290176e-17      -1.462808743551e-18 
 2083       3.022010453888e-11       5.842266045212e-13      -1.387941551043e-12       0.000000000000e+00       3.074492631577e-16       9.202744972808e-17      -1.371266363274e-18 
 2084       3.015327329485e-11       5.811178108493e-13      -1.360612605977e-12       0.000000000000e+00       3.068474135018e-16       9.161629732170e-17      -1.280193700028e-18 
 2085       3.008491401066e-11       5.781547867333e-13      -1.333354814408e-12       0.000000000000e+00       3.062469995767e-16       9.120389632148e-17      -1.189571073418e-18 
 2086       3.001502842722e-11       5.753384763070e-13      -1.306178972719e-12       0.000000000000e+00       3.056480161962e-16       9.079036783557e-17      -1.099378722663e-18 
 2087       2.994362147342e-11       5.726694830073e-13      -1.279095230500e-12       0.000000000000e+00       3.050504584765e-16       9.037581200659e-17      -1.009596439348e-18 
 2088       2.987071079915e-11       5.701470377241e-13      -1.252111023400e-12       0.000000000000e+00       3.044543228671e-16       8.996024354172e-17      -9.202024630555e-19 
 2089       2.979631730918e-11       5.677700234178e-13      -1.225233125874e-12       0.000000000000e+00       3.038596061269e-16       8.954365573155e-17      -8.311745777903e-19 
 2090       2.972046199985e-11       5.655373175297e-13      -1.198468337205e-12       0.000000000000e+00       3.032663049828e-16       8.912604184439e-17      -7.424904783205e-19 
 2091       2.964316595908e-11       5.634477919750e-13      -1.171823481531e-12       0.000000000000e+00       3.026744161288e-16       8.870739512624e-17      -6.541277700690e-19 
 2092       2.956445036659e-11       5.615003131357e-13      -1.145305407881e-12       0.000000000000e+00       3.020839362268e-16       8.828770880078e-17      -5.660639690052e-19 
 2093       2.948433649395e-11       5.596937418532e-13      -1.118920990194e-12       0.000000000000e+00       3.014948619060e-16       8.786697606930e-17      -4.782765015357e-19 
 2094       2.940284570470e-11       5.580269334214e-13      -1.092677127358e-12       0.000000000000e+00       3.009071897629e-16       8.744519011074e-17      -3.907427043964e-19 
 2095       2.931999945448e-11       5.564987375796e-13      -1.066580743233e-12       0.000000000000e+00       3.003209163617e-16       8.702234408159e-17      -3.034398245434e-19 
 2096       2.923581929116e-11       5.551079985055e-13      -1.040638786682e-12       0.000000000000e+00       2.997360382336e-16       8.659843111593e-17      -2.163450190447e-19 
 2097       2.915032685489e-11       5.538535548078e-13      -1.014858231602e-12       0.000000000000e+00       2.991525518774e-16       8.617344432535e-17      -1.294353549715e-19 
 2098       2.906354387829e-11       5.527342395194e-13      -9.892460769489e-13       0.000000000000e+00       2.985704537587e-16       8.574737679895e-17      -4.268780928966e-20 
 2099       2.897549218651e-11       5.517488800901e-13      -9.638093467716e-13       0.000000000000e+00       2.979897403108e-16       8.532022160332e-17       4.392073124902e-20 
 2100       2.888619369738e-11       5.508962983796e-13      -9.385550902377e-13       0.000000000000e+00       2.974104079337e-16       8.489197178251e-17       1.304134702152e-19 
 2101       2.879567042149e-11       5.501753106504e-13      -9.134903816644e-13       0.000000000000e+00       2.968324529947e-16       8.446262035799e-17       2.168137016107e-19 
 2102       2.870394446233e-11       5.495847275605e-13      -8.886223205469e-13       0.000000000000e+00       2.962558718281e-16       8.403216032862e-17       3.031448099772e-19 
 2103       2.861103801639e-11       5.491233541567e-13      -8.639580315881e-13       0.000000000000e+00       2.956806607351e-16       8.360058467066e-17       3.894302705045e-19 
 2104       2.851697337328e-11       5.487899898669e-13      -8.395046647275e-13       0.000000000000e+00       2.951068159840e-16       8.316788633769e-17       4.756936491394e-19 
 2105       2.842177291584e-11       5.485834284938e-13      -8.152693951704e-13       0.000000000000e+00       2.945343338099e-16       8.273405826064e-17       5.619586026944e-19 
 2106       2.832545912028e-11       5.485024582070e-13      -7.912594234173e-13       0.000000000000e+00       2.939632104147e-16       8.229909334772e-17       6.482488789559e-19 
 2107       2.822805455622e-11       5.485458615363e-13      -7.674819752928e-13       0.000000000000e+00       2.933934419671e-16       8.186298448442e-17       7.345883167930e-19 
 2108       2.812958188691e-11       5.487124153646e-13      -7.439443019752e-13       0.000000000000e+00       2.928250246026e-16       8.142572453346e-17       8.210008462662e-19 
 2109       2.803006386925e-11       5.490008909208e-13      -7.206536800252e-13       0.000000000000e+00       2.922579544234e-16       8.098730633479e-17       9.075104887358e-19 
 2110       2.792952335395e-11       5.494100537724e-13      -6.976174114155e-13       0.000000000000e+00       2.916922274983e-16       8.054772270555e-17       9.941413569706e-19 
 2111       2.782798328564e-11       5.499386638189e-13      -6.748428235598e-13       0.000000000000e+00       2.911278398628e-16       8.010696644004e-17       1.080917655256e-18 
 2112       2.772546670297e-11       5.505854752843e-13      -6.523372693420e-13       0.000000000000e+00       2.905647875187e-16       7.966503030970e-17       1.167863679505e-18 
 2113       2.762199673876e-11       5.513492367101e-13      -6.301081271455e-13       0.000000000000e+00       2.900030664345e-16       7.922190706307e-17       1.255003817362e-18 
 2114       2.751759662006e-11       5.522286909481e-13      -6.081628008823e-13       0.000000000000e+00       2.894426725453e-16       7.877758942580e-17       1.342362548315e-18 
 2115       2.741228966828e-11       5.532225751537e-13      -5.865087200220e-13       0.000000000000e+00       2.888836017522e-16       7.833207010058e-17       1.429964443806e-18 
 2116       2.730609929936e-11       5.543296207783e-13      -5.651533396217e-13       0.000000000000e+00       2.883258499230e-16       7.788534176715e-17       1.517834167333e-18 
 2117       2.719904902379e-11       5.555485535624e-13      -5.441041403542e-13       0.000000000000e+00       2.877694128916e-16       7.743739708223e-17       1.605996474566e-18 
 2118       2.709116244681e-11       5.568780935286e-13      -5.233686285379e-13       0.000000000000e+00       2.872142864584e-16       7.698822867955e-17       1.694476213451e-18 
 2119       2.698246326846e-11       5.583169549744e-13      -5.029543361660e-13       0.000000000000e+00       2.866604663897e-16       7.653782916976e-17       1.783298324319e-18 
 2120       2.687297528373e-11       5.598638464651e-13      -4.828688209351e-13       0.000000000000e+00       2.861079484181e-16       7.608619114048e-17       1.872487839996e-18 
 2121       2.676272238266e-11       5.615174708265e-13      -4.631196662751e-13       0.000000000000e+00       2.855567282424e-16       7.563330715619e-17       1.962069885911e-18 
 2122       2.665172855047e-11       5.632765251382e-13      -4.437144813779e-13       0.000000000000e+00       2.850068015274e-16       7.517916975828e-17       2.052069680205e-18 
 2123       2.654001786765e-11       5.651397007262e-13      -4.246609012268e-13       0.000000000000e+00       2.844581639039e-16       7.472377146496e-17       2.142512533838e-18 
 2124       2.642761451009e-11       5.671056831560e-13      -4.059665866258e-13       0.000000000000e+00       2.839108109686e-16       7.426710477127e-17       2.233423850701e-18 
 2125       2.631454274918e-11       5.691731522252e-13      -3.876392242284e-13       0.000000000000e+00       2.833647382843e-16       7.380916214906e-17       2.324829127720e-18 
 2126       2.620082725430e-11       5.713406415964e-13      -3.696854174206e-13       0.000000000000e+00       2.828199416651e-16       7.334995065210e-17       2.416743524743e-18 
 2127       2.608649400227e-11       5.736061166536e-13      -3.521073505628e-13       0.000000000000e+00       2.822764180361e-16       7.288953584148e-17       2.509140495486e-18 
 2128       2.597156937436e-11       5.759673937247e-13      -3.349061018377e-13       0.000000000000e+00       2.817341645796e-16       7.242799816262e-17       2.601982940810e-18 
 2129       2.585607985466e-11       5.784222801675e-13      -3.180827503116e-13       0.000000000000e+00       2.811931784501e-16       7.196541836792e-17       2.695233619174e-18 
 2130       2.574005203018e-11       5.809685743585e-13      -3.016383759337e-13       0.000000000000e+00       2.806534567744e-16       7.150187751713e-17       2.788855146461e-18 
 2131       2.562351259098e-11       5.836040656823e-13      -2.855740595366e-13       0.000000000000e+00       2.801149966511e-16       7.103745697769e-17       2.882809995815e-18 
 2132       2.550648833028e-11       5.863265345205e-13      -2.698908828353e-13       0.000000000000e+00       2.795777951512e-16       7.057223842513e-17       2.977060497468e-18 
 2133       2.538900614458e-11       5.891337522411e-13      -2.545899284274e-13       0.000000000000e+00       2.790418493176e-16       7.010630384339e-17       3.071568838575e-18 
 2134       2.527109303382e-11       5.920234811877e-13      -2.396722797928e-13       0.000000000000e+00       2.785071561649e-16       6.963973552521e-17       3.166297063043e-18 
 2135       2.515277610144e-11       5.949934746686e-13      -2.251390212933e-13       0.000000000000e+00       2.779737126802e-16       6.917261607246e-17       3.261207071368e-18 
 2136       2.503408255457e-11       5.980414769457e-13      -2.109912381727e-13       0.000000000000e+00       2.774415158219e-16       6.870502839654e-17       3.356260620460e-18 
 2137       2.491503970410e-11       6.011652232243e-13      -1.972300165559e-13       0.000000000000e+00       2.769105625207e-16       6.823705571872e-17       3.451419323479e-18 
 2138       2.479567496480e-11       6.043624396416e-13      -1.838564434497e-13       0.000000000000e+00       2.763808496789e-16       6.776878157050e-17       3.546644649666e-18 
 2139       2.467601585550e-11       6.076308432562e-13      -1.708716067414e-13       0.000000000000e+00       2.758523741707e-16       6.730028979398e-17       3.641897924176e-18 
 2140       2.455608999914e-11       6.109681420374e-13      -1.582765951994e-13       0.000000000000e+00       2.753251328418e-16       6.683166454221e-17       3.737140327907e-18 
 2141       2.443592512294e-11       6.143720348542e-13      -1.460724984727e-13       0.000000000000e+00       2.747991225099e-16       6.636299027955e-17       3.832332897334e-18 
 2142       2.431554905850e-11       6.178402114642e-13      -1.342604070905e-13       0.000000000000e+00       2.742743399642e-16       6.589435178206e-17       3.927436524339e-18 
 2143       2.419498974194e-11       6.213703525035e-13      -1.228414124622e-13       0.000000000000e+00       2.737507819654e-16       6.542583413783e-17       4.022411956047e-18 
 2144       2.407427521400e-11       6.249601294751e-13      -1.118166068771e-13       0.000000000000e+00       2.732284452460e-16       6.495752274733e-17       4.117219794651e-18 
 2145       2.395343362018e-11       6.286072047385e-13      -1.011870835040e-13       0.000000000000e+00       2.727073265098e-16       6.448950332384e-17       4.211820497251e-18 
 2146       2.383249321083e-11       6.323092314987e-13      -9.095393639106e-14       0.000000000000e+00       2.721874224324e-16       6.402186189371e-17       4.306174375678e-18 
 2147       2.371148234133e-11       6.360638537957e-13      -8.111826046579e-14       0.000000000000e+00       2.716687296604e-16       6.355468479682e-17       4.400241596336e-18 
 2148       2.359042947216e-11       6.398687064930e-13      -7.168115153443e-14       0.000000000000e+00       2.711512448123e-16       6.308805868687e-17       4.493982180023e-18 
 2149       2.346936316904e-11       6.437214152676e-13      -6.264370628195e-14       0.000000000000e+00       2.706349644775e-16       6.262207053176e-17       4.587356001770e-18 
 2150       2.334831210305e-11       6.476195965984e-13      -5.400702227172e-14       0.000000000000e+00       2.701198852171e-16       6.215680761399e-17       4.680322790671e-18 
 2151       2.322730505075e-11       6.515608577561e-13      -4.577219794532e-14       0.000000000000e+00       2.696060035633e-16       6.169235753096e-17       4.772842129713e-18 
 2152       2.310637089433e-11       6.555427967917e-13      -3.794033262227e-14       0.000000000000e+00       2.690933160195e-16       6.122880819538e-17       4.864873455610e-18 
 2153       2.298553862167e-11       6.595630025261e-13      -3.051252649981e-14       0.000000000000e+00       2.685818190604e-16       6.076624783560e-17       4.956376058633e-18 
 2154       2.286483732652e-11       6.636190545392e-13      -2.348988065263e-14       0.000000000000e+00       2.680715091318e-16       6.030476499599e-17       5.047309082446e-18 
 2155       2.274429620861e-11       6.677085231588e-13      -1.687349703266e-14       0.000000000000e+00       2.675623826508e-16       5.984444853729e-17       5.137631523931e-18 
 2156       2.262394457374e-11       6.718289694502e-13      -1.066447846885e-14       0.000000000000e+00       2.670544360052e-16       5.938538763698e-17       5.227302233025e-18 
 2157       2.250381183394e-11       6.759779452052e-13      -4.863928666858e-15       0.000000000000e+00       2.665476655542e-16       5.892767178964e-17       5.316279912550e-18 
 2158       2.238392750757e-11       6.801529929311e-13       5.270477911135e-16       0.000000000000e+00       2.660420676278e-16       5.847139080730e-17       5.404523118045e-18 
 2159       2.226432121944e-11       6.843516458399e-13       5.507345446597e-15       0.000000000000e+00       2.655376385271e-16       5.801663481982e-17       5.491990257598e-18 
 2160       2.214502270097e-11       6.885714278378e-13       1.007585796509e-14       0.000000000000e+00       2.650343745239e-16       5.756349427522e-17       5.578639591678e-18 
 2161       2.202606179024e-11       6.928098535142e-13       1.423147813628e-14       0.000000000000e+00       2.645322718612e-16       5.711205994009e-17       5.664429232966e-18 
 2162       2.190746843219e-11       6.970644281304e-13       1.797309787432e-14       0.000000000000e+00       2.640313267524e-16       5.666242289990e-17       5.749317146187e-18 
 2163       2.178927267869e-11       7.013326476098e-13       2.129960821803e-14       0.000000000000e+00       2.635315353820e-16       5.621467455941e-17       5.833261147942e-18 
 2164       2.167150468867e-11       7.056119985259e-13       2.420989933115e-14       0.000000000000e+00       2.630328939052e-16       5.576890664297e-17       5.916218906542e-18 
 2165       2.155419251591e-11       7.099000607180e-13       2.670374553417e-14       0.000000000000e+00       2.625353987204e-16       5.532519300346e-17       5.998149362777e-18 
 2166       2.143735545576e-11       7.141948159155e-13       2.878446694000e-14       0.000000000000e+00       2.620390472885e-16       5.488353491373e-17       6.079017003084e-18 
 2167       2.132101065365e-11       7.184943411783e-13       3.045628581576e-14       0.000000000000e+00       2.615438373191e-16       5.444391540592e-17       6.158787614941e-18 
 2168       2.120517531347e-11       7.227967064529e-13       3.172344320811e-14       0.000000000000e+00       2.610497664984e-16       5.400631742928e-17       6.237426868414e-18 
 2169       2.108986669755e-11       7.270999745637e-13       3.259019896611e-14       0.000000000000e+00       2.605568324893e-16       5.357072385004e-17       6.314900316027e-18 
 2170       2.097510212681e-11       7.314022012052e-13       3.306083176412e-14       0.000000000000e+00       2.600650329312e-16       5.313711745133e-17       6.391173392631e-18 
 2171       2.086089898080e-11       7.357014349335e-13       3.313963912472e-14       0.000000000000e+00       2.595743654400e-16       5.270548093306e-17       6.466211415270e-18 
 2172       2.074727469772e-11       7.399957171583e-13       3.283093744155e-14       0.000000000000e+00       2.590848276081e-16       5.227579691183e-17       6.539979583051e-18 
 2173       2.063424677457e-11       7.442830821345e-13       3.213906200222e-14       0.000000000000e+00       2.585964170045e-16       5.184804792079e-17       6.612442977012e-18 
 2174       2.052183276712e-11       7.485615569544e-13       3.106836701118e-14       0.000000000000e+00       2.581091311744e-16       5.142221640959e-17       6.683566559988e-18 
 2175       2.041005029006e-11       7.528291615388e-13       2.962322561263e-14       0.000000000000e+00       2.576229676397e-16       5.099828474423e-17       6.753315176482e-18 
 2176       2.029891701700e-11       7.570839086296e-13       2.780802991340e-14       0.000000000000e+00       2.571379238984e-16       5.057623520699e-17       6.821653552531e-18 
 2177       2.018845068059e-11       7.613238037811e-13       2.562719100582e-14       0.000000000000e+00       2.566539974250e-16       5.015604999628e-17       6.888546295575e-18 
 2178       2.007866907253e-11       7.655468453516e-13       2.308513899063e-14       0.000000000000e+00       2.561711856702e-16       4.973771122660e-17       6.953957894327e-18 
 2179       1.996959004369e-11       7.697510244961e-13       2.018632299985e-14       0.000000000000e+00       2.556894860609e-16       4.932120092837e-17       7.017852718638e-18 
 2180       1.986123150413e-11       7.739343251569e-13       1.693521121967e-14       0.000000000000e+00       2.552088960005e-16       4.890650104787e-17       7.080195019367e-18 
 2181       1.975361142319e-11       7.780947240565e-13       1.333629091336e-14       0.000000000000e+00       2.547294128683e-16       4.849359344712e-17       7.140948928248e-18 
 2182       1.964674782956e-11       7.822301906885e-13       9.394068444097e-15       0.000000000000e+00       2.542510340198e-16       4.808245990377e-17       7.200078457760e-18 
 2183       1.954065881132e-11       7.863386873102e-13       5.113069297928e-15       0.000000000000e+00       2.537737567869e-16       4.767308211103e-17       7.257547500993e-18 
 2184       1.943536251602e-11       7.904181689335e-13       4.978381066043e-16       0.000000000000e+00       2.532975784773e-16       4.726544167750e-17       7.313319831519e-18 
 2185       1.933087715076e-11       7.944665833178e-13      -4.447061329515e-15       0.000000000000e+00       2.528224963748e-16       4.685952012713e-17       7.367359103257e-18 
 2186       1.922722098223e-11       7.984818709606e-13      -9.717046018577e-15       0.000000000000e+00       2.523485077393e-16       4.645529889908e-17       7.419628850342e-18 
 2187       1.912441233679e-11       8.024619650903e-13      -1.530751375435e-14       0.000000000000e+00       2.518756098067e-16       4.605275934764e-17       7.470092486996e-18 
 2188       1.902246960052e-11       8.064047916574e-13      -2.121384309332e-14       0.000000000000e+00       2.514037997888e-16       4.565188274208e-17       7.518713307392e-18 
 2189       1.892141121931e-11       8.103082693266e-13      -2.743139333185e-14       0.000000000000e+00       2.509330748734e-16       4.525265026661e-17       7.565454485525e-18 
 2190       1.882125569890e-11       8.141703094684e-13      -3.395550448324e-14       0.000000000000e+00       2.504634322241e-16       4.485504302024e-17       7.610279075079e-18 
 2191       1.872202160496e-11       8.179888161510e-13      -4.078149725485e-14       0.000000000000e+00       2.499948689804e-16       4.445904201665e-17       7.653150009295e-18 
 2192       1.862372756317e-11       8.217616861321e-13      -4.790467302527e-14       0.000000000000e+00       2.495273822576e-16       4.406462818415e-17       7.694030100841e-18 
 2193       1.852639225924e-11       8.254868088506e-13      -5.532031382134e-14       0.000000000000e+00       2.490609691468e-16       4.367178236552e-17       7.732882041676e-18 
 2194       1.843003443902e-11       8.291620664187e-13      -6.302368229534e-14       0.000000000000e+00       2.485956267149e-16       4.328048531793e-17       7.769668402925e-18 
 2195       1.833467290854e-11       8.327853336132e-13      -7.101002170207e-14       0.000000000000e+00       2.481313520043e-16       4.289071771282e-17       7.804351634740e-18 
 2196       1.824032653408e-11       8.363544778677e-13      -7.927455587596e-14       0.000000000000e+00       2.476681420334e-16       4.250246013584e-17       7.836894066171e-18 
 2197       1.814701424225e-11       8.398673592643e-13      -8.781248920821e-14       0.000000000000e+00       2.472059937961e-16       4.211569308668e-17       7.867257905037e-18 
 2198       1.805475502003e-11       8.433218305254e-13      -9.661900662387e-14       0.000000000000e+00       2.467449042619e-16       4.173039697901e-17       7.895405237789e-18 
 2199       1.796356791486e-11       8.467157370052e-13      -1.056892735590e-13       0.000000000000e+00       2.462848703759e-16       4.134655214037e-17       7.921298029383e-18 
 2200       1.787347203470e-11       8.500469166822e-13      -1.150184359376e-13       0.000000000000e+00       2.458258890588e-16       4.096413881205e-17       7.944898123145e-18 
 2201       1.778448654806e-11       8.533132001503e-13      -1.246016201492e-13       0.000000000000e+00       2.453679572066e-16       4.058313714900e-17       7.966167240639e-18 
 2202       1.769663068412e-11       8.565124106107e-13      -1.344339330253e-13       0.000000000000e+00       2.449110716911e-16       4.020352721973e-17       7.985066981537e-18 
 2203       1.760992373277e-11       8.596423638642e-13      -1.445104618170e-13       0.000000000000e+00       2.444552293593e-16       3.982528900619e-17       8.001558823488e-18 
 2204       1.752438192783e-11       8.627011191973e-13      -1.548260453962e-13       0.000000000000e+00       2.440004271753e-16       3.944841438888e-17       8.015619845729e-18 
 2205       1.744000907398e-11       8.656877338799e-13      -1.653745862451e-13       0.000000000000e+00       2.435466626452e-16       3.907294318934e-17       8.027290014346e-18 
 2206       1.735680585773e-11       8.686015136627e-13      -1.761497338508e-13       0.000000000000e+00       2.430939333952e-16       3.869892736689e-17       8.036625210829e-18 
 2207       1.727477295855e-11       8.714417623361e-13      -1.871451130384e-13       0.000000000000e+00       2.426422370294e-16       3.832641905527e-17       8.043681537102e-18 
 2208       1.719391104890e-11       8.742077817273e-13      -1.983543239418e-13       0.000000000000e+00       2.421915711306e-16       3.795547056292e-17       8.048515315777e-18 
 2209       1.711422079418e-11       8.768988716991e-13      -2.097709419755e-13       0.000000000000e+00       2.417419332598e-16       3.758613437309e-17       8.051183090411e-18 
 2210       1.703570285277e-11       8.795143301473e-13      -2.213885178057e-13       0.000000000000e+00       2.412933209564e-16       3.721846314411e-17       8.051741625766e-18 
 2211       1.695835787595e-11       8.820534529990e-13      -2.332005773225e-13       0.000000000000e+00       2.408457317380e-16       3.685250970950e-17       8.050247908058e-18 
 2212       1.688218650794e-11       8.845155342106e-13      -2.452006216104e-13       0.000000000000e+00       2.403991631004e-16       3.648832707823e-17       8.046759145220e-18 
 2213       1.680718938588e-11       8.868998657656e-13      -2.573821269205e-13       0.000000000000e+00       2.399536125178e-16       3.612596843488e-17       8.041332767157e-18 
 2214       1.673336713979e-11       8.892057376727e-13      -2.697385446417e-13       0.000000000000e+00       2.395090774423e-16       3.576548713984e-17       8.034026426000e-18 
 2215       1.666072039261e-11       8.914324379640e-13      -2.822633012722e-13       0.000000000000e+00       2.390655553043e-16       3.540693672949e-17       8.024897996364e-18 
 2216       1.658924976012e-11       8.935792526925e-13      -2.949497983908e-13       0.000000000000e+00       2.386230435125e-16       3.505037091640e-17       8.014005575605e-18 
 2217       1.651895585100e-11       8.956454659306e-13      -3.077914126286e-13       0.000000000000e+00       2.381815394534e-16       3.469584358953e-17       8.001407484077e-18 
 2218       1.644983926676e-11       8.976303597679e-13      -3.207814956404e-13       0.000000000000e+00       2.377410404917e-16       3.434340881442e-17       7.987162265384e-18 
 2219       1.638190060176e-11       8.995332143090e-13      -3.339133740761e-13       0.000000000000e+00       2.373015439701e-16       3.399312083335e-17       7.971328686643e-18 
 2220       1.631514044320e-11       9.013533076717e-13      -3.471803495522e-13       0.000000000000e+00       2.368630472093e-16       3.364503406557e-17       7.953965738735e-18 
 2221       1.624955937108e-11       9.030899159852e-13      -3.605756986233e-13       0.000000000000e+00       2.364255475080e-16       3.329920310750e-17       7.935132636565e-18 
 2222       1.618515795822e-11       9.047423133875e-13      -3.740926727534e-13       0.000000000000e+00       2.359890421429e-16       3.295568273286e-17       7.914888819316e-18 
 2223       1.612193677024e-11       9.063097720240e-13      -3.877244982877e-13       0.000000000000e+00       2.355535283683e-16       3.261452789293e-17       7.893293950706e-18 
 2224       1.605989636552e-11       9.077915620452e-13      -4.014643764237e-13       0.000000000000e+00       2.351190034169e-16       3.227579371671e-17       7.870407919246e-18 
 2225       1.599903729525e-11       9.091869516046e-13      -4.153054831828e-13       0.000000000000e+00       2.346854644987e-16       3.193953551110e-17       7.846290838495e-18 
 2226       1.593936010334e-11       9.104952068570e-13      -4.292409693819e-13       0.000000000000e+00       2.342529088018e-16       3.160580876112e-17       7.821003047315e-18 
 2227       1.588086532647e-11       9.117155919563e-13      -4.432639606047e-13       0.000000000000e+00       2.338213334922e-16       3.127466913009e-17       7.794605110131e-18 
 2228       1.582355349407e-11       9.128473690532e-13      -4.573675571732e-13       0.000000000000e+00       2.333907357133e-16       3.094617245981e-17       7.767157817185e-18 
 2229       1.576742512826e-11       9.138897982940e-13      -4.715448341192e-13       0.000000000000e+00       2.329611125866e-16       3.062037477078e-17       7.738722184792e-18 
 2230       1.571248074390e-11       9.148421378177e-13      -4.857888411557e-13       0.000000000000e+00       2.325324612111e-16       3.029733226234e-17       7.709359455598e-18 
 2231       1.565872084854e-11       9.157036437546e-13      -5.000926026485e-13       0.000000000000e+00       2.321047786634e-16       2.997710131293e-17       7.679131098836e-18 
 2232       1.560614594243e-11       9.164735702240e-13      -5.144491175873e-13       0.000000000000e+00       2.316780619979e-16       2.965973848023e-17       7.648098810582e-18 
 2233       1.555475651849e-11       9.171511693324e-13      -5.288513595579e-13       0.000000000000e+00       2.312523082466e-16       2.934530050137e-17       7.616324514011e-18 
 2234       1.550455306230e-11       9.177356911712e-13      -5.432922767128e-13       0.000000000000e+00       2.308275144188e-16       2.903384429312e-17       7.583870359655e-18 
 2235       1.545553605212e-11       9.182263838149e-13      -5.577647917432e-13       0.000000000000e+00       2.304036775016e-16       2.872542695208e-17       7.550798725658e-18 
 2236       1.540770595883e-11       9.186224933191e-13      -5.722618018503e-13       0.000000000000e+00       2.299807944596e-16       2.842010575488e-17       7.517172218032e-18 
 2237       1.536106324594e-11       9.189232637185e-13      -5.867761787169e-13       0.000000000000e+00       2.295588622349e-16       2.811793815836e-17       7.483053670915e-18 
 2238       1.531560836960e-11       9.191279370248e-13      -6.013007684786e-13       0.000000000000e+00       2.291378777468e-16       2.781898179976e-17       7.448506146828e-18 
 2239       1.527134177855e-11       9.192357532246e-13      -6.158283916955e-13       0.000000000000e+00       2.287178378924e-16       2.752329449693e-17       7.413592936927e-18 
 2240       1.522826391414e-11       9.192459502778e-13      -6.303518433236e-13       0.000000000000e+00       2.282987395458e-16       2.723093424851e-17       7.378377561266e-18 
 2241       1.518637521028e-11       9.191577641151e-13      -6.448638926862e-13       0.000000000000e+00       2.278805795588e-16       2.694195923411e-17       7.342923769048e-18 
 2242       1.514567609348e-11       9.189704286363e-13      -6.593572834454e-13       0.000000000000e+00       2.274633547602e-16       2.665642781452e-17       7.307295538883e-18 
 2243       1.510616476505e-11       9.186834183072e-13      -6.738251560477e-13       0.000000000000e+00       2.270470621447e-16       2.637438364718e-17       7.271550263673e-18 
 2244       1.506783053194e-11       9.182971776859e-13      -6.882623181308e-13       0.000000000000e+00       2.266316994379e-16       2.609581092609e-17       7.235718256135e-18 
 2245       1.503066043239e-11       9.178123966538e-13      -7.026639823517e-13       0.000000000000e+00       2.262172645347e-16       2.582067885011e-17       7.199823110022e-18 
 2246       1.499464144960e-11       9.172297682531e-13      -7.170253446472e-13       0.000000000000e+00       2.258037553112e-16       2.554895648104e-17       7.163888503442e-18 
 2247       1.495976051172e-11       9.165499886906e-13      -7.313415842151e-13       0.000000000000e+00       2.253911696248e-16       2.528061274340e-17       7.127938198958e-18 
 2248       1.492600449176e-11       9.157737573413e-13      -7.456078634962e-13       0.000000000000e+00       2.249795053141e-16       2.501561642432e-17       7.091996043676e-18 
 2249       1.489336020750e-11       9.149017767520e-13      -7.598193281553e-13       0.000000000000e+00       2.245687601987e-16       2.475393617334e-17       7.056085969340e-18 
 2250       1.486181442150e-11       9.139347526455e-13      -7.739711070632e-13       0.000000000000e+00       2.241589320793e-16       2.449554050226e-17       7.020231992430e-18 
 2251       1.483135384095e-11       9.128733939242e-13      -7.880583122781e-13       0.000000000000e+00       2.237500187381e-16       2.424039778498e-17       6.984458214250e-18 
 2252       1.480196511766e-11       9.117184126736e-13      -8.020760390270e-13       0.000000000000e+00       2.233420179378e-16       2.398847625733e-17       6.948788821027e-18 
 2253       1.477363484798e-11       9.104705241666e-13      -8.160193656872e-13       0.000000000000e+00       2.229349274228e-16       2.373974401690e-17       6.913248084000e-18 
 2254       1.474634957274e-11       9.091304468669e-13      -8.298833537684e-13       0.000000000000e+00       2.225287449179e-16       2.349416902289e-17       6.877860359520e-18 
 2255       1.472009577717e-11       9.076989024328e-13      -8.436630478932e-13       0.000000000000e+00       2.221234681295e-16       2.325171909596e-17       6.842650089138e-18 
 2256       1.469485989086e-11       9.061766157211e-13      -8.573534757799e-13       0.000000000000e+00       2.217190947444e-16       2.301236191803e-17       6.807641799704e-18 
 2257       1.467062828767e-11       9.045643147909e-13      -8.709496482228e-13       0.000000000000e+00       2.213156224308e-16       2.277606503215e-17       6.772860103457e-18 
 2258       1.464738728567e-11       9.028627309072e-13      -8.844465590746e-13       0.000000000000e+00       2.209130488377e-16       2.254279584229e-17       6.738329698119e-18 
 2259       1.462512314711e-11       9.010725985449e-13      -8.978391852277e-13       0.000000000000e+00       2.205113715948e-16       2.231252161326e-17       6.704075366994e-18 
 2260       1.460382207829e-11       8.991946553924e-13      -9.111224865955e-13       0.000000000000e+00       2.201105883130e-16       2.208520947047e-17       6.670121979055e-18 
 2261       1.458347022958e-11       8.972296423554e-13      -9.242914060943e-13       0.000000000000e+00       2.197106965838e-16       2.186082639977e-17       6.636494489043e-18 
 2262       1.456405369526e-11       8.951783035607e-13      -9.373408696245e-13       0.000000000000e+00       2.193116939796e-16       2.163933924736e-17       6.603217937559e-18 
 2263       1.454555851354e-11       8.930413863601e-13      -9.502657860524e-13       0.000000000000e+00       2.189135780537e-16       2.142071471955e-17       6.570317451158e-18 
 2264       1.452797066645e-11       8.908196413340e-13      -9.630610471916e-13       0.000000000000e+00       2.185163463400e-16       2.120491938261e-17       6.537818242442e-18 
 2265       1.451127607977e-11       8.885138222953e-13      -9.757215277847e-13       0.000000000000e+00       2.181199963533e-16       2.099191966265e-17       6.505745610158e-18 
 2266       1.449546062299e-11       8.861246862930e-13      -9.882420854844e-13       0.000000000000e+00       2.177245255889e-16       2.078168184540e-17       6.474124939284e-18 
 2267       1.448051010926e-11       8.836529936163e-13      -1.000617560836e-12       0.000000000000e+00       2.173299315231e-16       2.057417207610e-17       6.442981701133e-18 
 2268       1.446641029525e-11       8.810995077980e-13      -1.012842777257e-12       0.000000000000e+00       2.169362116126e-16       2.036935635929e-17       6.412341453439e-18 
 2269       1.445314688119e-11       8.784649956185e-13      -1.024912541021e-12       0.000000000000e+00       2.165433632949e-16       2.016720055868e-17       6.382229840454e-18 
 2270       1.444070551071e-11       8.757502271096e-13      -1.036821641238e-12       0.000000000000e+00       2.161513839879e-16       1.996767039697e-17       6.352672593042e-18 
 2271       1.442907177085e-11       8.729559755581e-13      -1.048564849837e-12       0.000000000000e+00       2.157602710905e-16       1.977073145569e-17       6.323695528773e-18 
 2272       1.441823119194e-11       8.700830175098e-13      -1.060136921544e-12       0.000000000000e+00       2.153700219817e-16       1.957634917504e-17       6.295324552015e-18 
 2273       1.440816924757e-11       8.671321327730e-13      -1.071532593868e-12       0.000000000000e+00       2.149806340213e-16       1.938448885373e-17       6.267585654031e-18 
 2274       1.439887135450e-11       8.641041044226e-13      -1.082746587081e-12       0.000000000000e+00       2.145921045496e-16       1.919511564879e-17       6.240504913072e-18 
 2275       1.439032287263e-11       8.609997188037e-13      -1.093773604198e-12       0.000000000000e+00       2.142044308873e-16       1.900819457546e-17       6.214108494468e-18 
 2276       1.438250910491e-11       8.578197655352e-13      -1.104608330962e-12       0.000000000000e+00       2.138176103355e-16       1.882369050697e-17       6.188422650726e-18 
 2277       1.437541529726e-11       8.545650375141e-13      -1.115245435820e-12       0.000000000000e+00       2.134316401760e-16       1.864156817442e-17       6.163473721622e-18 
 2278       1.436902663854e-11       8.512363309187e-13      -1.125679569910e-12       0.000000000000e+00       2.130465176708e-16       1.846179216658e-17       6.139288134294e-18 
 2279       1.436332826048e-11       8.478344452127e-13      -1.135905367041e-12       0.000000000000e+00       2.126622400622e-16       1.828432692976e-17       6.115892403340e-18 
 2280       1.435830523759e-11       8.443601831489e-13      -1.145917443672e-12       0.000000000000e+00       2.122788045730e-16       1.810913676763e-17       6.093313130905e-18 
 2281       1.435394258711e-11       8.408143507729e-13      -1.155710398897e-12       0.000000000000e+00       2.118962084064e-16       1.793618584105e-17       6.071577006782e-18 
 2282       1.435022493341e-11       8.371978672385e-13      -1.165279551877e-12       0.000000000000e+00       2.115144489707e-16       1.776544283587e-17       6.050696085887e-18 
 2283       1.434713549878e-11       8.335120950156e-13      -1.174623159358e-12       0.000000000000e+00       2.111335245569e-16       1.759689499926e-17       6.030623517287e-18 
 2284       1.434465710604e-11       8.297585118083e-13      -1.183740212341e-12       0.000000000000e+00       2.107534336653e-16       1.743053419313e-17       6.011297531337e-18 
 2285       1.434277251341e-11       8.259386009419e-13      -1.192629699925e-12       0.000000000000e+00       2.103741747814e-16       1.726635223423e-17       5.992656136259e-18 
 2286       1.434146441444e-11       8.220538513693e-13      -1.201290609301e-12       0.000000000000e+00       2.099957463756e-16       1.710434089416e-17       5.974637117899e-18 
 2287       1.434071543792e-11       8.181057576774e-13      -1.209721925754e-12       0.000000000000e+00       2.096181469031e-16       1.694449189929e-17       5.957178039478e-18 
 2288       1.434050814786e-11       8.140958200935e-13      -1.217922632657e-12       0.000000000000e+00       2.092413748042e-16       1.678679693070e-17       5.940216241352e-18 
 2289       1.434082504336e-11       8.100255444911e-13      -1.225891711474e-12       0.000000000000e+00       2.088654285039e-16       1.663124762414e-17       5.923688840763e-18 
 2290       1.434164855857e-11       8.058964423967e-13      -1.233628141757e-12       0.000000000000e+00       2.084903064121e-16       1.647783556995e-17       5.907532731595e-18 
 2291       1.434296106261e-11       8.017100309962e-13      -1.241130901143e-12       0.000000000000e+00       2.081160069238e-16       1.632655231303e-17       5.891684584129e-18 
 2292       1.434474485951e-11       7.974678331407e-13      -1.248398965355e-12       0.000000000000e+00       2.077425284184e-16       1.617738935278e-17       5.876080844796e-18 
 2293       1.434698218810e-11       7.931713773530e-13      -1.255431308198e-12       0.000000000000e+00       2.073698692604e-16       1.603033814301e-17       5.860657735935e-18 
 2294       1.434965522199e-11       7.888221978341e-13      -1.262226901560e-12       0.000000000000e+00       2.069980277990e-16       1.588539009195e-17       5.845351255546e-18 
 2295       1.435274606945e-11       7.844218344696e-13      -1.268784715409e-12       0.000000000000e+00       2.066270023680e-16       1.574253656211e-17       5.830097177046e-18 
 2296       1.435623677336e-11       7.799718328354e-13      -1.275103717791e-12       0.000000000000e+00       2.062567912863e-16       1.560176887031e-17       5.814831049020e-18 
 2297       1.436010931116e-11       7.754737442046e-13      -1.281182874831e-12       0.000000000000e+00       2.058873928571e-16       1.546307828758e-17       5.799488194981e-18 
 2298       1.436434559473e-11       7.709291255536e-13      -1.287021150729e-12       0.000000000000e+00       2.055188053685e-16       1.532645603908e-17       5.784003713121e-18 
 2299       1.436892747034e-11       7.663395395684e-13      -1.292617507758e-12       0.000000000000e+00       2.051510270934e-16       1.519189330410e-17       5.768312476070e-18 
 2300       1.437383671860e-11       7.617065546508e-13      -1.297970906267e-12       0.000000000000e+00       2.047840562892e-16       1.505938121597e-17       5.752349130645e-18 
 2301       1.437905505435e-11       7.570317449251e-13      -1.303080304675e-12       0.000000000000e+00       2.044178911978e-16       1.492891086201e-17       5.736048097609e-18 
 2302       1.438456412661e-11       7.523166902438e-13      -1.307944659470e-12       0.000000000000e+00       2.040525300459e-16       1.480047328349e-17       5.719343571426e-18 
 2303       1.439034551851e-11       7.475629761944e-13      -1.312562925209e-12       0.000000000000e+00       2.036879710449e-16       1.467405947553e-17       5.702169520013e-18 
 2304       1.439638074718e-11       7.427721941056e-13      -1.316934054518e-12       0.000000000000e+00       2.033242123904e-16       1.454966038710e-17       5.684459684497e-18 
 2305       1.440265126376e-11       7.379459410534e-13      -1.321056998086e-12       0.000000000000e+00       2.029612522630e-16       1.442726692094e-17       5.666147578970e-18 
 2306       1.440913845322e-11       7.330858198677e-13      -1.324930704668e-12       0.000000000000e+00       2.025990888274e-16       1.430686993349e-17       5.647166490242e-18 
 2307       1.441582363439e-11       7.281934391382e-13      -1.328554121079e-12       0.000000000000e+00       2.022377202330e-16       1.418846023485e-17       5.627449477597e-18 
 2308       1.442268805980e-11       7.232704132214e-13      -1.331926192199e-12       0.000000000000e+00       2.018771446139e-16       1.407202858873e-17       5.606929372548e-18 
 2309       1.442971291568e-11       7.183183622460e-13      -1.335045860964e-12       0.000000000000e+00       2.015173600883e-16       1.395756571237e-17       5.585538778591e-18 
 2310       1.443687932184e-11       7.133389121200e-13      -1.337912068371e-12       0.000000000000e+00       2.011583647590e-16       1.384506227653e-17       5.563210070963e-18 
 2311       1.444416833162e-11       7.083336945365e-13      -1.340523753472e-12       0.000000000000e+00       2.008001567132e-16       1.373450890538e-17       5.539875396389e-18 
 2312       1.445156093181e-11       7.033043469804e-13      -1.342879853373e-12       0.000000000000e+00       2.004427340226e-16       1.362589617647e-17       5.515466672847e-18 
 2313       1.445903804257e-11       6.982525127342e-13      -1.344979303238e-12       0.000000000000e+00       2.000860947432e-16       1.351921462069e-17       5.489915589316e-18 
 2314       1.446658051739e-11       6.931798408849e-13      -1.346821036279e-12       0.000000000000e+00       1.997302369154e-16       1.341445472218e-17       5.463153605531e-18 
 2315       1.447416914297e-11       6.880879863299e-13      -1.348403983762e-12       0.000000000000e+00       1.993751585638e-16       1.331160691831e-17       5.435111951743e-18 
 2316       1.448178463919e-11       6.829786097833e-13      -1.349727074999e-12       0.000000000000e+00       1.990208576974e-16       1.321066159958e-17       5.405721628466e-18 
 2317       1.448940765901e-11       6.778533777824e-13      -1.350789237352e-12       0.000000000000e+00       1.986673323097e-16       1.311160910962e-17       5.374913406240e-18 
 2318       1.449701878841e-11       6.727139626940e-13      -1.351589396230e-12       0.000000000000e+00       1.983145803783e-16       1.301443974508e-17       5.342617825380e-18 
 2319       1.450459854631e-11       6.675620427206e-13      -1.352126475086e-12       0.000000000000e+00       1.979625998649e-16       1.291914375563e-17       5.308765195732e-18 
 2320       1.451212738452e-11       6.623993019067e-13      -1.352399395415e-12       0.000000000000e+00       1.976113887157e-16       1.282571134383e-17       5.273285596431e-18 
 2321       1.451958703938e-11       6.572273731568e-13      -1.352407685304e-12       0.000000000000e+00       1.972609449248e-16       1.273415270251e-17       5.236129565717e-18 
 2322       1.452696459634e-11       6.520476668837e-13      -1.352153309267e-12       0.000000000000e+00       1.969112667266e-16       1.264455826476e-17       5.197330313522e-18 
 2323       1.453424845085e-11       6.468615412920e-13      -1.351638849948e-12       0.000000000000e+00       1.965623524043e-16       1.255703883385e-17       5.156941900830e-18 
 2324       1.454142695899e-11       6.416703592730e-13      -1.350866900633e-12       0.000000000000e+00       1.962142002271e-16       1.247170558079e-17       5.115018585462e-18 
 2325       1.454848843735e-11       6.364754884103e-13      -1.349840065259e-12       0.000000000000e+00       1.958668084493e-16       1.238867004468e-17       5.071614822292e-18 
 2326       1.455542116303e-11       6.312783009842e-13      -1.348560958433e-12       0.000000000000e+00       1.955201753107e-16       1.230804413312e-17       5.026785263461e-18 
 2327       1.456221337357e-11       6.260801739771e-13      -1.347032205437e-12       0.000000000000e+00       1.951742990366e-16       1.222994012263e-17       4.980584758593e-18 
 2328       1.456885326694e-11       6.208824890787e-13      -1.345256442244e-12       0.000000000000e+00       1.948291778376e-16       1.215447065899e-17       4.933068355011e-18 
 2329       1.457532900147e-11       6.156866326905e-13      -1.343236315529e-12       0.000000000000e+00       1.944848099098e-16       1.208174875766e-17       4.884291297952e-18 
 2330       1.458162869581e-11       6.104939959314e-13      -1.340974482682e-12       0.000000000000e+00       1.941411934345e-16       1.201188780418e-17       4.834309030784e-18 
 2331       1.458774042893e-11       6.053059746423e-13      -1.338473611816e-12       0.000000000000e+00       1.937983265786e-16       1.194500155452e-17       4.783177195220e-18 
 2332       1.459365223999e-11       6.001239693915e-13      -1.335736381787e-12       0.000000000000e+00       1.934562074939e-16       1.188120413552e-17       4.730951631532e-18 
 2333       1.459935212840e-11       5.949493854794e-13      -1.332765482198e-12       0.000000000000e+00       1.931148343179e-16       1.182061004525e-17       4.677688378769e-18 
 2334       1.460482805370e-11       5.897836329438e-13      -1.329563613414e-12       0.000000000000e+00       1.927742051732e-16       1.176333415340e-17       4.623443674975e-18 
 2335       1.461006793557e-11       5.846281265649e-13      -1.326133486578e-12       0.000000000000e+00       1.924343181677e-16       1.170949170167e-17       4.568273957396e-18 
 2336       1.461505965373e-11       5.794842858701e-13      -1.322477823616e-12       0.000000000000e+00       1.920951713945e-16       1.165919830420e-17       4.512235862704e-18 
 2337       1.461979104798e-11       5.743535351393e-13      -1.318599357255e-12       0.000000000000e+00       1.917567629320e-16       1.161256994790e-17       4.455386227210e-18 
 2338       1.462424991806e-11       5.692373034100e-13      -1.314500831031e-12       0.000000000000e+00       1.914190908437e-16       1.156972299287e-17       4.397782087077e-18 
 2339       1.462842402369e-11       5.641370244819e-13      -1.310184999303e-12       0.000000000000e+00       1.910821531784e-16       1.153077417281e-17       4.339480678538e-18 
 2340       1.463230108449e-11       5.590541369225e-13      -1.305654627267e-12       0.000000000000e+00       1.907459479700e-16       1.149584059537e-17       4.280539438112e-18 
 2341       1.463586877995e-11       5.539900840716e-13      -1.300912490963e-12       0.000000000000e+00       1.904104732375e-16       1.146503974256e-17       4.221016002815e-18 
 2342       1.463911474935e-11       5.489463140469e-13      -1.295961377291e-12       0.000000000000e+00       1.900757269851e-16       1.143848947115e-17       4.160968210383e-18 
 2343       1.464202659180e-11       5.439242797485e-13      -1.290804084024e-12       0.000000000000e+00       1.897417072021e-16       1.141630801306e-17       4.100454099481e-18 
 2344       1.464459186609e-11       5.389254388642e-13      -1.285443419816e-12       0.000000000000e+00       1.894084118628e-16       1.139861397572e-17       4.039531909921e-18 
 2345       1.464679809075e-11       5.339512538747e-13      -1.279882204216e-12       0.000000000000e+00       1.890758389268e-16       1.138552634249e-17       3.978260082879e-18 
 2346       1.464863274395e-11       5.290031920582e-13      -1.274123267681e-12       0.000000000000e+00       1.887439863384e-16       1.137716447305e-17       3.916697261106e-18 
 2347       1.465008326346e-11       5.240827254959e-13      -1.268169451588e-12       0.000000000000e+00       1.884128520272e-16       1.137364810378e-17       3.854902289150e-18 
 2348       1.465113704662e-11       5.191913310767e-13      -1.262023608245e-12       0.000000000000e+00       1.880824339078e-16       1.137509734815e-17       3.792934213566e-18 
 2349       1.465178145030e-11       5.143304905024e-13      -1.255688600903e-12       0.000000000000e+00       1.877527298796e-16       1.138163269711e-17       3.730852283132e-18 
 2350       1.465200379087e-11       5.095016902927e-13      -1.249167303769e-12       0.000000000000e+00       1.874237378270e-16       1.139337501950e-17       3.668715949069e-18 
 2351       1.465179134411e-11       5.047064217902e-13      -1.242462602017e-12       0.000000000000e+00       1.870954556197e-16       1.141044556241e-17       3.606584865251e-18 
 2352       1.465113134522e-11       4.999461811656e-13      -1.235577391803e-12       0.000000000000e+00       1.867678811118e-16       1.143296595159e-17       3.544518888425e-18 
 2353       1.465001098874e-11       4.952224694224e-13      -1.228514580272e-12       0.000000000000e+00       1.864410121427e-16       1.146105819183e-17       3.482578078422e-18 
 2354       1.464841742856e-11       4.905367924023e-13      -1.221277085574e-12       0.000000000000e+00       1.861148465365e-16       1.149484466737e-17       3.420822698378e-18 
 2355       1.464633777780e-11       4.858906607901e-13      -1.213867836874e-12       0.000000000000e+00       1.857893821024e-16       1.153444814227e-17       3.359313214944e-18 
 2356       1.464375910884e-11       4.812855901187e-13      -1.206289774368e-12       0.000000000000e+00       1.854646166341e-16       1.157999176080e-17       3.298110298504e-18 
 2357       1.464066845323e-11       4.767231007742e-13      -1.198545849289e-12       0.000000000000e+00       1.851405479105e-16       1.163159904785e-17       3.237274823394e-18 
 2358       1.463705280167e-11       4.722047180006e-13      -1.190639023924e-12       0.000000000000e+00       1.848171736950e-16       1.168939390930e-17       3.176867868109e-18 
 2359       1.463289910398e-11       4.677319719057e-13      -1.182572271622e-12       0.000000000000e+00       1.844944917360e-16       1.175350063241e-17       3.116950715527e-18 
 2360       1.462819627724e-11       4.633062333989e-13      -1.174348762507e-12       0.000000000000e+00       1.841724998844e-16       1.182398463968e-17       3.057569179040e-18 
 2361       1.462294124404e-11       4.589282208869e-13      -1.165972421835e-12       0.000000000000e+00       1.838511964483e-16       1.190067434780e-17       2.998706474268e-18 
 2362       1.461713293161e-11       4.545984905280e-13      -1.157447375121e-12       0.000000000000e+00       1.835305798402e-16       1.198333820429e-17       2.940330055397e-18 
 2363       1.461077026705e-11       4.503176000220e-13      -1.148777762776e-12       0.000000000000e+00       1.832106484600e-16       1.207174383284e-17       2.882407262585e-18 
 2364       1.460385217727e-11       4.460861086118e-13      -1.139967740123e-12       0.000000000000e+00       1.828914006946e-16       1.216565803238e-17       2.824905321844e-18 
 2365       1.459637758905e-11       4.419045770848e-13      -1.131021477412e-12       0.000000000000e+00       1.825728349181e-16       1.226484677621e-17       2.767791344917e-18 
 2366       1.458834542898e-11       4.377735677743e-13      -1.121943159834e-12       0.000000000000e+00       1.822549494914e-16       1.236907521116e-17       2.711032329153e-18 
 2367       1.457975462354e-11       4.336936445612e-13      -1.112736987541e-12       0.000000000000e+00       1.819377427628e-16       1.247810765663e-17       2.654595157387e-18 
 2368       1.457060409902e-11       4.296653728754e-13      -1.103407175662e-12       0.000000000000e+00       1.816212130673e-16       1.259170760375e-17       2.598446597818e-18 
 2369       1.456089278157e-11       4.256893196975e-13      -1.093957954313e-12       0.000000000000e+00       1.813053587272e-16       1.270963771451e-17       2.542553303889e-18 
 2370       1.455061959718e-11       4.217660535598e-13      -1.084393568622e-12       0.000000000000e+00       1.809901780516e-16       1.283165982083e-17       2.486881814161e-18 
 2371       1.453978347169e-11       4.178961445484e-13      -1.074718278738e-12       0.000000000000e+00       1.806756693367e-16       1.295753492368e-17       2.431398552191e-18 
 2372       1.452838333081e-11       4.140801643043e-13      -1.064936359851e-12       0.000000000000e+00       1.803618308656e-16       1.308702319225e-17       2.376069826414e-18 
 2373       1.451641810007e-11       4.103186860252e-13      -1.055052102205e-12       0.000000000000e+00       1.800486609083e-16       1.321988396298e-17       2.320861830018e-18 
 2374       1.450388670487e-11       4.066122844666e-13      -1.045069811117e-12       0.000000000000e+00       1.797361577220e-16       1.335587573876e-17       2.265740640823e-18 
 2375       1.449078807046e-11       4.029615359438e-13      -1.034993806993e-12       0.000000000000e+00       1.794243195504e-16       1.349475618797e-17       2.210672221157e-18 
 2376       1.447712112195e-11       3.993670183330e-13      -1.024828425341e-12       0.000000000000e+00       1.791131446244e-16       1.363628214364e-17       2.155622417738e-18 
 2377       1.446288478429e-11       3.958293110730e-13      -1.014578016789e-12       0.000000000000e+00       1.788026311618e-16       1.378020960256e-17       2.100556961545e-18 
 2378       1.444807798230e-11       3.923489951667e-13      -1.004246947102e-12       0.000000000000e+00       1.784927773670e-16       1.392629372438e-17       2.045441467706e-18 
 2379       1.443269964065e-11       3.889266531825e-13      -9.938395971974e-13       0.000000000000e+00       1.781835814314e-16       1.407428883072e-17       1.990241435366e-18 
 2380       1.441674868386e-11       3.855628692559e-13      -9.833603631600e-13       0.000000000000e+00       1.778750415335e-16       1.422394840432e-17       1.934922247570e-18 
 2381       1.440022403633e-11       3.822582290910e-13      -9.728136562593e-13       0.000000000000e+00       1.775671558381e-16       1.437502508810e-17       1.879449171141e-18 
 2382       1.438312462231e-11       3.790133199620e-13      -9.622039029651e-13       0.000000000000e+00       1.772599224971e-16       1.452727068433e-17       1.823787356557e-18 
 2383       1.436544936590e-11       3.758287307147e-13      -9.515355449634e-13       0.000000000000e+00       1.769533396492e-16       1.468043615371e-17       1.767901837829e-18 
 2384       1.434719719109e-11       3.727050517677e-13      -9.408130391731e-13       0.000000000000e+00       1.766474054197e-16       1.483427161449e-17       1.711757532378e-18 
 2385       1.432836702169e-11       3.696428751146e-13      -9.300408577615e-13       0.000000000000e+00       1.763421179209e-16       1.498852634159e-17       1.655319240915e-18 
 2386       1.430895778141e-11       3.666427943249e-13      -9.192234881605e-13       0.000000000000e+00       1.760374752515e-16       1.514294876572e-17       1.598551647318e-18 
 2387       1.428896839383e-11       3.637054045457e-13      -9.083654330828e-13       0.000000000000e+00       1.757334754972e-16       1.529728647248e-17       1.541419318510e-18 
 2388       1.426839778236e-11       3.608313025031e-13      -8.974712105379e-13       0.000000000000e+00       1.754301167303e-16       1.545128620148e-17       1.483886704335e-18 
 2389       1.424724487031e-11       3.580210865041e-13      -8.865453538481e-13       0.000000000000e+00       1.751273970097e-16       1.560469384546e-17       1.425918137439e-18 
 2390       1.422550858085e-11       3.552753564376e-13      -8.755924116647e-13       0.000000000000e+00       1.748253143809e-16       1.575725444940e-17       1.367477833147e-18 
 2391       1.420318783700e-11       3.525947137761e-13      -8.646169479841e-13       0.000000000000e+00       1.745238668764e-16       1.590871220962e-17       1.308529889340e-18 
 2392       1.418028156169e-11       3.499797615772e-13      -8.536235421635e-13       0.000000000000e+00       1.742230525150e-16       1.605881047295e-17       1.249038286333e-18 
 2393       1.415678867768e-11       3.474311044853e-13      -8.426167889376e-13       0.000000000000e+00       1.739228693022e-16       1.620729173576e-17       1.188966886756e-18 
 2394       1.413270810763e-11       3.449493487328e-13      -8.316012984341e-13       0.000000000000e+00       1.736233152300e-16       1.635389764314e-17       1.128279435426e-18 
 2395       1.410803877407e-11       3.425351021418e-13      -8.205816961900e-13       0.000000000000e+00       1.733243882773e-16       1.649836898799e-17       1.066939559230e-18 
 2396       1.408277959938e-11       3.401889741253e-13      -8.095626231679e-13       0.000000000000e+00       1.730260864092e-16       1.664044571013e-17       1.004910767003e-18 
 2397       1.405692950586e-11       3.379115756893e-13      -7.985487357716e-13       0.000000000000e+00       1.727284075774e-16       1.677986689545e-17       9.421564494006e-19 
 2398       1.403048741564e-11       3.357035194337e-13      -7.875447058624e-13       0.000000000000e+00       1.724313497204e-16       1.691637077495e-17       8.786398787838e-19 
 2399       1.400345372013e-11       3.335652524809e-13      -7.765549653090e-13       0.000000000000e+00       1.721349109452e-16       1.704975204430e-17       8.143431621781e-19 
 2400       1.397583469787e-11       3.314965541431e-13      -7.655829378996e-13       0.000000000000e+00       1.718390900758e-16       1.718003420622e-17       7.493242268169e-19 
 2401       1.394763812362e-11       3.294970351923e-13      -7.546318027739e-13       0.000000000000e+00       1.715438861082e-16       1.730729827814e-17       6.836601821511e-19 
 2402       1.391887180147e-11       3.275663046526e-13      -7.437047494744e-13       0.000000000000e+00       1.712492980287e-16       1.743162556767e-17       6.174283986185e-19 
 2403       1.388954356484e-11       3.257039697989e-13      -7.328049779573e-13       0.000000000000e+00       1.709553248136e-16       1.755309767289e-17       5.507065079165e-19 
 2404       1.385966127656e-11       3.239096361542e-13      -7.219356986033e-13       0.000000000000e+00       1.706619654292e-16       1.767179648267e-17       4.835724032752e-19 
 2405       1.382923282887e-11       3.221829074884e-13      -7.111001322280e-13       0.000000000000e+00       1.703692188320e-16       1.778780417699e-17       4.161042397305e-19 
 2406       1.379826614346e-11       3.205233858156e-13      -7.003015100930e-13       0.000000000000e+00       1.700770839685e-16       1.790120322724e-17       3.483804343967e-19 
 2407       1.376676917150e-11       3.189306713925e-13      -6.895430739165e-13       0.000000000000e+00       1.697855597752e-16       1.801207639651e-17       2.804796667399e-19 
 2408       1.373474989369e-11       3.174043627165e-13      -6.788280758841e-13       0.000000000000e+00       1.694946451788e-16       1.812050673993e-17       2.124808788505e-19 
 2409       1.370221632024e-11       3.159440565233e-13      -6.681597786596e-13       0.000000000000e+00       1.692043390958e-16       1.822657760497e-17       1.444632757167e-19 
 2410       1.366917649096e-11       3.145493477856e-13      -6.575414553954e-13       0.000000000000e+00       1.689146404328e-16       1.833037263173e-17       7.650632549694e-20 
 2411       1.363563847528e-11       3.132198297103e-13      -6.469763897438e-13       0.000000000000e+00       1.686255480866e-16       1.843197575328e-17       8.689759793216e-21 
 2412       1.360161037225e-11       3.119550937372e-13      -6.364678758674e-13       0.000000000000e+00       1.683370609436e-16       1.853147119594e-17      -5.890642607609e-20 
 2413       1.356710031058e-11       3.107547295368e-13      -6.260192184497e-13       0.000000000000e+00       1.680491778805e-16       1.862894347963e-17      -1.262019728032e-19 
 2414       1.353211644873e-11       3.096183250081e-13      -6.156337327064e-13       0.000000000000e+00       1.677618977636e-16       1.872447741811e-17      -1.931163568180e-19 
 2415       1.349666697483e-11       3.085454662769e-13      -6.053147443956e-13       0.000000000000e+00       1.674752194496e-16       1.881815811937e-17      -2.595687900151e-19 
 2416       1.346076010684e-11       3.075357376938e-13      -5.950655898286e-13       0.000000000000e+00       1.671891417848e-16       1.891007098587e-17      -3.254782194808e-19 
 2417       1.342440409248e-11       3.065887218320e-13      -5.848896158813e-13       0.000000000000e+00       1.669036636054e-16       1.900030171491e-17      -3.907633272202e-19 
 2418       1.338760720930e-11       3.057039994857e-13      -5.747901800038e-13       0.000000000000e+00       1.666187837378e-16       1.908893629888e-17      -4.553425298841e-19 
 2419       1.335037776473e-11       3.048811496677e-13      -5.647706502324e-13       0.000000000000e+00       1.663345009979e-16       1.917606102562e-17      -5.191339784962e-19 
 2420       1.331272409609e-11       3.041197496076e-13      -5.548344051993e-13       0.000000000000e+00       1.660508141918e-16       1.926176247869e-17      -5.820555581801e-19 
 2421       1.327465457060e-11       3.034193747501e-13      -5.449848341440e-13       0.000000000000e+00       1.657677221152e-16       1.934612753770e-17      -6.440248878861e-19 
 2422       1.323617758548e-11       3.027795987525e-13      -5.352253369238e-13       0.000000000000e+00       1.654852235539e-16       1.942924337863e-17      -7.049593201188e-19 
 2423       1.319730156789e-11       3.021999934830e-13      -5.255593240247e-13       0.000000000000e+00       1.652033172834e-16       1.951119747411e-17      -7.647759406634e-19 
 2424       1.315803497505e-11       3.016801290189e-13      -5.159902165717e-13       0.000000000000e+00       1.649220020690e-16       1.959207759375e-17      -8.233915683132e-19 
 2425       1.311838629421e-11       3.012195736443e-13      -5.065214463403e-13       0.000000000000e+00       1.646412766659e-16       1.967197180444e-17      -8.807227545967e-19 
 2426       1.307836404270e-11       3.008178938482e-13      -4.971564557664e-13       0.000000000000e+00       1.643611398190e-16       1.975096847066e-17      -9.366857835042e-19 
 2427       1.303797676799e-11       3.004746543226e-13      -4.878986979579e-13       0.000000000000e+00       1.640815902631e-16       1.982915625479e-17      -9.911966712153e-19 
 2428       1.299723304766e-11       3.001894179607e-13      -4.787516367048e-13       0.000000000000e+00       1.638026267226e-16       1.990662411744e-17      -1.044171165826e-18 
 2429       1.295614148950e-11       2.999617458544e-13      -4.697187464901e-13       0.000000000000e+00       1.635242479119e-16       1.998346131771e-17      -1.095524747074e-18 
 2430       1.291471073149e-11       2.997911972928e-13      -4.608035125007e-13       0.000000000000e+00       1.632464525349e-16       2.005975741354e-17      -1.145172626070e-18 
 2431       1.287294944186e-11       2.996773297601e-13      -4.520094306381e-13       0.000000000000e+00       1.629692392855e-16       2.013560226203e-17      -1.193029745019e-18 
 2432       1.283086631912e-11       2.996196989335e-13      -4.433400075292e-13       0.000000000000e+00       1.626926068469e-16       2.021108601969e-17      -1.239010776952e-18 
 2433       1.278847009206e-11       2.996178586813e-13      -4.347987605366e-13       0.000000000000e+00       1.624165538925e-16       2.028629914281e-17      -1.283030125451e-18 
 2434       1.274576951983e-11       2.996713610610e-13      -4.263892177702e-13       0.000000000000e+00       1.621410790851e-16       2.036133238774e-17      -1.325001924376e-18 
 2435       1.270277339195e-11       2.997797563171e-13      -4.181149180970e-13       0.000000000000e+00       1.618661810772e-16       2.043627681121e-17      -1.364840037593e-18 
 2436       1.265949052832e-11       2.999425928795e-13      -4.099794111527e-13       0.000000000000e+00       1.615918585110e-16       2.051122377062e-17      -1.402458058700e-18 
 2437       1.261592977929e-11       3.001594173611e-13      -4.019862573517e-13       0.000000000000e+00       1.613181100184e-16       2.058626492438e-17      -1.437769310753e-18 
 2438       1.257210029512e-11       3.004296914505e-13      -3.941385511081e-13       0.000000000000e+00       1.610449342360e-16       2.066147594020e-17      -1.470716700394e-18 
 2439       1.252801233624e-11       3.007525420476e-13      -3.864374873460e-13       0.000000000000e+00       1.607723298506e-16       2.073686751253e-17      -1.501362476691e-18 
 2440       1.248367646791e-11       3.011270096233e-13      -3.788837864015e-13       0.000000000000e+00       1.605002955540e-16       2.081243405157e-17      -1.529799010820e-18 
 2441       1.243910329130e-11       3.015521311852e-13      -3.714781700317e-13       0.000000000000e+00       1.602288300277e-16       2.088816994854e-17      -1.556118990951e-18 
 2442       1.239430344344e-11       3.020269402742e-13      -3.642213614164e-13       0.000000000000e+00       1.599579319434e-16       2.096406957564e-17      -1.580415422573e-18 
 2443       1.234928759735e-11       3.025504669603e-13      -3.571140851592e-13       0.000000000000e+00       1.596875999625e-16       2.104012728604e-17      -1.602781628829e-18 
 2444       1.230406646201e-11       3.031217378395e-13      -3.501570672883e-13       0.000000000000e+00       1.594178327362e-16       2.111633741385e-17      -1.623311250841e-18 
 2445       1.225865078242e-11       3.037397760297e-13      -3.433510352578e-13       0.000000000000e+00       1.591486289057e-16       2.119269427413e-17      -1.642098248045e-18 
 2446       1.221305133963e-11       3.044036011675e-13      -3.366967179488e-13       0.000000000000e+00       1.588799871020e-16       2.126919216283e-17      -1.659236898513e-18 
 2447       1.216727895081e-11       3.051122294041e-13      -3.301948456707e-13       0.000000000000e+00       1.586119059459e-16       2.134582535680e-17      -1.674821799289e-18 
 2448       1.212134446922e-11       3.058646734019e-13      -3.238461501619e-13       0.000000000000e+00       1.583443840479e-16       2.142258811378e-17      -1.688947866715e-18 
 2449       1.207525878434e-11       3.066599423306e-13      -3.176513645914e-13       0.000000000000e+00       1.580774200085e-16       2.149947467232e-17      -1.701710336762e-18 
 2450       1.202903282180e-11       3.074970418642e-13      -3.116112235597e-13       0.000000000000e+00       1.578110124178e-16       2.157647925183e-17      -1.713204765359e-18 
 2451       1.198267754351e-11       3.083749741763e-13      -3.057264631000e-13       0.000000000000e+00       1.575451598558e-16       2.165359605254e-17      -1.723527028722e-18 
 2452       1.193620394765e-11       3.092927379374e-13      -2.999978206790e-13       0.000000000000e+00       1.572798608922e-16       2.173081925544e-17      -1.732773323686e-18 
 2453       1.188962306870e-11       3.102493283108e-13      -2.944260351986e-13       0.000000000000e+00       1.570151140864e-16       2.180814302233e-17      -1.741040168031e-18 
 2454       1.184294597752e-11       3.112437369489e-13      -2.890118469967e-13       0.000000000000e+00       1.567509179877e-16       2.188556149573e-17      -1.748424400813e-18 
 2455       1.179618378134e-11       3.122749519897e-13      -2.837559978481e-13       0.000000000000e+00       1.564872711350e-16       2.196306879892e-17      -1.755023182695e-18 
 2456       1.174934762383e-11       3.133419580531e-13      -2.786592309661e-13       0.000000000000e+00       1.562241720569e-16       2.204065903587e-17      -1.760933996273e-18 
 2457       1.170244868511e-11       3.144437362372e-13      -2.737222910033e-13       0.000000000000e+00       1.559616192716e-16       2.211832629128e-17      -1.766254646411e-18 
 2458       1.165549818181e-11       3.155792641148e-13      -2.689459240530e-13       0.000000000000e+00       1.556996112873e-16       2.219606463049e-17      -1.771083260564e-18 
 2459       1.160850736711e-11       3.167475157296e-13      -2.643308776498e-13       0.000000000000e+00       1.554381466014e-16       2.227386809951e-17      -1.775518289112e-18 
 2460       1.156148753074e-11       3.179474615924e-13      -2.598779007715e-13       0.000000000000e+00       1.551772237015e-16       2.235173072498e-17      -1.779658505690e-18 
 2461       1.151444999908e-11       3.191780686779e-13      -2.555877438394e-13       0.000000000000e+00       1.549168410644e-16       2.242964651416e-17      -1.783603007512e-18 
 2462       1.146740613511e-11       3.204383004204e-13      -2.514611587201e-13       0.000000000000e+00       1.546569971567e-16       2.250760945492e-17      -1.787451215708e-18 
 2463       1.142036733855e-11       3.217271167109e-13      -2.474988987262e-13       0.000000000000e+00       1.543976904346e-16       2.258561351568e-17      -1.791302875647e-18 
 2464       1.137334504581e-11       3.230434738929e-13      -2.437017186178e-13       0.000000000000e+00       1.541389193440e-16       2.266365264544e-17      -1.795258057271e-18 
 2465       1.132635073006e-11       3.243863247587e-13      -2.400703746031e-13       0.000000000000e+00       1.538806823203e-16       2.274172077372e-17      -1.799417155423e-18 
 2466       1.127939590130e-11       3.257546185463e-13      -2.366056243400e-13       0.000000000000e+00       1.536229777884e-16       2.281981181057e-17      -1.803880890175e-18 
 2467       1.123249210632e-11       3.271473009351e-13      -2.333082269370e-13       0.000000000000e+00       1.533658041630e-16       2.289791964654e-17      -1.808750307160e-18 
 2468       1.118565092883e-11       3.285633140427e-13      -2.301789429546e-13       0.000000000000e+00       1.531091598480e-16       2.297603815265e-17      -1.814126777899e-18 
 2469       1.113888398942e-11       3.300015964209e-13      -2.272185344058e-13       0.000000000000e+00       1.528530432373e-16       2.305416118038e-17      -1.820112000134e-18 
 2470       1.109220294562e-11       3.314610830525e-13      -2.244277647579e-13       0.000000000000e+00       1.525974527138e-16       2.313228256166e-17      -1.826807998154e-18 
 2471       1.104561949198e-11       3.329407053471e-13      -2.218073989334e-13       0.000000000000e+00       1.523423866505e-16       2.321039610883e-17      -1.834317123127e-18 
 2472       1.099914536003e-11       3.344393911378e-13      -2.193582033109e-13       0.000000000000e+00       1.520878434093e-16       2.328849561463e-17      -1.842742053425e-18 
 2473       1.095279231839e-11       3.359560646775e-13      -2.170809457265e-13       0.000000000000e+00       1.518338213421e-16       2.336657485219e-17      -1.852185794963e-18 
 2474       1.090657217276e-11       3.374896466352e-13      -2.149763954748e-13       0.000000000000e+00       1.515803187900e-16       2.344462757498e-17      -1.862751681516e-18 
 2475       1.086049676596e-11       3.390390540923e-13      -2.130453233101e-13       0.000000000000e+00       1.513273340836e-16       2.352264751685e-17      -1.874543375061e-18 
 2476       1.081457797801e-11       3.406032005390e-13      -2.112885014475e-13       0.000000000000e+00       1.510748655430e-16       2.360062839193e-17      -1.887664866095e-18 
 2477       1.076882689365e-11       3.421810241599e-13      -2.097062971369e-13       0.000000000000e+00       1.508229115742e-16       2.367856187399e-17      -1.902193851515e-18 
 2478       1.072325129960e-11       3.437715728808e-13      -2.082974507572e-13       0.000000000000e+00       1.505714709591e-16       2.375643152130e-17      -1.918101695592e-18 
 2479       1.067785817260e-11       3.453739198177e-13      -2.070602905014e-13       0.000000000000e+00       1.503205425673e-16       2.383421881579e-17      -1.935332996515e-18 
 2480       1.063265451057e-11       3.469871350292e-13      -2.059931381409e-13       0.000000000000e+00       1.500701252597e-16       2.391190518043e-17      -1.953832165686e-18 
 2481       1.058764733259e-11       3.486102855144e-13      -2.050943090183e-13       0.000000000000e+00       1.498202178882e-16       2.398947197914e-17      -1.973543427537e-18 
 2482       1.054284367896e-11       3.502424352091e-13      -2.043621120411e-13       0.000000000000e+00       1.495708192962e-16       2.406690051677e-17      -1.994410819334e-18 
 2483       1.049825061120e-11       3.518826449830e-13      -2.037948496746e-13       0.000000000000e+00       1.493219283183e-16       2.414417203903e-17      -2.016378190988e-18 
 2484       1.045387521208e-11       3.535299726365e-13      -2.033908179350e-13       0.000000000000e+00       1.490735437802e-16       2.422126773241e-17      -2.039389204863e-18 
 2485       1.040972458563e-11       3.551834728977e-13      -2.031483063828e-13       0.000000000000e+00       1.488256644991e-16       2.429816872413e-17      -2.063387335587e-18 
 2486       1.036580585718e-11       3.568421974192e-13      -2.030655981158e-13       0.000000000000e+00       1.485782892831e-16       2.437485608211e-17      -2.088315869856e-18 
 2487       1.032212617335e-11       3.585051947749e-13      -2.031409697626e-13       0.000000000000e+00       1.483314169316e-16       2.445131081487e-17      -2.114117906252e-18 
 2488       1.027869270211e-11       3.601715104572e-13      -2.033726914752e-13       0.000000000000e+00       1.480850462352e-16       2.452751387148e-17      -2.140736355043e-18 
 2489       1.023551263277e-11       3.618401868737e-13      -2.037590269227e-13       0.000000000000e+00       1.478391759758e-16       2.460344614153e-17      -2.168113937997e-18 
 2490       1.019259317602e-11       3.635102633439e-13      -2.042982332843e-13       0.000000000000e+00       1.475938049263e-16       2.467908845504e-17      -2.196193188188e-18 
 2491       1.014994156392e-11       3.651807760967e-13      -2.049885612425e-13       0.000000000000e+00       1.473489318507e-16       2.475442158241e-17      -2.224916449811e-18 
 2492       1.010756504997e-11       3.668507582666e-13      -2.058282549762e-13       0.000000000000e+00       1.471045555043e-16       2.482942623435e-17      -2.254225877983e-18 
 2493       1.006547090910e-11       3.685192398910e-13      -2.068155521540e-13       0.000000000000e+00       1.468606746335e-16       2.490408306186e-17      -2.284063438556e-18 
 2494       1.002366643767e-11       3.701852479070e-13      -2.079486839271e-13       0.000000000000e+00       1.466172879758e-16       2.497837265612e-17      -2.314370907930e-18 
 2495       9.982158953546e-12       3.718478061484e-13      -2.092258749231e-13       0.000000000000e+00       1.463743942597e-16       2.505227554845e-17      -2.345089872853e-18 
 2496       9.940955796070e-12       3.735059353423e-13      -2.106453432384e-13       0.000000000000e+00       1.461319922050e-16       2.512577221028e-17      -2.376161730237e-18 
 2497       9.900064326112e-12       3.751586531065e-13      -2.122053004320e-13       0.000000000000e+00       1.458900805225e-16       2.519884305305e-17      -2.407527686967e-18 
 2498       9.859491926075e-12       3.768049739459e-13      -2.139039515183e-13       0.000000000000e+00       1.456486579139e-16       2.527146842816e-17      -2.439128759705e-18 
 2499       9.819245999922e-12       3.784439092496e-13      -2.157394949604e-13       0.000000000000e+00       1.454077230723e-16       2.534362862693e-17      -2.470905774705e-18 
 2500       9.779333973195e-12       3.800744672879e-13      -2.177101226635e-13       0.000000000000e+00       1.451672746816e-16       2.541530388053e-17      -2.502799367616e-18 
 2501       9.739763293038e-12       3.816956532089e-13      -2.198140199677e-13       0.000000000000e+00       1.449273114168e-16       2.548647435991e-17      -2.534749983296e-18 
 2502       9.700541428215e-12       3.833064690358e-13      -2.220493656413e-13       0.000000000000e+00       1.446878319441e-16       2.555712017575e-17      -2.566697875621e-18 
 2503       9.661675869133e-12       3.849059136636e-13      -2.244143318742e-13       0.000000000000e+00       1.444488349204e-16       2.562722137841e-17      -2.598583107289e-18 
 2504       9.623174127860e-12       3.864929828557e-13      -2.269070842709e-13       0.000000000000e+00       1.442103189938e-16       2.569675795785e-17      -2.630345549634e-18 
 2505       9.585043738150e-12       3.880666692414e-13      -2.295257818435e-13       0.000000000000e+00       1.439722828036e-16       2.576570984360e-17      -2.661924882434e-18 
 2506       9.547292255460e-12       3.896259623124e-13      -2.322685770053e-13       0.000000000000e+00       1.437347249796e-16       2.583405690467e-17      -2.693260593718e-18 
 2507       9.509927256974e-12       3.911698484197e-13      -2.351336155637e-13       0.000000000000e+00       1.434976441431e-16       2.590177894950e-17      -2.724291979577e-18 
 2508       9.472956341620e-12       3.926973107706e-13      -2.381190367133e-13       0.000000000000e+00       1.432610389060e-16       2.596885572593e-17      -2.754958143973e-18 
 2509       9.436387130094e-12       3.942073294257e-13      -2.412229730294e-13       0.000000000000e+00       1.430249078713e-16       2.603526692109e-17      -2.785197998547e-18 
 2510       9.400227264881e-12       3.956988812955e-13      -2.444435504609e-13       0.000000000000e+00       1.427892496329e-16       2.610099216137e-17      -2.814950262429e-18 
 2511       9.364484410273e-12       3.971709401375e-13      -2.477788883236e-13       0.000000000000e+00       1.425540627757e-16       2.616601101239e-17      -2.844153462046e-18 
 2512       9.329166252392e-12       3.986224765532e-13      -2.512270992933e-13       0.000000000000e+00       1.423193458755e-16       2.623030297886e-17      -2.872745930932e-18 
 2513       9.294280499210e-12       4.000524579848e-13      -2.547862893990e-13       0.000000000000e+00       1.420850974990e-16       2.629384750461e-17      -2.900665809537e-18 
 2514       9.259834880572e-12       4.014598487122e-13      -2.584545580163e-13       0.000000000000e+00       1.418513162038e-16       2.635662397247e-17      -2.927851045034e-18 
 2515       9.225837148211e-12       4.028436098497e-13      -2.622299978602e-13       0.000000000000e+00       1.416180005383e-16       2.641861170424e-17      -2.954239391133e-18 
 2516       9.192293806575e-12       4.042028035743e-13      -2.661105597439e-13       0.000000000000e+00       1.413851491750e-16       2.647979849230e-17      -2.979776762557e-18 
 2517       9.159206297159e-12       4.055369064790e-13      -2.700936460074e-13       0.000000000000e+00       1.411527613101e-16       2.654020624886e-17      -3.004442352001e-18 
 2518       9.126574792006e-12       4.068454980367e-13      -2.741765147090e-13       0.000000000000e+00       1.409208362659e-16       2.659986550587e-17      -3.028223658972e-18 
 2519       9.094399460886e-12       4.081281565338e-13      -2.783564146358e-13       0.000000000000e+00       1.406893733582e-16       2.665880689700e-17      -3.051108148360e-18 
 2520       9.062680471293e-12       4.093844590689e-13      -2.826305852941e-13       0.000000000000e+00       1.404583718962e-16       2.671706115773e-17      -3.073083250400e-18 
 2521       9.031417988443e-12       4.106139815519e-13      -2.869962569004e-13       0.000000000000e+00       1.402278311823e-16       2.677465912547e-17      -3.094136360647e-18 
 2522       9.000612175270e-12       4.118162987029e-13      -2.914506503715e-13       0.000000000000e+00       1.399977505125e-16       2.683163173967e-17      -3.114254839936e-18 
 2523       8.970263192422e-12       4.129909840504e-13      -2.959909773156e-13       0.000000000000e+00       1.397681291760e-16       2.688801004190e-17      -3.133426014354e-18 
 2524       8.940371198261e-12       4.141376099314e-13      -3.006144400227e-13       0.000000000000e+00       1.395389664554e-16       2.694382517593e-17      -3.151637175206e-18 
 2525       8.910936348855e-12       4.152557474889e-13      -3.053182314551e-13       0.000000000000e+00       1.393102616267e-16       2.699910838792e-17      -3.168875578982e-18 
 2526       8.881958797979e-12       4.163449666719e-13      -3.100995352382e-13       0.000000000000e+00       1.390820139590e-16       2.705389102642e-17      -3.185128447323e-18 
 2527       8.853438697108e-12       4.174048362337e-13      -3.149555256511e-13       0.000000000000e+00       1.388542227150e-16       2.710820454254e-17      -3.200382966994e-18 
 2528       8.825376195419e-12       4.184349237308e-13      -3.198833676173e-13       0.000000000000e+00       1.386268871506e-16       2.716208049003e-17      -3.214626289843e-18 
 2529       8.797771439780e-12       4.194347955218e-13      -3.248802166949e-13       0.000000000000e+00       1.384000065149e-16       2.721555052537e-17      -3.227845532776e-18 
 2530       8.770624574757e-12       4.204040167666e-13      -3.299432190678e-13       0.000000000000e+00       1.381735800505e-16       2.726864640791e-17      -3.240027777719e-18 
 2531       8.743935742599e-12       4.213421514247e-13      -3.350695115358e-13       0.000000000000e+00       1.379476069932e-16       2.732139999992e-17      -3.251160071587e-18 
 2532       8.717705083246e-12       4.222487622547e-13      -3.402562215057e-13       0.000000000000e+00       1.377220865720e-16       2.737384326674e-17      -3.261229426255e-18 
 2533       8.691932734318e-12       4.231234108126e-13      -3.455004669815e-13       0.000000000000e+00       1.374970180092e-16       2.742600827687e-17      -3.270222818519e-18 
 2534       8.666618831115e-12       4.239656574509e-13      -3.507993565552e-13       0.000000000000e+00       1.372724005204e-16       2.747792720205e-17      -3.278127190066e-18 
 2535       8.641763506612e-12       4.247750613177e-13      -3.561499893975e-13       0.000000000000e+00       1.370482333145e-16       2.752963231738e-17      -3.284929447445e-18 
 2536       8.617366891460e-12       4.255511803553e-13      -3.615494552481e-13       0.000000000000e+00       1.368245155937e-16       2.758115600144e-17      -3.290616462029e-18 
 2537       8.593429113976e-12       4.262935712990e-13      -3.669948344069e-13       0.000000000000e+00       1.366012465531e-16       2.763253073635e-17      -3.295175069983e-18 
 2538       8.569950300146e-12       4.270017896764e-13      -3.724831977238e-13       0.000000000000e+00       1.363784253815e-16       2.768378910791e-17      -3.298592072237e-18 
 2539       8.546930573619e-12       4.276753898056e-13      -3.780116065902e-13       0.000000000000e+00       1.361560512605e-16       2.773496380569e-17      -3.300854234446e-18 
 2540       8.524370055702e-12       4.283139247949e-13      -3.835771129289e-13       0.000000000000e+00       1.359341233653e-16       2.778608762312e-17      -3.301948286961e-18 
 2541       8.502268865363e-12       4.289169465408e-13      -3.891767591851e-13       0.000000000000e+00       1.357126408639e-16       2.783719345763e-17      -3.301860924796e-18 
 2542       8.480627119218e-12       4.294840057277e-13      -3.948075783169e-13       0.000000000000e+00       1.354916029178e-16       2.788831431070e-17      -3.300578807597e-18 
 2543       8.459444931539e-12       4.300146518261e-13      -4.004665937860e-13       0.000000000000e+00       1.352710086816e-16       2.793948328800e-17      -3.298088559605e-18 
 2544       8.438722414241e-12       4.305084330919e-13      -4.061508195483e-13       0.000000000000e+00       1.350508573031e-16       2.799073359948e-17      -3.294376769627e-18 
 2545       8.418459676884e-12       4.309648965651e-13      -4.118572600443e-13       0.000000000000e+00       1.348311479231e-16       2.804209855948e-17      -3.289429991004e-18 
 2546       8.398656826671e-12       4.313835880686e-13      -4.175829101899e-13       0.000000000000e+00       1.346118796758e-16       2.809361158682e-17      -3.283234741573e-18 
 2547       8.379313968438e-12       4.317640522073e-13      -4.233247553673e-13       0.000000000000e+00       1.343930516885e-16       2.814530620490e-17      -3.275777503642e-18 
 2548       8.360431204659e-12       4.321058323668e-13      -4.290797714149e-13       0.000000000000e+00       1.341746630815e-16       2.819721604185e-17      -3.267044723950e-18 
 2549       8.342008635438e-12       4.324084707124e-13      -4.348449246187e-13       0.000000000000e+00       1.339567129684e-16       2.824937483055e-17      -3.257022813641e-18 
 2550       8.324046358506e-12       4.326715081876e-13      -4.406171717024e-13       0.000000000000e+00       1.337392004558e-16       2.830181640881e-17      -3.245698148225e-18 
 2551       8.306544469218e-12       4.328944845136e-13      -4.463934598181e-13       0.000000000000e+00       1.335221246436e-16       2.835457471941e-17      -3.233057067550e-18 
 2552       8.289503060553e-12       4.330769381877e-13      -4.521707265372e-13       0.000000000000e+00       1.333054846247e-16       2.840768381026e-17      -3.219085875767e-18 
 2553       8.272922223106e-12       4.332184064823e-13      -4.579458998407e-13       0.000000000000e+00       1.330892794849e-16       2.846117783447e-17      -3.203770841300e-18 
 2554       8.256802045086e-12       4.333184254438e-13      -4.637158981098e-13       0.000000000000e+00       1.328735083035e-16       2.851509105043e-17      -3.187098196809e-18 
 2555       8.241141673584e-12       4.333766419727e-13      -4.694777873996e-13       0.000000000000e+00       1.326581701275e-16       2.856944421823e-17      -3.169068987079e-18 
 2556       8.225936492497e-12       4.333931507686e-13      -4.752292542629e-13       0.000000000000e+00       1.324432638957e-16       2.862420370323e-17      -3.149743705721e-18 
 2557       8.211180928422e-12       4.333681593137e-13      -4.809681356171e-13       0.000000000000e+00       1.322287885145e-16       2.867932213828e-17      -3.129197914224e-18 
 2558       8.196869387895e-12       4.333018759687e-13      -4.866922617016e-13       0.000000000000e+00       1.320147428831e-16       2.873475200605e-17      -3.107507417511e-18 
 2559       8.182996257379e-12       4.331945099728e-13      -4.923994560706e-13       0.000000000000e+00       1.318011258929e-16       2.879044563882e-17      -3.084748264178e-18 
 2560       8.169555903234e-12       4.330462714453e-13      -4.980875355873e-13       0.000000000000e+00       1.315879364280e-16       2.884635521841e-17      -3.060996746736e-18 
 2561       8.156542671702e-12       4.328573713861e-13      -5.037543104170e-13       0.000000000000e+00       1.313751733652e-16       2.890243277597e-17      -3.036329401846e-18 
 2562       8.143950888886e-12       4.326280216771e-13      -5.093975840206e-13       0.000000000000e+00       1.311628355737e-16       2.895863019187e-17      -3.010823010566e-18 
 2563       8.131774860728e-12       4.323584350826e-13      -5.150151531482e-13       0.000000000000e+00       1.309509219152e-16       2.901489919554e-17      -2.984554598587e-18 
 2564       8.120008872990e-12       4.320488252506e-13      -5.206048078327e-13       0.000000000000e+00       1.307394312441e-16       2.907119136533e-17      -2.957601436475e-18 
 2565       8.108647191230e-12       4.316994067136e-13      -5.261643313832e-13       0.000000000000e+00       1.305283624073e-16       2.912745812835e-17      -2.930041039910e-18 
 2566       8.097684060788e-12       4.313103948896e-13      -5.316915003786e-13       0.000000000000e+00       1.303177142441e-16       2.918365076032e-17      -2.901951169925e-18 
 2567       8.087113706761e-12       4.308820060828e-13      -5.371840846608e-13       0.000000000000e+00       1.301074855863e-16       2.923972038544e-17      -2.873409833150e-18 
 2568       8.076930333981e-12       4.304144574850e-13      -5.426398473286e-13       0.000000000000e+00       1.298976752584e-16       2.929561797625e-17      -2.844495282049e-18 
 2569       8.067128126999e-12       4.299079671761e-13      -5.480565447310e-13       0.000000000000e+00       1.296882820772e-16       2.935129435343e-17      -2.815286015161e-18 
 2570       8.057701250062e-12       4.293627541252e-13      -5.534319264609e-13       0.000000000000e+00       1.294793048520e-16       2.940670018571e-17      -2.785860777341e-18 
 2571       8.048643847093e-12       4.287790381914e-13      -5.587637353482e-13       0.000000000000e+00       1.292707423847e-16       2.946178598972e-17      -2.756298559998e-18 
 2572       8.039950041671e-12       4.281570401250e-13      -5.640497074538e-13       0.000000000000e+00       1.290625934695e-16       2.951650212979e-17      -2.726678601339e-18 
 2573       8.031613937008e-12       4.274969815683e-13      -5.692875720627e-13       0.000000000000e+00       1.288548568932e-16       2.957079881786e-17      -2.697080386604e-18 
 2574       8.023629615932e-12       4.267990850564e-13      -5.744750516778e-13       0.000000000000e+00       1.286475314349e-16       2.962462611330e-17      -2.667583648313e-18 
 2575       8.015991140865e-12       4.260635740184e-13      -5.796098620131e-13       0.000000000000e+00       1.284406158663e-16       2.967793392277e-17      -2.638268366497e-18 
 2576       8.008692553802e-12       4.252906727778e-13      -5.846897119877e-13       0.000000000000e+00       1.282341089513e-16       2.973067200008e-17      -2.609214768949e-18 
 2577       8.001727876291e-12       4.244806065543e-13      -5.897123037189e-13       0.000000000000e+00       1.280280094465e-16       2.978278994604e-17      -2.580503331454e-18 
 2578       7.995091109414e-12       4.236336014640e-13      -5.946753325155e-13       0.000000000000e+00       1.278223161008e-16       2.983423720830e-17      -2.552214778037e-18 
 2579       7.988776233764e-12       4.227498845205e-13      -5.995764868721e-13       0.000000000000e+00       1.276170276553e-16       2.988496308122e-17      -2.524430081197e-18 
 2580       7.982777209424e-12       4.218296836361e-13      -6.044134484618e-13       0.000000000000e+00       1.274121428439e-16       2.993491670571e-17      -2.497230462154e-18 
 2581       7.977087975952e-12       4.208732276223e-13      -6.091838921300e-13       0.000000000000e+00       1.272076603924e-16       2.998404706909e-17      -2.470697391081e-18 
 2582       7.971702452353e-12       4.198807461912e-13      -6.138854858883e-13       0.000000000000e+00       1.270035790194e-16       3.003230300495e-17      -2.444912587352e-18 
 2583       7.966614537063e-12       4.188524699562e-13      -6.185158909073e-13       0.000000000000e+00       1.267998974356e-16       3.007963319297e-17      -2.419958019777e-18 
 2584       7.961818107930e-12       4.177886304327e-13      -6.230727615105e-13       0.000000000000e+00       1.265966143442e-16       3.012598615882e-17      -2.395915906844e-18 
 2585       7.957307022190e-12       4.166894600394e-13      -6.275537451679e-13       0.000000000000e+00       1.263937284407e-16       3.017131027396e-17      -2.372868716960e-18 
 2586       7.953075116445e-12       4.155551920993e-13      -6.319564824893e-13       0.000000000000e+00       1.261912384129e-16       3.021555375555e-17      -2.350899168689e-18 
 2587       7.949116206649e-12       4.143860608401e-13      -6.362786072178e-13       0.000000000000e+00       1.259891429411e-16       3.025866466626e-17      -2.330090230993e-18 
 2588       7.945424088083e-12       4.131823013956e-13      -6.405177462235e-13       0.000000000000e+00       1.257874406976e-16       3.030059091413e-17      -2.310525123476e-18 
 2589       7.941992535334e-12       4.119441498065e-13      -6.446715194968e-13       0.000000000000e+00       1.255861303473e-16       3.034128025243e-17      -2.292287316617e-18 
 2590       7.938815302277e-12       4.106718430215e-13      -6.487375401420e-13       0.000000000000e+00       1.253852105472e-16       3.038068027952e-17      -2.275460532016e-18 
 2591       7.935886122052e-12       4.093656188978e-13      -6.527134143710e-13       0.000000000000e+00       1.251846799469e-16       3.041873843868e-17      -2.260128742630e-18 
 2592       7.933198707047e-12       4.080257162024e-13      -6.565967414962e-13       0.000000000000e+00       1.249845371880e-16       3.045540201799e-17      -2.246376173019e-18 
 2593       7.930746748875e-12       4.066523746129e-13      -6.603851139249e-13       0.000000000000e+00       1.247847809045e-16       3.049061815015e-17      -2.234287299580e-18 
 2594       7.928523756381e-12       4.052458952029e-13      -6.640764303193e-13       0.000000000000e+00       1.245854098513e-16       3.052434282652e-17      -2.223917114020e-18 
 2595       7.926522568717e-12       4.038068222695e-13      -6.676698370244e-13       0.000000000000e+00       1.243864232914e-16       3.055656799495e-17      -2.215201729875e-18 
 2596       7.924735839480e-12       4.023357625338e-13      -6.711647919419e-13       0.000000000000e+00       1.241878206110e-16       3.058729461460e-17      -2.208047271829e-18 
 2597       7.923156198408e-12       4.008333247521e-13      -6.745607518447e-13       0.000000000000e+00       1.239896011910e-16       3.061652365571e-17      -2.202359566369e-18 
 2598       7.921776251359e-12       3.993001197180e-13      -6.778571723762e-13       0.000000000000e+00       1.237917644068e-16       3.064425609961e-17      -2.198044141494e-18 
 2599       7.920588580285e-12       3.977367602638e-13      -6.810535080489e-13       0.000000000000e+00       1.235943096283e-16       3.067049293872e-17      -2.195006226425e-18 
 2600       7.919585743213e-12       3.961438612633e-13      -6.841492122437e-13       0.000000000000e+00       1.233972362203e-16       3.069523517658e-17      -2.193150751314e-18 
 2601       7.918760274216e-12       3.945220396332e-13      -6.871437372094e-13       0.000000000000e+00       1.232005435420e-16       3.071848382785e-17      -2.192382346956e-18 
 2602       7.918104683394e-12       3.928719143354e-13      -6.900365340612e-13       0.000000000000e+00       1.230042309472e-16       3.074023991834e-17      -2.192605344499e-18 
 2603       7.917611456850e-12       3.911941063790e-13      -6.928270527799e-13       0.000000000000e+00       1.228082977845e-16       3.076050448502e-17      -2.193723775151e-18 
 2604       7.917273056663e-12       3.894892388222e-13      -6.955147422115e-13       0.000000000000e+00       1.226127433967e-16       3.077927857600e-17      -2.195641369894e-18 
 2605       7.917081920871e-12       3.877579367744e-13      -6.980990500654e-13       0.000000000000e+00       1.224175671216e-16       3.079656325059e-17      -2.198261559191e-18 
 2606       7.917030463440e-12       3.860008273982e-13      -7.005794229146e-13       0.000000000000e+00       1.222227682912e-16       3.081235957929e-17      -2.201487472699e-18 
 2607       7.917111074249e-12       3.842185399112e-13      -7.029553061936e-13       0.000000000000e+00       1.220283462324e-16       3.082666864380e-17      -2.205221938978e-18 
 2608       7.917316119058e-12       3.824117055885e-13      -7.052261441984e-13       0.000000000000e+00       1.218343002663e-16       3.083949153705e-17      -2.209367485197e-18 
 2609       7.917637939493e-12       3.805809577643e-13      -7.073913800853e-13       0.000000000000e+00       1.216406297088e-16       3.085082936320e-17      -2.213826336851e-18 
 2610       7.918068853015e-12       3.787269318339e-13      -7.094504558699e-13       0.000000000000e+00       1.214473338703e-16       3.086068323764e-17      -2.218500417466e-18 
 2611       7.918601152903e-12       3.768502652560e-13      -7.114028124260e-13       0.000000000000e+00       1.212544120557e-16       3.086905428704e-17      -2.223291348313e-18 
 2612       7.919227108226e-12       3.749515975543e-13      -7.132478894854e-13       0.000000000000e+00       1.210618635645e-16       3.087594364934e-17      -2.228100448113e-18 
 2613       7.919938963823e-12       3.730315703202e-13      -7.149851256361e-13       0.000000000000e+00       1.208696876905e-16       3.088135247376e-17      -2.232828732752e-18 
 2614       7.920728940277e-12       3.710908272139e-13      -7.166139583221e-13       0.000000000000e+00       1.206778837223e-16       3.088528192081e-17      -2.237376914988e-18 
 2615       7.921589233893e-12       3.691300139671e-13      -7.181338238420e-13       0.000000000000e+00       1.204864509429e-16       3.088773316233e-17      -2.241645404162e-18 
 2616       7.922512016674e-12       3.671497783848e-13      -7.195441573485e-13       0.000000000000e+00       1.202953886298e-16       3.088870738148e-17      -2.245534305909e-18 
 2617       7.923489436299e-12       3.651507703473e-13      -7.208443928472e-13       0.000000000000e+00       1.201046960550e-16       3.088820577276e-17      -2.248943421866e-18 
 2618       7.924513616099e-12       3.631336418120e-13      -7.220339631957e-13       0.000000000000e+00       1.199143724848e-16       3.088622954202e-17      -2.251772249385e-18 
 2619       7.925576655031e-12       3.610990468159e-13      -7.231123001028e-13       0.000000000000e+00       1.197244171804e-16       3.088277990647e-17      -2.253919981240e-18 
 2620       7.926670627659e-12       3.590476414771e-13      -7.240788341276e-13       0.000000000000e+00       1.195348293972e-16       3.087785809471e-17      -2.255285505338e-18 
 2621       7.927787584129e-12       3.569800839973e-13      -7.249329946786e-13       0.000000000000e+00       1.193456083849e-16       3.087146534673e-17      -2.255767404431e-18 
 2622       7.928919550143e-12       3.548970346633e-13      -7.256742100127e-13       0.000000000000e+00       1.191567533882e-16       3.086360291392e-17      -2.255263955823e-18 
 2623       7.930058526939e-12       3.527991558494e-13      -7.263019072342e-13       0.000000000000e+00       1.189682636457e-16       3.085427205908e-17      -2.253673131083e-18 
 2624       7.931196491267e-12       3.506871120192e-13      -7.268155122941e-13       0.000000000000e+00       1.187801383908e-16       3.084347405647e-17      -2.250892595754e-18 
 2625       7.932325395364e-12       3.485615697277e-13      -7.272144499893e-13       0.000000000000e+00       1.185923768512e-16       3.083121019177e-17      -2.246819709061e-18 
 2626       7.933437166933e-12       3.464231976233e-13      -7.274981439611e-13       0.000000000000e+00       1.184049782490e-16       3.081748176213e-17      -2.241351523624e-18 
 2627       7.934523709118e-12       3.442726664499e-13      -7.276660166950e-13       0.000000000000e+00       1.182179418009e-16       3.080229007617e-17      -2.234384785167e-18 
 2628       7.935576900480e-12       3.421106490486e-13      -7.277174895195e-13       0.000000000000e+00       1.180312667179e-16       3.078563645398e-17      -2.225815932227e-18 
 2629       7.936588594976e-12       3.399378203602e-13      -7.276519826049e-13       0.000000000000e+00       1.178449522054e-16       3.076752222719e-17      -2.215541095867e-18 
 2630       7.937550621933e-12       3.377548574266e-13      -7.274689149628e-13       0.000000000000e+00       1.176589974634e-16       3.074794873889e-17      -2.203456099382e-18 
 2631       7.938454786028e-12       3.355624393934e-13      -7.271677044452e-13       0.000000000000e+00       1.174734016860e-16       3.072691734372e-17      -2.189456458012e-18 
 2632       7.939292867259e-12       3.333612475117e-13      -7.267477677431e-13       0.000000000000e+00       1.172881640619e-16       3.070442940787e-17      -2.173437378653e-18 
 2633       7.940057186749e-12       3.311519529442e-13      -7.262087965939e-13       0.000000000000e+00       1.171032838015e-16       3.068048267029e-17      -2.155325711601e-18 
 2634       7.940742307612e-12       3.289351801068e-13      -7.255515880811e-13       0.000000000000e+00       1.169187602190e-16       3.065506030426e-17      -2.135176000549e-18 
 2635       7.941343343496e-12       3.267115431272e-13      -7.247772189502e-13       0.000000000000e+00       1.167345926509e-16       3.062814179504e-17      -2.113074966211e-18 
 2636       7.941855393612e-12       3.244816580241e-13      -7.238867698245e-13       0.000000000000e+00       1.165507804285e-16       3.059970657304e-17      -2.089109603060e-18 
 2637       7.942273542713e-12       3.222461427088e-13      -7.228813252090e-13       0.000000000000e+00       1.163673228779e-16       3.056973401382e-17      -2.063367179592e-18 
 2638       7.942592861086e-12       3.200056169872e-13      -7.217619734938e-13       0.000000000000e+00       1.161842193201e-16       3.053820343797e-17      -2.035935238588e-18 
 2639       7.942808404539e-12       3.177607025613e-13      -7.205298069586e-13       0.000000000000e+00       1.160014690711e-16       3.050509411112e-17      -2.006901597375e-18 
 2640       7.942915214384e-12       3.155120230313e-13      -7.191859217762e-13       0.000000000000e+00       1.158190714414e-16       3.047038524386e-17      -1.976354348093e-18 
 2641       7.942908317423e-12       3.132602038972e-13      -7.177314180163e-13       0.000000000000e+00       1.156370257368e-16       3.043405599172e-17      -1.944381857956e-18 
 2642       7.942782725940e-12       3.110058725607e-13      -7.161673996497e-13       0.000000000000e+00       1.154553312575e-16       3.039608545506e-17      -1.911072769513e-18 
 2643       7.942533437682e-12       3.087496583270e-13      -7.144949745518e-13       0.000000000000e+00       1.152739872988e-16       3.035645267911e-17      -1.876516000915e-18 
 2644       7.942155435846e-12       3.064921924066e-13      -7.127152545068e-13       0.000000000000e+00       1.150929931508e-16       3.031513665382e-17      -1.840800746174e-18 
 2645       7.941643689069e-12       3.042341079170e-13      -7.108293552114e-13       0.000000000000e+00       1.149123480982e-16       3.027211631390e-17      -1.804016475428e-18 
 2646       7.940993151410e-12       3.019760398845e-13      -7.088383962785e-13       0.000000000000e+00       1.147320514208e-16       3.022737053871e-17      -1.766252935203e-18 
 2647       7.940198762339e-12       2.997186252463e-13      -7.067435012416e-13       0.000000000000e+00       1.145521023931e-16       3.018087815223e-17      -1.727600148679e-18 
 2648       7.939255446724e-12       2.974625028519e-13      -7.045457975579e-13       0.000000000000e+00       1.143725002843e-16       3.013261792302e-17      -1.688148415946e-18 
 2649       7.938158114815e-12       2.952083134651e-13      -7.022464166131e-13       0.000000000000e+00       1.141932443585e-16       3.008256856416e-17      -1.647988314274e-18 
 2650       7.936901662233e-12       2.929566997658e-13      -6.998464937242e-13       0.000000000000e+00       1.140143338745e-16       3.003070873321e-17      -1.607210698375e-18 
 2651       7.935480969953e-12       2.907083063517e-13      -6.973471681444e-13       0.000000000000e+00       1.138357680860e-16       2.997701703213e-17      -1.565906700659e-18 
 2652       7.933890904295e-12       2.884637797403e-13      -6.947495830662e-13       0.000000000000e+00       1.136575462414e-16       2.992147200727e-17      -1.524167731507e-18 
 2653       7.932126316906e-12       2.862237683704e-13      -6.920548856257e-13       0.000000000000e+00       1.134796675838e-16       2.986405214930e-17      -1.482085479527e-18 
 2654       7.930182044750e-12       2.839889226042e-13      -6.892642269065e-13       0.000000000000e+00       1.133021313513e-16       2.980473589316e-17      -1.439751911819e-18 
 2655       7.928052910092e-12       2.817598947290e-13      -6.863787619430e-13       0.000000000000e+00       1.131249367765e-16       2.974350161802e-17      -1.397259274237e-18 
 2656       7.925733720486e-12       2.795373389587e-13      -6.833996497251e-13       0.000000000000e+00       1.129480830868e-16       2.968032764722e-17      -1.354700091654e-18 
 2657       7.923219268759e-12       2.773219114363e-13      -6.803280532013e-13       0.000000000000e+00       1.127715695044e-16       2.961519224822e-17      -1.312167168224e-18 
 2658       7.920504333002e-12       2.751142702349e-13      -6.771651392832e-13       0.000000000000e+00       1.125953952463e-16       2.954807363256e-17      -1.269753587644e-18 
 2659       7.917583676551e-12       2.729150753599e-13      -6.739120788489e-13       0.000000000000e+00       1.124195595241e-16       2.947894995581e-17      -1.227552713417e-18 
 2660       7.914452047978e-12       2.707249887511e-13      -6.705700467471e-13       0.000000000000e+00       1.122440615442e-16       2.940779931749e-17      -1.185658189116e-18 
 2661       7.911104181072e-12       2.685446742837e-13      -6.671402218010e-13       0.000000000000e+00       1.120689005077e-16       2.933459976108e-17      -1.144163938648e-18 
 2662       7.907534794833e-12       2.663747977710e-13      -6.636237868120e-13       0.000000000000e+00       1.118940756104e-16       2.925932927392e-17      -1.103164166512e-18 
 2663       7.903738593453e-12       2.642160269654e-13      -6.600219285638e-13       0.000000000000e+00       1.117195860428e-16       2.918196578716e-17      -1.062753358069e-18 
 2664       7.899710266301e-12       2.620690315608e-13      -6.563358378258e-13       0.000000000000e+00       1.115454309903e-16       2.910248717577e-17      -1.023026279798e-18 
 2665       7.895444487916e-12       2.599344831941e-13      -6.525667093578e-13       0.000000000000e+00       1.113716096326e-16       2.902087125839e-17      -9.840779795648e-19 
 2666       7.890935917987e-12       2.578130554470e-13      -6.487157419128e-13       0.000000000000e+00       1.111981211444e-16       2.893709579738e-17      -9.460037868803e-19 
 2667       7.886179201342e-12       2.557054238480e-13      -6.447841382420e-13       0.000000000000e+00       1.110249646950e-16       2.885113849871e-17      -9.088993131663e-19 
 2668       7.881168967937e-12       2.536122658738e-13      -6.407731050977e-13       0.000000000000e+00       1.108521394484e-16       2.876297701194e-17      -8.728604520177e-19 
 2669       7.875899832837e-12       2.515342609518e-13      -6.366838532378e-13       0.000000000000e+00       1.106796445632e-16       2.867258893014e-17      -8.379833794647e-19 
 2670       7.870366396206e-12       2.494720904610e-13      -6.325175974293e-13       0.000000000000e+00       1.105074791927e-16       2.857995178987e-17      -8.043645542368e-19 
 2671       7.864563243292e-12       2.474264377345e-13      -6.282755564523e-13       0.000000000000e+00       1.103356424849e-16       2.848504307111e-17      -7.721007180248e-19 
 2672       7.858485802496e-12       2.453979231898e-13      -6.239590548710e-13       0.000000000000e+00       1.101641335988e-16       2.838785364502e-17      -7.412648453906e-19 
 2673       7.852132924731e-12       2.433869093281e-13      -6.195698289469e-13       0.000000000000e+00       1.099929517541e-16       2.828842819777e-17      -7.118338489530e-19 
 2674       7.845504318168e-12       2.413936946699e-13      -6.151097224095e-13       0.000000000000e+00       1.098220961817e-16       2.818682502814e-17      -6.837604785073e-19 
 2675       7.838599691445e-12       2.394185785297e-13      -6.105805848479e-13       0.000000000000e+00       1.096515661077e-16       2.808310262005e-17      -6.569973352537e-19 
 2676       7.831418753667e-12       2.374618610172e-13      -6.059842717154e-13       0.000000000000e+00       1.094813607528e-16       2.797731964269e-17      -6.314968716570e-19 
 2677       7.823961214405e-12       2.355238430374e-13      -6.013226443360e-13       0.000000000000e+00       1.093114793329e-16       2.786953495076e-17      -6.072113913051e-19 
 2678       7.816226783696e-12       2.336048262917e-13      -5.965975699093e-13       0.000000000000e+00       1.091419210586e-16       2.775980758458e-17      -5.840930487678e-19 
 2679       7.808215172047e-12       2.317051132787e-13      -5.918109215164e-13       0.000000000000e+00       1.089726851355e-16       2.764819677033e-17      -5.620938494558e-19 
 2680       7.799926090435e-12       2.298250072945e-13      -5.869645781255e-13       0.000000000000e+00       1.088037707641e-16       2.753476192017e-17      -5.411656494794e-19 
 2681       7.791359250306e-12       2.279648124338e-13      -5.820604245974e-13       0.000000000000e+00       1.086351771398e-16       2.741956263245e-17      -5.212601555075e-19 
 2682       7.782514363578e-12       2.261248335903e-13      -5.771003516910e-13       0.000000000000e+00       1.084669034528e-16       2.730265869188e-17      -5.023289246265e-19 
 2683       7.773391142640e-12       2.243053764577e-13      -5.720862560691e-13       0.000000000000e+00       1.082989488884e-16       2.718411006969e-17      -4.843233641987e-19 
 2684       7.763989300353e-12       2.225067475301e-13      -5.670200403037e-13       0.000000000000e+00       1.081313126266e-16       2.706397692384e-17      -4.671947317218e-19 
 2685       7.754308550055e-12       2.207292541032e-13      -5.619036128818e-13       0.000000000000e+00       1.079639938423e-16       2.694231959915e-17      -4.508941346872e-19 
 2686       7.744348605555e-12       2.189732042742e-13      -5.567388882108e-13       0.000000000000e+00       1.077969917052e-16       2.681919862754e-17      -4.353725304393e-19 
 2687       7.734109181137e-12       2.172389069435e-13      -5.515277866244e-13       0.000000000000e+00       1.076303053801e-16       2.669467472812e-17      -4.205807260340e-19 
 2688       7.723589991565e-12       2.155266718146e-13      -5.462722343878e-13       0.000000000000e+00       1.074639340264e-16       2.656880880746e-17      -4.064693780976e-19 
 2689       7.712790752075e-12       2.138368093952e-13      -5.409741637034e-13       0.000000000000e+00       1.072978767985e-16       2.644166195969e-17      -3.929889926858e-19 
 2690       7.701711178385e-12       2.121696309978e-13      -5.356355127165e-13       0.000000000000e+00       1.071321328455e-16       2.631329546672e-17      -3.800899251425e-19 
 2691       7.690350986689e-12       2.105254487404e-13      -5.302582255207e-13       0.000000000000e+00       1.069667013114e-16       2.618377079839e-17      -3.677223799586e-19 
 2692       7.678709893661e-12       2.089045755475e-13      -5.248442521638e-13       0.000000000000e+00       1.068015813353e-16       2.605314961269e-17      -3.558364106308e-19 
 2693       7.666787616456e-12       2.073073251502e-13      -5.193955486529e-13       0.000000000000e+00       1.066367720506e-16       2.592149375588e-17      -3.443819195207e-19 
 2694       7.654583872710e-12       2.057340120875e-13      -5.139140769604e-13       0.000000000000e+00       1.064722725860e-16       2.578886526269e-17      -3.333086577132e-19 
 2695       7.642098380541e-12       2.041849517066e-13      -5.084018050292e-13       0.000000000000e+00       1.063080820647e-16       2.565532635651e-17      -3.225662248758e-19 
 2696       7.629330858548e-12       2.026604601641e-13      -5.028607067788e-13       0.000000000000e+00       1.061441996049e-16       2.552093944956e-17      -3.121040691172e-19 
 2697       7.616281025817e-12       2.011608544260e-13      -4.972927621103e-13       0.000000000000e+00       1.059806243195e-16       2.538576714304e-17      -3.018714868462e-19 
 2698       7.602948601915e-12       1.996864522690e-13      -4.916999569124e-13       0.000000000000e+00       1.058173553163e-16       2.524987222734e-17      -2.918176226307e-19 
 2699       7.589333306898e-12       1.982375722811e-13      -4.860842830667e-13       0.000000000000e+00       1.056543916977e-16       2.511331768221e-17      -2.818914690562e-19 
 2700       7.575434861305e-12       1.968145338620e-13      -4.804477384536e-13       0.000000000000e+00       1.054917325611e-16       2.497616667692e-17      -2.720418665851e-19 
 2701       7.561252986164e-12       1.954176572243e-13      -4.747923269575e-13       0.000000000000e+00       1.053293769985e-16       2.483848257045e-17      -2.622175034149e-19 
 2702       7.546787402991e-12       1.940472633937e-13      -4.691200584727e-13       0.000000000000e+00       1.051673240969e-16       2.470032891165e-17      -2.523669153380e-19 
 2703       7.532037833788e-12       1.927036742101e-13      -4.634329489086e-13       0.000000000000e+00       1.050055729378e-16       2.456176943945e-17      -2.424384855996e-19 
 2704       7.517004001051e-12       1.913872123281e-13      -4.577330201960e-13       0.000000000000e+00       1.048441225976e-16       2.442286808300e-17      -2.323804447571e-19 
 2705       7.501685627762e-12       1.900982012179e-13      -4.520223002916e-13       0.000000000000e+00       1.046829721475e-16       2.428368896186e-17      -2.221408705387e-19 
 2706       7.486082437397e-12       1.888369651655e-13      -4.463028231847e-13       0.000000000000e+00       1.045221206533e-16       2.414429638618e-17      -2.116676877026e-19 
 2707       7.470194153924e-12       1.876038292744e-13      -4.405766289019e-13       0.000000000000e+00       1.043615671758e-16       2.400475485688e-17      -2.009086678953e-19 
 2708       7.454020501802e-12       1.863991194651e-13      -4.348457635132e-13       0.000000000000e+00       1.042013107703e-16       2.386512906582e-17      -1.898114295110e-19 
 2709       7.437561205987e-12       1.852231624768e-13      -4.291122791374e-13       0.000000000000e+00       1.040413504868e-16       2.372548389596e-17      -1.783234375500e-19 
 2710       7.420815991926e-12       1.840762858676e-13      -4.233782339478e-13       0.000000000000e+00       1.038816853704e-16       2.358588442156e-17      -1.663920034778e-19 
 2711       7.403785239415e-12       1.829587443339e-13      -4.176455992744e-13       0.000000000000e+00       1.037223145690e-16       2.344639223064e-17      -1.539750543327e-19 
 2712       7.386471948012e-12       1.818704982322e-13      -4.119159803529e-13       0.000000000000e+00       1.035632376605e-16       2.330705437033e-17      -1.410735038889e-19 
 2713       7.368879782241e-12       1.808114338624e-13      -4.061908940782e-13       0.000000000000e+00       1.034044543277e-16       2.316791434213e-17      -1.276990560771e-19 
 2714       7.351012418713e-12       1.797814370400e-13      -4.004718617752e-13       0.000000000000e+00       1.032459642500e-16       2.302901577435e-17      -1.138634516510e-19 
 2715       7.332873546144e-12       1.787803930957e-13      -3.947604092025e-13       0.000000000000e+00       1.030877671037e-16       2.289040242220e-17      -9.957846822184e-20 
 2716       7.314466865361e-12       1.778081868744e-13      -3.890580665564e-13       0.000000000000e+00       1.029298625613e-16       2.275211816794e-17      -8.485592029350e-20 
 2717       7.295796089314e-12       1.768647027357e-13      -3.833663684751e-13       0.000000000000e+00       1.027722502921e-16       2.261420702096e-17      -6.970765929662e-20 
 2718       7.276864943092e-12       1.759498245525e-13      -3.776868540428e-13       0.000000000000e+00       1.026149299623e-16       2.247671311791e-17      -5.414557362350e-20 
 2719       7.257677163929e-12       1.750634357107e-13      -3.720210667936e-13       0.000000000000e+00       1.024579012342e-16       2.233968072284e-17      -3.818158866260e-20 
 2720       7.238236501219e-12       1.742054191093e-13      -3.663705547158e-13       0.000000000000e+00       1.023011637670e-16       2.220315422727e-17      -2.182766683322e-20 
 2721       7.218546716525e-12       1.733756571589e-13      -3.607368702556e-13       0.000000000000e+00       1.021447172166e-16       2.206717815034e-17      -5.095807620091e-21 
 2722       7.198611583594e-12       1.725740317823e-13      -3.551215703216e-13       0.000000000000e+00       1.019885612351e-16       2.193179713892e-17       1.200195239198e-20 
 2723       7.178434888364e-12       1.718004244130e-13      -3.495262162886e-13       0.000000000000e+00       1.018326954717e-16       2.179705596771e-17       2.945353948352e-20 
 2724       7.158020428981e-12       1.710547159954e-13      -3.439523740016e-13       0.000000000000e+00       1.016771195718e-16       2.166299953938e-17       4.724684276575e-20 
 2725       7.137372015805e-12       1.703367869840e-13      -3.384016137800e-13       0.000000000000e+00       1.015218331775e-16       2.152967288469e-17       6.536971414599e-20 
 2726       7.116493471425e-12       1.696465173432e-13      -3.328755104217e-13       0.000000000000e+00       1.013668359276e-16       2.139712116255e-17       8.380996829299e-20 
 2727       7.095388630668e-12       1.689837865462e-13      -3.273756432070e-13       0.000000000000e+00       1.012121274573e-16       2.126538966022e-17       1.025553826024e-19 
 2728       7.074061340614e-12       1.683484735752e-13      -3.219035959030e-13       0.000000000000e+00       1.010577073984e-16       2.113452379337e-17       1.215936971619e-19 
 2729       7.052515460605e-12       1.677404569206e-13      -3.164609567671e-13       0.000000000000e+00       1.009035753794e-16       2.100456910619e-17       1.409126147171e-19 
 2730       7.030754862257e-12       1.671596145804e-13      -3.110493185516e-13       0.000000000000e+00       1.007497310253e-16       2.087557127156e-17       1.604998006364e-19 
 2731       7.008783429470e-12       1.666058240598e-13      -3.056702785075e-13       0.000000000000e+00       1.005961739575e-16       2.074757609111e-17       1.803428828764e-19 
 2732       6.986605058444e-12       1.660789623707e-13      -3.003254383884e-13       0.000000000000e+00       1.004429037943e-16       2.062062949537e-17       2.004294519478e-19 
 2733       6.964223657684e-12       1.655789060315e-13      -2.950164044552e-13       0.000000000000e+00       1.002899201502e-16       2.049477754387e-17       2.207470608802e-19 
 2734       6.941643148019e-12       1.651055310660e-13      -2.897447874794e-13       0.000000000000e+00       1.001372226365e-16       2.037006642526e-17       2.412832251876e-19 
 2735       6.918867462606e-12       1.646587130036e-13      -2.845122027475e-13       0.000000000000e+00       9.998481086089e-17       2.024654245744e-17       2.620254228341e-19 
 2736       6.895900546947e-12       1.642383268780e-13      -2.793202700652e-13       0.000000000000e+00       9.983268442764e-17       2.012425208764e-17       2.829610941990e-19 
 2737       6.872746358899e-12       1.638442472275e-13      -2.741706137614e-13       0.000000000000e+00       9.968084293759e-17       2.000324189258e-17       3.040776420422e-19 
 2738       6.849408868685e-12       1.634763480942e-13      -2.690648626918e-13       0.000000000000e+00       9.952928598810e-17       1.988355857856e-17       3.253624314697e-19 
 2739       6.825892058903e-12       1.631345030233e-13      -2.640046502439e-13       0.000000000000e+00       9.937801317306e-17       1.976524898160e-17       3.468027898988e-19 
 2740       6.802199924545e-12       1.628185850629e-13      -2.589916143399e-13       0.000000000000e+00       9.922702408286e-17       1.964836006750e-17       3.683860070236e-19 
 2741       6.778336472998e-12       1.625284667632e-13      -2.540273974420e-13       0.000000000000e+00       9.907631830443e-17       1.953293893202e-17       3.900993347803e-19 
 2742       6.754305724067e-12       1.622640201764e-13      -2.491136465553e-13       0.000000000000e+00       9.892589542123e-17       1.941903280099e-17       4.119299873130e-19 
 2743       6.730111709976e-12       1.620251168559e-13      -2.442520132327e-13       0.000000000000e+00       9.877575501320e-17       1.930668903036e-17       4.338651409382e-19 
 2744       6.705758475387e-12       1.618116278561e-13      -2.394441535786e-13       0.000000000000e+00       9.862589665681e-17       1.919595510641e-17       4.558919341111e-19 
 2745       6.681250077408e-12       1.616234237315e-13      -2.346917282530e-13       0.000000000000e+00       9.847631992502e-17       1.908687864578e-17       4.779974673903e-19 
 2746       6.656590585604e-12       1.614603745364e-13      -2.299964024756e-13       0.000000000000e+00       9.832702438732e-17       1.897950739567e-17       5.001688034037e-19 
 2747       6.631784082012e-12       1.613223498247e-13      -2.253598460298e-13       0.000000000000e+00       9.817800960965e-17       1.887388923388e-17       5.223929668136e-19 
 2748       6.606834661149e-12       1.612092186488e-13      -2.207837332668e-13       0.000000000000e+00       9.802927515449e-17       1.877007216896e-17       5.446569442820e-19 
 2749       6.581746430025e-12       1.611208495597e-13      -2.162697431099e-13       0.000000000000e+00       9.788082058078e-17       1.866810434033e-17       5.669476844361e-19 
 2750       6.556523650469e-12       1.610570678158e-13      -2.118193560656e-13       0.000000000000e+00       9.773264539283e-17       1.856801170328e-17       5.892516357296e-19 
 2751       6.531171166918e-12       1.610175267628e-13      -2.074332440697e-13       0.000000000000e+00       9.758474888674e-17       1.846973095382e-17       6.115533574062e-19 
 2752       6.505693980928e-12       1.610018357679e-13      -2.031118774006e-13       0.000000000000e+00       9.743713030314e-17       1.837317624684e-17       6.338369010698e-19 
 2753       6.480097109083e-12       1.610096029467e-13      -1.988557273767e-13       0.000000000000e+00       9.728978887824e-17       1.827826147858e-17       6.560862720750e-19 
 2754       6.454385583005e-12       1.610404351625e-13      -1.946652663580e-13       0.000000000000e+00       9.714272384384e-17       1.818490028638e-17       6.782854294848e-19 
 2755       6.428564449370e-12       1.610939380245e-13      -1.905409677467e-13       0.000000000000e+00       9.699593442729e-17       1.809300604840e-17       7.004182860294e-19 
 2756       6.402638769923e-12       1.611697158871e-13      -1.864833059878e-13       0.000000000000e+00       9.684941985152e-17       1.800249188347e-17       7.224687080634e-19 
 2757       6.376613621489e-12       1.612673718484e-13      -1.824927565704e-13       0.000000000000e+00       9.670317933500e-17       1.791327065078e-17       7.444205155245e-19 
 2758       6.350494095987e-12       1.613865077493e-13      -1.785697960281e-13       0.000000000000e+00       9.655721209178e-17       1.782525494965e-17       7.662574818911e-19 
 2759       6.324285300445e-12       1.615267241723e-13      -1.747149019401e-13       0.000000000000e+00       9.641151733144e-17       1.773835711934e-17       7.879633341406e-19 
 2760       6.297992357016e-12       1.616876204400e-13      -1.709285529319e-13       0.000000000000e+00       9.626609425912e-17       1.765248923875e-17       8.095217527075e-19 
 2761       6.271620402986e-12       1.618687946142e-13      -1.672112286764e-13       0.000000000000e+00       9.612094207548e-17       1.756756312624e-17       8.309163714412e-19 
 2762       6.245174590792e-12       1.620698434950e-13      -1.635634098943e-13       0.000000000000e+00       9.597605997673e-17       1.748349033934e-17       8.521307775642e-19 
 2763       6.218660088036e-12       1.622903626189e-13      -1.599855783555e-13       0.000000000000e+00       9.583144715462e-17       1.740018217454e-17       8.731485116303e-19 
 2764       6.192082077496e-12       1.625299462584e-13      -1.564782168794e-13       0.000000000000e+00       9.568710279640e-17       1.731754966706e-17       8.939530674824e-19 
 2765       6.165445757142e-12       1.627881874203e-13      -1.530418093361e-13       0.000000000000e+00       9.554302608486e-17       1.723550359060e-17       9.145278922106e-19 
 2766       6.138756340150e-12       1.630646778447e-13      -1.496768406472e-13       0.000000000000e+00       9.539921619830e-17       1.715395445709e-17       9.348563861103e-19 
 2767       6.112019054913e-12       1.633590080039e-13      -1.463837967864e-13       0.000000000000e+00       9.525567231053e-17       1.707281251649e-17       9.549219026403e-19 
 2768       6.085239145057e-12       1.636707671011e-13      -1.431631647807e-13       0.000000000000e+00       9.511239359088e-17       1.699198775649e-17       9.747077483808e-19 
 2769       6.058421869456e-12       1.639995430694e-13      -1.400154327108e-13       0.000000000000e+00       9.496937920415e-17       1.691138990235e-17       9.941971829913e-19 
 2770       6.031572502243e-12       1.643449225704e-13      -1.369410897126e-13       0.000000000000e+00       9.482662831067e-17       1.683092841660e-17       1.013373419169e-18 
 2771       6.004696332825e-12       1.647064909933e-13      -1.339406259773e-13       0.000000000000e+00       9.468414006625e-17       1.675051249882e-17       1.032219622607e-18 
 2772       5.977798665897e-12       1.650838324534e-13      -1.310145327527e-13       0.000000000000e+00       9.454191362217e-17       1.667005108543e-17       1.050718911950e-18 
 2773       5.950884821455e-12       1.654765297912e-13      -1.281633023440e-13       0.000000000000e+00       9.439994812522e-17       1.658945284941e-17       1.068854358758e-18 
 2774       5.923960134811e-12       1.658841645711e-13      -1.253874281144e-13       0.000000000000e+00       9.425824271765e-17       1.650862620008e-17       1.086608987457e-18 
 2775       5.897029956605e-12       1.663063170804e-13      -1.226874044864e-13       0.000000000000e+00       9.411679653719e-17       1.642747928288e-17       1.103965775303e-18 
 2776       5.870099652821e-12       1.667425663278e-13      -1.200637269421e-13       0.000000000000e+00       9.397560871704e-17       1.634591997910e-17       1.120907652337e-18 
 2777       5.843174604799e-12       1.671924900425e-13      -1.175168920245e-13       0.000000000000e+00       9.383467838584e-17       1.626385590566e-17       1.137417501344e-18 
 2778       5.816260209249e-12       1.676556646730e-13      -1.150473973379e-13       0.000000000000e+00       9.369400466772e-17       1.618119441489e-17       1.153478157811e-18 
 2779       5.789361878267e-12       1.681316653858e-13      -1.126557415492e-13       0.000000000000e+00       9.355358668224e-17       1.609784259425e-17       1.169072409885e-18 
 2780       5.762485039343e-12       1.686200660643e-13      -1.103424243885e-13       0.000000000000e+00       9.341342354442e-17       1.601370726613e-17       1.184182998330e-18 
 2781       5.735635135383e-12       1.691204393076e-13      -1.081079466499e-13       0.000000000000e+00       9.327351436473e-17       1.592869498757e-17       1.198792616487e-18 
 2782       5.708817624716e-12       1.696323564296e-13      -1.059528101924e-13       0.000000000000e+00       9.313385824906e-17       1.584271205009e-17       1.212883910232e-18 
 2783       5.682037981110e-12       1.701553874574e-13      -1.038775179409e-13       0.000000000000e+00       9.299445429873e-17       1.575566447938e-17       1.226439477931e-18 
 2784       5.655301693788e-12       1.706891011301e-13      -1.018825738868e-13       0.000000000000e+00       9.285530161053e-17       1.566745803511e-17       1.239441870402e-18 
 2785       5.628614267438e-12       1.712330648984e-13      -9.996848308892e-14       0.000000000000e+00       9.271639927662e-17       1.557799821067e-17       1.251873590870e-18 
 2786       5.601981222229e-12       1.717868449223e-13      -9.813575167446e-14       0.000000000000e+00       9.257774638461e-17       1.548719023295e-17       1.263717094928e-18 
 2787       5.575408093824e-12       1.723500060709e-13      -9.638488683967e-14       0.000000000000e+00       9.243934201753e-17       1.539493906207e-17       1.274954790491e-18 
 2788       5.548900433395e-12       1.729221119206e-13      -9.471639685083e-14       0.000000000000e+00       9.230118525381e-17       1.530114939117e-17       1.285569037757e-18 
 2789       5.522463464952e-12       1.735027291445e-13      -9.313060378750e-14       0.000000000000e+00       9.216327528528e-17       1.520576022473e-17       1.295547928678e-18 
 2790       5.496101055349e-12       1.740914407067e-13      -9.162708069672e-14       0.000000000000e+00       9.202561177195e-17       1.510884881228e-17       1.304902658605e-18 
 2791       5.469816738897e-12       1.746878327349e-13      -9.020521148504e-14       0.000000000000e+00       9.188819448905e-17       1.501052725996e-17       1.313650245775e-18 
 2792       5.443614059565e-12       1.752914901350e-13      -8.886437790548e-14       0.000000000000e+00       9.175102320929e-17       1.491090800185e-17       1.321807760134e-18 
 2793       5.417496570988e-12       1.759019965906e-13      -8.760395955557e-14       0.000000000000e+00       9.161409770275e-17       1.481010380022e-17       1.329392323382e-18 
 2794       5.391467836479e-12       1.765189345616e-13      -8.642333387523e-14       0.000000000000e+00       9.147741773696e-17       1.470822774588e-17       1.336421109022e-18 
 2795       5.365531429030e-12       1.771418852828e-13      -8.532187614478e-14       0.000000000000e+00       9.134098307686e-17       1.460539325841e-17       1.342911342404e-18 
 2796       5.339690931329e-12       1.777704287634e-13      -8.429895948285e-14       0.000000000000e+00       9.120479348479e-17       1.450171408654e-17       1.348880300776e-18 
 2797       5.313949935762e-12       1.784041437853e-13      -8.335395484437e-14       0.000000000000e+00       9.106884872051e-17       1.439730430837e-17       1.354345313329e-18 
 2798       5.288312044425e-12       1.790426079025e-13      -8.248623101853e-14       0.000000000000e+00       9.093314854118e-17       1.429227833170e-17       1.359323761244e-18 
 2799       5.262780869131e-12       1.796853974397e-13      -8.169515462668e-14       0.000000000000e+00       9.079769270137e-17       1.418675089432e-17       1.363833077739e-18 
 2800       5.237360031420e-12       1.803320874911e-13      -8.098009012035e-14       0.000000000000e+00       9.066248095303e-17       1.408083706431e-17       1.367890748120e-18 
 2801       5.212053162564e-12       1.809822519197e-13      -8.034039977916e-14       0.000000000000e+00       9.052751304553e-17       1.397465224034e-17       1.371514309821e-18 
 2802       5.186863903581e-12       1.816354633558e-13      -7.977544370881e-14       0.000000000000e+00       9.039278872563e-17       1.386831215194e-17       1.374721352459e-18 
 2803       5.161795905239e-12       1.822912931962e-13      -7.928457983900e-14       0.000000000000e+00       9.025830773746e-17       1.376193285981e-17       1.377529517874e-18 
 2804       5.136852828064e-12       1.829493116028e-13      -7.886716392142e-14       0.000000000000e+00       9.012406982257e-17       1.365563075614e-17       1.379956500183e-18 
 2805       5.112038342354e-12       1.836090875017e-13      -7.852254952766e-14       0.000000000000e+00       8.999007471987e-17       1.354952256486e-17       1.382020045822e-18 
 2806       5.087356128181e-12       1.842701885820e-13      -7.825008804722e-14       0.000000000000e+00       8.985632216566e-17       1.344372534198e-17       1.383737953595e-18 
 2807       5.062809875403e-12       1.849321812949e-13      -7.804912868542e-14       0.000000000000e+00       8.972281189361e-17       1.333835647584e-17       1.385128074721e-18 
 2808       5.038403283673e-12       1.855946308523e-13      -7.791901846138e-14       0.000000000000e+00       8.958954363479e-17       1.323353368747e-17       1.386208312882e-18 
 2809       5.014140062446e-12       1.862571012258e-13      -7.785910220596e-14       0.000000000000e+00       8.945651711760e-17       1.312937503079e-17       1.386996624270e-18 
 2810       4.990023930986e-12       1.869191551456e-13      -7.786872255973e-14       0.000000000000e+00       8.932373206786e-17       1.302599889301e-17       1.387511017632e-18 
 2811       4.966058618377e-12       1.875803540996e-13      -7.794721997091e-14       0.000000000000e+00       8.919118820873e-17       1.292352399485e-17       1.387769554321e-18 
 2812       4.942247863534e-12       1.882402583320e-13      -7.809393269333e-14       0.000000000000e+00       8.905888526072e-17       1.282206939088e-17       1.387790348339e-18 
 2813       4.918595415203e-12       1.888984268424e-13      -7.830819678440e-14       0.000000000000e+00       8.892682294173e-17       1.272175446977e-17       1.387591566388e-18 
 2814       4.895105031978e-12       1.895544173843e-13      -7.858934610304e-14       0.000000000000e+00       8.879500096699e-17       1.262269895465e-17       1.387191427914e-18 
 2815       4.871780482306e-12       1.902077864647e-13      -7.893671230765e-14       0.000000000000e+00       8.866341904911e-17       1.252502290333e-17       1.386608205157e-18 
 2816       4.848625544496e-12       1.908580893425e-13      -7.934962485405e-14       0.000000000000e+00       8.853207689803e-17       1.242884670867e-17       1.385860223195e-18 
 2817       4.825644006725e-12       1.915048800273e-13      -7.982741099348e-14       0.000000000000e+00       8.840097422106e-17       1.233429109882e-17       1.384965859996e-18 
 2818       4.802839667052e-12       1.921477112788e-13      -8.036939577048e-14       0.000000000000e+00       8.827011072283e-17       1.224147713753e-17       1.383943546458e-18 
 2819       4.780216333419e-12       1.927861346050e-13      -8.097490202091e-14       0.000000000000e+00       8.813948610534e-17       1.215052622447e-17       1.382811766464e-18 
 2820       4.757777823668e-12       1.934197002619e-13      -8.164325036988e-14       0.000000000000e+00       8.800910006790e-17       1.206156009550e-17       1.381589056923e-18 
 2821       4.735527965543e-12       1.940479572518e-13      -8.237375922970e-14       0.000000000000e+00       8.787895230718e-17       1.197470082295e-17       1.380294007822e-18 
 2822       4.713470596701e-12       1.946704533222e-13      -8.316574479786e-14       0.000000000000e+00       8.774904251716e-17       1.189007081597e-17       1.378945262268e-18 
 2823       4.691609564719e-12       1.952867349651e-13      -8.401852105493e-14       0.000000000000e+00       8.761937038919e-17       1.180779282077e-17       1.377561516541e-18 
 2824       4.669948727105e-12       1.958963474158e-13      -8.493139976259e-14       0.000000000000e+00       8.748993561190e-17       1.172798992095e-17       1.376161520137e-18 
 2825       4.648491951305e-12       1.964988346512e-13      -8.590369046153e-14       0.000000000000e+00       8.736073787128e-17       1.165078553778e-17       1.374764075815e-18 
 2826       4.627243114712e-12       1.970937393897e-13      -8.693470046941e-14       0.000000000000e+00       8.723177685062e-17       1.157630343050e-17       1.373388039647e-18 
 2827       4.606206104672e-12       1.976806030891e-13      -8.802373487885e-14       0.000000000000e+00       8.710305223054e-17       1.150466769662e-17       1.372052321065e-18 
 2828       4.585384257443e-12       1.982590059143e-13      -8.917001731823e-14       0.000000000000e+00       8.697456364563e-17       1.143596745452e-17       1.370772683199e-18 
 2829       4.564778671866e-12       1.988286868663e-13      -9.037245179006e-14       0.000000000000e+00       8.684631055416e-17       1.137015069094e-17       1.369552125707e-18 
 2830       4.544389886976e-12       1.993894242727e-13      -9.162985959519e-14       0.000000000000e+00       8.671829236771e-17       1.130712986434e-17       1.368390452238e-18 
 2831       4.524218442262e-12       1.999409958759e-13      -9.294105845465e-14       0.000000000000e+00       8.659050849443e-17       1.124681717247e-17       1.367287465611e-18 
 2832       4.504264877667e-12       2.004831788323e-13      -9.430486250642e-14       0.000000000000e+00       8.646295833902e-17       1.118912455205e-17       1.366242967816e-18 
 2833       4.484529733590e-12       2.010157497122e-13      -9.572008230222e-14       0.000000000000e+00       8.633564130275e-17       1.113396367862e-17       1.365256760012e-18 
 2834       4.465013550884e-12       2.015384844988e-13      -9.718552480425e-14       0.000000000000e+00       8.620855678345e-17       1.108124596627e-17       1.364328642529e-18 
 2835       4.445716870856e-12       2.020511585881e-13      -9.869999338198e-14       0.000000000000e+00       8.608170417551e-17       1.103088256740e-17       1.363458414862e-18 
 2836       4.426640235269e-12       2.025535467883e-13      -1.002622878089e-13       0.000000000000e+00       8.595508286986e-17       1.098278437248e-17       1.362645875675e-18 
 2837       4.407784186339e-12       2.030454233189e-13      -1.018712042592e-13       0.000000000000e+00       8.582869225398e-17       1.093686200985e-17       1.361890822799e-18 
 2838       4.389149266739e-12       2.035265618110e-13      -1.035255353049e-13       0.000000000000e+00       8.570253171190e-17       1.089302584546e-17       1.361193053228e-18 
 2839       4.370736019596e-12       2.039967353060e-13      -1.052240699119e-13       0.000000000000e+00       8.557660062419e-17       1.085118598264e-17       1.360552363124e-18 
 2840       4.352544988491e-12       2.044557162555e-13      -1.069655934377e-13       0.000000000000e+00       8.545089836795e-17       1.081125226185e-17       1.359968547811e-18 
 2841       4.334576717463e-12       2.049032765208e-13      -1.087488876272e-13       0.000000000000e+00       8.532542431682e-17       1.077313426048e-17       1.359441401776e-18 
 2842       4.316831751003e-12       2.053391873722e-13      -1.105727306102e-13       0.000000000000e+00       8.520017784096e-17       1.073674129260e-17       1.358970718669e-18 
 2843       4.299310634060e-12       2.057632194888e-13      -1.124358968978e-13       0.000000000000e+00       8.507515830706e-17       1.070198240871e-17       1.358556291302e-18 
 2844       4.282013912035e-12       2.061751429575e-13      -1.143371573792e-13       0.000000000000e+00       8.495036507834e-17       1.066876639553e-17       1.358197911647e-18 
 2845       4.264942130789e-12       2.065747272732e-13      -1.162752793187e-13       0.000000000000e+00       8.482579751454e-17       1.063700177574e-17       1.357895370835e-18 
 2846       4.248095836634e-12       2.069617413375e-13      -1.182490263522e-13       0.000000000000e+00       8.470145497188e-17       1.060659680779e-17       1.357648459158e-18 
 2847       4.231475576341e-12       2.073359534588e-13      -1.202571584838e-13       0.000000000000e+00       8.457733680314e-17       1.057745948560e-17       1.357456966065e-18 
 2848       4.215081897133e-12       2.076971313517e-13      -1.222984320833e-13       0.000000000000e+00       8.445344235758e-17       1.054949753839e-17       1.357320680163e-18 
 2849       4.198915346693e-12       2.080450421361e-13      -1.243715998821e-13       0.000000000000e+00       8.432977098096e-17       1.052261843041e-17       1.357239389215e-18 
 2850       4.182976473157e-12       2.083794523372e-13      -1.264754109706e-13       0.000000000000e+00       8.420632201555e-17       1.049672936071e-17       1.357212880141e-18 
 2851       4.167265825117e-12       2.087001278847e-13      -1.286086107945e-13       0.000000000000e+00       8.408309480012e-17       1.047173726292e-17       1.357240939014e-18 
 2852       4.151783951621e-12       2.090068341123e-13      -1.307699411519e-13       0.000000000000e+00       8.396008866991e-17       1.044754880498e-17       1.357323351064e-18 
 2853       4.136531402174e-12       2.092993357575e-13      -1.329581401900e-13       0.000000000000e+00       8.383730295669e-17       1.042407038896e-17       1.357459900672e-18 
 2854       4.121508726736e-12       2.095773969605e-13      -1.351719424017e-13       0.000000000000e+00       8.371473698867e-17       1.040120815080e-17       1.357650371372e-18 
 2855       4.106716475724e-12       2.098407812645e-13      -1.374100786227e-13       0.000000000000e+00       8.359239009057e-17       1.037886796004e-17       1.357894545851e-18 
 2856       4.092155200010e-12       2.100892516143e-13      -1.396712760278e-13       0.000000000000e+00       8.347026158358e-17       1.035695541964e-17       1.358192205945e-18 
 2857       4.077825450924e-12       2.103225703565e-13      -1.419542581280e-13       0.000000000000e+00       8.334835078537e-17       1.033537586573e-17       1.358543132642e-18 
 2858       4.063727780251e-12       2.105404992388e-13      -1.442577447674e-13       0.000000000000e+00       8.322665701006e-17       1.031403436737e-17       1.358947106079e-18 
 2859       4.049862740232e-12       2.107427994093e-13      -1.465804521193e-13       0.000000000000e+00       8.310517956826e-17       1.029283572629e-17       1.359403905540e-18 
 2860       4.036230883565e-12       2.109292314162e-13      -1.489210926839e-13       0.000000000000e+00       8.298391776704e-17       1.027168447672e-17       1.359913309458e-18 
 2861       4.022832763406e-12       2.110995552073e-13      -1.512783752843e-13       0.000000000000e+00       8.286287090991e-17       1.025048488508e-17       1.360475095412e-18 
 2862       4.009668933367e-12       2.112535301291e-13      -1.536510050636e-13       0.000000000000e+00       8.274203829686e-17       1.022914094982e-17       1.361089040129e-18 
 2863       3.996739947514e-12       2.113909149271e-13      -1.560376834817e-13       0.000000000000e+00       8.262141922433e-17       1.020755640112e-17       1.361754919479e-18 
 2864       3.984046360372e-12       2.115114677445e-13      -1.584371083118e-13       0.000000000000e+00       8.250101298518e-17       1.018563470070e-17       1.362472508478e-18 
 2865       3.971588726925e-12       2.116149461220e-13      -1.608479736377e-13       0.000000000000e+00       8.238081886876e-17       1.016327904157e-17       1.363241581283e-18 
 2866       3.959367602609e-12       2.117011069975e-13      -1.632689698498e-13       0.000000000000e+00       8.226083616081e-17       1.014039234779e-17       1.364061911198e-18 
 2867       3.947383095353e-12       2.117697556552e-13      -1.656988338690e-13       0.000000000000e+00       8.214106421549e-17       1.011689411690e-17       1.364930856515e-18 
 2868       3.935633519167e-12       2.118208928477e-13      -1.681365001031e-13       0.000000000000e+00       8.202150267143e-17       1.009277104165e-17       1.365836104590e-18 
 2869       3.924116733672e-12       2.118545684246e-13      -1.705809502549e-13       0.000000000000e+00       8.190215123678e-17       1.006802664643e-17       1.366762890704e-18 
 2870       3.912830591437e-12       2.118708324510e-13      -1.730311631629e-13       0.000000000000e+00       8.178300961728e-17       1.004266446802e-17       1.367696408809e-18 
 2871       3.901772937972e-12       2.118697352078e-13      -1.754861147995e-13       0.000000000000e+00       8.166407751632e-17       1.001668805571e-17       1.368621811493e-18 
 2872       3.890941611725e-12       2.118513271917e-13      -1.779447782679e-13       0.000000000000e+00       8.154535463490e-17       9.990100971232e-18       1.369524209943e-18 
 2873       3.880334444069e-12       2.118156591156e-13      -1.804061238000e-13       0.000000000000e+00       8.142684067167e-17       9.962906788814e-18       1.370388673913e-18 
 2874       3.869949259301e-12       2.117627819088e-13      -1.828691187533e-13       0.000000000000e+00       8.130853532287e-17       9.935109095170e-18       1.371200231680e-18 
 2875       3.859783874634e-12       2.116927467173e-13      -1.853327276093e-13       0.000000000000e+00       8.119043828240e-17       9.906711489525e-18       1.371943870016e-18 
 2876       3.849836100189e-12       2.116056049035e-13      -1.877959119703e-13       0.000000000000e+00       8.107254924173e-17       9.877717583618e-18       1.372604534148e-18 
 2877       3.840103738991e-12       2.115014080473e-13      -1.902576305571e-13       0.000000000000e+00       8.095486788997e-17       9.848131001718e-18       1.373167127722e-18 
 2878       3.830584586960e-12       2.113802079453e-13      -1.927168392064e-13       0.000000000000e+00       8.083739391385e-17       9.817955380634e-18       1.373616512767e-18 
 2879       3.821276432908e-12       2.112420566118e-13      -1.951724908686e-13       0.000000000000e+00       8.072012699769e-17       9.787194369725e-18       1.373937509663e-18 
 2880       3.812177058528e-12       2.110870062786e-13      -1.976235356051e-13       0.000000000000e+00       8.060306682341e-17       9.755851630918e-18       1.374114897097e-18 
 2881       3.803284238392e-12       2.109151093956e-13      -2.000689205856e-13       0.000000000000e+00       8.048621307056e-17       9.723930838710e-18       1.374133412033e-18 
 2882       3.794595739941e-12       2.107264186303e-13      -2.025075900862e-13       0.000000000000e+00       8.036956541628e-17       9.691435680187e-18       1.373977749675e-18 
 2883       3.786109323480e-12       2.105209868688e-13      -2.049384854860e-13       0.000000000000e+00       8.025312353528e-17       9.658369855035e-18       1.373632563431e-18 
 2884       3.777822742173e-12       2.102988672154e-13      -2.073605452655e-13       0.000000000000e+00       8.013688709992e-17       9.624737075546e-18       1.373082464875e-18 
 2885       3.769733742033e-12       2.100601129934e-13      -2.097727050035e-13       0.000000000000e+00       8.002085578010e-17       9.590541066636e-18       1.372312023712e-18 
 2886       3.761840061918e-12       2.098047777447e-13      -2.121738973750e-13       0.000000000000e+00       7.990502924335e-17       9.555785565853e-18       1.371305767743e-18 
 2887       3.754139433527e-12       2.095329152303e-13      -2.145630521483e-13       0.000000000000e+00       7.978940715476e-17       9.520474323391e-18       1.370048182827e-18 
 2888       3.746629581387e-12       2.092445794306e-13      -2.169390961827e-13       0.000000000000e+00       7.967398917701e-17       9.484611102097e-18       1.368523712849e-18 
 2889       3.739308222852e-12       2.089398245456e-13      -2.193009534263e-13       0.000000000000e+00       7.955877497038e-17       9.448199677488e-18       1.366716759677e-18 
 2890       3.732173068094e-12       2.086187049948e-13      -2.216475449129e-13       0.000000000000e+00       7.944376419272e-17       9.411243837761e-18       1.364611683133e-18 
 2891       3.725221820097e-12       2.082812754177e-13      -2.239777887598e-13       0.000000000000e+00       7.932895649945e-17       9.373747383802e-18       1.362192800953e-18 
 2892       3.718452174653e-12       2.079275906740e-13      -2.262906001655e-13       0.000000000000e+00       7.921435154356e-17       9.335714129201e-18       1.359444388752e-18 
 2893       3.711861820351e-12       2.075577058438e-13      -2.285848914070e-13       0.000000000000e+00       7.909994897564e-17       9.297147900261e-18       1.356350679987e-18 
 2894       3.705448438573e-12       2.071716762275e-13      -2.308595718370e-13       0.000000000000e+00       7.898574844382e-17       9.258052536011e-18       1.352895865923e-18 
 2895       3.699209703489e-12       2.067695573466e-13      -2.331135478820e-13       0.000000000000e+00       7.887174959381e-17       9.218431888218e-18       1.349064095597e-18 
 2896       3.693143282047e-12       2.063514049434e-13      -2.353457230394e-13       0.000000000000e+00       7.875795206888e-17       9.178289821396e-18       1.344839475776e-18 
 2897       3.687246833970e-12       2.059172749814e-13      -2.375549978751e-13       0.000000000000e+00       7.864435550986e-17       9.137630212821e-18       1.340206070932e-18 
 2898       3.681518011747e-12       2.054672236455e-13      -2.397402700211e-13       0.000000000000e+00       7.853095955515e-17       9.096456952541e-18       1.335147903194e-18 
 2899       3.675954460628e-12       2.050013073421e-13      -2.419004341726e-13       0.000000000000e+00       7.841776384070e-17       9.054773943386e-18       1.329648952322e-18 
 2900       3.670553818617e-12       2.045195826997e-13      -2.440343820862e-13       0.000000000000e+00       7.830476800001e-17       9.012585100983e-18       1.323693155663e-18 
 2901       3.665313716466e-12       2.040221065687e-13      -2.461410025767e-13       0.000000000000e+00       7.819197166412e-17       8.969894353765e-18       1.317264408121e-18 
 2902       3.660231777668e-12       2.035089360215e-13      -2.482191815151e-13       0.000000000000e+00       7.807937446165e-17       8.926705642984e-18       1.310346562118e-18 
 2903       3.655305618449e-12       2.029801283533e-13      -2.502678018256e-13       0.000000000000e+00       7.796697601874e-17       8.883022922720e-18       1.302923427557e-18 
 2904       3.650532847765e-12       2.024357410818e-13      -2.522857434838e-13       0.000000000000e+00       7.785477595908e-17       8.838850159896e-18       1.294978771788e-18 
 2905       3.645911067294e-12       2.018758319475e-13      -2.542718835134e-13       0.000000000000e+00       7.774277390389e-17       8.794191334288e-18       1.286496319573e-18 
 2906       3.641437753480e-12       2.013004875849e-13      -2.562252164969e-13       0.000000000000e+00       7.763096947907e-17       8.749056327662e-18       1.277466839067e-18 
 2907       3.637109903033e-12       2.007099096926e-13      -2.581452167735e-13       0.000000000000e+00       7.751936233646e-17       8.703478623577e-18       1.267909438864e-18 
 2908       3.632924385629e-12       2.001043292979e-13      -2.600314780615e-13       0.000000000000e+00       7.740795213270e-17       8.657497696812e-18       1.257850378215e-18 
 2909       3.628878061692e-12       1.994839781257e-13      -2.618835931105e-13       0.000000000000e+00       7.729673852203e-17       8.611153132436e-18       1.247315990824e-18 
 2910       3.624967782379e-12       1.988490885997e-13      -2.637011537009e-13       0.000000000000e+00       7.718572115637e-17       8.564484625903e-18       1.236332684908e-18 
 2911       3.621190389581e-12       1.981998938425e-13      -2.654837506428e-13       0.000000000000e+00       7.707489968527e-17       8.517531983150e-18       1.224926943265e-18 
 2912       3.617542715907e-12       1.975366276764e-13      -2.672309737757e-13       0.000000000000e+00       7.696427375591e-17       8.470335120686e-18       1.213125323338e-18 
 2913       3.614021584678e-12       1.968595246239e-13      -2.689424119672e-13       0.000000000000e+00       7.685384301313e-17       8.422934065695e-18       1.200954457279e-18 
 2914       3.610623809921e-12       1.961688199087e-13      -2.706176531123e-13       0.000000000000e+00       7.674360709938e-17       8.375368956128e-18       1.188441052014e-18 
 2915       3.607346196360e-12       1.954647494559e-13      -2.722562841331e-13       0.000000000000e+00       7.663356565476e-17       8.327680040795e-18       1.175611889306e-18 
 2916       3.604185539406e-12       1.947475498928e-13      -2.738578909773e-13       0.000000000000e+00       7.652371831700e-17       8.279907679464e-18       1.162493825822e-18 
 2917       3.601138625151e-12       1.940174585494e-13      -2.754220586178e-13       0.000000000000e+00       7.641406472144e-17       8.232092342958e-18       1.149113793198e-18 
 2918       3.598202230358e-12       1.932747134593e-13      -2.769483710521e-13       0.000000000000e+00       7.630460450106e-17       8.184274613244e-18       1.135498798100e-18 
 2919       3.595373122456e-12       1.925195533598e-13      -2.784364113011e-13       0.000000000000e+00       7.619533728647e-17       8.136495183534e-18       1.121675922293e-18 
 2920       3.592648059527e-12       1.917522176932e-13      -2.798857614084e-13       0.000000000000e+00       7.608626270587e-17       8.088794858378e-18       1.107672322701e-18 
 2921       3.590023790303e-12       1.909729466069e-13      -2.812960024397e-13       0.000000000000e+00       7.597738038511e-17       8.041214553759e-18       1.093515231477e-18 
 2922       3.587497054154e-12       1.901819809540e-13      -2.826667144819e-13       0.000000000000e+00       7.586868994765e-17       7.993795297188e-18       1.079231956062e-18 
 2923       3.585064581081e-12       1.893795622944e-13      -2.839974766424e-13       0.000000000000e+00       7.576019101453e-17       7.946578227800e-18       1.064849879254e-18 
 2924       3.582723091710e-12       1.885659328948e-13      -2.852878670481e-13       0.000000000000e+00       7.565188320444e-17       7.899604596450e-18       1.050396459270e-18 
 2925       3.580469297281e-12       1.877413357299e-13      -2.865374628448e-13       0.000000000000e+00       7.554376613365e-17       7.852915765806e-18       1.035899229812e-18 
 2926       3.578299899640e-12       1.869060144826e-13      -2.877458401964e-13       0.000000000000e+00       7.543583941605e-17       7.806553210447e-18       1.021385800131e-18 
 2927       3.576211591234e-12       1.860602135448e-13      -2.889125742840e-13       0.000000000000e+00       7.532810266313e-17       7.760558516956e-18       1.006883855093e-18 
 2928       3.574201055097e-12       1.852041780178e-13      -2.900372393051e-13       0.000000000000e+00       7.522055548398e-17       7.714973384015e-18       9.924211552406e-19 
 2929       3.572264964850e-12       1.843381537134e-13      -2.911194084732e-13       0.000000000000e+00       7.511319748528e-17       7.669839622504e-18       9.780255368595e-19 
 2930       3.570399984686e-12       1.834623871540e-13      -2.921586540162e-13       0.000000000000e+00       7.500602827130e-17       7.625199155590e-18       9.637249120439e-19 
 2931       3.568602769362e-12       1.825771255734e-13      -2.931545471766e-13       0.000000000000e+00       7.489904744393e-17       7.581094018828e-18       9.495472687598e-19 
 2932       3.566869964198e-12       1.816826169176e-13      -2.941066582100e-13       0.000000000000e+00       7.479225460262e-17       7.537566360254e-18       9.355206709099e-19 
 2933       3.565198205059e-12       1.807791098452e-13      -2.950145563844e-13       0.000000000000e+00       7.468564934441e-17       7.494658440479e-18       9.216732583987e-19 
 2934       3.563584118356e-12       1.798668537280e-13      -2.958778099799e-13       0.000000000000e+00       7.457923126395e-17       7.452412632787e-18       9.080332471963e-19 
 2935       3.562024321030e-12       1.789460986518e-13      -2.966959862872e-13       0.000000000000e+00       7.447299995345e-17       7.410871423228e-18       8.946289294036e-19 
 2936       3.560515420549e-12       1.780170954168e-13      -2.974686516074e-13       0.000000000000e+00       7.436695500270e-17       7.370077410713e-18       8.814886733169e-19 
 2937       3.559054014900e-12       1.770800955384e-13      -2.981953712509e-13       0.000000000000e+00       7.426109599907e-17       7.330073307111e-18       8.686409234922e-19 
 2938       3.557636692576e-12       1.761353512478e-13      -2.988757095366e-13       0.000000000000e+00       7.415542252751e-17       7.290901937344e-18       8.561142008100e-19 
 2939       3.556260032573e-12       1.751831154925e-13      -2.995092297914e-13       0.000000000000e+00       7.404993417054e-17       7.252606239481e-18       8.439371025400e-19 
 2940       3.554920604381e-12       1.742236419369e-13      -3.000954943490e-13       0.000000000000e+00       7.394463050824e-17       7.215229264834e-18       8.321383024054e-19 
 2941       3.553614967971e-12       1.732571849632e-13      -3.006340645496e-13       0.000000000000e+00       7.383951111827e-17       7.178814178053e-18       8.207465506480e-19 
 2942       3.552339673795e-12       1.722839996715e-13      -3.011245007385e-13       0.000000000000e+00       7.373457557586e-17       7.143404257222e-18       8.097906740922e-19 
 2943       3.551091262771e-12       1.713043418812e-13      -3.015663622658e-13       0.000000000000e+00       7.362982345377e-17       7.109042893952e-18       7.992995762102e-19 
 2944       3.549866266277e-12       1.703184681306e-13      -3.019592074856e-13       0.000000000000e+00       7.352525432235e-17       7.075773593480e-18       7.893022371861e-19 
 2945       3.548661358576e-12       1.693266428487e-13      -3.023027381017e-13       0.000000000000e+00       7.342086774697e-17       7.043635126657e-18       7.798195392403e-19 
 2946       3.547473814931e-12       1.683291599041e-13      -3.025972329920e-13       0.000000000000e+00       7.331666328045e-17       7.012646959396e-18       7.708396980592e-19 
 2947       3.546301055748e-12       1.673263211643e-13      -3.028431165401e-13       0.000000000000e+00       7.321264047058e-17       6.982823750949e-18       7.623427093081e-19 
 2948       3.545140494351e-12       1.663184293356e-13      -3.030408144859e-13       0.000000000000e+00       7.310879886268e-17       6.954180195463e-18       7.543085122262e-19 
 2949       3.543989536973e-12       1.653057879638e-13      -3.031907539266e-13       0.000000000000e+00       7.300513799956e-17       6.926731022006e-18       7.467169895778e-19 
 2950       3.542845582747e-12       1.642887014353e-13      -3.032933633182e-13       0.000000000000e+00       7.290165742154e-17       6.900490994594e-18       7.395479676043e-19 
 2951       3.541706023707e-12       1.632674749774e-13      -3.033490724762e-13       0.000000000000e+00       7.279835666643e-17       6.875474912221e-18       7.327812159752e-19 
 2952       3.540568244776e-12       1.622424146594e-13      -3.033583125774e-13       0.000000000000e+00       7.269523526957e-17       6.851697608884e-18       7.263964477401e-19 
 2953       3.539429623762e-12       1.612138273927e-13      -3.033215161606e-13       0.000000000000e+00       7.259229276374e-17       6.829173953618e-18       7.203733192800e-19 
 2954       3.538287531352e-12       1.601820209323e-13      -3.032391171282e-13       0.000000000000e+00       7.248952867927e-17       6.807918850515e-18       7.146914302587e-19 
 2955       3.537139331108e-12       1.591473038770e-13      -3.031115507470e-13       0.000000000000e+00       7.238694254395e-17       6.787947238761e-18       7.093303235749e-19 
 2956       3.535982379456e-12       1.581099856703e-13      -3.029392536500e-13       0.000000000000e+00       7.228453388306e-17       6.769274092656e-18       7.042694853131e-19 
 2957       3.534814025684e-12       1.570703766009e-13      -3.027226638369e-13       0.000000000000e+00       7.218230221936e-17       6.751914421650e-18       6.994883446956e-19 
 2958       3.533631611937e-12       1.560287878038e-13      -3.024622206760e-13       0.000000000000e+00       7.208024707312e-17       6.735883270366e-18       6.949662740337e-19 
 2959       3.532432473204e-12       1.549855312607e-13      -3.021583649046e-13       0.000000000000e+00       7.197836796205e-17       6.721195718629e-18       6.906825886796e-19 
 2960       3.531213937321e-12       1.539409198008e-13      -3.018115386312e-13       0.000000000000e+00       7.187666440138e-17       6.707866881495e-18       6.866165469776e-19 
 2961       3.529973324960e-12       1.528952671015e-13      -3.014221853359e-13       0.000000000000e+00       7.177513590377e-17       6.695911909280e-18       6.827473502160e-19 
 2962       3.528707949622e-12       1.518488876893e-13      -3.009907498718e-13       0.000000000000e+00       7.167378197940e-17       6.685345987586e-18       6.790541425781e-19 
 2963       3.527415117635e-12       1.508020969403e-13      -3.005176784666e-13       0.000000000000e+00       7.157260213587e-17       6.676184337333e-18       6.755160110944e-19 
 2964       3.526092128143e-12       1.497552110808e-13      -3.000034187232e-13       0.000000000000e+00       7.147159587830e-17       6.668442214780e-18       6.721119855938e-19 
 2965       3.524736273106e-12       1.487085471886e-13      -2.994484196215e-13       0.000000000000e+00       7.137076270923e-17       6.662134911562e-18       6.688210386551e-19 
 2966       3.523344837287e-12       1.476624231928e-13      -2.988531315190e-13       0.000000000000e+00       7.127010212869e-17       6.657277754712e-18       6.656220855586e-19 
 2967       3.521915098251e-12       1.466171578755e-13      -2.982180061527e-13       0.000000000000e+00       7.116961363415e-17       6.653886106692e-18       6.624939842376e-19 
 2968       3.520444326359e-12       1.455730708718e-13      -2.975434966396e-13       0.000000000000e+00       7.106929672055e-17       6.651975365419e-18       6.594155352303e-19 
 2969       3.518929784759e-12       1.445304826707e-13      -2.968300574784e-13       0.000000000000e+00       7.096915088028e-17       6.651560964296e-18       6.563654816307e-19 
 2970       3.517368729382e-12       1.434897146162e-13      -2.960781445506e-13       0.000000000000e+00       7.086917560320e-17       6.652658372237e-18       6.533225090407e-19 
 2971       3.515758408934e-12       1.424510889074e-13      -2.952882151216e-13       0.000000000000e+00       7.076937037658e-17       6.655283093699e-18       6.502652455213e-19 
 2972       3.514096064893e-12       1.414149285995e-13      -2.944607278420e-13       0.000000000000e+00       7.066973468517e-17       6.659450668706e-18       6.471722615445e-19 
 2973       3.512378931501e-12       1.403815576048e-13      -2.935961427488e-13       0.000000000000e+00       7.057026801116e-17       6.665176672881e-18       6.440220699445e-19 
 2974       3.510604235759e-12       1.393513006929e-13      -2.926949212664e-13       0.000000000000e+00       7.047096983417e-17       6.672476717471e-18       6.407931258692e-19 
 2975       3.508769197418e-12       1.383244834918e-13      -2.917575262082e-13       0.000000000000e+00       7.037183963126e-17       6.681366449378e-18       6.374638267321e-19 
 2976       3.506871028978e-12       1.373014324884e-13      -2.907844217776e-13       0.000000000000e+00       7.027287687694e-17       6.691861551184e-18       6.340125121637e-19 
 2977       3.504906935677e-12       1.362824750293e-13      -2.897760735691e-13       0.000000000000e+00       7.017408104314e-17       6.703977741182e-18       6.304174639629e-19 
 2978       3.502874115489e-12       1.352679393215e-13      -2.887329485697e-13       0.000000000000e+00       7.007545159924e-17       6.717730773405e-18       6.266569060486e-19 
 2979       3.500769759115e-12       1.342581544333e-13      -2.876555151599e-13       0.000000000000e+00       6.997698801202e-17       6.733136437648e-18       6.227090044114e-19 
 2980       3.498591049978e-12       1.332534502945e-13      -2.865442431153e-13       0.000000000000e+00       6.987868974572e-17       6.750210559505e-18       6.185518670650e-19 
 2981       3.496335164218e-12       1.322541576978e-13      -2.853996036072e-13       0.000000000000e+00       6.978055626197e-17       6.768969000390e-18       6.141635439977e-19 
 2982       3.493999270685e-12       1.312606082990e-13      -2.842220692043e-13       0.000000000000e+00       6.968258701986e-17       6.789427657569e-18       6.095220271240e-19 
 2983       3.491580530931e-12       1.302731346180e-13      -2.830121138739e-13       0.000000000000e+00       6.958478147585e-17       6.811602464186e-18       6.046052502364e-19 
 2984       3.489076968812e-12       1.292919667896e-13      -2.817700388888e-13       0.000000000000e+00       6.948713945176e-17       6.835505326907e-18       5.993980731646e-19 
 2985       3.486490083941e-12       1.283169222616e-13      -2.804954496132e-13       0.000000000000e+00       6.938966224033e-17       6.861131917001e-18       5.939132718015e-19 
 2986       3.483822251049e-12       1.273477145753e-13      -2.791877761514e-13       0.000000000000e+00       6.929235150506e-17       6.888473819390e-18       5.881706510072e-19 
 2987       3.481075851552e-12       1.263840564759e-13      -2.778464472070e-13       0.000000000000e+00       6.919520891274e-17       6.917522589563e-18       5.821900698039e-19 
 2988       3.478253273555e-12       1.254256599121e-13      -2.764708900824e-13       0.000000000000e+00       6.909823613355e-17       6.948269753552e-18       5.759914414218e-19 
 2989       3.475356911859e-12       1.244722360353e-13      -2.750605306769e-13       0.000000000000e+00       6.900143484097e-17       6.980706807902e-18       5.695947333443e-19 
 2990       3.472389167967e-12       1.235234951989e-13      -2.736147934863e-13       0.000000000000e+00       6.890480671183e-17       7.014825219651e-18       5.630199673541e-19 
 2991       3.469352450090e-12       1.225791469576e-13      -2.721331016012e-13       0.000000000000e+00       6.880835342631e-17       7.050616426295e-18       5.562872195785e-19 
 2992       3.466249173150e-12       1.216389000669e-13      -2.706148767061e-13       0.000000000000e+00       6.871207666792e-17       7.088071835768e-18       5.494166205353e-19 
 2993       3.463081758789e-12       1.207024624823e-13      -2.690595390783e-13       0.000000000000e+00       6.861597812355e-17       7.127182826414e-18       5.424283551780e-19 
 2994       3.459852635372e-12       1.197695413586e-13      -2.674665075866e-13       0.000000000000e+00       6.852005948340e-17       7.167940746958e-18       5.353426629421e-19 
 2995       3.456564237997e-12       1.188398430491e-13      -2.658351996905e-13       0.000000000000e+00       6.842432244104e-17       7.210336916482e-18       5.281798377901e-19 
 2996       3.453219008495e-12       1.179130731054e-13      -2.641650314385e-13       0.000000000000e+00       6.832876869341e-17       7.254362624397e-18       5.209602282576e-19 
 2997       3.449819395438e-12       1.169889362762e-13      -2.624554174675e-13       0.000000000000e+00       6.823339994078e-17       7.300009130418e-18       5.137042374985e-19 
 2998       3.446367854146e-12       1.160671365069e-13      -2.607057710015e-13       0.000000000000e+00       6.813821788681e-17       7.347267664536e-18       5.064323233310e-19 
 2999       3.442866846693e-12       1.151473769389e-13      -2.589155038503e-13       0.000000000000e+00       6.804322423849e-17       7.396129426992e-18       4.991649982832e-19 
 3000       3.439318841909e-12       1.142293599087e-13      -2.570840264084e-13       0.000000000000e+00       6.794842070619e-17       7.446585588250e-18       4.919228296386e-19 
