# dimensionless total lensed [l(l+1)/2pi] C_l's
# for l=2 to 2500, i.e. number of multipoles equal to 2499
#
# -> if you prefer output in CAMB/HealPix/LensPix units/order, set 'format' to 'camb' in input file
# -> if you don't want to see such a header, set 'headers' to 'no' in input file
# -> for CMB lensing (phi), these are C_l^phi-phi for the lensing potential.
#    Remember the conversion factors:
#    C_l^dd (deflection) = l(l+1) C_l^phi-phi
#    C_l^gg (shear/convergence) = 1/4 (l(l+1))^2 C_l^phi-phi
#
# 1:l     2:TT                     3:EE                     4:TE                     5:BB                     6:phiphi                 7:TPhi                   8:Ephi               
    2       1.366335232609e-10       4.225644405309e-15       3.882625840649e-13       2.266770082536e-19       8.069000699074e-09       4.087280816909e-10      -1.851603606555e-12 
    3       1.286458034286e-10       5.379329967689e-15       4.248310409662e-13       4.534387068991e-19       4.939262651992e-09       2.892027623702e-10      -1.403978873343e-12 
    4       1.215159665626e-10       4.633469419378e-15       3.884431777844e-13       7.559180167586e-19       3.421680830695e-09       2.183345180846e-10      -9.217710979497e-13 
    5       1.163544762237e-10       3.079978267952e-15       3.239231603374e-13       1.134224096294e-18       2.547672289554e-09       1.718560128055e-10      -5.160562404794e-13 
    6       1.129173620975e-10       1.713556224994e-15       2.557508155457e-13       1.588490221952e-18       1.986204975411e-09       1.393177093475e-10      -2.173835522511e-13 
    7       1.107767721161e-10       9.176149840814e-16       1.973409578044e-13       2.118871782574e-18       1.599610439737e-09       1.155178558543e-10      -2.699550475063e-14 
    8       1.095938678022e-10       5.857386899063e-16       1.539412102480e-13       2.725543977656e-18       1.319969001659e-09       9.753374337600e-11       7.021596827091e-14 
    9       1.091079304630e-10       4.687244998976e-16       1.260271159974e-13       3.408699271937e-18       1.109991271800e-09       8.357711428582e-11       9.767696269434e-14 
   10       1.091173860738e-10       4.023401182684e-16       1.114726814739e-13       4.168544663758e-18       9.476150586070e-10       7.251801501836e-11       8.123763856300e-14 
   11       1.095312874830e-10       3.436141810795e-16       1.069856797929e-13       5.005298828032e-18       8.117790293827e-10       6.438862610578e-11       4.500162113085e-14 
   12       1.102531474274e-10       3.056564492272e-16       1.091443510151e-13       5.919189196474e-18       7.095249436041e-10       5.686762440507e-11       6.260728588942e-15 
   13       1.112054514699e-10       2.976318199313e-16       1.150211736717e-13       6.910449037836e-18       6.255503644067e-10       5.073459782324e-11      -2.308717570073e-14 
   14       1.123158761214e-10       3.112677884156e-16       1.225814112716e-13       7.979314599353e-18       5.556609551738e-10       4.535467202033e-11      -3.878663062228e-14 
   15       1.135987195881e-10       3.356822841451e-16       1.306736258115e-13       9.126022367463e-18       4.968186518541e-10       4.084476109045e-11      -4.110771591238e-14 
   16       1.150300108962e-10       3.695259137604e-16       1.387947683106e-13       1.035080650120e-17       4.467745438546e-10       3.700638210032e-11      -3.401911859963e-14 
   17       1.165500150093e-10       4.190709814343e-16       1.468672991304e-13       1.165389648569e-17       4.038335552950e-10       3.368619779971e-11      -2.268806721631e-14 
   18       1.181498349677e-10       4.901800780440e-16       1.552181574273e-13       1.303551496421e-17       3.665581246393e-10       3.074577605941e-11      -1.202120154417e-14 
   19       1.198430837643e-10       5.833299640890e-16       1.641015974992e-13       1.449587635257e-17       3.343472519064e-10       2.816713377692e-11      -4.582024079693e-15 
   20       1.215926054469e-10       6.965010286522e-16       1.736719340818e-13       1.603518444388e-17       3.059749894363e-10       2.591135628239e-11      -1.994929778090e-15 
   21       1.234101286084e-10       8.286977329403e-16       1.838382623602e-13       1.765363257772e-17       2.809957881325e-10       2.393570218217e-11      -3.629706852550e-15 
   22       1.252914091647e-10       9.789388742128e-16       1.943391826667e-13       1.935140119134e-17       2.588086417660e-10       2.216266471316e-11      -7.685405748082e-15 
   23       1.272316767009e-10       1.147276071161e-15       2.047880290009e-13       2.112865952763e-17       2.391168924711e-10       2.056376981095e-11      -1.243324759485e-14 
   24       1.292061856130e-10       1.333940550214e-15       2.147177829272e-13       2.298556276348e-17       2.214713624839e-10       1.910921090643e-11      -1.606093752910e-14 
   25       1.312190535145e-10       1.539183588022e-15       2.238362526082e-13       2.492225434269e-17       2.056331035435e-10       1.779606852998e-11      -1.778947835626e-14 
   26       1.332701077280e-10       1.763433786682e-15       2.319243715044e-13       2.693886400609e-17       1.912925827102e-10       1.661734800520e-11      -1.731620265489e-14 
   27       1.353685920300e-10       2.008385863616e-15       2.389500930440e-13       2.903551426025e-17       1.783756003533e-10       1.556422690763e-11      -1.515404114020e-14 
   28       1.375100071142e-10       2.276380049114e-15       2.449716550701e-13       3.121231383906e-17       1.667257053354e-10       1.461218863804e-11      -1.229658542545e-14 
   29       1.396762599786e-10       2.569808412605e-15       2.500741660891e-13       3.346935789890e-17       1.560601291989e-10       1.372686317432e-11      -9.849005894801e-15 
   30       1.418747071793e-10       2.889904577000e-15       2.542849176912e-13       3.580673988877e-17       1.463201515177e-10       1.290839871281e-11      -8.186890462670e-15 
   31       1.441110367963e-10       3.237468894414e-15       2.576279086440e-13       3.822454297239e-17       1.374335567768e-10       1.216272175291e-11      -7.474419031780e-15 
   32       1.463814347252e-10       3.613200422854e-15       2.601178215365e-13       4.072283947222e-17       1.292598540310e-10       1.148932822615e-11      -7.783083721586e-15 
   33       1.486861999168e-10       4.017828788600e-15       2.616589411398e-13       4.330170209683e-17       1.217545978376e-10       1.088082902202e-11      -8.761617176159e-15 
   34       1.510187419710e-10       4.452013417176e-15       2.621071859075e-13       4.596119606798e-17       1.148514012684e-10       1.032192987245e-11      -9.829783418225e-15 
   35       1.533670578065e-10       4.916386962361e-15       2.613151794296e-13       4.870137910883e-17       1.084476060855e-10       9.794442665145e-12      -1.040572319229e-14 
   36       1.557355788971e-10       5.411855790335e-15       2.592038440281e-13       5.152231276248e-17       1.025266242438e-10       9.296880352646e-12      -1.043476733973e-14 
   37       1.581293615031e-10       5.939397106459e-15       2.557145078410e-13       5.442405471752e-17       9.706991905985e-11       8.830934246917e-12      -1.004030786441e-14 
   38       1.605474116805e-10       6.499978185713e-15       2.507899967600e-13       5.740665574097e-17       9.202001526593e-11       8.395984933720e-12      -9.387638888443e-15 
   39       1.629854288285e-10       7.094508683943e-15       2.443849990927e-13       6.047016174565e-17       8.730123453257e-11       7.989912375996e-12      -8.659109837729e-15 
   40       1.654468544960e-10       7.723680254724e-15       2.365013066983e-13       6.361462097248e-17       8.289914587064e-11       7.612428200190e-12      -7.961942537687e-15 
   41       1.679344259186e-10       8.388070698320e-15       2.271646625727e-13       6.684007916651e-17       7.880219222367e-11       7.262487560597e-12      -7.394109034608e-15 
   42       1.704466331925e-10       9.088181573009e-15       2.164162961374e-13       7.014657777280e-17       7.497798382407e-11       6.937190164904e-12      -7.070452470401e-15 
   43       1.729800174354e-10       9.824481199929e-15       2.042924756416e-13       7.353415330235e-17       7.138528260647e-11       6.632783180912e-12      -7.086516082814e-15 
   44       1.755379574541e-10       1.059756042310e-14       1.907535703254e-13       7.700283493621e-17       6.801856836294e-11       6.348412795932e-12      -7.394337962684e-15 
   45       1.781238857314e-10       1.140801778718e-14       1.757342756556e-13       8.055264635735e-17       6.487441742958e-11       6.083279744683e-12      -7.889504455767e-15 
   46       1.807385351522e-10       1.225641476012e-14       1.591624734141e-13       8.418360648800e-17       6.193812154608e-11       5.835502333546e-12      -8.443515625765e-15 
   47       1.833796753033e-10       1.314327421880e-14       1.409587191938e-13       8.789572955115e-17       5.918280799847e-11       5.602034094938e-12      -8.902372872764e-15 
   48       1.860437755111e-10       1.406903590963e-14       1.210490065811e-13       9.168902244304e-17       5.657771373755e-11       5.379572615715e-12      -9.128826989510e-15 
   49       1.887321636011e-10       1.503391151746e-14       9.940851027339e-14       9.556347583155e-17       5.411781877359e-11       5.167781105030e-12      -9.146500572606e-15 
   50       1.914461501512e-10       1.603798614055e-14       7.602929307158e-14       9.951907065413e-17       5.180105437929e-11       4.966833467967e-12      -9.033965324224e-15 
   51       1.941850920024e-10       1.708125413047e-14       5.090826659363e-14       1.035557805138e-16       4.961947577595e-11       4.776471425292e-12      -8.885423797243e-15 
   52       1.969462268617e-10       1.816361538253e-14       2.404735615259e-14       1.076735716034e-16       4.755884931577e-11       4.595972737931e-12      -8.811524587051e-15 
   53       1.997263711031e-10       1.928495743842e-14      -4.552822279623e-15       1.118724016683e-16       4.560312248500e-11       4.424443857121e-12      -8.910735919576e-15 
   54       2.025279064384e-10       2.044543511836e-14      -3.491421955317e-14       1.161522167556e-16       4.375013360734e-11       4.261859365783e-12      -9.172948000437e-15 
   55       2.053540444122e-10       2.164525632916e-14      -6.706527470965e-14       1.205129534972e-16       4.199922229641e-11       4.108234441869e-12      -9.552503461293e-15 
   56       2.082070126409e-10       2.288460243720e-14      -1.010350102719e-13       1.249545398844e-16       4.034649682610e-11       3.963306064712e-12      -9.995059421239e-15 
   57       2.110879675374e-10       2.416362815688e-14      -1.368531393956e-13       1.294768951520e-16       3.878462604337e-11       3.826514842253e-12      -1.043716822981e-14 
   58       2.139969070345e-10       2.548246143912e-14      -1.745501730215e-13       1.340799296625e-16       3.730263128103e-11       3.696986838264e-12      -1.080585821001e-14 
   59       2.169333148686e-10       2.684109802424e-14      -2.141480956037e-13       1.387635501462e-16       3.588890848635e-11       3.573770516298e-12      -1.103640488390e-14 
   60       2.198984663660e-10       2.823905675819e-14      -2.556296203193e-13       1.435276771084e-16       3.454158677193e-11       3.456653101281e-12      -1.113141617569e-14 
   61       2.228935048329e-10       2.967564389116e-14      -2.989619706898e-13       1.483722312667e-16       3.326021193937e-11       3.345502020517e-12      -1.111475196028e-14 
   62       2.259186958773e-10       3.115004776809e-14      -3.441054760140e-13       1.532971286144e-16       3.204263119787e-11       3.240017125863e-12      -1.101473337188e-14 
   63       2.289733649314e-10       3.266133514643e-14      -3.910133588099e-13       1.583022804855e-16       3.088489457592e-11       3.139721168975e-12      -1.086434017360e-14 
   64       2.320558347753e-10       3.420844751398e-14      -4.396315222576e-13       1.633875936206e-16       2.978115633289e-11       3.043950276560e-12      -1.070140812694e-14 
   65       2.351643470269e-10       3.579031730109e-14      -4.899100301822e-13       1.685529830675e-16       2.872528807400e-11       2.952032457832e-12      -1.056013872296e-14 
   66       2.383001937768e-10       3.740625339432e-14      -5.418408502806e-13       1.737984139113e-16       2.771633661423e-11       2.863888461239e-12      -1.044309514087e-14 
   67       2.414651394557e-10       3.905563092684e-14      -5.954277479090e-13       1.791238685250e-16       2.675404917505e-11       2.779541518417e-12      -1.034361081066e-14 
   68       2.446604610890e-10       4.073777826592e-14      -6.506754112366e-13       1.845293349315e-16       2.583721391422e-11       2.698936355099e-12      -1.025390893687e-14 
   69       2.478869133426e-10       4.245197668440e-14      -7.075895657524e-13       1.900148072272e-16       2.496360921721e-11       2.621934926004e-12      -1.016505685722e-14 
   70       2.511446935702e-10       4.419746003216e-14      -7.661770887720e-13       1.955802860074e-16       2.412995298865e-11       2.548312149735e-12      -1.006692040130e-14 
   71       2.544334068591e-10       4.597341440765e-14      -8.264461239436e-13       2.012257787905e-16       2.333185194383e-11       2.477751643664e-12      -9.948118249259e-15 
   72       2.577525197802e-10       4.777894254183e-14      -8.883981778695e-13       2.069513121094e-16       2.256493174265e-11       2.409930055221e-12      -9.799192267729e-15 
   73       2.611029001454e-10       4.961294976575e-14      -9.520023992029e-13       2.127569695295e-16       2.182859121822e-11       2.344798274077e-12      -9.622924461963e-15 
   74       2.644855110157e-10       5.147423545886e-14      -1.017216546369e-12       2.186428617295e-16       2.112288048915e-11       2.282346742221e-12      -9.425927101363e-15 
   75       2.679009247950e-10       5.336152528222e-14      -1.083994500618e-12       2.246091161603e-16       2.044736062270e-11       2.222519436094e-12      -9.215629519219e-15 
   76       2.713492994338e-10       5.527347004428e-14      -1.152286197468e-12       2.306558777359e-16       1.980107988609e-11       2.165211624224e-12      -9.000305895523e-15 
   77       2.748303546330e-10       5.720864456672e-14      -1.222037558165e-12       2.367833095243e-16       1.918254999786e-11       2.110267624867e-12      -8.789103039784e-15 
   78       2.783433480487e-10       5.916554655032e-14      -1.293190421124e-12       2.429915934384e-16       1.858972237918e-11       2.057478563647e-12      -8.592068173835e-15 
   79       2.818870514955e-10       6.114259544075e-14      -1.365682473383e-12       2.492809309271e-16       1.801996440520e-11       2.006580131197e-12      -8.420176714652e-15 
   80       2.854602812555e-10       6.313818139198e-14      -1.439452468231e-12       2.556515389988e-16       1.747071332618e-11       1.957318931205e-12      -8.282741820629e-15 
   81       2.890636474165e-10       6.515082444433e-14      -1.514457072438e-12       2.621036359783e-16       1.694162106227e-11       1.909669727355e-12      -8.179063817489e-15 
   82       2.926980663169e-10       6.717904104923e-14      -1.590656833372e-12       2.686374545260e-16       1.643274027705e-11       1.863652007983e-12      -8.105374489265e-15 
   83       2.963642200985e-10       6.922129622371e-14      -1.668011181581e-12       2.752532466806e-16       1.594386876452e-11       1.819263789501e-12      -8.057306124259e-15 
   84       3.000625431719e-10       7.127600334394e-14      -1.746478460134e-12       2.819512844639e-16       1.547453824984e-11       1.776480644238e-12      -8.029870811992e-15 
   85       3.037932086816e-10       7.334152393883e-14      -1.826015953963e-12       2.887318604847e-16       1.502400319011e-11       1.735254728267e-12      -8.017439740150e-15 
   86       3.075561149716e-10       7.541616748356e-14      -1.906579919205e-12       2.955952885436e-16       1.459122957518e-11       1.695513809242e-12      -8.013722491543e-15 
   87       3.113508720501e-10       7.749819119317e-14      -1.988125612544e-12       3.025419042377e-16       1.417488372837e-11       1.657160294227e-12      -8.011746341051e-15 
   88       3.151767880554e-10       7.958579981610e-14      -2.070607320551e-12       3.095720655648e-16       1.377332110727e-11       1.620070257530e-12      -8.003835552579e-15 
   89       3.190331622629e-10       8.167717119528e-14      -2.153976781848e-12       3.166861406162e-16       1.338497797651e-11       1.584124178779e-12      -7.983252823375e-15 
   90       3.229202462850e-10       8.377053799650e-14      -2.238178105971e-12       3.238844671262e-16       1.300964125101e-11       1.549306802212e-12      -7.949463836117e-15 
   91       3.268384094170e-10       8.586411847989e-14      -2.323152107793e-12       3.311673876616e-16       1.264735814296e-11       1.515621223802e-12      -7.903664241998e-15 
   92       3.307878367008e-10       8.795609205075e-14      -2.408837848940e-12       3.385352623735e-16       1.229804593093e-11       1.483058085336e-12      -7.847195169589e-15 
   93       3.347685199820e-10       9.004459943916e-14      -2.495172643057e-12       3.459884694085e-16       1.196148679619e-11       1.451595077305e-12      -7.781547422878e-15 
   94       3.387802489678e-10       9.212774287957e-14      -2.582092061070e-12       3.535274053199e-16       1.163732265902e-11       1.421196441797e-12      -7.708365679300e-15 
   95       3.428226022845e-10       9.420358629040e-14      -2.669529936455e-12       3.611524854786e-16       1.132505001501e-11       1.391812475389e-12      -7.629452687777e-15 
   96       3.468949385356e-10       9.627015545364e-14      -2.757418370498e-12       3.688641444841e-16       1.102401477136e-11       1.363379032041e-12      -7.546773466750e-15 
   97       3.509963873589e-10       9.832543819441e-14      -2.845687737560e-12       3.766628365757e-16       1.073340708322e-11       1.335817025985e-12      -7.462459502219e-15 
   98       3.551258404843e-10       1.003673845606e-13      -2.934266690346e-12       3.845490360437e-16       1.045225618997e-11       1.309031934620e-12      -7.378812945774e-15 
   99       3.592822252410e-10       1.023939544856e-13      -3.023083654524e-12       3.925232407404e-16       1.017965293218e-11       1.282936265133e-12      -7.297854164325e-15 
  100       3.634653886107e-10       1.044032680918e-13      -3.112071542789e-12       4.005859822934e-16       9.915464426797e-12       1.257521659880e-12      -7.219882191457e-15 
  101       3.676753223630e-10       1.063934771088e-13      -3.201163721394e-12       4.087378181095e-16       9.659711497881e-12       1.232796128151e-12      -7.144717226532e-15 
  102       3.719118863286e-10       1.083627200353e-13      -3.290292603378e-12       4.169793288466e-16       9.412347653254e-12       1.208761777583e-12      -7.072137772222e-15 
  103       3.761748028804e-10       1.103091228943e-13      -3.379389671886e-12       4.253111188617e-16       9.173256680575e-12       1.185414595410e-12      -7.001879297414e-15 
  104       3.804636514147e-10       1.122307999880e-13      -3.468385503484e-12       4.337338166602e-16       8.942250243410e-12       1.162744229695e-12      -6.933632900112e-15 
  105       3.847778628329e-10       1.141258546533e-13      -3.557209791480e-12       4.422480753444e-16       8.719065477310e-12       1.140733770579e-12      -6.867043970345e-15 
  106       3.891167140221e-10       1.159923800166e-13      -3.645791369234e-12       4.508545730617e-16       8.503362585883e-12       1.119359531513e-12      -6.801710853069e-15 
  107       3.934793223370e-10       1.178284597491e-13      -3.734058233485e-12       4.595540134539e-16       8.294722436863e-12       1.098590830505e-12      -6.737183511074e-15 
  108       3.978646400809e-10       1.196321688221e-13      -3.821937567659e-12       4.683471261054e-16       8.092644158191e-12       1.078389771359e-12      -6.672962187887e-15 
  109       4.022714489872e-10       1.214015742619e-13      -3.909355765194e-12       4.772346669919e-16       7.896542734082e-12       1.058711024913e-12      -6.608496070674e-15 
  110       4.066985690490e-10       1.231347831145e-13      -3.996238950312e-12       4.862174022329e-16       7.705880898943e-12       1.039512697987e-12      -6.543303003519e-15 
  111       4.111455272256e-10       1.248300916966e-13      -4.082514566084e-12       4.952960560228e-16       7.520589161206e-12       1.020790990493e-12      -6.477348908761e-15 
  112       4.156119643863e-10       1.264858569477e-13      -4.168110034186e-12       5.044713568444e-16       7.340695284724e-12       1.002549584921e-12      -6.410714646969e-15 
  113       4.200974252389e-10       1.281004521330e-13      -4.252952303489e-12       5.137440538513e-16       7.166193724447e-12       9.847888465894e-13      -6.343479161509e-15 
  114       4.246013549172e-10       1.296722680627e-13      -4.336967878270e-12       5.231149171521e-16       6.997044542376e-12       9.675057138542e-13      -6.275719331132e-15 
  115       4.291230955696e-10       1.311997143108e-13      -4.420082846412e-12       5.325847380949e-16       6.833172323520e-12       9.506935883202e-13      -6.207509822566e-15 
  116       4.336618829462e-10       1.326812204349e-13      -4.502222907617e-12       5.421543295522e-16       6.674465091845e-12       9.343422250513e-13      -6.138922943100e-15 
  117       4.382168429874e-10       1.341152371945e-13      -4.583313401605e-12       5.518245262052e-16       6.520773226231e-12       9.184376227813e-13      -6.070028493177e-15 
  118       4.427869884113e-10       1.355002377706e-13      -4.663279336329e-12       5.615961848284e-16       6.371908376425e-12       9.029619141244e-13      -6.000893618979e-15 
  119       4.473712153020e-10       1.368347189850e-13      -4.742045416173e-12       5.714701845740e-16       6.227642378995e-12       8.878932557859e-13      -5.931582665019e-15 
  120       4.519682996970e-10       1.381172025189e-13      -4.819536070163e-12       5.814474272568e-16       6.087706173285e-12       8.732057187729e-13      -5.862157026730e-15 
  121       4.565768941757e-10       1.393462361323e-13      -4.895675480174e-12       5.915288376384e-16       5.951788717367e-12       8.588691786049e-13      -5.792675003048e-15 
  122       4.611955244470e-10       1.405203948832e-13      -4.970387609133e-12       6.017153637119e-16       5.819535903996e-12       8.448492055244e-13      -5.723191649009e-15 
  123       4.658227633104e-10       1.416383302942e-13      -5.043597178165e-12       6.120079356512e-16       5.690626988340e-12       8.311149649190e-13      -5.653761948581e-15 
  124       4.704577824368e-10       1.426989216512e-13      -5.115232665047e-12       6.224073367118e-16       5.565016122097e-12       8.176641801453e-13      -5.584451059908e-15 
  125       4.750998578420e-10       1.437011444646e-13      -5.185223704984e-12       6.329143179663e-16       5.442716653508e-12       8.045008439279e-13      -5.515324974730e-15 
  126       4.797481961959e-10       1.446440256588e-13      -5.253500207826e-12       6.435296382704e-16       5.323725631598e-12       7.916274187256e-13      -5.446447183521e-15 
  127       4.844019328053e-10       1.455266451681e-13      -5.319992393749e-12       6.542540642229e-16       5.208023331981e-12       7.790447899641e-13      -5.377878554194e-15 
  128       4.890601295978e-10       1.463481375334e-13      -5.384630828917e-12       6.650883701246e-16       5.095572782660e-12       7.667522192706e-13      -5.309677210820e-15 
  129       4.937217731048e-10       1.471076934985e-13      -5.447346461165e-12       6.760333379378e-16       4.986319289831e-12       7.547472977062e-13      -5.241898412332e-15 
  130       4.983857724456e-10       1.478045616066e-13      -5.508070655663e-12       6.870897572458e-16       4.880189963688e-12       7.430258990004e-13      -5.174594431245e-15 
  131       5.030509573102e-10       1.484380497961e-13      -5.566735230593e-12       6.982584252117e-16       4.777093244219e-12       7.315821327842e-13      -5.107814432361e-15 
  132       5.077160759431e-10       1.490075269978e-13      -5.623272492820e-12       7.095401465384e-16       4.676918427018e-12       7.204082978237e-13      -5.041604351487e-15 
  133       5.123797931266e-10       1.495124247307e-13      -5.677615273564e-12       7.209357334274e-16       4.579535189080e-12       7.094948352535e-13      -4.976006774141e-15 
  134       5.170406881644e-10       1.499522386984e-13      -5.729696964076e-12       7.324460055385e-16       4.484793114606e-12       6.988302818107e-13      -4.911060814268e-15 
  135       5.216972528649e-10       1.503265303858e-13      -5.779451551302e-12       7.440717899488e-16       4.392521220807e-12       6.884012230679e-13      -4.846801992951e-15 
  136       5.263478895248e-10       1.506349286551e-13      -5.826813653567e-12       7.558139211124e-16       4.302527483706e-12       6.781922466671e-13      -4.783262117121e-15 
  137       5.309910501003e-10       1.508771583722e-13      -5.871719166823e-12       7.676732164275e-16       4.214639588924e-12       6.681892113140e-13      -4.720458578112e-15 
  138       5.356256742445e-10       1.510531262500e-13      -5.914107203391e-12       7.796504001720e-16       4.128832947030e-12       6.583895345359e-13      -4.658361254258e-15 
  139       5.402507929855e-10       1.511628469563e-13      -5.953918422412e-12       7.917461715831e-16       4.045115087686e-12       6.487928857773e-13      -4.596921937489e-15 
  140       5.448653904952e-10       1.512064186324e-13      -5.991094476446e-12       8.039612283494e-16       3.963485412695e-12       6.393979406770e-13      -4.536084419500e-15 
  141       5.494684029691e-10       1.511840246607e-13      -6.025578051012e-12       8.162962664153e-16       3.883934983464e-12       6.302023553466e-13      -4.475784303310e-15 
  142       5.540587175061e-10       1.510959354332e-13      -6.057312904145e-12       8.287519797857e-16       3.806446308475e-12       6.212027406506e-13      -4.415948814813e-15 
  143       5.586351709873e-10       1.509425101191e-13      -6.086243905938e-12       8.413290603302e-16       3.730993130744e-12       6.123946364854e-13      -4.356496614344e-15 
  144       5.631965489568e-10       1.507241984327e-13      -6.112317078093e-12       8.540281975880e-16       3.657540215289e-12       6.037724860584e-13      -4.297337608228e-15 
  145       5.677415845000e-10       1.504415424015e-13      -6.135479633467e-12       8.668500785719e-16       3.586043136600e-12       5.953296101679e-13      -4.238372760347e-15 
  146       5.722689571243e-10       1.500951781339e-13      -6.155680015621e-12       8.797953875733e-16       3.516448066096e-12       5.870581814817e-13      -4.179493903689e-15 
  147       5.767772916380e-10       1.496858375876e-13      -6.172867938367e-12       8.928648059665e-16       3.448691559599e-12       5.789491988171e-13      -4.120583551909e-15 
  148       5.812651570301e-10       1.492143503367e-13      -6.186994425318e-12       9.060590120131e-16       3.382700344793e-12       5.709924614196e-13      -4.061514710890e-15 
  149       5.857310653499e-10       1.486816453407e-13      -6.198011849433e-12       9.193786806669e-16       3.318391108693e-12       5.631765432427e-13      -4.002150690293e-15 
  150       5.901734705868e-10       1.480887527114e-13      -6.205873972568e-12       9.328244833780e-16       3.255670285111e-12       5.554887672268e-13      -3.942344915123e-15 
  151       5.945907675493e-10       1.474368054815e-13      -6.210535985020e-12       9.463970878973e-16       3.194433842120e-12       5.479151795789e-13      -3.881940737279e-15 
  152       5.989812907455e-10       1.467270413724e-13      -6.211954545081e-12       9.600971580814e-16       3.134567069518e-12       5.404405240518e-13      -3.820771247118e-15 
  153       6.033434358423e-10       1.459607882709e-13      -6.210088044928e-12       9.739252986535e-16       3.075968297513e-12       5.330518359043e-13      -3.758704607943e-15 
  154       6.076760391068e-10       1.451394154202e-13      -6.204897352895e-12       9.878818841221e-16       3.018622980449e-12       5.257496537526e-13      -3.695785196932e-15 
  155       6.119780312573e-10       1.442643810426e-13      -6.196345215913e-12       1.001967213516e-15       2.962536125033e-12       5.185378055276e-13      -3.632105283217e-15 
  156       6.162483175602e-10       1.433372498936e-13      -6.184396079720e-12       1.016181563525e-15       2.907708888028e-12       5.114198752181e-13      -3.567760726907e-15 
  157       6.204857773342e-10       1.423596949470e-13      -6.169016129564e-12       1.030525188029e-15       2.854138485597e-12       5.043991955851e-13      -3.502851022488e-15 
  158       6.246892634536e-10       1.413334990797e-13      -6.150173330905e-12       1.044998317616e-15       2.801818102649e-12       4.974788408757e-13      -3.437479342227e-15 
  159       6.288576018529e-10       1.402605567568e-13      -6.127837470110e-12       1.059601159109e-15       2.750736802185e-12       4.906616195378e-13      -3.371752579577e-15 
  160       6.329895910299e-10       1.391428757165e-13      -6.101980195160e-12       1.074333895092e-15       2.700879434643e-12       4.839500669336e-13      -3.305781392578e-15 
  161       6.370840015503e-10       1.379825786551e-13      -6.072575056348e-12       1.089196683432e-15       2.652226547246e-12       4.773464380544e-13      -3.239680247263e-15 
  162       6.411395755513e-10       1.367819049118e-13      -6.039597546979e-12       1.104189656803e-15       2.604754293347e-12       4.708527002341e-13      -3.173567461059e-15 
  163       6.451550262453e-10       1.355432121541e-13      -6.003025144072e-12       1.119312922211e-15       2.558434341774e-12       4.644705258640e-13      -3.107565246194e-15 
  164       6.491290374242e-10       1.342689780620e-13      -5.962837349060e-12       1.134566560518e-15       2.513233786176e-12       4.582012851065e-13      -3.041799753096e-15 
  165       6.530602629629e-10       1.329618020139e-13      -5.919015728491e-12       1.149950625967e-15       2.469115054372e-12       4.520460386093e-13      -2.976401113799e-15 
  166       6.569473263234e-10       1.316244067708e-13      -5.871543954730e-12       1.165465145704e-15       2.426035817692e-12       4.460055302198e-13      -2.911503485348e-15 
  167       6.607888200587e-10       1.302596401615e-13      -5.820407846656e-12       1.181110119304e-15       2.383948900328e-12       4.400801796991e-13      -2.847245093198e-15 
  168       6.645833053166e-10       1.288704767678e-13      -5.765595410368e-12       1.196885518296e-15       2.342802188674e-12       4.342700754361e-13      -2.783768274621e-15 
  169       6.683293113438e-10       1.274600196092e-13      -5.707096879880e-12       1.212791285684e-15       2.302538540679e-12       4.285749671619e-13      -2.721219522110e-15 
  170       6.720253349893e-10       1.260315018277e-13      -5.644904757828e-12       1.228827335474e-15       2.263095695188e-12       4.229942586634e-13      -2.659749526779e-15 
  171       6.756699392528e-10       1.245881899660e-13      -5.579013124874e-12       1.244993529591e-15       2.224418869175e-12       4.175270491806e-13      -2.599481424321e-15 
  172       6.792620591876e-10       1.231330812228e-13      -5.509415418109e-12       1.261289607469e-15       2.186499917924e-12       4.121722767213e-13      -2.540412470870e-15 
  173       6.828007206719e-10       1.216691840651e-13      -5.436106544545e-12       1.277715249654e-15       2.149341281554e-12       4.069285727903e-13      -2.482504213766e-15 
  174       6.862849435698e-10       1.201996156373e-13      -5.359083633164e-12       1.294270099311e-15       2.112943552453e-12       4.017942077483e-13      -2.425713465362e-15 
  175       6.897137416390e-10       1.187276030450e-13      -5.278346072632e-12       1.310953761663e-15       2.077305436382e-12       3.967670837251e-13      -2.369992216693e-15 
  176       6.930861224390e-10       1.172564846376e-13      -5.193895549022e-12       1.327765803419e-15       2.042423713597e-12       3.918447275316e-13      -2.315287551148e-15 
  177       6.964010872390e-10       1.157897112927e-13      -5.105736083524e-12       1.344705752207e-15       2.008293199952e-12       3.870242835736e-13      -2.261541558141e-15 
  178       6.996576309258e-10       1.143308476989e-13      -5.013874070170e-12       1.361773096005e-15       1.974906708019e-12       3.823025067637e-13      -2.208691246779e-15 
  179       7.028547419119e-10       1.128835736396e-13      -4.918318313545e-12       1.378967282575e-15       1.942255008194e-12       3.776757554347e-13      -2.156668459539e-15 
  180       7.059914020436e-10       1.114516852762e-13      -4.819080066507e-12       1.396287718893e-15       1.910326789811e-12       3.731399842520e-13      -2.105399785934e-15 
  181       7.090665865086e-10       1.100390964320e-13      -4.716173067902e-12       1.413733770584e-15       1.879108622258e-12       3.686907371264e-13      -2.054806476184e-15 
  182       7.120792637444e-10       1.086498398751e-13      -4.609613580284e-12       1.431304761347e-15       1.848584916082e-12       3.643231401272e-13      -2.004804354890e-15 
  183       7.150283953462e-10       1.072880686025e-13      -4.499420427629e-12       1.448999972396e-15       1.818737884106e-12       3.600318943945e-13      -1.955303734702e-15 
  184       7.179129359746e-10       1.059580571227e-13      -4.385615033053e-12       1.466818641886e-15       1.789547502540e-12       3.558112690524e-13      -1.906209329991e-15 
  185       7.207318332639e-10       1.046642027403e-13      -4.268221456532e-12       1.484759964346e-15       1.760991472095e-12       3.516550941215e-13      -1.857420170519e-15 
  186       7.234840277299e-10       1.034110268383e-13      -4.147266432614e-12       1.502823090111e-15       1.733045179090e-12       3.475567534319e-13      -1.808829515114e-15 
  187       7.261684526782e-10       1.022031761623e-13      -4.022779408141e-12       1.521007124757e-15       1.705681656568e-12       3.435091775358e-13      -1.760324765333e-15 
  188       7.287840341116e-10       1.010454241040e-13      -3.894792579961e-12       1.539311128527e-15       1.678871545409e-12       3.395048366203e-13      -1.711787379142e-15 
  189       7.313296906387e-10       9.994267198406e-14      -3.763340932650e-12       1.557734115768e-15       1.652583055439e-12       3.355357334202e-13      -1.663092784580e-15 
  190       7.338043333817e-10       9.889995033613e-14      -3.628462276227e-12       1.576275054361e-15       1.626781926544e-12       3.315933961309e-13      -1.614110293432e-15 
  191       7.362069395622e-10       9.792221118998e-14      -3.490195062021e-12       1.594932864875e-15       1.601438201330e-12       3.276707104150e-13      -1.564732661453e-15 
  192       7.385367796168e-10       9.701368484681e-14      -3.348571568721e-12       1.613706419136e-15       1.576547191483e-12       3.237675836575e-13      -1.514967425161e-15 
  193       7.407932069793e-10       9.617847721655e-14      -3.203624276650e-12       1.632594540453e-15       1.552110012819e-12       3.198856929096e-13      -1.464852265611e-15 
  194       7.429755860823e-10       9.542077507472e-14      -3.055388073893e-12       1.651596003331e-15       1.528126898666e-12       3.160266829404e-13      -1.414425988547e-15 
  195       7.450832925068e-10       9.474484666200e-14      -2.903900286745e-12       1.670709532893e-15       1.504597183271e-12       3.121921651670e-13      -1.363728535080e-15 
  196       7.471157131306e-10       9.415504228379e-14      -2.749200710155e-12       1.689933804315e-15       1.481519285199e-12       3.083837165856e-13      -1.312800992372e-15 
  197       7.490722462782e-10       9.365579490976e-14      -2.591331638175e-12       1.709267442257e-15       1.458890690732e-12       3.046028787018e-13      -1.261685604318e-15 
  198       7.509523018691e-10       9.325162077344e-14      -2.430337894406e-12       1.728709020295e-15       1.436707937276e-12       3.008511564622e-13      -1.210425782227e-15 
  199       7.527553015674e-10       9.294711997177e-14      -2.266266862444e-12       1.748257060349e-15       1.414966596756e-12       2.971300171841e-13      -1.159066115507e-15 
  200       7.544806789305e-10       9.274697706465e-14      -2.099168516328e-12       1.767910032115e-15       1.393661259019e-12       2.934408894873e-13      -1.107652382340e-15 
  201       7.561278795586e-10       9.265596167451e-14      -1.929095450984e-12       1.787666352500e-15       1.372785515239e-12       2.897851622239e-13      -1.056231560373e-15 
  202       7.576963612435e-10       9.267892908589e-14      -1.756102912674e-12       1.807524385047e-15       1.352331941312e-12       2.861641834098e-13      -1.004851837392e-15 
  203       7.591855941177e-10       9.282082084496e-14      -1.580248829442e-12       1.827482439370e-15       1.332292081263e-12       2.825792591550e-13      -9.535626220079e-16 
  204       7.605950608034e-10       9.308666535913e-14      -1.401593841562e-12       1.847538770583e-15       1.312656430643e-12       2.790316525946e-13      -9.024145543371e-16 
  205       7.619242565620e-10       9.348157849658e-14      -1.220201331980e-12       1.867691578733e-15       1.293414419933e-12       2.755225828196e-13      -8.514595166840e-16 
  206       7.631726894427e-10       9.401076418583e-14      -1.036137456767e-12       1.887939008230e-15       1.274554397942e-12       2.720532238071e-13      -8.007506442226e-16 
  207       7.643398804317e-10       9.467951501531e-14      -8.494711755606e-13       1.908279147276e-15       1.256063615213e-12       2.686247033520e-13      -7.503423356782e-16 
  208       7.654253636015e-10       9.549321283291e-14      -6.602742820143e-13       1.928710027300e-15       1.237928207418e-12       2.652381019968e-13      -7.002902640094e-16 
  209       7.664286862598e-10       9.645732934556e-14      -4.686214342430e-13       1.949229622388e-15       1.220133178766e-12       2.618944519631e-13      -6.506513870900e-16 
  210       7.673494090984e-10       9.757742671876e-14      -2.745901852699e-13       1.969835848709e-15       1.202662385398e-12       2.585947360819e-13      -6.014839583908e-16 
  211       7.681871063428e-10       9.885915817618e-14      -7.826101347333e-14       1.990526563955e-15       1.185498518794e-12       2.553398867245e-13      -5.528475376615e-16 
  212       7.689413659008e-10       1.003082685992e-13       1.202826469668e-13       2.011299566764e-15       1.168623089169e-12       2.521307847333e-13      -5.048030016127e-16 
  213       7.696118276534e-10       1.019302650319e-13       3.209586877214e-13       2.032152666928e-15       1.152020034525e-12       2.489681549514e-13      -4.574016031849e-16 
  214       7.701983008940e-10       1.037294022012e-13       5.236995560758e-13       2.053083902463e-15       1.135686853350e-12       2.458522471834e-13      -4.106513053519e-16 
  215       7.707006551115e-10       1.057096296163e-13       7.284398601435e-13       2.074091336105e-15       1.119624191976e-12       2.427831316137e-13      -3.645481934436e-16 
  216       7.711187828096e-10       1.078749152380e-13       9.351121180834e-13       2.095172985472e-15       1.103832279488e-12       2.397607989382e-13      -3.190872041913e-16 
  217       7.714525997560e-10       1.102292452098e-13       1.143646739005e-12       2.116326822682e-15       1.088310920671e-12       2.367851590224e-13      -2.742621075779e-16 
  218       7.717020452322e-10       1.127766235880e-13       1.353972003876e-12       2.137550773974e-15       1.073059488952e-12       2.338560395606e-13      -2.300654886897e-16 
  219       7.718670822827e-10       1.155210720724e-13       1.566014046423e-12       2.158842719319e-15       1.058076919351e-12       2.309731847337e-13      -1.864887295667e-16 
  220       7.719476979649e-10       1.184666297368e-13       1.779696834042e-12       2.180200492041e-15       1.043361701426e-12       2.281362538683e-13      -1.435219910541e-16 
  221       7.719439035981e-10       1.216173527596e-13       1.994942148701e-12       2.201621878435e-15       1.028911872217e-12       2.253448200950e-13      -1.011541946528e-16 
  222       7.718557350133e-10       1.249773141543e-13       2.211669567847e-12       2.223104617383e-15       1.014725009193e-12       2.225983690070e-13      -5.937300437091e-17 
  223       7.716832528026e-10       1.285506035002e-13       2.429796445310e-12       2.244646399972e-15       1.000798223200e-12       2.198962973185e-13      -1.816480857423e-17 
  224       7.714265425688e-10       1.323413266728e-13       2.649237892211e-12       2.266244869109e-15       9.871281514060e-13       2.172379115236e-13       2.248529816245e-17 
  225       7.710857151748e-10       1.363536055743e-13       2.869906757863e-12       2.287897619142e-15       9.737109502454e-13       2.146224265542e-13       6.259353320451e-17 
  226       7.706609069930e-10       1.405915778643e-13       3.091713610682e-12       2.309602195477e-15       9.605422883679e-13       2.120489644395e-13       1.021774440064e-16 
  227       7.701522801549e-10       1.450593966903e-13       3.314566719087e-12       2.331356094190e-15       9.476173395832e-13       2.095165529634e-13       1.412559262609e-16 
  228       7.695600228008e-10       1.497612304181e-13       3.538372032411e-12       2.353156761652e-15       9.349307758075e-13       2.070241243239e-13       1.798492420478e-16 
  229       7.688843493288e-10       1.547012623625e-13       3.763033161801e-12       2.375001594142e-15       9.224767600094e-13       2.045705137915e-13       2.179790379832e-16 
  230       7.681255006447e-10       1.598836905181e-13       3.988451361129e-12       2.396887937464e-15       9.102489391564e-13       2.021544583672e-13       2.556683633684e-16 
  231       7.672837444115e-10       1.653127272893e-13       4.214525507892e-12       2.418813086566e-15       8.982404371610e-13       1.997745954418e-13       2.929416883389e-16 
  232       7.663593752986e-10       1.709925992212e-13       4.441152084121e-12       2.440774285157e-15       8.864438478263e-13       1.974294614539e-13       3.298249220136e-16 
  233       7.653527152314e-10       1.769275467300e-13       4.668225157286e-12       2.462768725324e-15       8.748512277931e-13       1.951174905487e-13       3.663454306436e-16 
  234       7.642641136410e-10       1.831218238338e-13       4.895636361202e-12       2.484793547149e-15       8.634540894853e-13       1.928370132363e-13       4.025320557612e-16 
  235       7.630939477135e-10       1.895796978828e-13       5.123274876932e-12       2.506845838329e-15       8.522433940562e-13       1.905862550506e-13       4.384151323293e-16 
  236       7.618426226396e-10       1.963054492902e-13       5.351027413693e-12       2.528922633787e-15       8.412095443350e-13       1.883633352074e-13       4.740265068898e-16 
  237       7.605105718638e-10       2.033033712624e-13       5.578778189766e-12       2.551020915298e-15       8.303423777726e-13       1.861662652635e-13       5.093995557133e-16 
  238       7.590982519382e-10       2.105773791744e-13       5.806415551535e-12       2.573137762934e-15       8.196331221398e-13       1.839933177694e-13       5.445613775078e-16 
  239       7.576061262212e-10       2.181298129917e-13       6.033852315079e-12       2.595270820388e-15       8.090804086795e-13       1.818441597861e-13       5.795088091693e-16 
  240       7.560346806748e-10       2.259625617725e-13       6.261006619914e-12       2.617417857102e-15       7.986846095720e-13       1.797187854393e-13       6.142309921804e-16 
  241       7.543844294085e-10       2.340774464101e-13       6.487795396631e-12       2.639576618908e-15       7.884459050500e-13       1.776171515432e-13       6.487170689959e-16 
  242       7.526559149183e-10       2.424762185408e-13       6.714134361801e-12       2.661744827957e-15       7.783642804857e-13       1.755391770392e-13       6.829561846833e-16 
  243       7.508497083236e-10       2.511605594503e-13       6.939938012886e-12       2.683920182669e-15       7.684395234773e-13       1.734847424357e-13       7.169374885625e-16 
  244       7.489664096064e-10       2.601320789809e-13       7.165119623152e-12       2.706100357659e-15       7.586712209363e-13       1.714536892465e-13       7.506501358465e-16 
  245       7.470066478486e-10       2.693923144388e-13       7.389591236573e-12       2.728283003682e-15       7.490587561737e-13       1.694458194301e-13       7.840832892812e-16 
  246       7.449710814705e-10       2.789427295008e-13       7.613263662745e-12       2.750465747571e-15       7.396013059875e-13       1.674608948292e-13       8.172261207861e-16 
  247       7.428603984691e-10       2.887847131215e-13       7.836046471792e-12       2.772646192168e-15       7.302978377491e-13       1.654986366090e-13       8.500678130943e-16 
  248       7.406753166555e-10       2.989195784403e-13       8.057847989278e-12       2.794821916269e-15       7.211471064903e-13       1.635587246972e-13       8.825975613927e-16 
  249       7.384165838939e-10       3.093485616885e-13       8.278575291115e-12       2.816990474557e-15       7.121476519900e-13       1.616407972224e-13       9.148045749622e-16 
  250       7.360849783391e-10       3.200728210964e-13       8.498134198475e-12       2.839149397542e-15       7.032977958613e-13       1.597444499533e-13       9.466780788180e-16 
  251       7.336813086746e-10       3.310934358001e-13       8.716429272696e-12       2.861296191497e-15       6.945956386379e-13       1.578692357382e-13       9.782073153501e-16 
  252       7.312064143511e-10       3.424114047489e-13       8.933363810194e-12       2.883428338399e-15       6.860390568616e-13       1.560146639437e-13       1.009381545963e-15 
  253       7.286611658245e-10       3.540276456119e-13       9.148839837370e-12       2.905543295862e-15       6.776257001682e-13       1.541801998938e-13       1.040190052716e-15 
  254       7.260464647936e-10       3.659429936855e-13       9.362758105523e-12       2.927638497078e-15       6.693529883755e-13       1.523652643093e-13       1.070622139965e-15 
  255       7.233632444388e-10       3.781582008002e-13       9.575018085758e-12       2.949711350752e-15       6.612181085688e-13       1.505692327464e-13       1.100667135999e-15 
  256       7.206124696598e-10       3.906739342275e-13       9.785517963893e-12       2.971759241043e-15       6.532180121891e-13       1.487914350365e-13       1.130314394685e-15 
  257       7.177951373139e-10       4.034907755874e-13       9.994154635372e-12       2.993779527500e-15       6.453494121188e-13       1.470311547244e-13       1.159553297105e-15 
  258       7.149122764540e-10       4.166092197549e-13       1.020082370017e-11       3.015769544998e-15       6.376087797693e-13       1.452876285083e-13       1.188373253196e-15 
  259       7.119649485666e-10       4.300296737675e-13       1.040541945772e-11       3.037726603679e-15       6.299923421672e-13       1.435600456780e-13       1.216763703394e-15 
  260       7.089542478105e-10       4.437524557319e-13       1.060783490179e-11       3.059647988887e-15       6.224960790419e-13       1.418475475550e-13       1.244714120270e-15 
  261       7.058813012541e-10       4.577777937313e-13       1.080796171541e-11       3.081530961106e-15       6.151157199116e-13       1.401492269305e-13       1.272214010171e-15 
  262       7.027472691139e-10       4.721058247324e-13       1.100569026580e-11       3.103372755900e-15       6.078467411709e-13       1.384641275054e-13       1.299252914864e-15 
  263       6.995533449929e-10       4.867365934922e-13       1.120090959924e-11       3.125170583848e-15       6.006843631770e-13       1.367912433289e-13       1.325820413170e-15 
  264       6.963007561181e-10       5.016700514652e-13       1.139350743603e-11       3.146921630482e-15       5.936235473368e-13       1.351295182376e-13       1.351906122610e-15 
  265       6.929907635790e-10       5.169060557108e-13       1.158337016534e-11       3.168623056225e-15       5.866589931941e-13       1.334778452950e-13       1.377499701042e-15 
  266       6.896246039766e-10       5.324441132585e-13       1.177039073306e-11       3.190272201742e-15       5.797861435844e-13       1.318353276570e-13       1.402593028342e-15 
  267       6.862033103700e-10       5.482826010811e-13       1.195449279011e-11       3.211867216454e-15       5.730042665649e-13       1.302020780177e-13       1.427186879290e-15 
  268       6.827278820701e-10       5.644195016376e-13       1.213560784550e-11       3.233406464033e-15       5.663135351731e-13       1.285784614844e-13       1.451284616233e-15 
  269       6.791993424915e-10       5.808526520857e-13       1.231366749976e-11       3.254888320345e-15       5.597140332223e-13       1.269648379403e-13       1.474890046962e-15 
  270       6.756187392916e-10       5.975797427582e-13       1.248860345314e-11       3.276311173735e-15       5.532057540912e-13       1.253615619260e-13       1.498007430038e-15 
  271       6.719871445101e-10       6.145983156403e-13       1.266034751388e-11       3.297673425310e-15       5.467885995145e-13       1.237689825195e-13       1.520641480116e-15 
  272       6.683056547077e-10       6.319057628466e-13       1.282883160642e-11       3.318973489228e-15       5.404623783726e-13       1.221874432178e-13       1.542797373267e-15 
  273       6.645753911053e-10       6.494993250978e-13       1.299398777971e-11       3.340209792978e-15       5.342268054819e-13       1.206172818169e-13       1.564480752305e-15 
  274       6.607974997232e-10       6.673760901978e-13       1.315574821538e-11       3.361380777667e-15       5.280815003847e-13       1.190588302933e-13       1.585697732106e-15 
  275       6.569731515204e-10       6.855329915109e-13       1.331404523606e-11       3.382484898306e-15       5.220259861397e-13       1.175124146842e-13       1.606454904936e-15 
  276       6.531035425333e-10       7.039668064384e-13       1.346881131355e-11       3.403520624093e-15       5.160596881114e-13       1.159783549689e-13       1.626759345771e-15 
  277       6.491898940151e-10       7.226741548957e-13       1.361997907712e-11       3.424486438697e-15       5.101819327608e-13       1.144569649492e-13       1.646618617625e-15 
  278       6.452334525748e-10       7.416514977894e-13       1.376748132176e-11       3.445380840545e-15       5.043919464351e-13       1.129485521302e-13       1.666040776868e-15 
  279       6.412354903165e-10       7.608951354940e-13       1.391125101636e-11       3.466202343105e-15       4.986888541581e-13       1.114534176013e-13       1.685034378555e-15 
  280       6.371973049781e-10       7.804012063291e-13       1.405122131205e-11       3.486949475170e-15       4.930716784200e-13       1.099718559170e-13       1.703608481748e-15 
  281       6.331202200711e-10       8.001656850363e-13       1.418732555035e-11       3.507620781147e-15       4.875393379676e-13       1.085041549776e-13       1.721772654836e-15 
  282       6.290055850188e-10       8.201843812562e-13       1.431949727148e-11       3.528214821336e-15       4.820906465945e-13       1.070505959099e-13       1.739536980866e-15 
  283       6.248547752965e-10       8.404529380052e-13       1.444767022260e-11       3.548730172218e-15       4.767243119310e-13       1.056114529481e-13       1.756912062858e-15 
  284       6.206691925696e-10       8.609668301527e-13       1.457177836602e-11       3.569165426740e-15       4.714389342343e-13       1.041869933150e-13       1.773909029137e-15 
  285       6.164502648333e-10       8.817213628978e-13       1.469175588748e-11       3.589519194599e-15       4.662330051783e-13       1.027774771020e-13       1.790539538651e-15 
  286       6.121994465517e-10       9.027116702465e-13       1.480753720438e-11       3.609790102525e-15       4.611049066444e-13       1.013831571505e-13       1.806815786296e-15 
  287       6.079182187966e-10       9.239327134887e-13       1.491905697401e-11       3.629976794570e-15       4.560529095107e-13       1.000042789326e-13       1.822750508241e-15 
  288       6.036080893870e-10       9.453792796749e-13       1.502625010185e-11       3.650077932387e-15       4.510751724427e-13       9.864108043193e-14       1.838356987251e-15 
  289       5.992705930278e-10       9.670459800933e-13       1.512905174974e-11       3.670092195519e-15       4.461697406831e-13       9.729379202413e-14       1.853649058010e-15 
  290       5.949072914493e-10       9.889272487470e-13       1.522739734420e-11       3.690018281685e-15       4.413345448419e-13       9.596263635805e-14       1.868641112445e-15 
  291       5.905197735462e-10       1.011017340830e-12       1.532122258461e-11       3.709854907058e-15       4.365673996868e-13       9.464782823638e-14       1.883348105049e-15 
  292       5.861096555165e-10       1.033310331207e-12       1.541046345151e-11       3.729600806557e-15       4.318660029329e-13       9.334957449648e-14       1.897785558208e-15 
  293       5.816785810010e-10       1.055800112885e-12       1.549505621480e-11       3.749254734129e-15       4.272279340327e-13       9.206807389114e-14       1.911969567519e-15 
  294       5.772282212220e-10       1.078480395496e-12       1.557493744203e-11       3.768815463031e-15       4.226506529668e-13       9.080351696947e-14       1.925916807119e-15 
  295       5.727602751228e-10       1.101344703772e-12       1.565004400659e-11       3.788281786118e-15       4.181314990333e-13       8.955608595761e-14       1.939644535006e-15 
  296       5.682764695066e-10       1.124386376018e-12       1.572031309601e-11       3.807652516130e-15       4.136676896383e-13       8.832595463961e-14       1.953170598363e-15 
  297       5.637784536736e-10       1.147598744365e-12       1.578568866567e-11       3.826926646325e-15       4.092568435912e-13       8.711324933887e-14       1.966509446574e-15 
  298       5.592674773706e-10       1.170975688341e-12       1.584614113074e-11       3.846103840479e-15       4.048985816671e-13       8.591793000541e-14       1.979659944553e-15 
  299       5.547446974255e-10       1.194511105287e-12       1.590164864957e-11       3.865183967314e-15       4.005930016489e-13       8.473990310362e-14       1.992616976177e-15 
  300       5.502112818315e-10       1.218198729754e-12       1.595219078150e-11       3.884166942794e-15       3.963401603521e-13       8.357905981840e-14       2.005375383000e-15 
  301       5.456684097431e-10       1.242032132219e-12       1.599774850394e-11       3.903052730625e-15       3.921400731257e-13       8.243527588320e-14       2.017929964169e-15 
  302       5.411172714725e-10       1.266004717814e-12       1.603830422924e-11       3.921841342761e-15       3.879927133534e-13       8.130841140809e-14       2.030275476332e-15 
  303       5.365590684852e-10       1.290109725047e-12       1.607384182178e-11       3.940532839901e-15       3.838980119551e-13       8.019831070783e-14       2.042406633550e-15 
  304       5.319950133963e-10       1.314340224527e-12       1.610434661487e-11       3.959127331995e-15       3.798558568881e-13       7.910480212991e-14       2.054318107206e-15 
  305       5.274263299668e-10       1.338689117684e-12       1.612980542781e-11       3.977624978747e-15       3.758660926478e-13       7.802769788266e-14       2.066004525919e-15 
  306       5.228542530992e-10       1.363149135495e-12       1.615020658279e-11       3.996025990113e-15       3.719285197698e-13       7.696679386326e-14       2.077460475452e-15 
  307       5.182800288340e-10       1.387712837209e-12       1.616553992196e-11       4.014330626807e-15       3.680428943303e-13       7.592186948582e-14       2.088680498623e-15 
  308       5.137049143456e-10       1.412372609066e-12       1.617579682437e-11       4.032539200799e-15       3.642089274480e-13       7.489268750945e-14       2.099659095216e-15 
  309       5.091301779383e-10       1.437120663025e-12       1.618097022293e-11       4.050652075823e-15       3.604262847849e-13       7.387899386633e-14       2.110390721893e-15 
  310       5.045570990424e-10       1.461949035484e-12       1.618105462145e-11       4.068669667873e-15       3.566945860476e-13       7.288051748976e-14       2.120869792103e-15 
  311       4.999869682105e-10       1.486849586005e-12       1.617604611160e-11       4.086592445710e-15       3.530134044886e-13       7.189697014220e-14       2.131090675993e-15 
  312       4.954210871132e-10       1.511813996037e-12       1.616594238989e-11       4.104420931362e-15       3.493822664077e-13       7.092804624338e-14       2.141047700321e-15 
  313       4.908607685354e-10       1.536833767641e-12       1.615074277464e-11       4.122155700625e-15       3.458006506528e-13       6.997342269833e-14       2.150735148362e-15 
  314       4.863073363725e-10       1.561900222209e-12       1.613044822301e-11       4.139797383567e-15       3.422679881216e-13       6.903275872545e-14       2.160147259824e-15 
  315       4.817621256260e-10       1.587004499193e-12       1.610506134793e-11       4.157346665030e-15       3.387836612626e-13       6.810569568457e-14       2.169278230755e-15 
  316       4.772264824003e-10       1.612137554825e-12       1.607458643514e-11       4.174804285132e-15       3.353470035761e-13       6.719185690503e-14       2.178122213457e-15 
  317       4.727017638979e-10       1.637290160841e-12       1.603902946012e-11       4.192171039767e-15       3.319572991160e-13       6.629084751372e-14       2.186673316392e-15 
  318       4.681893384162e-10       1.662452903204e-12       1.599839810511e-11       4.209447781112e-15       3.286137819904e-13       6.540225426314e-14       2.194925604097e-15 
  319       4.636905853433e-10       1.687616180830e-12       1.595270177609e-11       4.226635418123e-15       3.253156358634e-13       6.452564535948e-14       2.202873097095e-15 
  320       4.592068951539e-10       1.712770204307e-12       1.590195161975e-11       4.243734917043e-15       3.220619934560e-13       6.366057029069e-14       2.210509771801e-15 
  321       4.547396694058e-10       1.737904994623e-12       1.584616054050e-11       4.260747301900e-15       3.188519360471e-13       6.280655965450e-14       2.217829560437e-15 
  322       4.502903207355e-10       1.763010381886e-12       1.578534321742e-11       4.277673655012e-15       3.156844929755e-13       6.196312498654e-14       2.224826350942e-15 
  323       4.458602728545e-10       1.788076004050e-12       1.571951612127e-11       4.294515117484e-15       3.125586411403e-13       6.112975858834e-14       2.231493986883e-15 
  324       4.414509605455e-10       1.813091305635e-12       1.564869753147e-11       4.311272889719e-15       3.094733045026e-13       6.030593335546e-14       2.237826267362e-15 
  325       4.370638296581e-10       1.838045536454e-12       1.557290755308e-11       4.327948231912e-15       3.064273535867e-13       5.949110260548e-14       2.243816946933e-15 
  326       4.327003371055e-10       1.862927750334e-12       1.549216813379e-11       4.344542464556e-15       3.034196049812e-13       5.868469990615e-14       2.249459735508e-15 
  327       4.283619508598e-10       1.887726803843e-12       1.540650308088e-11       4.361056968943e-15       3.004488208401e-13       5.788613890335e-14       2.254748298268e-15 
  328       4.240501499485e-10       1.912431355008e-12       1.531593807826e-11       4.377493187667e-15       2.975137083844e-13       5.709481314923e-14       2.259676255577e-15 
  329       4.197664244508e-10       1.937029862042e-12       1.522050070340e-11       4.393852625125e-15       2.946129194032e-13       5.631009593025e-14       2.264237182890e-15 
  330       4.155122754931e-10       1.961510582066e-12       1.512022044434e-11       4.410136848020e-15       2.917450497546e-13       5.553134009523e-14       2.268424610664e-15 
  331       4.112892152454e-10       1.985861569834e-12       1.501512871665e-11       4.426347485864e-15       2.889086388675e-13       5.475787788344e-14       2.272232024269e-15 
  332       4.070986503232e-10       2.010071555883e-12       1.490525915341e-11       4.442486176139e-15       2.861024424724e-13       5.398915708800e-14       2.275654574062e-15 
  333       4.029415263804e-10       2.034132625918e-12       1.479064845410e-11       4.458554396120e-15       2.833262649616e-13       5.322515646054e-14       2.278694288202e-15 
  334       3.988186679993e-10       2.058037655855e-12       1.467133560594e-11       4.474553624697e-15       2.805801623764e-13       5.246598809780e-14       2.281355087137e-15 
  335       3.947308937559e-10       2.081779442616e-12       1.454736163155e-11       4.490485397492e-15       2.778641722519e-13       5.171176271754e-14       2.283641095724e-15 
  336       3.906790160892e-10       2.105350703811e-12       1.441876960614e-11       4.506351307300e-15       2.751783134148e-13       5.096258963455e-14       2.285556644995e-15 
  337       3.866638411710e-10       2.128744077415e-12       1.428560467490e-11       4.522153004533e-15       2.725225857809e-13       5.021857673671e-14       2.287106273922e-15 
  338       3.826861687752e-10       2.151952121442e-12       1.414791407019e-11       4.537892197660e-15       2.698969701536e-13       4.947983046101e-14       2.288294731184e-15 
  339       3.787467921475e-10       2.174967313628e-12       1.400574712886e-11       4.553570653650e-15       2.673014280211e-13       4.874645576964e-14       2.289126976938e-15 
  340       3.748464978749e-10       2.197782051106e-12       1.385915530954e-11       4.569190198415e-15       2.647359013543e-13       4.801855612599e-14       2.289608184581e-15 
  341       3.709860657551e-10       2.220388650087e-12       1.370819220990e-11       4.584752717250e-15       2.622003124048e-13       4.729623347070e-14       2.289743742519e-15 
  342       3.671662686661e-10       2.242779345534e-12       1.355291358394e-11       4.600260155277e-15       2.596945635024e-13       4.657958819773e-14       2.289539255935e-15 
  343       3.633878724356e-10       2.264946290842e-12       1.339337735926e-11       4.615714517887e-15       2.572185368534e-13       4.586871913039e-14       2.289000548556e-15 
  344       3.596516357108e-10       2.286881557517e-12       1.322964365436e-11       4.631117871180e-15       2.547720943379e-13       4.516372349737e-14       2.288133664417e-15 
  345       3.559583098275e-10       2.308577134851e-12       1.306177479591e-11       4.646472342410e-15       2.523550773077e-13       4.446469690880e-14       2.286944869632e-15 
  346       3.523086386802e-10       2.330024929603e-12       1.288983533602e-11       4.661780120424e-15       2.499673063842e-13       4.377173333229e-14       2.285440654156e-15 
  347       3.487033585909e-10       2.351216765676e-12       1.271389206956e-11       4.677043456107e-15       2.476085812564e-13       4.308492506897e-14       2.283627733560e-15 
  348       3.451431981792e-10       2.372144383794e-12       1.253401405138e-11       4.692264662823e-15       2.452786804783e-13       4.240436272955e-14       2.281513050787e-15 
  349       3.416288782315e-10       2.392799441181e-12       1.235027261365e-11       4.707446116855e-15       2.429773612670e-13       4.173013521033e-14       2.279103777931e-15 
  350       3.381611115709e-10       2.413173511239e-12       1.216274138309e-11       4.722590257850e-15       2.407043593001e-13       4.106232966929e-14       2.276407317994e-15 
  351       3.347406029261e-10       2.433258083225e-12       1.197149629829e-11       4.737699589261e-15       2.384593885142e-13       4.040103150209e-14       2.273431306657e-15 
  352       3.313680488014e-10       2.453044561930e-12       1.177661562698e-11       4.752776678787e-15       2.362421409021e-13       3.974632431815e-14       2.270183614050e-15 
  353       3.280441373461e-10       2.472524267356e-12       1.157817998330e-11       4.767824158817e-15       2.340522863106e-13       3.909828991666e-14       2.266672346512e-15 
  354       3.247695482240e-10       2.491688434394e-12       1.137627234509e-11       4.782844726869e-15       2.318894722388e-13       3.845700826265e-14       2.262905848365e-15 
  355       3.215449524830e-10       2.510528212505e-12       1.117097807116e-11       4.797841146038e-15       2.297533236354e-13       3.782255746304e-14       2.258892703677e-15 
  356       3.183710124243e-10       2.529034665392e-12       1.096238491859e-11       4.812816245430e-15       2.276434426968e-13       3.719501374263e-14       2.254641738029e-15 
  357       3.152483814724e-10       2.547198770685e-12       1.075058306000e-11       4.827772920613e-15       2.255594086647e-13       3.657445142023e-14       2.250162020285e-15 
  358       3.121777040442e-10       2.565011419612e-12       1.053566510083e-11       4.842714134052e-15       2.235007776240e-13       3.596094288463e-14       2.245462864353e-15 
  359       3.091596154188e-10       2.582463416683e-12       1.031772609660e-11       4.857642915553e-15       2.214670823006e-13       3.535455857068e-14       2.240553830960e-15 
  360       3.061947416069e-10       2.599545479363e-12       1.009686357025e-11       4.872562362708e-15       2.194578318593e-13       3.475536693531e-14       2.235444729413e-15 
  361       3.032836992203e-10       2.616248237755e-12       9.873177529357e-12       4.887475641334e-15       2.174725117013e-13       3.416343443360e-14       2.230145619368e-15 
  362       3.004270953415e-10       2.632562234272e-12       9.646770483445e-12       4.902385985915e-15       2.155105832624e-13       3.357882549483e-14       2.224666812596e-15 
  363       2.976255273931e-10       2.648477923321e-12       9.417747461268e-12       4.917296700045e-15       2.135714838103e-13       3.300160249849e-14       2.219018874752e-15 
  364       2.948795830073e-10       2.663985670977e-12       9.186216028083e-12       4.932211156872e-15       2.116546262431e-13       3.243182575033e-14       2.213212627140e-15 
  365       2.921898398958e-10       2.679075754662e-12       8.952286302934e-12       4.947132799537e-15       2.097593988863e-13       3.186955345843e-14       2.207259148481e-15 
  366       2.895568657186e-10       2.693738362822e-12       8.716070975931e-12       4.962065141615e-15       2.078851652913e-13       3.131484170923e-14       2.201169776680e-15 
  367       2.869812179544e-10       2.707963594610e-12       8.477685325531e-12       4.977011767564e-15       2.060312640326e-13       3.076774444357e-14       2.194956110592e-15 
  368       2.844634437693e-10       2.721741459555e-12       8.237247235821e-12       4.991976333158e-15       2.041970085062e-13       3.022831343274e-14       2.188630011791e-15 
  369       2.820040798868e-10       2.735061877249e-12       7.994877213796e-12       5.006962565936e-15       2.023816867269e-13       2.969659825451e-14       2.182203606335e-15 
  370       2.796036524572e-10       2.747914677018e-12       7.750698406642e-12       5.021974265640e-15       2.005845611263e-13       2.917264626920e-14       2.175689286533e-15 
  371       2.772626184872e-10       2.760290865923e-12       7.504827714242e-12       5.037014957432e-15       1.988050025165e-13       2.865649022714e-14       2.169097388435e-15 
  372       2.749811878692e-10       2.772186488092e-12       7.257348708103e-12       5.052086835667e-15       1.970428981705e-13       2.814811060569e-14       2.162429120531e-15 
  373       2.727594941372e-10       2.783598915656e-12       7.008337687420e-12       5.067191779690e-15       1.952982593018e-13       2.764747175258e-14       2.155683362019e-15 
  374       2.705976520982e-10       2.794525594836e-12       6.757872497757e-12       5.082331697467e-15       1.935710882537e-13       2.715453408695e-14       2.148858961874e-15 
  375       2.684957576503e-10       2.804964046721e-12       6.506032540591e-12       5.097508525733e-15       1.918613784133e-13       2.666925406466e-14       2.141954738590e-15 
  376       2.664538876021e-10       2.814911868050e-12       6.252898782849e-12       5.112724230128e-15       1.901691141264e-13       2.619158414354e-14       2.134969479930e-15 
  377       2.644720994910e-10       2.824366731992e-12       5.998553766447e-12       5.127980805337e-15       1.884942706121e-13       2.572147274870e-14       2.127901942670e-15 
  378       2.625504314019e-10       2.833326388925e-12       5.743081617824e-12       5.143280275233e-15       1.868368138766e-13       2.525886423784e-14       2.120750852346e-15 
  379       2.606889017860e-10       2.841788667222e-12       5.486568057486e-12       5.158624693015e-15       1.851967006284e-13       2.480369886650e-14       2.113514902998e-15 
  380       2.588875092797e-10       2.849751474025e-12       5.229100409539e-12       5.174016141349e-15       1.835738781923e-13       2.435591275337e-14       2.106192756917e-15 
  381       2.571462325227e-10       2.857212796031e-12       4.970767611233e-12       5.189456732507e-15       1.819682844239e-13       2.391543784559e-14       2.098783044394e-15 
  382       2.554650299776e-10       2.864170700271e-12       4.711660222492e-12       5.204948608509e-15       1.803798476242e-13       2.348220188402e-14       2.091284363462e-15 
  383       2.538438397477e-10       2.870623334890e-12       4.451870435462e-12       5.220493941261e-15       1.788084864540e-13       2.305612836853e-14       2.083695279644e-15 
  384       2.522825793964e-10       2.876568929929e-12       4.191492084039e-12       5.236094932698e-15       1.772541098484e-13       2.263713652332e-14       2.076014325698e-15 
  385       2.507811457655e-10       2.882005798105e-12       3.930620653416e-12       5.251753814922e-15       1.757166169309e-13       2.222514126217e-14       2.068240001365e-15 
  386       2.493394147940e-10       2.886932335592e-12       3.669353289616e-12       5.267472850340e-15       1.741958969286e-13       2.182005315375e-14       2.060370773111e-15 
  387       2.479572413369e-10       2.891347022800e-12       3.407788809031e-12       5.283254331812e-15       1.726918290858e-13       2.142177838690e-14       2.052405073880e-15 
  388       2.466344589838e-10       2.895248425160e-12       3.146027707961e-12       5.299100582782e-15       1.712042825793e-13       2.103021873593e-14       2.044341302833e-15 
  389       2.453708798778e-10       2.898635193901e-12       2.884172172151e-12       5.315013957424e-15       1.697331164319e-13       2.064527152592e-14       2.036177825097e-15 
  390       2.441662945337e-10       2.901506066832e-12       2.622326086333e-12       5.330996840779e-15       1.682781794278e-13       2.026682959798e-14       2.027912971512e-15 
  391       2.430204716575e-10       2.903859869123e-12       2.360595043758e-12       5.347051648898e-15       1.668393100266e-13       1.989478127455e-14       2.019545038376e-15 
  392       2.419331579643e-10       2.905695514084e-12       2.099086355739e-12       5.363180828981e-15       1.654163362775e-13       1.952901032471e-14       2.011072287189e-15 
  393       2.409040779976e-10       2.907012003951e-12       1.837909061186e-12       5.379386859514e-15       1.640090757342e-13       1.916939592945e-14       2.002492944405e-15 
  394       2.399329339476e-10       2.907808430658e-12       1.577173936147e-12       5.395672250416e-15       1.626173353695e-13       1.881581264695e-14       1.993805201170e-15 
  395       2.390194054702e-10       2.908083976626e-12       1.316993503345e-12       5.412039543173e-15       1.612409114889e-13       1.846813037790e-14       1.985007213075e-15 
  396       2.381631495056e-10       2.907837915540e-12       1.057482041715e-12       5.428491310980e-15       1.598795896461e-13       1.812621433077e-14       1.976097099898e-15 
  397       2.373638000968e-10       2.907069613130e-12       7.987555959438e-13       5.445030158882e-15       1.585331445568e-13       1.778992498709e-14       1.967072945352e-15 
  398       2.366209682088e-10       2.905778527950e-12       5.409319860069e-13       5.461658723916e-15       1.572013400132e-13       1.745911806676e-14       1.957932796830e-15 
  399       2.359342415467e-10       2.903964212165e-12       2.841308167080e-13       5.478379675245e-15       1.558839287988e-13       1.713364449335e-14       1.948674665151e-15 
  400       2.353031843749e-10       2.901626312325e-12       2.847348721605e-14       5.495195714305e-15       1.545806526025e-13       1.681335035935e-14       1.939296524307e-15 
  401       2.347273373355e-10       2.898764570147e-12      -2.259167993961e-13       5.512109574941e-15       1.532912419332e-13       1.649807689148e-14       1.929796311209e-15 
  402       2.342062172673e-10       2.895378823298e-12      -4.789150266135e-13       5.529124023549e-15       1.520154160344e-13       1.618766041600e-14       1.920171925432e-15 
  403       2.337393170240e-10       2.891469006178e-12      -7.303943549413e-13       5.546241859215e-15       1.507528827984e-13       1.588193232395e-14       1.910421228961e-15 
  404       2.333261052935e-10       2.887035150692e-12      -9.802261123663e-13       5.563465913857e-15       1.495033386807e-13       1.558071903650e-14       1.900542045939e-15 
  405       2.329660264163e-10       2.882077387040e-12      -1.228279784819e-12       5.580799052361e-15       1.482664686150e-13       1.528384197020e-14       1.890532162410e-15 
  406       2.326585002041e-10       2.876595944494e-12      -1.474423006634e-12       5.598244172727e-15       1.470419459270e-13       1.499111750228e-14       1.880389326068e-15 
  407       2.324029217587e-10       2.870591152176e-12      -1.718521551015e-12       5.615804206206e-15       1.458294322491e-13       1.470235693592e-14       1.870111246002e-15 
  408       2.321986612908e-10       2.864063439845e-12      -1.960439320494e-12       5.633482117439e-15       1.446285774352e-13       1.441736646560e-14       1.859695592440e-15 
  409       2.320450639383e-10       2.857013338673e-12      -2.200038337393e-12       5.651280904599e-15       1.434390194745e-13       1.413594714231e-14       1.849139996500e-15 
  410       2.319414934567e-10       2.849442164969e-12      -2.437192879026e-12       5.669203160613e-15       1.422604479969e-13       1.385793123771e-14       1.838442837451e-15 
  411       2.318874653624e-10       2.841354096452e-12      -2.671832454363e-12       5.687249739408e-15       1.410927974403e-13       1.358329282638e-14       1.827605635752e-15 
  412       2.318825181492e-10       2.832754171048e-12      -2.903900330795e-12       5.705421042704e-15       1.399360605565e-13       1.331204105197e-14       1.816630744274e-15 
  413       2.319261696925e-10       2.823647611858e-12      -3.133339527419e-12       5.723717454485e-15       1.387902253992e-13       1.304418407349e-14       1.805520568744e-15 
  414       2.320179171003e-10       2.814039828423e-12      -3.360092815580e-12       5.742139340836e-15       1.376552752831e-13       1.277972905648e-14       1.794277568046e-15 
  415       2.321572365624e-10       2.803936417990e-12      -3.584102719398e-12       5.760687049763e-15       1.365311887444e-13       1.251868216419e-14       1.782904254534e-15 
  416       2.323435832005e-10       2.793343166780e-12      -3.805311516310e-12       5.779360911025e-15       1.354179394999e-13       1.226104854887e-14       1.771403194334e-15 
  417       2.325763909183e-10       2.782266051255e-12      -4.023661237599e-12       5.798161235961e-15       1.343154964069e-13       1.200683234289e-14       1.759777007657e-15 
  418       2.328550722515e-10       2.770711239385e-12      -4.239093668930e-12       5.817088317315e-15       1.332238234230e-13       1.175603665001e-14       1.748028369097e-15 
  419       2.331790182174e-10       2.758685091916e-12      -4.451550350888e-12       5.836142429068e-15       1.321428795661e-13       1.150866353658e-14       1.736160007947e-15 
  420       2.335475981654e-10       2.746194163637e-12      -4.660972579507e-12       5.855323826262e-15       1.310726188737e-13       1.126471402273e-14       1.724174708500e-15 
  421       2.339601596263e-10       2.733245204645e-12      -4.867301406810e-12       5.874632744827e-15       1.300129903628e-13       1.102418807360e-14       1.712075310357e-15 
  422       2.344160281627e-10       2.719845161613e-12      -5.070477641341e-12       5.894069401415e-15       1.289639379897e-13       1.078708459053e-14       1.699864708734e-15 
  423       2.349145072189e-10       2.706001179060e-12      -5.270441848697e-12       5.913633993218e-15       1.279254006097e-13       1.055340140231e-14       1.687545854773e-15 
  424       2.354548779705e-10       2.691720600614e-12      -5.467134352070e-12       5.933326697804e-15       1.268973119370e-13       1.032313525634e-14       1.675121755840e-15 
  425       2.360363991750e-10       2.677010970281e-12      -5.660495232773e-12       5.953147672939e-15       1.258796005041e-13       1.009628180987e-14       1.662595475841e-15 
  426       2.366583070209e-10       2.661880033712e-12      -5.850464330782e-12       5.973097056418e-15       1.248721896218e-13       9.872835621193e-15       1.649970135524e-15 
  427       2.373198149785e-10       2.646335739472e-12      -6.036981245266e-12       5.993174965891e-15       1.238749973388e-13       9.652790140887e-15       1.637248912784e-15 
  428       2.380201136493e-10       2.630386240301e-12      -6.219985335123e-12       6.013381498692e-15       1.228879364016e-13       9.436137702987e-15       1.624435042977e-15 
  429       2.387583706160e-10       2.614039894390e-12      -6.399415719516e-12       6.033716731665e-15       1.219109142142e-13       9.222869516219e-15       1.611531819218e-15 
  430       2.395337302926e-10       2.597305266639e-12      -6.575211278404e-12       6.054180720990e-15       1.209438327976e-13       9.012975655198e-15       1.598542592697e-15 
  431       2.403453137745e-10       2.580191129932e-12      -6.747310653082e-12       6.074773502017e-15       1.199865887500e-13       8.806445051646e-15       1.585470772977e-15 
  432       2.411922186879e-10       2.562706466398e-12      -6.915652246710e-12       6.095495089086e-15       1.190390732060e-13       8.603265485599e-15       1.572319828307e-15 
  433       2.420735190402e-10       2.544860468682e-12      -7.080174224853e-12       6.116345475360e-15       1.181011717969e-13       8.403423576616e-15       1.559093285928e-15 
  434       2.429882650700e-10       2.526662541210e-12      -7.240814516011e-12       6.137324632650e-15       1.171727646097e-13       8.206904774991e-15       1.545794732376e-15 
  435       2.439354830968e-10       2.508122301457e-12      -7.397510812155e-12       6.158432511242e-15       1.162537261479e-13       8.013693352961e-15       1.532427813794e-15 
  436       2.449141753708e-10       2.489249581214e-12      -7.550200569265e-12       6.179669039728e-15       1.153439252901e-13       7.823772395920e-15       1.518996236235e-15 
  437       2.459233199234e-10       2.470054427856e-12      -7.698821007859e-12       6.201034124830e-15       1.144432252505e-13       7.637123793623e-15       1.505503765971e-15 
  438       2.469618704167e-10       2.450547105606e-12      -7.843309113533e-12       6.222527651229e-15       1.135514835386e-13       7.453728231404e-15       1.491954229800e-15 
  439       2.480287559934e-10       2.430738096806e-12      -7.983601637491e-12       6.244149481395e-15       1.126685519184e-13       7.273565181379e-15       1.478351515350e-15 
  440       2.491228811271e-10       2.410638103181e-12      -8.119635097083e-12       6.265899455409e-15       1.117942763687e-13       7.096612893660e-15       1.464699571391e-15 
  441       2.502431254721e-10       2.390258047108e-12      -8.251345776339e-12       6.287777390795e-15       1.109284970426e-13       6.922848387562e-15       1.451002408135e-15 
  442       2.513883437131e-10       2.369609072884e-12      -8.378669726501e-12       6.309783082348e-15       1.100710482272e-13       6.752247442819e-15       1.437264097549e-15 
  443       2.525573654156e-10       2.348702547988e-12      -8.501542766562e-12       6.331916301957e-15       1.092217583037e-13       6.584784590787e-15       1.423488773660e-15 
  444       2.537489948755e-10       2.327550064355e-12      -8.619900483798e-12       6.354176798439e-15       1.083804497064e-13       6.420433105658e-15       1.409680632861e-15 
  445       2.549620109690e-10       2.306163439639e-12      -8.733678234301e-12       6.376564297361e-15       1.075469388833e-13       6.259164995672e-15       1.395843934216e-15 
  446       2.561951670029e-10       2.284554718479e-12      -8.842811143519e-12       6.399078500871e-15       1.067210362553e-13       6.100950994321e-15       1.381982999772e-15 
  447       2.574471905644e-10       2.262736173771e-12      -8.947234106784e-12       6.421719087525e-15       1.059025461760e-13       5.945760551565e-15       1.368102214862e-15 
  448       2.587167833707e-10       2.240720307930e-12      -9.046881789852e-12       6.444485712111e-15       1.050912668916e-13       5.793561825040e-15       1.354206028413e-15 
  449       2.600027436243e-10       2.218519354875e-12      -9.141700094099e-12       6.467377778338e-15       1.042870248837e-13       5.644324279948e-15       1.340298333178e-15 
  450       2.613043377432e-10       2.196143765649e-12      -9.231680959584e-12       6.490393749131e-15       1.034897792041e-13       5.498026599272e-15       1.326380583728e-15 
  451       2.626209403678e-10       2.173603676273e-12      -9.316828689606e-12       6.513531813667e-15       1.026995204380e-13       5.354649012321e-15       1.312453618146e-15 
  452       2.639519128670e-10       2.150909403567e-12      -9.397148595180e-12       6.536790112198e-15       1.019162366063e-13       5.214170701965e-15       1.298518272531e-15 
  453       2.652966032604e-10       2.128071446118e-12      -9.472647002375e-12       6.560166735741e-15       1.011399131461e-13       5.076569797400e-15       1.284575380937e-15 
  454       2.666543461416e-10       2.105100485254e-12      -9.543331259664e-12       6.583659725774e-15       1.003705328903e-13       4.941823366906e-15       1.270625775314e-15 
  455       2.680244626001e-10       2.082007386014e-12      -9.609209745265e-12       6.607267073926e-15       9.960807604833e-14       4.809907410603e-15       1.256670285444e-15 
  456       2.694062601447e-10       2.058803198118e-12      -9.670291874485e-12       6.630986721671e-15       9.885252018585e-14       4.680796853217e-15       1.242709738881e-15 
  457       2.707990326261e-10       2.035499156936e-12      -9.726588107061e-12       6.654816560021e-15       9.810384020519e-14       4.554465536832e-15       1.228744960890e-15 
  458       2.722020601591e-10       2.012106684461e-12      -9.778109954509e-12       6.678754429216e-15       9.736200832543e-14       4.430886213656e-15       1.214776774382e-15 
  459       2.736146090459e-10       1.988637390279e-12      -9.824869987463e-12       6.702798118421e-15       9.662699406255e-14       4.310030538776e-15       1.200805999858e-15 
  460       2.750359316985e-10       1.965103072539e-12      -9.866881843021e-12       6.726945365416e-15       9.589876420958e-14       4.191869062919e-15       1.186833455345e-15 
  461       2.764652665615e-10       1.941515718922e-12      -9.904160232088e-12       6.751193856289e-15       9.517728281680e-14       4.076371225213e-15       1.172859956333e-15 
  462       2.779018380348e-10       1.917887507618e-12      -9.936720946719e-12       6.775541225128e-15       9.446251117187e-14       3.963505345943e-15       1.158886315716e-15 
  463       2.793448563962e-10       1.894230808286e-12      -9.964580867463e-12       6.799985053716e-15       9.375440778000e-14       3.853238619312e-15       1.144913343729e-15 
  464       2.807935177242e-10       1.870558183034e-12      -9.987757970708e-12       6.824522871221e-15       9.305292834414e-14       3.745537106204e-15       1.130941847889e-15 
  465       2.822470038207e-10       1.846882387386e-12      -1.000627133602e-11       6.849152153890e-15       9.235802574507e-14       3.640365726937e-15       1.116972632929e-15 
  466       2.837044821338e-10       1.823216371251e-12      -1.002014115350e-11       6.873870324745e-15       9.166965002163e-14       3.537688254028e-15       1.103006500743e-15 
  467       2.851651056803e-10       1.799573279896e-12      -1.002938873111e-11       6.898674753267e-15       9.098774835087e-14       3.437467304947e-15       1.089044250319e-15 
  468       2.866280129684e-10       1.775966454917e-12      -1.003403650202e-11       6.923562755098e-15       9.031226502817e-14       3.339664334883e-15       1.075086677679e-15 
  469       2.880923279207e-10       1.752409435206e-12      -1.003410803197e-11       6.948531591728e-15       8.964314144743e-14       3.244239629498e-15       1.061134575820e-15 
  470       2.895571597965e-10       1.728915957926e-12      -1.002962802658e-11       6.973578470190e-15       8.898031608125e-14       3.151152297689e-15       1.047188734650e-15 
  471       2.910216031150e-10       1.705499959476e-12      -1.002062233874e-11       6.998700542753e-15       8.832372446106e-14       3.060360264347e-15       1.033249940928e-15 
  472       2.924847375775e-10       1.682175576470e-12      -1.000711797590e-11       7.023894906613e-15       8.767329915729e-14       2.971820263116e-15       1.019318978202e-15 
  473       2.939456279903e-10       1.658957146698e-12      -9.989143107451e-12       7.049158603586e-15       8.702896975952e-14       2.885487829153e-15       1.005396626746e-15 
  474       2.954033241876e-10       1.635859210104e-12      -9.966727072072e-12       7.074488619802e-15       8.639066285667e-14       2.801317291888e-15       9.914836635029e-16 
  475       2.968568609538e-10       1.612896509753e-12      -9.939900385042e-12       7.099881885397e-15       8.575830201715e-14       2.719261767781e-15       9.775808620185e-16 
  476       2.983052579467e-10       1.590083992801e-12      -9.908694745609e-12       7.125335274206e-15       8.513180776900e-14       2.639273153085e-15       9.636889923828e-16 
  477       2.997475196197e-10       1.567436811467e-12      -9.873143044325e-12       7.150845603455e-15       8.451109758008e-14       2.561302116602e-15       9.498088211675e-16 
  478       3.011826351449e-10       1.544970324006e-12      -9.833279370392e-12       7.176409633454e-15       8.389608583820e-14       2.485298092444e-15       9.359411113651e-16 
  479       3.026095783357e-10       1.522700095674e-12      -9.789139019003e-12       7.202024067290e-15       8.328668383131e-14       2.411209272794e-15       9.220866223271e-16 
  480       3.040273075691e-10       1.500641899703e-12      -9.740758498689e-12       7.227685550519e-15       8.268279972765e-14       2.338982600663e-15       9.082461097031e-16 
  481       3.054347657093e-10       1.478811718269e-12      -9.688175538660e-12       7.253390670859e-15       8.208433855592e-14       2.268563762650e-15       8.944203253788e-16 
  482       3.068308800293e-10       1.457225743465e-12      -9.631429096150e-12       7.279135957885e-15       8.149120218541e-14       2.199897181702e-15       8.806100174149e-16 
  483       3.082145621346e-10       1.435900378269e-12      -9.570559363760e-12       7.304917882717e-15       8.090328930620e-14       2.132926009873e-15       8.668159299858e-16 
  484       3.095847078853e-10       1.414852237516e-12      -9.505607776802e-12       7.330732857715e-15       8.032049540930e-14       2.067592121084e-15       8.530388033179e-16 
  485       3.109401973188e-10       1.394098148870e-12      -9.436617020642e-12       7.356577236176e-15       7.974271276681e-14       2.003836103883e-15       8.392793736285e-16 
  486       3.122798945731e-10       1.373655153790e-12      -9.363631038044e-12       7.382447312018e-15       7.916983041210e-14       1.941597254202e-15       8.255383730641e-16 
  487       3.136026478086e-10       1.353540508505e-12      -9.286695036516e-12       7.408339319480e-15       7.860173411993e-14       1.880813568119e-15       8.118165296392e-16 
  488       3.149074309474e-10       1.333770068651e-12      -9.205857591715e-12       7.434249599763e-15       7.803832512692e-14       1.821432869948e-15       7.981145812045e-16 
  489       3.161937736921e-10       1.314353388243e-12      -9.121177011718e-12       7.460175107059e-15       7.747957694681e-14       1.763446576093e-15       7.844333179342e-16 
  490       3.174613441708e-10       1.295298476546e-12      -9.032715176908e-12       7.486112916996e-15       7.692548020943e-14       1.706856923235e-15       7.707735409842e-16 
  491       3.187098082744e-10       1.276613401350e-12      -8.940535469425e-12       7.512060060834e-15       7.637602406316e-14       1.651665922359e-15       7.571360485224e-16 
  492       3.199388296502e-10       1.258306289135e-12      -8.844702781575e-12       7.538013525236e-15       7.583119616454e-14       1.597875357109e-15       7.435216356745e-16 
  493       3.211480696964e-10       1.240385325226e-12      -8.745283524219e-12       7.563970252047e-15       7.529098266781e-14       1.545486782149e-15       7.299310944698e-16 
  494       3.223371875556e-10       1.222858753947e-12      -8.642345635173e-12       7.589927138070e-15       7.475536821455e-14       1.494501521519e-15       7.163652137865e-16 
  495       3.235058401093e-10       1.205734878786e-12      -8.535958587607e-12       7.615881034843e-15       7.422433592322e-14       1.444920666997e-15       7.028247792975e-16 
  496       3.246536819717e-10       1.189022062547e-12      -8.426193398443e-12       7.641828748416e-15       7.369786737877e-14       1.396745076456e-15       6.893105734162e-16 
  497       3.257803654836e-10       1.172728727511e-12      -8.313122636752e-12       7.667767039127e-15       7.317594262220e-14       1.349975372225e-15       6.758233752420e-16 
  498       3.268855407069e-10       1.156863355592e-12      -8.196820432148e-12       7.693692621378e-15       7.265854014020e-14       1.304611939447e-15       6.623639605059e-16 
  499       3.279688554177e-10       1.141434488495e-12      -8.077362483193e-12       7.719602163414e-15       7.214563685465e-14       1.260654924438e-15       6.489331015162e-16 
  500       3.290299551015e-10       1.126450727875e-12      -7.954826065788e-12       7.745492287097e-15       7.163720811228e-14       1.218104233045e-15       6.355315671043e-16 
  501       3.300684829462e-10       1.111920735493e-12      -7.829290041575e-12       7.771359567685e-15       7.113322767423e-14       1.176959529008e-15       6.221601225700e-16 
  502       3.310840798366e-10       1.097853233374e-12      -7.700834866333e-12       7.797200533606e-15       7.063366770561e-14       1.137220232315e-15       6.088195296276e-16 
  503       3.320763843485e-10       1.084257003968e-12      -7.569542598375e-12       7.823011666237e-15       7.013849876513e-14       1.098885517564e-15       5.955105463511e-16 
  504       3.330450327425e-10       1.071140890303e-12      -7.435496906948e-12       7.848789399680e-15       6.964768979464e-14       1.061954312323e-15       5.822339271202e-16 
  505       3.339896589579e-10       1.058513796145e-12      -7.298783080626e-12       7.874530120538e-15       6.916120810875e-14       1.026425295484e-15       5.689904225657e-16 
  506       3.349098946072e-10       1.046384686156e-12      -7.159488035715e-12       7.900230167693e-15       6.867901938439e-14       9.922968956277e-16       5.557807795152e-16 
  507       3.358053689696e-10       1.034762586053e-12      -7.017700324644e-12       7.925885832079e-15       6.820108765042e-14       9.595672893788e-16       5.426057409388e-16 
  508       3.366757089853e-10       1.023656582762e-12      -6.873510144365e-12       7.951493356466e-15       6.772737527719e-14       9.282343997669e-16       5.294660458950e-16 
  509       3.375205392496e-10       1.013075824578e-12      -6.727009344753e-12       7.977048935227e-15       6.725784296614e-14       8.982958945846e-16       5.163624294757e-16 
  510       3.383394820064e-10       1.003029521325e-12      -6.578291437000e-12       8.002548714124e-15       6.679244973937e-14       8.697491847470e-16       5.032956227525e-16 
  511       3.391321571431e-10       9.935269445092e-13      -6.427451602015e-12       8.027988790078e-15       6.633115292927e-14       8.425914226506e-16       4.902663527219e-16 
  512       3.398981821838e-10       9.845774274807e-13      -6.274586698819e-12       8.053365210949e-15       6.587390816802e-14       8.168195005321e-16       4.772753422513e-16 
  513       3.406371722836e-10       9.761903655888e-13      -6.119795272949e-12       8.078673975310e-15       6.542066937726e-14       7.924300488279e-16       4.643233100243e-16 
  514       3.413487402228e-10       9.683752163408e-13      -5.963177564848e-12       8.103911032228e-15       6.497138875763e-14       7.694194345326e-16       4.514109704866e-16 
  515       3.420324964007e-10       9.611414995597e-13      -5.804835518265e-12       8.129072281037e-15       6.452601677837e-14       7.477837595587e-16       4.385390337916e-16 
  516       3.426880488296e-10       9.544987975417e-13      -5.644872788659e-12       8.154153571113e-15       6.408450216689e-14       7.275188590947e-16       4.257082057459e-16 
  517       3.433150031292e-10       9.484567552142e-13      -5.483394751585e-12       8.179150701658e-15       6.364679189837e-14       7.086202999650e-16       4.129191877553e-16 
  518       3.439129625201e-10       9.430250802936e-13      -5.320508511104e-12       8.204059421468e-15       6.321283118535e-14       6.910833789885e-16       4.001726767699e-16 
  519       3.444815278179e-10       9.382135434429e-13      -5.156322908170e-12       8.228875428717e-15       6.278256346729e-14       6.749031213377e-16       3.874693652302e-16 
  520       3.450202974277e-10       9.340319784293e-13      -4.990948529035e-12       8.253594370726e-15       6.235593040017e-14       6.600742788975e-16       3.748099410126e-16 
  521       3.455288673376e-10       9.304902822825e-13      -4.824497713645e-12       8.278211843748e-15       6.193287184609e-14       6.465913286249e-16       3.621950873751e-16 
  522       3.460068311129e-10       9.275984154521e-13      -4.657084564035e-12       8.302723392738e-15       6.151332586281e-14       6.344484709072e-16       3.496254829028e-16 
  523       3.464537798900e-10       9.253664019652e-13      -4.488824952730e-12       8.327124511134e-15       6.109722869340e-14       6.236396279216e-16       3.371018014536e-16 
  524       3.468693023709e-10       9.238043295846e-13      -4.319836531139e-12       8.351410640631e-15       6.068451475577e-14       6.141584419940e-16       3.246247121041e-16 
  525       3.472529848165e-10       9.229223499663e-13      -4.150238737958e-12       8.375577170958e-15       6.027511663227e-14       6.059982739581e-16       3.121948790947e-16 
  526       3.476044110412e-10       9.227306788173e-13      -3.980152807562e-12       8.399619439656e-15       5.986896505929e-14       5.991522015144e-16       2.998129617760e-16 
  527       3.479232558610e-10       9.232377969659e-13      -3.809693208494e-12       8.423533205780e-15       5.946599989801e-14       5.936115556178e-16       2.874796813537e-16 
  528       3.482095682888e-10       9.244449986362e-13      -3.638941681926e-12       8.447316085847e-15       5.906620340092e-14       5.893614885369e-16       2.751960232629e-16 
  529       3.484634961482e-10       9.263516929314e-13      -3.467972502814e-12       8.470966157100e-15       5.866956784346e-14       5.863852801671e-16       2.629630402757e-16 
  530       3.486851933605e-10       9.289571886869e-13      -3.296860989650e-12       8.494481487155e-15       5.827608462023e-14       5.846657866653e-16       2.507817861811e-16 
  531       3.488748199791e-10       9.322606938520e-13      -3.125683509167e-12       8.517860133976e-15       5.788574423936e-14       5.841854381785e-16       2.386533157595e-16 
  532       3.490325422237e-10       9.362613148721e-13      -2.954517481036e-12       8.541100145862e-15       5.749853631679e-14       5.849262365722e-16       2.265786847571e-16 
  533       3.491585325149e-10       9.409580560703e-13      -2.783441382570e-12       8.564199561422e-15       5.711444957058e-14       5.868697531594e-16       2.145589498606e-16 
  534       3.492529695082e-10       9.463498190294e-13      -2.612534753427e-12       8.587156409562e-15       5.673347181529e-14       5.899971264284e-16       2.025951686713e-16 
  535       3.493160381286e-10       9.524354019738e-13      -2.441878200313e-12       8.609968709462e-15       5.635558995625e-14       5.942890597723e-16       1.906883996799e-16 
  536       3.493479296046e-10       9.592134991513e-13      -2.271553401679e-12       8.632634470557e-15       5.598078998390e-14       5.997258192165e-16       1.788397022405e-16 
  537       3.493488415030e-10       9.666827002152e-13      -2.101643112427e-12       8.655151692521e-15       5.560905696810e-14       6.062872311479e-16       1.670501365457e-16 
  538       3.493189777625e-10       9.748414896061e-13      -1.932231168610e-12       8.677518365245e-15       5.524037505246e-14       6.139526800436e-16       1.553207636004e-16 
  539       3.492585487290e-10       9.836882459337e-13      -1.763402492135e-12       8.699732468820e-15       5.487472744866e-14       6.227011061986e-16       1.436526451966e-16 
  540       3.491677711888e-10       9.932212413588e-13      -1.595243095463e-12       8.721791973518e-15       5.451209643076e-14       6.325110034553e-16       1.320468438880e-16 
  541       3.490468684040e-10       1.003438640975e-12      -1.427840086315e-12       8.743694839770e-15       5.415246332954e-14       6.433604169314e-16       1.205044229641e-16 
  542       3.488960701460e-10       1.014338502191e-12      -1.261281672367e-12       8.765439018153e-15       5.379580852681e-14       6.552269407487e-16       1.090264464247e-16 
  543       3.487156127303e-10       1.025918774113e-12      -1.095657165960e-12       8.787022449365e-15       5.344211144971e-14       6.680877157617e-16       9.761397895467e-17 
  544       3.485057390506e-10       1.038177296924e-12      -9.310569887931e-13       8.808443064208e-15       5.309135056508e-14       6.819194272859e-16       8.626808589817e-17 
  545       3.482666986131e-10       1.051111801268e-12      -7.675726766338e-13       8.829698783572e-15       5.274350337372e-14       6.966983028266e-16       7.498983323306e-17 
  546       3.479987475711e-10       1.064719907634e-12      -6.052968840140e-13       8.850787518410e-15       5.239854640477e-14       7.124001098072e-16       6.378028754548e-17 
  547       3.477021487589e-10       1.078999125732e-12      -4.443233889344e-13       8.871707169728e-15       5.205645520999e-14       7.290001532979e-16       5.264051600424e-17 
  548       3.473771717266e-10       1.093946853880e-12      -2.847470975653e-13       8.892455628554e-15       5.171720435809e-14       7.464732737444e-16       4.157158633530e-17 
  549       3.470240927739e-10       1.109560378383e-12      -1.266640489494e-13       8.913030775932e-15       5.138076742906e-14       7.647938446958e-16       3.057456679622e-17 
  550       3.466431949849e-10       1.125836872919e-12       2.982858029718e-14       8.933430482892e-15       5.104711700847e-14       7.839357705342e-16       1.965052615062e-17 
  551       3.462347682622e-10       1.142773397913e-12       1.846324712827e-13       8.953652610438e-15       5.071622468183e-14       8.038724842021e-16       8.800533642605e-18 
  552       3.457991093610e-10       1.160366899928e-12       3.376481581379e-13       8.973695009527e-15       5.038806102887e-14       8.245769449317e-16      -1.974341028743e-18 
  553       3.453365219240e-10       1.178614211041e-12       4.887750233142e-13       8.993555521049e-15       5.006259561788e-14       8.460216359733e-16      -1.267302773493e-17 
  554       3.448473165151e-10       1.197512048228e-12       6.379112928820e-13       9.013231975810e-15       4.973979700002e-14       8.681785623236e-16      -2.329445594357e-17 
  555       3.443318106542e-10       1.217057012741e-12       7.849540318287e-13       9.032722194510e-15       4.941963270365e-14       8.910192484545e-16      -3.383755474399e-17 
  556       3.437903288511e-10       1.237245589498e-12       9.297991393568e-13       9.052023987729e-15       4.910206922865e-14       9.145147360414e-16      -4.430125287271e-17 
  557       3.432232026402e-10       1.258074146456e-12       1.072341344182e-12       9.071135155901e-15       4.878707204075e-14       9.386355816922e-16      -5.468447873899e-17 
  558       3.426307706147e-10       1.279538934002e-12       1.212474199832e-12       9.090053489302e-15       4.847460556582e-14       9.633518546751e-16      -6.498616045045e-17 
  559       3.420133784607e-10       1.301636084325e-12       1.350090079943e-12       9.108776768027e-15       4.816463318421e-14       9.886331346478e-16      -7.520522583853e-17 
  560       3.413713789919e-10       1.324361610806e-12       1.485080173561e-12       9.127302761974e-15       4.785711722510e-14       1.014448509386e-15      -8.534060248406e-17 
  561       3.407051321836e-10       1.347711407397e-12       1.617334480435e-12       9.145629230820e-15       4.755201896075e-14       1.040766572511e-15      -9.539121774284e-17 
  562       3.400150052073e-10       1.371681248002e-12       1.746741806321e-12       9.163753924007e-15       4.724929860089e-14       1.067555421221e-15      -1.053559987712e-16 
  563       3.393013724647e-10       1.396266785859e-12       1.873189758275e-12       9.181674580722e-15       4.694891528700e-14       1.094782654014e-15      -1.152338725513e-16 
  564       3.385646156222e-10       1.421463552923e-12       1.996564739955e-12       9.199388929876e-15       4.665082708665e-14       1.122415368423e-15      -1.250237659171e-16 
  565       3.378051236453e-10       1.447266959249e-12       2.116751946917e-12       9.216894690087e-15       4.635499098781e-14       1.150420158742e-15      -1.347246055797e-16 
  566       3.370233021372e-10       1.473671499376e-12       2.233649296568e-12       9.234190038258e-15       4.606136945814e-14       1.178767307156e-15      -1.443354843934e-16 
  567       3.362196015493e-10       1.500668350309e-12       2.347209621341e-12       9.251275028602e-15       4.576995031984e-14       1.207443480229e-15      -1.538561648023e-16 
  568       3.353944897643e-10       1.528247710524e-12       2.457399551722e-12       9.268150210087e-15       4.548072737488e-14       1.236439354571e-15      -1.632865883967e-16 
  569       3.345484428949e-10       1.556399586458e-12       2.564185680321e-12       9.284816161297e-15       4.519369388312e-14       1.265745452286e-15      -1.726267109309e-16 
  570       3.336819453220e-10       1.585113791593e-12       2.667534562379e-12       9.301273490588e-15       4.490884255905e-14       1.295352140269e-15      -1.818765024116e-16 
  571       3.327954897325e-10       1.614379945541e-12       2.767412716275e-12       9.317522836242e-15       4.462616556859e-14       1.325249629502e-15      -1.910359471853e-16 
  572       3.318895771566e-10       1.644187473132e-12       2.863786624043e-12       9.333564866629e-15       4.434565452586e-14       1.355427974350e-15      -2.001050440261e-16 
  573       3.309647170061e-10       1.674525603499e-12       2.956622731869e-12       9.349400280356e-15       4.406730048993e-14       1.385877071862e-15      -2.090838062236e-16 
  574       3.300214271121e-10       1.705383369161e-12       3.045887450610e-12       9.365029806430e-15       4.379109396163e-14       1.416586661059e-15      -2.179722616700e-16 
  575       3.290602337627e-10       1.736749605109e-12       3.131547156294e-12       9.380454204408e-15       4.351702488033e-14       1.447546322241e-15      -2.267704529485e-16 
  576       3.280816717407e-10       1.768612947893e-12       3.213568190637e-12       9.395674264560e-15       4.324508262066e-14       1.478745476274e-15      -2.354784374207e-16 
  577       3.270862843618e-10       1.800961834708e-12       3.291916861545e-12       9.410690808018e-15       4.297525598935e-14       1.510173383893e-15      -2.440962873143e-16 
  578       3.260746235119e-10       1.833784502476e-12       3.366559443625e-12       9.425504686938e-15       4.270753322198e-14       1.541819144995e-15      -2.526240898108e-16 
  579       3.250472496853e-10       1.867068986933e-12       3.437462178693e-12       9.440116784655e-15       4.244190197973e-14       1.573671697938e-15      -2.610619471332e-16 
  580       3.240047320222e-10       1.900803121717e-12       3.504591276287e-12       9.454528015836e-15       4.217834934619e-14       1.605719818835e-15      -2.694099766337e-16 
  581       3.229476483468e-10       1.934974537447e-12       3.567912914166e-12       9.468739326642e-15       4.191686182415e-14       1.637952120853e-15      -2.776683108817e-16 
  582       3.218765852048e-10       1.969570660817e-12       3.627393238830e-12       9.482751694876e-15       4.165742533231e-14       1.670357053509e-15      -2.858370977510e-16 
  583       3.207921379015e-10       2.004578713673e-12       3.682998366021e-12       9.496566130150e-15       4.140002520211e-14       1.702922901964e-15      -2.939165005078e-16 
  584       3.196949105393e-10       2.039985712106e-12       3.734694381233e-12       9.510183674031e-15       4.114464617451e-14       1.735637786324e-15      -3.019066978985e-16 
  585       3.185855160557e-10       2.075778465528e-12       3.782447340222e-12       9.523605400204e-15       4.089127239672e-14       1.768489660932e-15      -3.098078842371e-16 
  586       3.174645762611e-10       2.111943575769e-12       3.826223269516e-12       9.536832414626e-15       4.063988741900e-14       1.801466313668e-15      -3.176202694933e-16 
  587       3.163327218765e-10       2.148467436152e-12       3.865988166918e-12       9.549865855681e-15       4.039047419146e-14       1.834555365245e-15      -3.253440793796e-16 
  588       3.151905925712e-10       2.185336230585e-12       3.901708002023e-12       9.562706894338e-15       4.014301506080e-14       1.867744268501e-15      -3.329795554399e-16 
  589       3.140388370011e-10       2.222535932642e-12       3.933348716718e-12       9.575356734308e-15       3.989749176710e-14       1.901020307704e-15      -3.405269551362e-16 
  590       3.128781128457e-10       2.260052304652e-12       3.960876225696e-12       9.587816612197e-15       3.965388544058e-14       1.934370597842e-15      -3.479865519372e-16 
  591       3.117090868468e-10       2.297870896783e-12       3.984256416964e-12       9.600087797666e-15       3.941217659841e-14       1.967782083920e-15      -3.553586354054e-16 
  592       3.105324348456e-10       2.335977046126e-12       4.003455152350e-12       9.612171593585e-15       3.917234514145e-14       2.001241540260e-15      -3.626435112850e-16 
  593       3.093488418208e-10       2.374355875782e-12       4.018438268013e-12       9.624069336189e-15       3.893437035103e-14       2.034735569795e-15      -3.698415015897e-16 
  594       3.081590019262e-10       2.412992293946e-12       4.029171574951e-12       9.635782395236e-15       3.869823088577e-14       2.068250603366e-15      -3.769529446904e-16 
  595       3.069636185289e-10       2.451870992996e-12       4.035620859511e-12       9.647312174163e-15       3.846390477827e-14       2.101772899018e-15      -3.839781954026e-16 
  596       3.057634042468e-10       2.490976448573e-12       4.037751883893e-12       9.658660110239e-15       3.823136943199e-14       2.135288541298e-15      -3.909176250747e-16 
  597       3.045590809863e-10       2.530292918670e-12       4.035530386667e-12       9.669827674727e-15       3.800060161793e-14       2.168783440551e-15      -3.977716216749e-16 
  598       3.033513799804e-10       2.569804442717e-12       4.028922083272e-12       9.680816373035e-15       3.777157747146e-14       2.202243332215e-15      -4.045405898796e-16 
  599       3.021410418264e-10       2.609494840665e-12       4.017892666532e-12       9.691627744874e-15       3.754427248908e-14       2.235653776120e-15      -4.112249511610e-16 
  600       3.009288165234e-10       2.649347712071e-12       4.002407807162e-12       9.702263364418e-15       3.731866152520e-14       2.269000155783e-15      -4.178251438744e-16 
  601       2.997154635106e-10       2.689346435188e-12       3.982433154276e-12       9.712724840452e-15       3.709471878891e-14       2.302267677706e-15      -4.243416233463e-16 
  602       2.985017517048e-10       2.729474166044e-12       3.957934335895e-12       9.723013816538e-15       3.687241784076e-14       2.335441370669e-15      -4.307748619620e-16 
  603       2.972884595382e-10       2.769713837531e-12       3.928876959460e-12       9.733131971162e-15       3.665173158954e-14       2.368506085031e-15      -4.371253492531e-16 
  604       2.960763749964e-10       2.810048158490e-12       3.895226612334e-12       9.743081017898e-15       3.643263228904e-14       2.401446492024e-15      -4.433935919857e-16 
  605       2.948662334004e-10       2.850460451291e-12       3.856959718726e-12       9.752862847208e-15       3.621509563120e-14       2.434249818833e-15      -4.495799593504e-16 
  606       2.936585290325e-10       2.890937188577e-12       3.814096396528e-12       9.762479955295e-15       3.599911314037e-14       2.466914127593e-15      -4.556842142629e-16 
  607       2.924536990493e-10       2.931465515795e-12       3.766668392652e-12       9.771935025888e-15       3.578468007114e-14       2.499440234350e-15      -4.617059709512e-16 
  608       2.912521853442e-10       2.972032417594e-12       3.714708302278e-12       9.781230789728e-15       3.557179133706e-14       2.531828991522e-15      -4.676448488676e-16 
  609       2.900544345644e-10       3.012624717180e-12       3.658249572916e-12       9.790370024772e-15       3.536044150881e-14       2.564081288084e-15      -4.735004727264e-16 
  610       2.888608981290e-10       3.053229075678e-12       3.597326508471e-12       9.799355556394e-15       3.515062481229e-14       2.596198049761e-15      -4.792724725406e-16 
  611       2.876720322457e-10       3.093831991495e-12       3.531974273305e-12       9.808190257591e-15       3.494233512673e-14       2.628180239223e-15      -4.849604836587e-16 
  612       2.864882979288e-10       3.134419799673e-12       3.462228896295e-12       9.816877049180e-15       3.473556598281e-14       2.660028856274e-15      -4.905641468020e-16 
  613       2.853101610162e-10       3.174978671256e-12       3.388127274899e-12       9.825418900008e-15       3.453031056079e-14       2.691744938048e-15      -4.960831081017e-16 
  614       2.841380921872e-10       3.215494612646e-12       3.309707179217e-12       9.833818827148e-15       3.432656168861e-14       2.723329559194e-15      -5.015170191356e-16 
  615       2.829725669796e-10       3.255953464961e-12       3.227007256052e-12       9.842079896104e-15       3.412431184001e-14       2.754783832074e-15      -5.068655369650e-16 
  616       2.818140658073e-10       3.296340903399e-12       3.140067032972e-12       9.850205221015e-15       3.392355313267e-14       2.786108906955e-15      -5.121283241723e-16 
  617       2.806630739776e-10       3.336642436598e-12       3.048926922374e-12       9.858197964857e-15       3.372427732627e-14       2.817305972197e-15      -5.173050488975e-16 
  618       2.795200817089e-10       3.376843405990e-12       2.953628225543e-12       9.866061339643e-15       3.352647582066e-14       2.848376254447e-15      -5.223953848754e-16 
  619       2.783855841477e-10       3.416928985166e-12       2.854213136717e-12       9.873798606630e-15       3.333013965396e-14       2.879321018832e-15      -5.273990114724e-16 
  620       2.772600813865e-10       3.456884179236e-12       2.750724747146e-12       9.881413076518e-15       3.313525950067e-14       2.910141569149e-15      -5.323156137239e-16 
  621       2.761440784807e-10       3.496693824185e-12       2.643207049158e-12       9.888908109655e-15       3.294182566979e-14       2.940839248060e-15      -5.371448823710e-16 
  622       2.750380854665e-10       3.536342586238e-12       2.531704940217e-12       9.896287116236e-15       3.274982810293e-14       2.971415437280e-15      -5.418865138975e-16 
  623       2.739426173782e-10       3.575814961214e-12       2.416264226985e-12       9.903553556512e-15       3.255925637243e-14       3.001871557773e-15      -5.465402105671e-16 
  624       2.728581942652e-10       3.615095273890e-12       2.296931629389e-12       9.910710940985e-15       3.237009967949e-14       3.032209069940e-15      -5.511056804603e-16 
  625       2.717853412102e-10       3.654167677360e-12       2.173754784677e-12       9.917762830618e-15       3.218234685227e-14       3.062429473815e-15      -5.555826375113e-16 
  626       2.707245883460e-10       3.693016152394e-12       2.046782251484e-12       9.924712837032e-15       3.199598634399e-14       3.092534309253e-15      -5.599708015453e-16 
  627       2.696764708730e-10       3.731624506798e-12       1.916063513891e-12       9.931564622711e-15       3.181100623111e-14       3.122525156126e-15      -5.642698983151e-16 
  628       2.686415290769e-10       3.769976374774e-12       1.781648985490e-12       9.938321901205e-15       3.162739421136e-14       3.152403634512e-15      -5.684796595386e-16 
  629       2.676203083461e-10       3.808055216280e-12       1.643590013444e-12       9.944988437330e-15       3.144513760192e-14       3.182171404888e-15      -5.725998229353e-16 
  630       2.666133591887e-10       3.845844316391e-12       1.501938882550e-12       9.951568047374e-15       3.126422333751e-14       3.211830168321e-15      -5.766301322637e-16 
  631       2.656212372504e-10       3.883326784655e-12       1.356748819299e-12       9.958064599300e-15       3.108463796851e-14       3.241381666663e-15      -5.805703373580e-16 
  632       2.646445033317e-10       3.920485554458e-12       1.208073995941e-12       9.964482012943e-15       3.090636765907e-14       3.270827682739e-15      -5.844201941655e-16 
  633       2.636837234054e-10       3.957303382378e-12       1.055969534546e-12       9.970824260218e-15       3.072939818526e-14       3.300170040543e-15      -5.881794647831e-16 
  634       2.627394686340e-10       3.993762847552e-12       9.004915110635e-13       9.977095365324e-15       3.055371493313e-14       3.329410605427e-15      -5.918479174948e-16 
  635       2.618123153870e-10       4.029846351027e-12       7.416969593882e-13       9.983299404938e-15       3.037930289687e-14       3.358551284292e-15      -5.954253268083e-16 
  636       2.609028452586e-10       4.065536115129e-12       5.796438754198e-13       9.989440508428e-15       3.020614667692e-14       3.387594025784e-15      -5.989114734925e-16 
  637       2.600116450849e-10       4.100814182817e-12       4.143912211254e-13       9.995522858048e-15       3.003423047805e-14       3.416540820485e-15      -6.023061446137e-16 
  638       2.591393069614e-10       4.135662417042e-12       2.459989286017e-13       1.000155068915e-14       2.986353810752e-14       3.445393701100e-15      -6.056091335737e-16 
  639       2.582864282603e-10       4.170062500113e-12       7.452790413693e-14       1.000752829036e-14       2.969405297320e-14       3.474154742657e-15      -6.088202401457e-16 
  640       2.574536116483e-10       4.203995933049e-12      -9.995996772720e-14       1.001346000383e-14       2.952575808165e-14       3.502826062692e-15      -6.119392705121e-16 
  641       2.566414651034e-10       4.237444034946e-12      -2.774018201335e-13       1.001935022540e-14       2.935863603623e-14       3.531409821446e-15      -6.149660373011e-16 
  642       2.558506019331e-10       4.270387942332e-12      -4.577337998473e-13       1.002520340480e-14       2.919266903528e-14       3.559908222051e-15      -6.179003596241e-16 
  643       2.550816407910e-10       4.302808608528e-12      -6.408910631944e-13       1.003102404587e-14       2.902783887016e-14       3.588323510731e-15      -6.207420631121e-16 
  644       2.543351199311e-10       4.334688848471e-12      -8.268064036488e-13       1.003681641613e-14       2.886412951411e-14       3.616656697566e-15      -6.234910367163e-16 
  645       2.536112378029e-10       4.366019525279e-12      -1.015406108723e-12       1.004258366785e-14       2.870153495668e-14       3.644903686641e-15      -6.261474044446e-16 
  646       2.529101066199e-10       4.396793502423e-12      -1.206614001286e-12       1.004832869746e-14       2.854005154284e-14       3.673059058703e-15      -6.287113575842e-16 
  647       2.522318375850e-10       4.427003610892e-12      -1.400352794978e-12       1.005405443455e-14       2.837967539724e-14       3.701117342480e-15      -6.311830983445e-16 
  648       2.515765408828e-10       4.456642649139e-12      -1.596544089750e-12       1.005976384194e-14       2.822040242303e-14       3.729073014494e-15      -6.335628399096e-16 
  649       2.509443256723e-10       4.485703383040e-12      -1.795108367411e-12       1.006545991584e-14       2.806222830078e-14       3.756920498892e-15      -6.358508064923e-16 
  650       2.503353000799e-10       4.514178545837e-12      -1.995964987167e-12       1.007114568596e-14       2.790514848729e-14       3.784654167264e-15      -6.380472333876e-16 
  651       2.497495711916e-10       4.542060838091e-12      -2.199032181165e-12       1.007682421558e-14       2.774915821449e-14       3.812268338466e-15      -6.401523670253e-16 
  652       2.491872450459e-10       4.569342927636e-12      -2.404227050036e-12       1.008249860176e-14       2.759425248829e-14       3.839757278442e-15      -6.421664650244e-16 
  653       2.486484266262e-10       4.596017449525e-12      -2.611465558438e-12       1.008817197537e-14       2.744042608746e-14       3.867115200049e-15      -6.440897962460e-16 
  654       2.481332198539e-10       4.622077005985e-12      -2.820662530598e-12       1.009384750126e-14       2.728767356246e-14       3.894336262875e-15      -6.459226408465e-16 
  655       2.476417275805e-10       4.647514166363e-12      -3.031731645854e-12       1.009952837836e-14       2.713598923436e-14       3.921414573067e-15      -6.476652903316e-16 
  656       2.471740515807e-10       4.672321467082e-12      -3.244585434198e-12       1.010521783982e-14       2.698536719365e-14       3.948344183147e-15      -6.493180476091e-16 
  657       2.467302925449e-10       4.696491411587e-12      -3.459135271823e-12       1.011091915307e-14       2.683580129912e-14       3.975119091839e-15      -6.508812270428e-16 
  658       2.463105500715e-10       4.720016470299e-12      -3.675291376657e-12       1.011663562003e-14       2.668728517676e-14       4.001733243889e-15      -6.523551545055e-16 
  659       2.459149226602e-10       4.742889080566e-12      -3.892962803913e-12       1.012237057716e-14       2.653981221858e-14       4.028180529891e-15      -6.537401674328e-16 
  660       2.455435077042e-10       4.765101646609e-12      -4.112057441630e-12       1.012812739558e-14       2.639337558149e-14       4.054454786103e-15      -6.550366148761e-16 
  661       2.451964014830e-10       4.786646539479e-12      -4.332482006215e-12       1.013390948123e-14       2.624796818617e-14       4.080549794275e-15      -6.562448575563e-16 
  662       2.448736991548e-10       4.807516097003e-12      -4.554142037983e-12       1.013972027496e-14       2.610358271592e-14       4.106459281470e-15      -6.573652679172e-16 
  663       2.445754947496e-10       4.827702623738e-12      -4.776941896706e-12       1.014556325264e-14       2.596021161555e-14       4.132176919884e-15      -6.583982301787e-16 
  664       2.443018811614e-10       4.847198390920e-12      -5.000784757149e-12       1.015144192531e-14       2.581784709022e-14       4.157696326671e-15      -6.593441403902e-16 
  665       2.440529501412e-10       4.865995636414e-12      -5.225572604619e-12       1.015735983928e-14       2.567648110431e-14       4.183011063765e-15      -6.602034064845e-16 
  666       2.438287922894e-10       4.884086564667e-12      -5.451206230503e-12       1.016332057623e-14       2.553610538031e-14       4.208114637702e-15      -6.609764483305e-16 
  667       2.436294970487e-10       4.901463346656e-12      -5.677585227810e-12       1.016932775338e-14       2.539671139763e-14       4.233000499441e-15      -6.616636977870e-16 
  668       2.434551526963e-10       4.918118119842e-12      -5.904607986720e-12       1.017538502355e-14       2.525829039153e-14       4.257662044189e-15      -6.622655987562e-16 
  669       2.433058463370e-10       4.934042988119e-12      -6.132171690120e-12       1.018149607531e-14       2.512083335193e-14       4.282092611221e-15      -6.627826072368e-16 
  670       2.431816638958e-10       4.949230021763e-12      -6.360172309150e-12       1.018766463311e-14       2.498433102231e-14       4.306285483705e-15      -6.632151913777e-16 
  671       2.430826901103e-10       4.963671257386e-12      -6.588504598744e-12       1.019389445737e-14       2.484877389856e-14       4.330233888519e-15      -6.635638315311e-16 
  672       2.430090085234e-10       4.977358697885e-12      -6.817062093177e-12       1.020018934462e-14       2.471415222783e-14       4.353930996083e-15      -6.638290203062e-16 
  673       2.429607014762e-10       4.990284312392e-12      -7.045737101601e-12       1.020655312759e-14       2.458045600744e-14       4.377369920170e-15      -6.640112626224e-16 
  674       2.429378501004e-10       5.002440036227e-12      -7.274420703591e-12       1.021298967538e-14       2.444767498368e-14       4.400543717736e-15      -6.641110757628e-16 
  675       2.429405343110e-10       5.013817770847e-12      -7.503002744691e-12       1.021950289352e-14       2.431579865075e-14       4.423445388742e-15      -6.641289894276e-16 
  676       2.429688327990e-10       5.024409383797e-12      -7.731371831950e-12       1.022609672414e-14       2.418481624954e-14       4.446067875973e-15      -6.640655457876e-16 
  677       2.430228230240e-10       5.034206708661e-12      -7.959415329471e-12       1.023277514604e-14       2.405471676659e-14       4.468404064861e-15      -6.639212995373e-16 
  678       2.431025812069e-10       5.043201545012e-12      -8.187019353949e-12       1.023954217487e-14       2.392548893285e-14       4.490446783309e-15      -6.636968179486e-16 
  679       2.432081823224e-10       5.051385658364e-12      -8.414068770217e-12       1.024640186316e-14       2.379712122264e-14       4.512188801515e-15      -6.633926809241e-16 
  680       2.433397000920e-10       5.058750780123e-12      -8.640447186786e-12       1.025335830054e-14       2.366960185245e-14       4.533622831789e-15      -6.630094810507e-16 
  681       2.434972069762e-10       5.065288607536e-12      -8.866036951389e-12       1.026041561379e-14       2.354291877985e-14       4.554741528380e-15      -6.625478236525e-16 
  682       2.436807741673e-10       5.070990803642e-12      -9.090719146526e-12       1.026757796697e-14       2.341705970230e-14       4.575537487296e-15      -6.620083268447e-16 
  683       2.438904169718e-10       5.075851005648e-12      -9.314382200273e-12       1.027484902406e-14       2.329201376019e-14       4.596004392151e-15      -6.613916006238e-16 
  684       2.441259296919e-10       5.079870897198e-12      -9.536947929469e-12       1.028223032404e-14       2.316777668794e-14       4.616140478893e-15      -6.606981835406e-16 
  685       2.443870472046e-10       5.083054265622e-12      -9.758346043622e-12       1.028972287133e-14       2.304434577060e-14       4.635945144681e-15      -6.599286047810e-16 
  686       2.446734992318e-10       5.085405005717e-12      -9.978505577741e-12       1.029732767015e-14       2.292171814894e-14       4.655417808675e-15      -6.590834050548e-16 
  687       2.449850103190e-10       5.086927120212e-12      -1.019735489009e-11       1.030504572451e-14       2.279989081883e-14       4.674557912153e-15      -6.581631366434e-16 
  688       2.453212998137e-10       5.087624720236e-12      -1.041482165994e-11       1.031287803815e-14       2.267886063047e-14       4.693364918630e-15      -6.571683634482e-16 
  689       2.456820818441e-10       5.087502025785e-12      -1.063083288533e-11       1.032082561457e-14       2.255862428774e-14       4.711838313971e-15      -6.560996610382e-16 
  690       2.460670652980e-10       5.086563366185e-12      -1.084531488083e-11       1.032888945700e-14       2.243917834747e-14       4.729977606513e-15      -6.549576166986e-16 
  691       2.464759538009e-10       5.084813180564e-12      -1.105819327527e-11       1.033707056833e-14       2.232051921877e-14       4.747782327174e-15      -6.537428294782e-16 
  692       2.469084456951e-10       5.082256018314e-12      -1.126939300953e-11       1.034536995116e-14       2.220264316232e-14       4.765252029578e-15      -6.524559102378e-16 
  693       2.473642340180e-10       5.078896539561e-12      -1.147883833427e-11       1.035378860774e-14       2.208554628965e-14       4.782386290166e-15      -6.510974816980e-16 
  694       2.478430064810e-10       5.074739515631e-12      -1.168645280769e-11       1.036232753997e-14       2.196922456250e-14       4.799184708316e-15      -6.496681784876e-16 
  695       2.483444454477e-10       5.069789829513e-12      -1.189215929331e-11       1.037098774935e-14       2.185367379207e-14       4.815646906457e-15      -6.481686471910e-16 
  696       2.488682279130e-10       5.064052476331e-12      -1.209587995768e-11       1.037977023701e-14       2.173888963832e-14       4.831772530189e-15      -6.465995463969e-16 
  697       2.494140254814e-10       5.057532563807e-12      -1.229753626818e-11       1.038867600363e-14       2.162486760931e-14       4.847561248397e-15      -6.449615467458e-16 
  698       2.499815043458e-10       5.050235312728e-12      -1.249704899075e-11       1.039770604949e-14       2.151160306049e-14       4.863012753368e-15      -6.432553309783e-16 
  699       2.505703252661e-10       5.042166057417e-12      -1.269433818765e-11       1.040686137438e-14       2.139909119399e-14       4.878126760910e-15      -6.414815939831e-16 
  700       2.511801435475e-10       5.033330246191e-12      -1.288932321523e-11       1.041614297763e-14       2.128732705791e-14       4.892903010466e-15      -6.396410428449e-16 
  701       2.518106090196e-10       5.023733441837e-12      -1.308192272166e-11       1.042555185809e-14       2.117630554567e-14       4.907341265233e-15      -6.377343968925e-16 
  702       2.524613660147e-10       5.013381322071e-12      -1.327205464472e-11       1.043508901405e-14       2.106602139526e-14       4.921441312277e-15      -6.357623877468e-16 
  703       2.531320533467e-10       5.002279680009e-12      -1.345963620950e-11       1.044475544332e-14       2.095646918858e-14       4.935202962651e-15      -6.337257593688e-16 
  704       2.538223042894e-10       4.990434424635e-12      -1.364458392624e-11       1.045455214312e-14       2.084764335072e-14       4.948626051510e-15      -6.316252681077e-16 
  705       2.545317465551e-10       4.977851581261e-12      -1.382681358798e-11       1.046448011011e-14       2.073953814928e-14       4.961710438231e-15      -6.294616827489e-16 
  706       2.552600022738e-10       4.964537292001e-12      -1.400624026843e-11       1.047454034035e-14       2.063214769363e-14       4.974456006525e-15      -6.272357845619e-16 
  707       2.560066879710e-10       4.950497816233e-12      -1.418277831963e-11       1.048473382931e-14       2.052546593429e-14       4.986862664560e-15      -6.249483673485e-16 
  708       2.567714145469e-10       4.935739531067e-12      -1.435634136975e-11       1.049506157181e-14       2.041948666215e-14       4.998930345070e-15      -6.226002374906e-16 
  709       2.575537872549e-10       4.920268931813e-12      -1.452684232085e-11       1.050552456201e-14       2.031420350783e-14       5.010659005480e-15      -6.201922139987e-16 
  710       2.583534056801e-10       4.904092632445e-12      -1.469419334661e-11       1.051612379343e-14       2.020960994096e-14       5.022048628015e-15      -6.177251285591e-16 
  711       2.591698637180e-10       4.887217366070e-12      -1.485830589012e-11       1.052686025888e-14       2.010569926947e-14       5.033099219824e-15      -6.151998255828e-16 
  712       2.600027495529e-10       4.869649985392e-12      -1.501909066161e-11       1.053773495046e-14       2.000246463892e-14       5.043810813089e-15      -6.126171622528e-16 
  713       2.608516456372e-10       4.851397463182e-12      -1.517645763620e-11       1.054874885956e-14       1.989989903178e-14       5.054183465150e-15      -6.099780085728e-16 
  714       2.617161286690e-10       4.832466892743e-12      -1.533031605168e-11       1.055990297679e-14       1.979799526675e-14       5.064217258616e-15      -6.072832474145e-16 
  715       2.625957695716e-10       4.812865488374e-12      -1.548057440624e-11       1.057119829204e-14       1.969674599804e-14       5.073912301483e-15      -6.045337745663e-16 
  716       2.634901334718e-10       4.792600585842e-12      -1.562714045626e-11       1.058263579437e-14       1.959614371470e-14       5.083268727251e-15      -6.017304987807e-16 
  717       2.643987796783e-10       4.771679642844e-12      -1.576992121403e-11       1.059421647205e-14       1.949618073989e-14       5.092286695041e-15      -5.988743418229e-16 
  718       2.653212616607e-10       4.750110239477e-12      -1.590882294552e-11       1.060594131254e-14       1.939684923022e-14       5.100966389713e-15      -5.959662385184e-16 
  719       2.662571270279e-10       4.727900078701e-12      -1.604375116815e-11       1.061781130243e-14       1.929814117502e-14       5.109308021981e-15      -5.930071368013e-16 
  720       2.672059175066e-10       4.705056986809e-12      -1.617461064851e-11       1.062982742747e-14       1.920004839565e-14       5.117311828528e-15      -5.899979977619e-16 
  721       2.681671689204e-10       4.681588913893e-12      -1.630130540015e-11       1.064199067251e-14       1.910256254483e-14       5.124978072127e-15      -5.869397956953e-16 
  722       2.691404161962e-10       4.657504641406e-12      -1.642375169972e-11       1.065430158656e-14       1.900567622410e-14       5.132307050114e-15      -5.838334332193e-16 
  723       2.701252085394e-10       4.632815919599e-12      -1.654191742841e-11       1.066675896826e-14       1.890938636260e-14       5.139299119768e-15      -5.806794846505e-16 
  724       2.711210945234e-10       4.607535374184e-12      -1.665578352073e-11       1.067936115383e-14       1.881369090516e-14       5.145954673675e-15      -5.774784475399e-16 
  725       2.721276170682e-10       4.581675803773e-12      -1.676533101882e-11       1.069210644947e-14       1.871858769990e-14       5.152274131536e-15      -5.742308271613e-16 
  726       2.731443134208e-10       4.555250180512e-12      -1.687054107325e-11       1.070499313124e-14       1.862407449769e-14       5.158257940281e-15      -5.709371365401e-16 
  727       2.741707151347e-10       4.528271650705e-12      -1.697139494371e-11       1.071801944493e-14       1.853014895182e-14       5.163906574193e-15      -5.675978964816e-16 
  728       2.752063480497e-10       4.500753535446e-12      -1.706787399980e-11       1.073118360598e-14       1.843680861747e-14       5.169220535024e-15      -5.642136355994e-16 
  729       2.762507322716e-10       4.472709331246e-12      -1.715995972175e-11       1.074448379931e-14       1.834405095132e-14       5.174200352112e-15      -5.607848903443e-16 
  730       2.773033821521e-10       4.444152710666e-12      -1.724763370119e-11       1.075791817926e-14       1.825187331109e-14       5.178846582504e-15      -5.573122050324e-16 
  731       2.783638062686e-10       4.415097522942e-12      -1.733087764187e-11       1.077148486940e-14       1.816027295510e-14       5.183159811072e-15      -5.537961318737e-16 
  732       2.794315074038e-10       4.385557794617e-12      -1.740967336046e-11       1.078518196246e-14       1.806924704184e-14       5.187140650630e-15      -5.502372310007e-16 
  733       2.805059825257e-10       4.355547730169e-12      -1.748400278723e-11       1.079900752022e-14       1.797879262951e-14       5.190789742056e-15      -5.466360704970e-16 
  734       2.815867227671e-10       4.325081712640e-12      -1.755384796687e-11       1.081295957333e-14       1.788890667562e-14       5.194107754410e-15      -5.429932264253e-16 
  735       2.826732134058e-10       4.294174304265e-12      -1.761919105916e-11       1.082703612126e-14       1.779958603648e-14       5.197095385050e-15      -5.393092828565e-16 
  736       2.837649338439e-10       4.262840247103e-12      -1.768001433980e-11       1.084123513213e-14       1.771082746684e-14       5.199753359755e-15      -5.355848318978e-16 
  737       2.848613575878e-10       4.231094463665e-12      -1.773630020110e-11       1.085555454263e-14       1.762262761938e-14       5.202082432839e-15      -5.318204737214e-16 
  738       2.859619522280e-10       4.198952057541e-12      -1.778803115274e-11       1.086999225786e-14       1.753498304431e-14       5.204083387274e-15      -5.280168165929e-16 
  739       2.870661794190e-10       4.166428314033e-12      -1.783518982255e-11       1.088454615124e-14       1.744789018893e-14       5.205757034805e-15      -5.241744768998e-16 
  740       2.881734948586e-10       4.133538700783e-12      -1.787775895721e-11       1.089921406439e-14       1.736134539715e-14       5.207104216070e-15      -5.202940791800e-16 
  741       2.892833482682e-10       4.100298868400e-12      -1.791572142304e-11       1.091399380700e-14       1.727534490911e-14       5.208125800721e-15      -5.163762561504e-16 
  742       2.903951833724e-10       4.066724651091e-12      -1.794906020671e-11       1.092888315669e-14       1.718988486069e-14       5.208822687540e-15      -5.124216487352e-16 
  743       2.915084378787e-10       4.032832067292e-12      -1.797775841603e-11       1.094387985895e-14       1.710496128308e-14       5.209195804556e-15      -5.084309060946e-16 
  744       2.926225434573e-10       3.998637320292e-12      -1.800179928067e-11       1.095898162697e-14       1.702057010235e-14       5.209246109169e-15      -5.044046856532e-16 
  745       2.937369257208e-10       3.964156798868e-12      -1.802116615292e-11       1.097418614152e-14       1.693670713902e-14       5.208974588264e-15      -5.003436531285e-16 
  746       2.948510042043e-10       3.929407077911e-12      -1.803584250841e-11       1.098949105087e-14       1.685336810758e-14       5.208382258331e-15      -4.962484825594e-16 
  747       2.959641923448e-10       3.894404919054e-12      -1.804581194693e-11       1.100489397062e-14       1.677054861609e-14       5.207470165585e-15      -4.921198563346e-16 
  748       2.970758974611e-10       3.859167271305e-12      -1.805105819308e-11       1.102039248364e-14       1.668824416572e-14       5.206239386083e-15      -4.879584652214e-16 
  749       2.981855207337e-10       3.823711271674e-12      -1.805156509710e-11       1.103598413989e-14       1.660645015030e-14       5.204691025844e-15      -4.837650083939e-16 
  750       2.992924571845e-10       3.788054245800e-12      -1.804731663558e-11       1.105166645635e-14       1.652516185592e-14       5.202826220966e-15      -4.795401934615e-16 
  751       3.003960956565e-10       3.752213708585e-12      -1.803829691222e-11       1.106743691684e-14       1.644437446043e-14       5.200646137746e-15      -4.752847364975e-16 
  752       3.014958187935e-10       3.716207364819e-12      -1.802449015856e-11       1.108329297199e-14       1.636408303305e-14       5.198151972798e-15      -4.709993620679e-16 
  753       3.025910030202e-10       3.680053109812e-12      -1.800588073476e-11       1.109923203905e-14       1.628428253390e-14       5.195344953173e-15      -4.666848032591e-16 
  754       3.036810185217e-10       3.643769030021e-12      -1.798245313032e-11       1.111525150176e-14       1.620496781358e-14       5.192226336476e-15      -4.623418017072e-16 
  755       3.047652292235e-10       3.607373403681e-12      -1.795419196485e-11       1.113134871032e-14       1.612613361270e-14       5.188797410984e-15      -4.579711076262e-16 
  756       3.058429927708e-10       3.570884701432e-12      -1.792108198880e-11       1.114752098115e-14       1.604777456148e-14       5.185059495769e-15      -4.535734798363e-16 
  757       3.069136605090e-10       3.534321586951e-12      -1.788310808421e-11       1.116376559689e-14       1.596988517927e-14       5.181013940810e-15      -4.491496857926e-16 
  758       3.079765774629e-10       3.497702917579e-12      -1.784025526548e-11       1.118007980618e-14       1.589245987414e-14       5.176662127117e-15      -4.447005016138e-16 
  759       3.090310823166e-10       3.461047744952e-12      -1.779250868009e-11       1.119646082360e-14       1.581549294242e-14       5.172005466850e-15      -4.402267121101e-16 
  760       3.100765073934e-10       3.424375315627e-12      -1.773985360936e-11       1.121290582954e-14       1.573897856826e-14       5.167045403432e-15      -4.357291108124e-16 
  761       3.111122348060e-10       3.387704011340e-12      -1.768228497756e-11       1.122941191664e-14       1.566291158378e-14       5.161783367115e-15      -4.312084791747e-16 
  762       3.121378661285e-10       3.351048146218e-12      -1.761983607760e-11       1.124597592827e-14       1.558728976638e-14       5.156220640480e-15      -4.266655236878e-16 
  763       3.131530559367e-10       3.314421109417e-12      -1.755255039745e-11       1.126259461674e-14       1.551211158457e-14       5.150358490593e-15      -4.221009376167e-16 
  764       3.141574559239e-10       3.277836420339e-12      -1.748047216443e-11       1.127926469629e-14       1.543737544113e-14       5.144198213438e-15      -4.175154217414e-16 
  765       3.151507148924e-10       3.241307729049e-12      -1.740364634789e-11       1.129598284298e-14       1.536307967281e-14       5.137741134024e-15      -4.129096843805e-16 
  766       3.161324787445e-10       3.204848816680e-12      -1.732211866194e-11       1.131274569453e-14       1.528922255005e-14       5.130988606500e-15      -4.082844414159e-16 
  767       3.171023904745e-10       3.168473595842e-12      -1.723593556818e-11       1.132954985023e-14       1.521580227670e-14       5.123942014258e-15      -4.036404163168e-16 
  768       3.180600901595e-10       3.132196111038e-12      -1.714514427838e-11       1.134639187079e-14       1.514281698974e-14       5.116602770047e-15      -3.989783401637e-16 
  769       3.190052149510e-10       3.096030539064e-12      -1.704979275724e-11       1.136326827820e-14       1.507026475898e-14       5.108972316082e-15      -3.942989516732e-16 
  770       3.199373990667e-10       3.059991189428e-12      -1.694992972505e-11       1.138017555560e-14       1.499814358678e-14       5.101052124152e-15      -3.896029972214e-16 
  771       3.208562737813e-10       3.024092504755e-12      -1.684560466048e-11       1.139711014719e-14       1.492645140781e-14       5.092843695728e-15      -3.848912308685e-16 
  772       3.217614674182e-10       2.988349061195e-12      -1.673686780323e-11       1.141406845804e-14       1.485518608868e-14       5.084348562077e-15      -3.801644143832e-16 
  773       3.226526053409e-10       2.952775568840e-12      -1.662377015678e-11       1.143104685399e-14       1.478434542776e-14       5.075568284368e-15      -3.754233172664e-16 
  774       3.235293099443e-10       2.917386872125e-12      -1.650636349110e-11       1.144804166153e-14       1.471392715481e-14       5.066504453781e-15      -3.706687167757e-16 
  775       3.243912006462e-10       2.882197950244e-12      -1.638470034534e-11       1.146504916764e-14       1.464392893073e-14       5.057158691620e-15      -3.659013979496e-16 
  776       3.252378938787e-10       2.847223917556e-12      -1.625883403060e-11       1.148206561969e-14       1.457434834732e-14       5.047532649419e-15      -3.611221536313e-16 
  777       3.260690030795e-10       2.812480023999e-12      -1.612881863261e-11       1.149908722529e-14       1.450518292690e-14       5.037628009051e-15      -3.563317844936e-16 
  778       3.268841386834e-10       2.777981655494e-12      -1.599470901443e-11       1.151611015217e-14       1.443643012211e-14       5.027446482843e-15      -3.515310990624e-16 
  779       3.276829081137e-10       2.743744334360e-12      -1.585656081922e-11       1.153313052803e-14       1.436808731561e-14       5.016989813678e-15      -3.467209137412e-16 
  780       3.284649157734e-10       2.709783719720e-12      -1.571443047289e-11       1.155014444044e-14       1.430015181977e-14       5.006259775110e-15      -3.419020528354e-16 
  781       3.292297630369e-10       2.676115607915e-12      -1.556837518687e-11       1.156714793669e-14       1.423262087639e-14       4.995258171470e-15      -3.370753485761e-16 
  782       3.299770482412e-10       2.642755932907e-12      -1.541845296081e-11       1.158413702366e-14       1.416549165645e-14       4.983986837977e-15      -3.322416411448e-16 
  783       3.307063666775e-10       2.609720766697e-12      -1.526472258527e-11       1.160110766769e-14       1.409876125981e-14       4.972447640850e-15      -3.274017786970e-16 
  784       3.314173105822e-10       2.577026319727e-12      -1.510724364448e-11       1.161805579447e-14       1.403242671489e-14       4.960642477410e-15      -3.225566173870e-16 
  785       3.321094691288e-10       2.544688941296e-12      -1.494607651902e-11       1.163497728886e-14       1.396648497846e-14       4.948573276199e-15      -3.177070213916e-16 
  786       3.327824284189e-10       2.512725119966e-12      -1.478128238855e-11       1.165186799483e-14       1.390093293529e-14       4.936241997081e-15      -3.128538629345e-16 
  787       3.334357714738e-10       2.481151483974e-12      -1.461292323453e-11       1.166872371525e-14       1.383576739791e-14       4.923650631357e-15      -3.079980223107e-16 
  788       3.340690782260e-10       2.449984801637e-12      -1.444106184292e-11       1.168554021184e-14       1.377098510628e-14       4.910801201872e-15      -3.031403879100e-16 
  789       3.346819255102e-10       2.419241981770e-12      -1.426576180694e-11       1.170231320498e-14       1.370658272757e-14       4.897695763126e-15      -2.982818562421e-16 
  790       3.352738870552e-10       2.388940074088e-12      -1.408708752972e-11       1.171903837360e-14       1.364255685582e-14       4.884336401380e-15      -2.934233319600e-16 
  791       3.358445334749e-10       2.359096269620e-12      -1.390510422705e-11       1.173571135505e-14       1.357890401170e-14       4.870725234770e-15      -2.885657278847e-16 
  792       3.363934322600e-10       2.329727901118e-12      -1.371987793012e-11       1.175232774497e-14       1.351562064219e-14       4.856864413414e-15      -2.837099650291e-16 
  793       3.369201477691e-10       2.300852443464e-12      -1.353147548819e-11       1.176888309716e-14       1.345270312033e-14       4.842756119521e-15      -2.788569726224e-16 
  794       3.374242412203e-10       2.272487514086e-12      -1.333996457133e-11       1.178537292345e-14       1.339014774490e-14       4.828402567503e-15      -2.740076881341e-16 
  795       3.379052706826e-10       2.244650873359e-12      -1.314541367316e-11       1.180179269356e-14       1.332795074016e-14       4.813806004080e-15      -2.691630572983e-16 
  796       3.383627910674e-10       2.217360425024e-12      -1.294789211349e-11       1.181813783498e-14       1.326610825559e-14       4.798968708394e-15      -2.643240341378e-16 
  797       3.387963541195e-10       2.190634216591e-12      -1.274747004114e-11       1.183440373285e-14       1.320461636555e-14       4.783892992115e-15      -2.594915809884e-16 
  798       3.392055084088e-10       2.164490439751e-12      -1.254421843655e-11       1.185058572980e-14       1.314347106905e-14       4.768581199555e-15      -2.546666685230e-16 
  799       3.395897993219e-10       2.138947430787e-12      -1.233820911460e-11       1.186667912583e-14       1.308266828942e-14       4.753035707771e-15      -2.498502757759e-16 
  800       3.399488389923e-10       2.114021487679e-12      -1.212951529050e-11       1.188267953350e-14       1.302220439323e-14       4.737259241195e-15      -2.450432255890e-16 
  801       3.402825175092e-10       2.089720276937e-12      -1.191821328373e-11       1.189858395074e-14       1.296207775786e-14       4.721255821571e-15      -2.402456876115e-16 
  802       3.405907955443e-10       2.066049307323e-12      -1.170438085058e-11       1.191438970733e-14       1.290228723193e-14       4.705029835563e-15      -2.354576662831e-16 
  803       3.408736347661e-10       2.043014102259e-12      -1.148809662655e-11       1.193009411131e-14       1.284283161856e-14       4.688585721971e-15      -2.306791645838e-16 
  804       3.411309978444e-10       2.020620199825e-12      -1.126944012917e-11       1.194569444893e-14       1.278370967518e-14       4.671927971905e-15      -2.259101840269e-16 
  805       3.413628484546e-10       1.998873152763e-12      -1.104849176079e-11       1.196118798459e-14       1.272492011335e-14       4.655061128951e-15      -2.211507246532e-16 
  806       3.415691512825e-10       1.977778528479e-12      -1.082533281143e-11       1.197657196072e-14       1.266646159858e-14       4.637989789338e-15      -2.164007850235e-16 
  807       3.417498720285e-10       1.957341909038e-12      -1.060004546158e-11       1.199184359779e-14       1.260833275010e-14       4.620718602110e-15      -2.116603622123e-16 
  808       3.419049774123e-10       1.937568891171e-12      -1.037271278505e-11       1.200700009423e-14       1.255053214074e-14       4.603252269292e-15      -2.069294518015e-16 
  809       3.420344351775e-10       1.918465086274e-12      -1.014341875177e-11       1.202203862631e-14       1.249305829670e-14       4.585595546056e-15      -2.022080478733e-16 
  810       3.421382140957e-10       1.900036120407e-12      -9.912248230617e-12       1.203695634815e-14       1.243590969737e-14       4.567753240895e-15      -1.974961430036e-16 
  811       3.422162839714e-10       1.882287634296e-12      -9.679286992229e-12       1.205175039160e-14       1.237908477516e-14       4.549730215788e-15      -1.927937282557e-16 
  812       3.422686156461e-10       1.865225283337e-12      -9.444621711841e-12       1.206641786623e-14       1.232258191528e-14       4.531531386368e-15      -1.881007931733e-16 
  813       3.422951810033e-10       1.848854737592e-12      -9.208339972097e-12       1.208095585920e-14       1.226639945560e-14       4.513161722089e-15      -1.834173257743e-16 
  814       3.422959529727e-10       1.833181681791e-12      -8.970530265873e-12       1.209536143525e-14       1.221053568645e-14       4.494626246400e-15      -1.787433125436e-16 
  815       3.422709055344e-10       1.818211815336e-12      -8.731281999099e-12       1.210963163663e-14       1.215498885038e-14       4.475930036907e-15      -1.740787384269e-16 
  816       3.422200137242e-10       1.803950852300e-12      -8.490685493582e-12       1.212376348299e-14       1.209975714208e-14       4.457078225546e-15      -1.694235868240e-16 
  817       3.421432536371e-10       1.790404521425e-12      -8.248831989824e-12       1.213775397138e-14       1.204483870808e-14       4.438075998747e-15      -1.647778395821e-16 
  818       3.420406024328e-10       1.777578566129e-12      -8.005813649848e-12       1.215160007615e-14       1.199023164664e-14       4.418928597608e-15      -1.601414769890e-16 
  819       3.419120383395e-10       1.765478744500e-12      -7.761723560014e-12       1.216529874888e-14       1.193593400755e-14       4.399641318055e-15      -1.555144777669e-16 
  820       3.417575406584e-10       1.754110829304e-12      -7.516655733846e-12       1.217884691834e-14       1.188194379191e-14       4.380219511022e-15      -1.508968190653e-16 
  821       3.415770897688e-10       1.743480607980e-12      -7.270705114849e-12       1.219224149041e-14       1.182825895200e-14       4.360668582606e-15      -1.462884764547e-16 
  822       3.413706671318e-10       1.733593882643e-12      -7.023967579335e-12       1.220547934802e-14       1.177487739104e-14       4.340993994248e-15      -1.416894239199e-16 
  823       3.411382552956e-10       1.724456470085e-12      -6.776539939239e-12       1.221855735108e-14       1.172179696304e-14       4.321201262891e-15      -1.370996338531e-16 
  824       3.408798378994e-10       1.716074201778e-12      -6.528519944945e-12       1.223147233644e-14       1.166901547258e-14       4.301295961156e-15      -1.325190770476e-16 
  825       3.405953996779e-10       1.708452923871e-12      -6.280006288105e-12       1.224422111779e-14       1.161653067467e-14       4.281283717504e-15      -1.279477226912e-16 
  826       3.402849264664e-10       1.701598497193e-12      -6.031098604464e-12       1.225680048562e-14       1.156434027452e-14       4.261170216410e-15      -1.233855383593e-16 
  827       3.399484052045e-10       1.695516797254e-12      -5.781897476676e-12       1.226920720716e-14       1.151244192740e-14       4.240961198529e-15      -1.188324900082e-16 
  828       3.395858239412e-10       1.690213714244e-12      -5.532504437129e-12       1.228143802630e-14       1.146083323840e-14       4.220662460861e-15      -1.142885419690e-16 
  829       3.391971718393e-10       1.685695153038e-12      -5.283021970766e-12       1.229348966353e-14       1.140951176227e-14       4.200279856926e-15      -1.097536569403e-16 
  830       3.387824391794e-10       1.681967033192e-12      -5.033553517908e-12       1.230535881588e-14       1.135847500326e-14       4.179819296927e-15      -1.052277959822e-16 
  831       3.383416173651e-10       1.679035288948e-12      -4.784203477071e-12       1.231704215686e-14       1.130772041489e-14       4.159286747920e-15      -1.007109185091e-16 
  832       3.378746989271e-10       1.676905869230e-12      -4.535077207792e-12       1.232853633639e-14       1.125724539978e-14       4.138688233984e-15      -9.620298228348e-17 
  833       3.373816775276e-10       1.675584737653e-12      -4.286281033448e-12       1.233983798073e-14       1.120704730949e-14       4.118029836388e-15      -9.170394340908e-17 
  834       3.368625479653e-10       1.675077872513e-12      -4.037922244080e-12       1.235094369242e-14       1.115712344428e-14       4.097317693756e-15      -8.721375632426e-17 
  835       3.363173061792e-10       1.675391266798e-12      -3.790109099211e-12       1.236185005025e-14       1.110747105297e-14       4.076558002242e-15      -8.273237379547e-17 
  836       3.357459492537e-10       1.676530928184e-12      -3.542950830670e-12       1.237255360913e-14       1.105808733276e-14       4.055757015693e-15      -7.825974691053e-17 
  837       3.351484754229e-10       1.678502879034e-12      -3.296557645412e-12       1.238305090008e-14       1.100896942898e-14       4.034921045821e-15      -7.379582507202e-17 
  838       3.345248840747e-10       1.681313156405e-12      -3.051040728341e-12       1.239333843014e-14       1.096011443498e-14       4.014056462368e-15      -6.934055599067e-17 
  839       3.338752190917e-10       1.684965838832e-12      -2.806504036252e-12       1.240341321278e-14       1.091151975284e-14       3.993168411069e-15      -6.489402450531e-17 
  840       3.331996996878e-10       1.689457089077e-12      -2.563019517467e-12       1.241327436934e-14       1.086318418289e-14       3.972256942748e-15      -6.045687170351e-17 
  841       3.324985918563e-10       1.694781007751e-12      -2.320651466711e-12       1.242292155531e-14       1.081510685280e-14       3.951320817213e-15      -5.602988307883e-17 
  842       3.317721652522e-10       1.700931596801e-12      -2.079464696349e-12       1.243235443243e-14       1.076728685821e-14       3.930358779319e-15      -5.161385038196e-17 
  843       3.310206932041e-10       1.707902759171e-12      -1.839524537810e-12       1.244157266872e-14       1.071972326262e-14       3.909369558913e-15      -4.720957163769e-17 
  844       3.302444527260e-10       1.715688298470e-12      -1.600896843008e-12       1.245057593849e-14       1.067241509724e-14       3.888351870783e-15      -4.281785116191e-17 
  845       3.294437245295e-10       1.724281918637e-12      -1.363647985769e-12       1.245936392238e-14       1.062536136091e-14       3.867304414613e-15      -3.843949957867e-17 
  846       3.286187930352e-10       1.733677223605e-12      -1.127844863254e-12       1.246793630739e-14       1.057856101995e-14       3.846225874928e-15      -3.407533383712e-17 
  847       3.277699463850e-10       1.743867716965e-12      -8.935548973805e-13       1.247629278689e-14       1.053201300800e-14       3.825114921047e-15      -2.972617722854e-17 
  848       3.268974764538e-10       1.754846801631e-12      -6.608460362494e-13       1.248443306065e-14       1.048571622598e-14       3.803970207032e-15      -2.539285940336e-17 
  849       3.260016788611e-10       1.766607779509e-12      -4.297867555666e-13       1.249235683488e-14       1.043966954189e-14       3.782790371638e-15      -2.107621638818e-17 
  850       3.250828529836e-10       1.779143851155e-12      -2.004460600681e-13       1.250006382225e-14       1.039387179072e-14       3.761574038263e-15      -1.677709060270e-17 
  851       3.241413019662e-10       1.792448115446e-12       2.710651505747e-14       1.250755374192e-14       1.034832177431e-14       3.740319814899e-15      -1.249633087684e-17 
  852       3.231773327347e-10       1.806513569241e-12       2.528009027441e-13       1.251482631953e-14       1.030301826124e-14       3.719026294080e-15      -8.234792467625e-18 
  853       3.221912560068e-10       1.821333107048e-12       4.765665026251e-13       1.252188128730e-14       1.025795998670e-14       3.697692052835e-15      -3.993337076296e-18 
  854       3.211833863050e-10       1.836899520690e-12       6.983321796095e-13       1.252871838399e-14       1.021314565236e-14       3.676315652635e-15       2.271671347507e-19 
  855       3.201540419675e-10       1.853205498965e-12       9.180262624576e-13       1.253533735494e-14       1.016857392624e-14       3.654895639343e-15       4.425845524931e-18 
  856       3.191035451606e-10       1.870243627315e-12       1.135576542358e-12       1.254173795213e-14       1.012424344263e-14       3.633430543169e-15       8.601816958472e-18 
  857       3.180322218907e-10       1.888006387493e-12       1.350910271504e-12       1.254791993417e-14       1.008015280189e-14       3.611918878613e-15       1.275419378741e-17 
  858       3.169404020157e-10       1.906486157221e-12       1.563954161668e-12       1.255388306634e-14       1.003630057038e-14       3.590359144419e-15       1.688208183457e-17 
  859       3.158284192573e-10       1.925675209861e-12       1.774634382781e-12       1.255962712062e-14       9.992685280337e-15       3.568749823526e-15       2.098458037657e-17 
  860       3.146966112127e-10       1.945565714077e-12       1.982876561506e-12       1.256515187572e-14       9.949305429716e-15       3.547089383014e-15       2.506078212684e-17 
  861       3.135453193662e-10       1.966149733502e-12       2.188605779814e-12       1.257045711707e-14       9.906159482092e-15       3.525376274059e-15       2.910977321856e-17 
  862       3.123748891019e-10       1.987419226400e-12       2.391746573563e-12       1.257554263691e-14       9.863245866525e-15       3.503608931878e-15       3.313063318770e-17 
  863       3.111856697145e-10       2.009366045332e-12       2.592222931073e-12       1.258040823425e-14       9.820562977442e-15       3.481785775684e-15       3.712243495600e-17 
  864       3.099780144220e-10       2.031981936825e-12       2.789958291701e-12       1.258505371495e-14       9.778109174505e-15       3.459905208630e-15       4.108424481394e-17 
  865       3.087522803774e-10       2.055258541028e-12       2.984875544419e-12       1.258947889172e-14       9.735882782493e-15       3.437965617766e-15       4.501512240380e-17 
  866       3.075088286801e-10       2.079187391387e-12       3.176897026388e-12       1.259368358415e-14       9.693882091173e-15       3.415965373984e-15       4.891412070256e-17 
  867       3.062480243884e-10       2.103759914303e-12       3.365944521536e-12       1.259766761872e-14       9.652105355178e-15       3.393902831969e-15       5.278028600499e-17 
  868       3.049702365311e-10       2.128967428798e-12       3.551939259137e-12       1.260143082887e-14       9.610550793880e-15       3.371776330150e-15       5.661265790657e-17 
  869       3.036758381194e-10       2.154801146184e-12       3.734801912379e-12       1.260497305499e-14       9.569216591271e-15       3.349584190651e-15       6.041026928653e-17 
  870       3.023652061586e-10       2.181252169722e-12       3.914452596950e-12       1.260829414444e-14       9.528100895829e-15       3.327324719238e-15       6.417214629080e-17 
  871       3.010387216604e-10       2.208311494291e-12       4.090810869607e-12       1.261139395162e-14       9.487201820403e-15       3.304996205270e-15       6.789730831506e-17 
  872       2.996967696543e-10       2.235970006052e-12       4.263795726756e-12       1.261427233796e-14       9.446517442083e-15       3.282596921651e-15       7.158476798768e-17 
  873       2.983397391999e-10       2.264218482112e-12       4.433325603026e-12       1.261692917193e-14       9.406045802078e-15       3.260125124779e-15       7.523353115277e-17 
  874       2.969680233983e-10       2.293047590190e-12       4.599318369849e-12       1.261936432914e-14       9.365784905587e-15       3.237579054495e-15       7.884259685310e-17 
  875       2.955820194046e-10       2.322447888281e-12       4.761691334030e-12       1.262157769227e-14       9.325732721682e-15       3.214956934034e-15       8.241095731318e-17 
  876       2.941821284391e-10       2.352409824321e-12       4.920361236330e-12       1.262356915118e-14       9.285887183176e-15       3.192256969973e-15       8.593759792217e-17 
  877       2.927687557997e-10       2.382923735855e-12       5.075244250038e-12       1.262533860288e-14       9.246246186503e-15       3.169477352186e-15       8.942149721694e-17 
  878       2.913423068545e-10       2.413979271317e-12       5.226267717265e-12       1.262688632222e-14       9.206807845793e-15       3.146617290967e-15       9.286185454680e-17 
  879       2.899031749232e-10       2.445563644035e-12       5.373405574569e-12       1.262821408052e-14       9.167571259979e-15       3.123680147423e-15       9.625877725096e-17 
  880       2.884517532179e-10       2.477663348532e-12       5.516643513529e-12       1.262932404562e-14       9.128535758195e-15       3.100670355034e-15       9.961260487302e-17 
  881       2.869884388548e-10       2.510264735853e-12       5.655967296810e-12       1.263021841292e-14       9.089700646652e-15       3.077592387301e-15       1.029236825331e-16 
  882       2.855136328660e-10       2.543354013138e-12       5.791362758563e-12       1.263089940558e-14       9.051065208548e-15       3.054450757857e-15       1.061923609461e-16 
  883       2.840277402102e-10       2.576917243199e-12       5.922815804831e-12       1.263136927451e-14       9.012628703985e-15       3.031250020583e-15       1.094189964406e-16 
  884       2.825311697841e-10       2.610940344089e-12       6.050312413947e-12       1.263163029851e-14       8.974390369885e-15       3.007994769713e-15       1.126039509764e-16 
  885       2.810243344339e-10       2.645409088685e-12       6.173838636935e-12       1.263168478432e-14       8.936349419901e-15       2.984689639948e-15       1.157475921638e-16 
  886       2.795076509662e-10       2.680309104257e-12       6.293380597913e-12       1.263153506675e-14       8.898505044338e-15       2.961339306569e-15       1.188502932814e-16 
  887       2.779815401595e-10       2.715625872048e-12       6.408924494494e-12       1.263118350871e-14       8.860856410063e-15       2.937948485546e-15       1.219124332947e-16 
  888       2.764464267753e-10       2.751344726843e-12       6.520456598186e-12       1.263063250131e-14       8.823402660423e-15       2.914521933649e-15       1.249343968745e-16 
  889       2.749027395695e-10       2.787450856549e-12       6.627963254797e-12       1.262988446398e-14       8.786142915156e-15       2.891064448561e-15       1.279165744153e-16 
  890       2.733509113036e-10       2.823929301767e-12       6.731430884830e-12       1.262894184449e-14       8.749076270311e-15       2.867580868989e-15       1.308593620538e-16 
  891       2.717913787558e-10       2.860764955369e-12       6.830845983889e-12       1.262780711911e-14       8.712201798161e-15       2.844076074774e-15       1.337631616869e-16 
  892       2.702245827325e-10       2.897942562072e-12       6.926195123082e-12       1.262648279263e-14       8.675518547116e-15       2.820554987003e-15       1.366283809907e-16 
  893       2.686509680792e-10       2.935446718012e-12       7.017464949417e-12       1.262497139846e-14       8.639025541641e-15       2.797022568121e-15       1.394554334382e-16 
  894       2.670709836922e-10       2.973261870323e-12       7.104642186205e-12       1.262327549875e-14       8.602721782168e-15       2.773483822043e-15       1.422447383184e-16 
  895       2.654850825296e-10       3.011372316704e-12       7.187713633465e-12       1.262139768442e-14       8.566606245015e-15       2.749943794260e-15       1.449967207542e-16 
  896       2.638937216224e-10       3.049762205005e-12       7.266666168321e-12       1.261934057529e-14       8.530677882296e-15       2.726407571958e-15       1.477118117210e-16 
  897       2.622973620862e-10       3.088415532790e-12       7.341486745405e-12       1.261710682012e-14       8.494935621840e-15       2.702880284125e-15       1.503904480650e-16 
  898       2.606964691319e-10       3.127316146923e-12       7.412162397259e-12       1.261469909675e-14       8.459378367104e-15       2.679367101661e-15       1.530330725216e-16 
  899       2.590915120774e-10       3.166447743136e-12       7.478680234735e-12       1.261212011212e-14       8.424004997090e-15       2.655873237493e-15       1.556401337340e-16 
  900       2.574829643586e-10       3.205793865604e-12       7.541027447397e-12       1.260937260241e-14       8.388814366255e-15       2.632403946683e-15       1.582120862713e-16 
  901       2.558713035408e-10       3.245337906525e-12       7.599191303921e-12       1.260645933310e-14       8.353805304434e-15       2.608964526541e-15       1.607493906471e-16 
  902       2.542570113298e-10       3.285063105690e-12       7.653159152500e-12       1.260338309903e-14       8.318976616746e-15       2.585560316739e-15       1.632525133379e-16 
  903       2.526405735833e-10       3.324952550061e-12       7.702918421241e-12       1.260014672454e-14       8.284327083518e-15       2.562196699414e-15       1.657219268012e-16 
  904       2.510224803220e-10       3.364989173344e-12       7.748456618568e-12       1.259675306350e-14       8.249855460190e-15       2.538879099288e-15       1.681581094944e-16 
  905       2.494032257411e-10       3.405155755565e-12       7.789761333625e-12       1.259320499942e-14       8.215560477241e-15       2.515612983777e-15       1.705615458927e-16 
  906       2.477833082212e-10       3.445434922645e-12       7.826820236674e-12       1.258950544554e-14       8.181440840094e-15       2.492403863097e-15       1.729327265078e-16 
  907       2.461632303399e-10       3.485809145975e-12       7.859621079500e-12       1.258565734490e-14       8.147495229037e-15       2.469257290383e-15       1.752721479062e-16 
  908       2.445434988826e-10       3.526260741991e-12       7.888151695810e-12       1.258166367042e-14       8.113722299138e-15       2.446178861796e-15       1.775803127277e-16 
  909       2.429246248545e-10       3.566771871747e-12       7.912400001633e-12       1.257752742501e-14       8.080120680155e-15       2.423174216635e-15       1.798577297035e-16 
  910       2.413071234909e-10       3.607324540493e-12       7.932353995725e-12       1.257325164163e-14       8.046688976457e-15       2.400249037446e-15       1.821049136749e-16 
  911       2.396915142693e-10       3.647900597250e-12       7.948001759969e-12       1.256883938336e-14       8.013425766934e-15       2.377409050140e-15       1.843223856116e-16 
  912       2.380783209201e-10       3.688481734382e-12       7.959331459773e-12       1.256429374355e-14       7.980329604917e-15       2.354660024096e-15       1.865106726302e-16 
  913       2.364680714381e-10       3.729049487173e-12       7.966331344477e-12       1.255961784580e-14       7.947399018087e-15       2.332007772279e-15       1.886703080122e-16 
  914       2.348612980937e-10       3.769585233401e-12       7.968989747749e-12       1.255481484416e-14       7.914632508396e-15       2.309458151347e-15       1.908018312230e-16 
  915       2.332585374441e-10       3.810070192914e-12       7.967295087991e-12       1.254988792312e-14       7.882028551978e-15       2.287017061764e-15       1.929057879297e-16 
  916       2.316603303448e-10       3.850485427207e-12       7.961235868737e-12       1.254484029774e-14       7.849585599064e-15       2.264690447910e-15       1.949827300200e-16 
  917       2.300671787177e-10       3.890812956496e-12       7.950809073686e-12       1.253967520460e-14       7.817302257773e-15       2.242483035952e-15       1.970330790602e-16 
  918       2.284794150806e-10       3.931039131313e-12       7.936045497468e-12       1.253439587430e-14       7.785177848846e-15       2.220394525187e-15       1.990567142509e-16 
  919       2.268973309628e-10       3.971151313755e-12       7.916984819017e-12       1.252900555870e-14       7.753211859576e-15       2.198423336275e-15       2.010533779473e-16 
  920       2.253212199647e-10       4.011136764584e-12       7.893667245094e-12       1.252350754006e-14       7.721403760672e-15       2.176567867912e-15       2.030228116228e-16 
  921       2.237513777626e-10       4.050982642957e-12       7.866133511883e-12       1.251790513115e-14       7.689753006208e-15       2.154826496766e-15       2.049647558684e-16 
  922       2.221881021138e-10       4.090676006165e-12       7.834424886594e-12       1.251220167531e-14       7.658259033556e-15       2.133197577405e-15       2.068789503915e-16 
  923       2.206316928622e-10       4.130203809362e-12       7.798583169057e-12       1.250640054656e-14       7.626921263333e-15       2.111679442229e-15       2.087651340147e-16 
  924       2.190824519426e-10       4.169552905304e-12       7.758650693322e-12       1.250050514966e-14       7.595739099342e-15       2.090270401406e-15       2.106230446749e-16 
  925       2.175406833864e-10       4.208710044082e-12       7.714670329255e-12       1.249451892021e-14       7.564711928507e-15       2.068968742794e-15       2.124524194222e-16 
  926       2.160066933265e-10       4.247661872852e-12       7.666685484139e-12       1.248844532471e-14       7.533839120822e-15       2.047772731881e-15       2.142529944188e-16 
  927       2.144807900022e-10       4.286394935577e-12       7.614740104267e-12       1.248228786066e-14       7.503120029288e-15       2.026680611713e-15       2.160245049377e-16 
  928       2.129632837645e-10       4.324895672755e-12       7.558878676547e-12       1.247605005665e-14       7.472553989854e-15       2.005690602824e-15       2.177666853623e-16 
  929       2.114544870813e-10       4.363150421155e-12       7.499146230093e-12       1.246973547241e-14       7.442140321362e-15       1.984800903171e-15       2.194792691844e-16 
  930       2.099547145421e-10       4.401145413554e-12       7.435588337829e-12       1.246334769895e-14       7.411878325482e-15       1.964009688061e-15       2.211619890040e-16 
  931       2.084642828634e-10       4.438866778467e-12       7.368251118081e-12       1.245689035857e-14       7.381767286658e-15       1.943315110086e-15       2.228145765276e-16 
  932       2.069835108937e-10       4.476300539883e-12       7.297181236181e-12       1.245036710500e-14       7.351806472049e-15       1.922715299052e-15       2.244367625674e-16 
  933       2.055127196185e-10       4.513432617002e-12       7.222425906060e-12       1.244378162346e-14       7.321995131467e-15       1.902208361911e-15       2.260282770404e-16 
  934       2.040522321657e-10       4.550248823964e-12       7.144032891850e-12       1.243713763074e-14       7.292332497321e-15       1.881792382695e-15       2.275888489668e-16 
  935       2.026023738101e-10       4.586734869588e-12       7.062050509478e-12       1.243043887529e-14       7.262817784557e-15       1.861465422442e-15       2.291182064695e-16 
  936       2.011634719792e-10       4.622876357103e-12       6.976527628267e-12       1.242368913731e-14       7.233450190601e-15       1.841225519133e-15       2.306160767728e-16 
  937       1.997358562576e-10       4.658658783887e-12       6.887513672532e-12       1.241689222882e-14       7.204228895297e-15       1.821070687617e-15       2.320821862011e-16 
  938       1.983198583927e-10       4.694067541193e-12       6.795058623183e-12       1.241005199373e-14       7.175153060850e-15       1.800998919550e-15       2.335162601783e-16 
  939       1.969158122993e-10       4.729087913891e-12       6.699213019313e-12       1.240317230796e-14       7.146221831768e-15       1.781008183320e-15       2.349180232263e-16 
  940       1.955240540650e-10       4.763705080201e-12       6.600027959806e-12       1.239625707949e-14       7.117434334802e-15       1.761096423983e-15       2.362871989641e-16 
  941       1.941449219551e-10       4.797904111423e-12       6.497555104930e-12       1.238931024847e-14       7.088789678887e-15       1.741261563188e-15       2.376235101069e-16 
  942       1.927787564178e-10       4.831669971675e-12       6.391846677936e-12       1.238233578726e-14       7.060286955085e-15       1.721501499118e-15       2.389266784646e-16 
  943       1.914259000893e-10       4.864987517627e-12       6.282955466656e-12       1.237533770057e-14       7.031925236523e-15       1.701814106410e-15       2.401964249413e-16 
  944       1.900866977987e-10       4.897841498234e-12       6.170934825099e-12       1.236832002549e-14       7.003703578338e-15       1.682197236098e-15       2.414324695337e-16 
  945       1.887614965733e-10       4.930216554472e-12       6.055838675055e-12       1.236128683162e-14       6.975621017614e-15       1.662648715533e-15       2.426345313304e-16 
  946       1.874506456438e-10       4.962097219070e-12       5.937721507685e-12       1.235424222109e-14       6.947676573328e-15       1.643166348325e-15       2.438023285104e-16 
  947       1.861544964487e-10       4.993467916246e-12       5.816638385125e-12       1.234719032872e-14       6.919869246287e-15       1.623747914265e-15       2.449355783426e-16 
  948       1.848734026404e-10       5.024312961441e-12       5.692644942080e-12       1.234013532205e-14       6.892198019071e-15       1.604391169263e-15       2.460339971843e-16 
  949       1.836077200895e-10       5.054616561053e-12       5.565797387426e-12       1.233308140143e-14       6.864661855974e-15       1.585093845277e-15       2.470973004803e-16 
  950       1.823578068903e-10       5.084362812170e-12       5.436152505805e-12       1.232603280010e-14       6.837259702946e-15       1.565853650243e-15       2.481252027618e-16 
  951       1.811240233654e-10       5.113535702308e-12       5.303767659222e-12       1.231899378432e-14       6.809990487532e-15       1.546668268009e-15       2.491174176453e-16 
  952       1.799067320717e-10       5.142119109141e-12       5.168700788648e-12       1.231196865338e-14       6.782853118816e-15       1.527535358264e-15       2.500736578316e-16 
  953       1.787062978043e-10       5.170096800239e-12       5.031010415613e-12       1.230496173972e-14       6.755846487361e-15       1.508452556471e-15       2.509936351046e-16 
  954       1.775230876027e-10       5.197452432798e-12       4.890755643805e-12       1.229797740903e-14       6.728969465148e-15       1.489417473798e-15       2.518770603304e-16 
  955       1.763574707552e-10       5.224169553380e-12       4.747996160670e-12       1.229102006029e-14       6.702220905520e-15       1.470427697049e-15       2.527236434560e-16 
  956       1.752097647426e-10       5.250233689034e-12       4.602792935191e-12       1.228409376299e-14       6.675599773981e-15       1.451481429539e-15       2.535331923597e-16 
  957       1.740800721549e-10       5.275638656218e-12       4.455210319686e-12       1.227720116232e-14       6.649105542891e-15       1.432579424589e-15       2.543059110577e-16 
  958       1.729684412934e-10       5.300380347728e-12       4.305313983287e-12       1.227034455741e-14       6.622737802684e-15       1.413723081432e-15       2.550421060506e-16 
  959       1.718749200043e-10       5.324454650053e-12       4.153170220360e-12       1.226352626276e-14       6.596496131513e-15       1.394913806961e-15       2.557420878971e-16 
  960       1.707995556771e-10       5.347857443379e-12       3.998845952190e-12       1.225674860823e-14       6.570380095212e-15       1.376153015746e-15       2.564061712260e-16 
  961       1.697423952422e-10       5.370584601601e-12       3.842408728672e-12       1.225001393914e-14       6.544389247248e-15       1.357442130047e-15       2.570346747482e-16 
  962       1.687034851689e-10       5.392631992334e-12       3.683926730001e-12       1.224332461624e-14       6.518523128685e-15       1.338782579831e-15       2.576279212682e-16 
  963       1.676828714638e-10       5.413995476913e-12       3.523468768360e-12       1.223668301578e-14       6.492781268143e-15       1.320175802789e-15       2.581862376963e-16 
  964       1.666805996681e-10       5.434670910412e-12       3.361104289609e-12       1.223009152957e-14       6.467163181749e-15       1.301623244348e-15       2.587099550603e-16 
  965       1.656967148565e-10       5.454654141646e-12       3.196903374976e-12       1.222355256496e-14       6.441668373105e-15       1.283126357689e-15       2.591994085178e-16 
  966       1.647312616343e-10       5.473941013180e-12       3.030936742746e-12       1.221706854490e-14       6.416296333238e-15       1.264686603761e-15       2.596549373676e-16 
  967       1.637842841359e-10       5.492527361340e-12       2.863275749947e-12       1.221064190799e-14       6.391046540564e-15       1.246305451297e-15       2.600768850619e-16 
  968       1.628558260229e-10       5.510409016220e-12       2.693992394045e-12       1.220427510849e-14       6.365918460845e-15       1.227984376830e-15       2.604655992179e-16 
  969       1.619459304815e-10       5.527581801693e-12       2.523159314629e-12       1.219797061638e-14       6.340911547144e-15       1.209724864706e-15       2.608214316301e-16 
  970       1.610546402213e-10       5.544041535415e-12       2.350849795101e-12       1.219173091738e-14       6.316025239789e-15       1.191528407104e-15       2.611447382820e-16 
  971       1.601819974726e-10       5.559784028838e-12       2.177137764366e-12       1.218555851296e-14       6.291258966327e-15       1.173396504047e-15       2.614358793579e-16 
  972       1.593280439848e-10       5.574805087216e-12       2.002097798521e-12       1.217945592045e-14       6.266612141483e-15       1.155330663419e-15       2.616952192547e-16 
  973       1.584928210241e-10       5.589100509615e-12       1.825805122547e-12       1.217342567299e-14       6.242084167120e-15       1.137332400982e-15       2.619231265944e-16 
  974       1.576763693720e-10       5.602666088919e-12       1.648335611992e-12       1.216747031961e-14       6.217674432197e-15       1.119403240387e-15       2.621199742352e-16 
  975       1.568787293227e-10       5.615497611845e-12       1.469765794666e-12       1.216159242527e-14       6.193382312726e-15       1.101544713195e-15       2.622861392838e-16 
  976       1.560999406814e-10       5.627590858943e-12       1.290172852328e-12       1.215579457087e-14       6.169207171731e-15       1.083758358889e-15       2.624220031075e-16 
  977       1.553400427622e-10       5.638941604611e-12       1.109634622376e-12       1.215007935330e-14       6.145148359208e-15       1.066045724890e-15       2.625279513457e-16 
  978       1.545990743865e-10       5.649545617100e-12       9.282295995347e-13       1.214444938548e-14       6.121205212080e-15       1.048408366573e-15       2.626043739218e-16 
  979       1.538770738801e-10       5.659398658526e-12       7.460369375474e-13       1.213890729639e-14       6.097377054159e-15       1.030847847283e-15       2.626516650554e-16 
  980       1.531740790722e-10       5.668496484875e-12       5.631364508634e-13       1.213345573109e-14       6.073663196101e-15       1.013365738346e-15       2.626702232741e-16 
  981       1.524901272927e-10       5.676834846014e-12       3.796086163276e-13       1.212809735077e-14       6.050062935366e-15       9.959636190922e-16       2.626604514252e-16 
  982       1.518252553706e-10       5.684409485697e-12       1.955345748703e-13       1.212283483280e-14       6.026575556179e-15       9.786430768647e-16       2.626227566877e-16 
  983       1.511794996316e-10       5.691216141579e-12       1.099613319600e-14       1.211767087074e-14       6.003200329481e-15       9.614057070379e-16       2.625575505844e-16 
  984       1.505528958965e-10       5.697250545218e-12      -1.739242345269e-13       1.211260817437e-14       5.979936512897e-15       9.442531130323e-16       2.624652489933e-16 
  985       1.499454794791e-10       5.702508422087e-12      -3.591433849771e-13       1.210764946975e-14       5.956783350686e-15       9.271869063304e-16       2.623462721603e-16 
  986       1.493572851839e-10       5.706985491583e-12      -5.445775039910e-13       1.210279749926e-14       5.933740073703e-15       9.102087064913e-16       2.622010447100e-16 
  987       1.487883473045e-10       5.710677467034e-12      -7.301421048734e-13       1.209805502160e-14       5.910805899359e-15       8.933201411669e-16       2.620299956587e-16 
  988       1.482386996213e-10       5.713580055710e-12      -9.157520267082e-13       1.209342481185e-14       5.887980031576e-15       8.765228461166e-16       2.618335584256e-16 
  989       1.477083753995e-10       5.715688958827e-12      -1.101321432669e-12       1.208890966149e-14       5.865261660747e-15       8.598184652237e-16       2.616121708447e-16 
  990       1.471974073876e-10       5.716999871562e-12      -1.286763808330e-12       1.208451237845e-14       5.842649963693e-15       8.432086505096e-16       2.613662751773e-16 
  991       1.467058278146e-10       5.717508483055e-12      -1.471991959977e-12       1.208023578716e-14       5.820144103626e-15       8.266950621504e-16       2.610963181230e-16 
  992       1.462336683885e-10       5.717210476423e-12      -1.656918012918e-12       1.207608272854e-14       5.797743230099e-15       8.102793684916e-16       2.608027508325e-16 
  993       1.457809602944e-10       5.716101528765e-12      -1.841453409791e-12       1.207205606006e-14       5.775446478974e-15       7.939632460635e-16       2.604860289189e-16 
  994       1.453477341919e-10       5.714177311173e-12      -2.025508908881e-12       1.206815865580e-14       5.753252972372e-15       7.777483795973e-16       2.601466124695e-16 
  995       1.449339856584e-10       5.711435270150e-12      -2.209001171114e-12       1.206439293074e-14       5.731161916350e-15       7.616366185241e-16       2.597848718760e-16 
  996       1.445395709642e-10       5.707880000501e-12      -2.391872630387e-12       1.206075940609e-14       5.709172895572e-15       7.456304489608e-16       2.594008037831e-16 
  997       1.441643097634e-10       5.703517951333e-12      -2.574071911582e-12       1.205725812300e-14       5.687285582878e-15       7.297325286835e-16       2.589943109936e-16 
  998       1.438080195036e-10       5.698355652019e-12      -2.755547267429e-12       1.205388911632e-14       5.665499641937e-15       7.139455313064e-16       2.585652962727e-16 
  999       1.434705154208e-10       5.692399712420e-12      -2.936246577616e-12       1.205065241458e-14       5.643814727213e-15       6.982721463155e-16       2.581136623487e-16 
 1000       1.431516105323e-10       5.685656823115e-12      -3.116117347896e-12       1.204754803993e-14       5.622230483936e-15       6.827150791032e-16       2.576393119136e-16 
 1001       1.428511156309e-10       5.678133755618e-12      -3.295106709200e-12       1.204457600819e-14       5.600746548075e-15       6.672770510029e-16       2.571421476232e-16 
 1002       1.425688392786e-10       5.669837362608e-12      -3.473161416739e-12       1.204173632875e-14       5.579362546304e-15       6.519607993230e-16       2.566220720981e-16 
 1003       1.423045878007e-10       5.660774578152e-12      -3.650227849120e-12       1.203902900463e-14       5.558078095976e-15       6.367690773814e-16       2.560789879238e-16 
 1004       1.420581652790e-10       5.650952417926e-12      -3.826252007445e-12       1.203645403237e-14       5.536892805090e-15       6.217046545401e-16       2.555127976515e-16 
 1005       1.418293735465e-10       5.640377979444e-12      -4.001179514431e-12       1.203401140206e-14       5.515806272264e-15       6.067703162393e-16       2.549234037983e-16 
 1006       1.416180121802e-10       5.629058442280e-12      -4.174955613508e-12       1.203170109733e-14       5.494818086703e-15       5.919688640319e-16       2.543107088478e-16 
 1007       1.414238784959e-10       5.617001068290e-12      -4.347525167934e-12       1.202952309528e-14       5.473927828171e-15       5.773031156176e-16       2.536746152506e-16 
 1008       1.412467675410e-10       5.604213201842e-12      -4.518832659901e-12       1.202747736649e-14       5.453135066960e-15       5.627759048778e-16       2.530150254250e-16 
 1009       1.410864720894e-10       5.590702270036e-12      -4.688822189643e-12       1.202556387499e-14       5.432439363858e-15       5.483900819097e-16       2.523318417570e-16 
 1010       1.409427826342e-10       5.576475782929e-12      -4.857437474548e-12       1.202378257824e-14       5.411840270125e-15       5.341485130604e-16       2.516249666013e-16 
 1011       1.408154873826e-10       5.561541333758e-12      -5.024621848261e-12       1.202213342710e-14       5.391337327459e-15       5.200540809617e-16       2.508943022815e-16 
 1012       1.407043722488e-10       5.545906599170e-12      -5.190318259798e-12       1.202061636581e-14       5.370930067966e-15       5.061096845642e-16       2.501397510905e-16 
 1013       1.406092208484e-10       5.529579339439e-12      -5.354469272651e-12       1.201923133199e-14       5.350618014131e-15       4.923182391721e-16       2.493612152915e-16 
 1014       1.405298144917e-10       5.512567398693e-12      -5.517017063897e-12       1.201797825658e-14       5.330400678789e-15       4.786826764768e-16       2.485585971178e-16 
 1015       1.404659321783e-10       5.494878705143e-12      -5.677903423308e-12       1.201685706383e-14       5.310277565096e-15       4.652059445919e-16       2.477317987738e-16 
 1016       1.404173505900e-10       5.476521271299e-12      -5.837069752459e-12       1.201586767129e-14       5.290248166495e-15       4.518910080876e-16       2.468807224354e-16 
 1017       1.403838440852e-10       5.457503194201e-12      -5.994457063834e-12       1.201500998979e-14       5.270311966690e-15       4.387408480246e-16       2.460052702501e-16 
 1018       1.403651846925e-10       5.437832655638e-12      -6.150005979938e-12       1.201428392339e-14       5.250468439617e-15       4.257584619888e-16       2.451053443382e-16 
 1019       1.403611421046e-10       5.417517922378e-12      -6.303656732405e-12       1.201368936939e-14       5.230717049408e-15       4.129468641258e-16       2.441808467926e-16 
 1020       1.403714836722e-10       5.396567346389e-12      -6.455349161104e-12       1.201322621829e-14       5.211057250370e-15       4.003090851749e-16       2.432316796796e-16 
 1021       1.403959743974e-10       5.374989365062e-12      -6.605022713250e-12       1.201289435376e-14       5.191488486948e-15       3.878481725036e-16       2.422577450397e-16 
 1022       1.404343769279e-10       5.352792501437e-12      -6.752616442510e-12       1.201269365263e-14       5.172010193698e-15       3.755671901424e-16       2.412589448873e-16 
 1023       1.404864515509e-10       5.329985364430e-12      -6.898069008116e-12       1.201262398489e-14       5.152621795259e-15       3.634692188184e-16       2.402351812119e-16 
 1024       1.405519561865e-10       5.306576649051e-12      -7.041318673968e-12       1.201268521361e-14       5.133322706319e-15       3.515573559903e-16       2.391863559785e-16 
 1025       1.406306463817e-10       5.282575136635e-12      -7.182303307747e-12       1.201287719496e-14       5.114112331588e-15       3.398347158826e-16       2.381123711275e-16 
 1026       1.407222753045e-10       5.257989695061e-12      -7.320960380020e-12       1.201319977819e-14       5.094990065768e-15       3.283044295198e-16       2.370131285761e-16 
 1027       1.408265937371e-10       5.232829278980e-12      -7.457226963352e-12       1.201365280558e-14       5.075955293523e-15       3.169696447610e-16       2.358885302179e-16 
 1028       1.409433500704e-10       5.207102930036e-12      -7.591039731412e-12       1.201423611245e-14       5.057007389448e-15       3.058335263341e-16       2.347384779241e-16 
 1029       1.410722902972e-10       5.180819777094e-12      -7.722334958081e-12       1.201494952711e-14       5.038145718041e-15       2.948992558703e-16       2.335628735437e-16 
 1030       1.412131580065e-10       5.153989036461e-12      -7.851048516563e-12       1.201579287084e-14       5.019369633672e-15       2.841700319385e-16       2.323616189037e-16 
 1031       1.413656943770e-10       5.126620012112e-12      -7.977115878491e-12       1.201676595790e-14       5.000678480554e-15       2.736490700795e-16       2.311346158102e-16 
 1032       1.415296381710e-10       5.098722095914e-12      -8.100472113039e-12       1.201786859545e-14       4.982071592712e-15       2.633396028404e-16       2.298817660483e-16 
 1033       1.417047257282e-10       5.070304767852e-12      -8.221051886027e-12       1.201910058359e-14       4.963548293954e-15       2.532448798094e-16       2.286029713831e-16 
 1034       1.418906911826e-10       5.041378067354e-12      -8.338798855411e-12       1.202046141637e-14       4.945107971988e-15       2.433671459005e-16       2.272982737260e-16 
 1035       1.420872671280e-10       5.011954014126e-12      -8.453694004943e-12       1.202194938036e-14       4.926750301975e-15       2.337045603313e-16       2.259682778023e-16 
 1036       1.422941839498e-10       4.982045207839e-12      -8.565727709049e-12       1.202356244331e-14       4.908475026077e-15       2.242542341844e-16       2.246137344566e-16 
 1037       1.425111695961e-10       4.951664359120e-12      -8.674890372907e-12       1.202529855187e-14       4.890281879572e-15       2.150132481285e-16       2.232354010436e-16 
 1038       1.427379495723e-10       4.920824289833e-12      -8.781172432608e-12       1.202715563153e-14       4.872170590833e-15       2.059786523390e-16       2.218340414450e-16 
 1039       1.429742469341e-10       4.889537933349e-12      -8.884564355321e-12       1.202913158657e-14       4.854140881308e-15       1.971474664174e-16       2.204104260851e-16 
 1040       1.432197822820e-10       4.857818334830e-12      -8.985056639452e-12       1.203122430000e-14       4.836192465498e-15       1.885166793112e-16       2.189653319475e-16 
 1041       1.434742737548e-10       4.825678651503e-12      -9.082639814810e-12       1.203343163348e-14       4.818325050936e-15       1.800832492336e-16       2.174995425911e-16 
 1042       1.437374370238e-10       4.793132152938e-12      -9.177304442764e-12       1.203575142732e-14       4.800538338163e-15       1.718441035834e-16       2.160138481660e-16 
 1043       1.440089852859e-10       4.760192221324e-12      -9.269041116408e-12       1.203818150037e-14       4.782832020709e-15       1.637961388649e-16       2.145090454305e-16 
 1044       1.442886292583e-10       4.726872351746e-12      -9.357840460725e-12       1.204071965000e-14       4.765205785070e-15       1.559362206076e-16       2.129859377664e-16 
 1045       1.445760771717e-10       4.693186152466e-12      -9.443693132744e-12       1.204336365202e-14       4.747659310691e-15       1.482611832857e-16       2.114453351958e-16 
 1046       1.448710347647e-10       4.659147345192e-12      -9.526589821708e-12       1.204611126063e-14       4.730192269935e-15       1.407678302387e-16       2.098880543970e-16 
 1047       1.451732052769e-10       4.624769765366e-12      -9.606521249231e-12       1.204896020837e-14       4.712804328072e-15       1.334529335903e-16       2.083149187212e-16 
 1048       1.454822894435e-10       4.590067362431e-12      -9.683478169465e-12       1.205190820606e-14       4.695495143249e-15       1.263132341689e-16       2.067267582079e-16 
 1049       1.457979854886e-10       4.555054200114e-12      -9.757451369256e-12       1.205495294277e-14       4.678264366477e-15       1.193454414269e-16       2.051244096017e-16 
 1050       1.461199891192e-10       4.519744456703e-12      -9.828431668312e-12       1.205809208569e-14       4.661111641600e-15       1.125462333610e-16       2.035087163686e-16 
 1051       1.464479935193e-10       4.484152425320e-12      -9.896409919363e-12       1.206132328018e-14       4.644036605281e-15       1.059122564314e-16       2.018805287117e-16 
 1052       1.467816893433e-10       4.448292514202e-12      -9.961377008322e-12       1.206464414960e-14       4.627038886976e-15       9.944012548233e-17       2.002407035877e-16 
 1053       1.471207647101e-10       4.412179246977e-12      -1.002332385445e-11       1.206805229537e-14       4.610118108917e-15       9.312642366111e-17       1.985901047232e-16 
 1054       1.474649051968e-10       4.375827262943e-12      -1.008224141051e-11       1.207154529680e-14       4.593273886085e-15       8.696770233852e-17       1.969296026307e-16 
 1055       1.478137938327e-10       4.339251317339e-12      -1.013812066294e-11       1.207512071113e-14       4.576505826192e-15       8.096048102833e-17       1.952600746249e-16 
 1056       1.481671110930e-10       4.302466281630e-12      -1.019095263201e-11       1.207877607342e-14       4.559813529661e-15       7.510124730720e-17       1.935824048389e-16 
 1057       1.485245348928e-10       4.265487143778e-12      -1.024072837199e-11       1.208250889650e-14       4.543196589598e-15       6.938645673444e-17       1.918974842406e-16 
 1058       1.488857405807e-10       4.228329008525e-12      -1.028743897129e-11       1.208631667093e-14       4.526654591779e-15       6.381253277185e-17       1.902062106483e-16 
 1059       1.492504009327e-10       4.191007097662e-12      -1.033107555266e-11       1.209019686493e-14       4.510187114621e-15       5.837586670348e-17       1.885094887477e-16 
 1060       1.496181861463e-10       4.153536750315e-12      -1.037162927332e-11       1.209414692434e-14       4.493793729167e-15       5.307281755550e-17       1.868082301077e-16 
 1061       1.499887638340e-10       4.115933423216e-12      -1.040909132513e-11       1.209816427255e-14       4.477473999058e-15       4.789971201595e-17       1.851033531964e-16 
 1062       1.503617990171e-10       4.078212690982e-12      -1.044345293475e-11       1.210224631043e-14       4.461227480516e-15       4.285284435456e-17       1.833957833978e-16 
 1063       1.507369541201e-10       4.040390246392e-12      -1.047470536383e-11       1.210639041631e-14       4.445053722323e-15       3.792847634258e-17       1.816864530277e-16 
 1064       1.511138889639e-10       4.002481900666e-12      -1.050283990913e-11       1.211059394591e-14       4.428952265796e-15       3.312283717253e-17       1.799763013497e-16 
 1065       1.514922607598e-10       3.964503583739e-12      -1.052784790271e-11       1.211485423227e-14       4.412922644767e-15       2.843212337808e-17       1.782662745921e-16 
 1066       1.518717241036e-10       3.926471344540e-12      -1.054972071207e-11       1.211916858570e-14       4.396964385562e-15       2.385249875380e-17       1.765573259633e-16 
 1067       1.522519309692e-10       3.888401351269e-12      -1.056844974035e-11       1.212353429373e-14       4.381077006981e-15       1.938009427497e-17       1.748504156687e-16 
 1068       1.526325307024e-10       3.850309891674e-12      -1.058402642644e-11       1.212794862106e-14       4.365260020272e-15       1.501100801741e-17       1.731465109263e-16 
 1069       1.530131700148e-10       3.812213373326e-12      -1.059644224519e-11       1.213240880948e-14       4.349512929114e-15       1.074130507726e-17       1.714465859833e-16 
 1070       1.533934929779e-10       3.774128323901e-12      -1.060568870755e-11       1.213691207785e-14       4.333835229595e-15       6.567017490815e-18       1.697516221324e-16 
 1071       1.537731410166e-10       3.736071391452e-12      -1.061175736073e-11       1.214145562201e-14       4.318226410186e-15       2.484144154290e-18       1.680626077274e-16 
 1072       1.541517529028e-10       3.698059344690e-12      -1.061463978835e-11       1.214603661475e-14       4.302685951725e-15      -1.511349256340e-18       1.663805382003e-16 
 1073       1.545289938174e-10       3.660108052044e-12      -1.061433430144e-11       1.215065224357e-14       4.287213381066e-15      -5.423071011187e-18       1.647061769132e-16 
 1074       1.549046429782e-10       3.622229403070e-12      -1.061086611067e-11       1.215529982483e-14       4.271808432878e-15      -9.252818493903e-18       1.630393341181e-16 
 1075       1.552785071927e-10       3.584434345672e-12      -1.060426742911e-11       1.215997669103e-14       4.256470890008e-15      -1.300194433656e-17       1.613795782116e-16 
 1076       1.556503918956e-10       3.546733903689e-12      -1.059457080716e-11       1.216468015313e-14       4.241200529987e-15      -1.667181409636e-17       1.597264739990e-16 
 1077       1.560201011455e-10       3.509139177059e-12      -1.058180913347e-11       1.216940750041e-14       4.225997125023e-15      -2.026380628801e-17       1.580795826858e-16 
 1078       1.563874376220e-10       3.471661341999e-12      -1.056601563574e-11       1.217415600047e-14       4.210860441975e-15      -2.377931241604e-17       1.564384618688e-16 
 1079       1.567522026228e-10       3.434311651168e-12      -1.054722388162e-11       1.217892289919e-14       4.195790242345e-15      -2.721973700722e-17       1.548026655278e-16 
 1080       1.571141960600e-10       3.397101433841e-12      -1.052546777955e-11       1.218370542061e-14       4.180786282258e-15      -3.058649764289e-17       1.531717440165e-16 
 1081       1.574732164572e-10       3.360042096081e-12      -1.050078157962e-11       1.218850076697e-14       4.165848312447e-15      -3.388102499134e-17       1.515452440540e-16 
 1082       1.578290609465e-10       3.323145120907e-12      -1.047319987443e-11       1.219330611858e-14       4.150976078237e-15      -3.710476284013e-17       1.499227087161e-16 
 1083       1.581815252655e-10       3.286422068466e-12      -1.044275759997e-11       1.219811863381e-14       4.136169319529e-15      -4.025916812853e-17       1.483036774265e-16 
 1084       1.585304037535e-10       3.249884576205e-12      -1.040949003643e-11       1.220293544902e-14       4.121427770786e-15      -4.334571097979e-17       1.466876859483e-16 
 1085       1.588754893491e-10       3.213544359040e-12      -1.037343280910e-11       1.220775367852e-14       4.106751161014e-15      -4.636587473357e-17       1.450742663750e-16 
 1086       1.592165735866e-10       3.177413209527e-12      -1.033462188922e-11       1.221257041451e-14       4.092139213748e-15      -4.932115597829e-17       1.434629471222e-16 
 1087       1.595534465931e-10       3.141502998033e-12      -1.029309359484e-11       1.221738272703e-14       4.077591647035e-15      -5.221306458346e-17       1.418532529184e-16 
 1088       1.598858970854e-10       3.105825672910e-12      -1.024888459166e-11       1.222218766392e-14       4.063108173419e-15      -5.504312373208e-17       1.402447047969e-16 
 1089       1.602137123664e-10       3.070393260658e-12      -1.020203189391e-11       1.222698225073e-14       4.048688499926e-15      -5.781286995296e-17       1.386368200865e-16 
 1090       1.605366783227e-10       3.035217866105e-12      -1.015257286522e-11       1.223176349073e-14       4.034332328045e-15      -6.052385315315e-17       1.370291124032e-16 
 1091       1.608545794209e-10       3.000311672571e-12      -1.010054521942e-11       1.223652836478e-14       4.020039353715e-15      -6.317763665022e-17       1.354210916415e-16 
 1092       1.611671987046e-10       2.965686942041e-12      -1.004598702149e-11       1.224127383135e-14       4.005809267307e-15      -6.577579720468e-17       1.338122639655e-16 
 1093       1.614743177914e-10       2.931356015337e-12      -9.988936688323e-12       1.224599682644e-14       3.991641753612e-15      -6.831992505233e-17       1.322021318003e-16 
 1094       1.617757168695e-10       2.897331312288e-12      -9.929432989662e-12       1.225069426351e-14       3.977536491820e-15      -7.081162393660e-17       1.305901938232e-16 
 1095       1.620711746950e-10       2.863625331899e-12      -9.867515048911e-12       1.225536303345e-14       3.963493155505e-15      -7.325251114094e-17       1.289759449553e-16 
 1096       1.623604685883e-10       2.830250652526e-12      -9.803222344011e-12       1.226000000452e-14       3.949511412614e-15      -7.564421752116e-17       1.273588763525e-16 
 1097       1.626433744311e-10       2.797219932040e-12      -9.736594708301e-12       1.226460202231e-14       3.935590925444e-15      -7.798838753782e-17       1.257384753970e-16 
 1098       1.629196666636e-10       2.764545908007e-12      -9.667672331369e-12       1.226916590967e-14       3.921731350632e-15      -8.028667928855e-17       1.241142256884e-16 
 1099       1.631891182807e-10       2.732241397849e-12      -9.596495759916e-12       1.227368846666e-14       3.907932339136e-15      -8.254076454046e-17       1.224856070351e-16 
 1100       1.634515008297e-10       2.700319299021e-12      -9.523105898614e-12       1.227816647052e-14       3.894193536220e-15      -8.475232876246e-17       1.208520954458e-16 
 1101       1.637065844062e-10       2.668792589183e-12      -9.447544010965e-12       1.228259667559e-14       3.880514581437e-15      -8.692307115764e-17       1.192131631204e-16 
 1102       1.639541376519e-10       2.637674326364e-12      -9.369851720157e-12       1.228697581326e-14       3.866895108614e-15      -8.905470469565e-17       1.175682784418e-16 
 1103       1.641939277508e-10       2.606977649138e-12      -9.290071009928e-12       1.229130059195e-14       3.853334745837e-15      -9.114895614504e-17       1.159169059666e-16 
 1104       1.644257204264e-10       2.576715776797e-12      -9.208244225419e-12       1.229556769703e-14       3.839833115435e-15      -9.320756610560e-17       1.142585064169e-16 
 1105       1.646492799384e-10       2.546902009512e-12      -9.124414074038e-12       1.229977379076e-14       3.826389833960e-15      -9.523228904078e-17       1.125925366715e-16 
 1106       1.648643690797e-10       2.517549728517e-12      -9.038623626315e-12       1.230391551227e-14       3.813004512177e-15      -9.722489331001e-17       1.109184497571e-16 
 1107       1.650707491732e-10       2.488672396267e-12      -8.950916316764e-12       1.230798947747e-14       3.799676755045e-15      -9.918716120107e-17       1.092356948395e-16 
 1108       1.652681800685e-10       2.460283556620e-12      -8.861335944739e-12       1.231199227903e-14       3.786406161700e-15      -1.011208889625e-16       1.075437172153e-16 
 1109       1.654564201392e-10       2.432396834998e-12      -8.769926675293e-12       1.231592048632e-14       3.773192325444e-15      -1.030278868357e-16       1.058419583027e-16 
 1110       1.656352262791e-10       2.405025938566e-12      -8.676733040042e-12       1.231977064534e-14       3.760034833721e-15      -1.049099790879e-16       1.041298556331e-16 
 1111       1.658043538998e-10       2.378184656397e-12      -8.581799938015e-12       1.232353927868e-14       3.746933268110e-15      -1.067690040439e-16       1.024068428426e-16 
 1112       1.659635942791e-10       2.351885055001e-12      -8.485173291730e-12       1.232722320526e-14       3.733887247592e-15      -1.086058863430e-16       1.006725192902e-16 
 1113       1.661128871520e-10       2.326132038600e-12      -8.386902023102e-12       1.233082050405e-14       3.720896559032e-15      -1.104178402959e-16       9.892716137286e-17 
 1114       1.662522095929e-10       2.300928717707e-12      -8.287036105205e-12       1.233432956291e-14       3.707961028383e-15      -1.122011298417e-16       9.717121791267e-17 
 1115       1.663815387989e-10       2.276278207286e-12      -8.185625910337e-12       1.233774875994e-14       3.695080477539e-15      -1.139519929327e-16       9.540514114641e-17 
 1116       1.665008520896e-10       2.252183626749e-12      -8.082722210942e-12       1.234107646341e-14       3.682254724324e-15      -1.156666414774e-16       9.362938673339e-17 
 1117       1.666101269079e-10       2.228648099945e-12      -7.978376180535e-12       1.234431103180e-14       3.669483582481e-15      -1.173412612823e-16       9.184441376312e-17 
 1118       1.667093408206e-10       2.205674755165e-12      -7.872639394620e-12       1.234745081377e-14       3.656766861659e-15      -1.189720119945e-16       9.005068476314e-17 
 1119       1.667984715185e-10       2.183266725130e-12      -7.765563831616e-12       1.235049414809e-14       3.644104367402e-15      -1.205550270445e-16       8.824866570671e-17 
 1120       1.668774968173e-10       2.161427146992e-12      -7.657201873780e-12       1.235343936368e-14       3.631495901136e-15      -1.220864135880e-16       8.643882602058e-17 
 1121       1.669463946577e-10       2.140159162327e-12      -7.547606308125e-12       1.235628477955e-14       3.618941260160e-15      -1.235622524487e-16       8.462163859274e-17 
 1122       1.670051431064e-10       2.119465917132e-12      -7.436830327347e-12       1.235902870481e-14       3.606440237631e-15      -1.249785980607e-16       8.279757978017e-17 
 1123       1.670537203560e-10       2.099350561821e-12      -7.324927530745e-12       1.236166943860e-14       3.593992622556e-15      -1.263314784106e-16       8.096712941660e-17 
 1124       1.670921047258e-10       2.079816251219e-12      -7.211951925142e-12       1.236420527013e-14       3.581598199776e-15      -1.276168949802e-16       7.913077082022e-17 
 1125       1.671202746623e-10       2.060866144560e-12      -7.097957925810e-12       1.236663447861e-14       3.569256749957e-15      -1.288308226888e-16       7.728899080148e-17 
 1126       1.671382087396e-10       2.042503405482e-12      -6.983000357393e-12       1.236895533326e-14       3.556968049579e-15      -1.299692098359e-16       7.544227967082e-17 
 1127       1.671458856599e-10       2.024731202024e-12      -6.867134454827e-12       1.237116609325e-14       3.544731870923e-15      -1.310279780428e-16       7.359113124640e-17 
 1128       1.671432842541e-10       2.007552706618e-12      -6.750415864262e-12       1.237326500775e-14       3.532547982058e-15      -1.320030221960e-16       7.173604286187e-17 
 1129       1.671303834820e-10       1.990971096088e-12      -6.632900643986e-12       1.237525031582e-14       3.520416146831e-15      -1.328902103890e-16       6.987751537414e-17 
 1130       1.671071624330e-10       1.974989551647e-12      -6.514645265348e-12       1.237712024646e-14       3.508336124855e-15      -1.336853838649e-16       6.801605317106e-17 
 1131       1.670736003267e-10       1.959611258890e-12      -6.395706613679e-12       1.237887301855e-14       3.496307671499e-15      -1.343843569585e-16       6.615216417926e-17 
 1132       1.670296765132e-10       1.944839407790e-12      -6.276141989213e-12       1.238050684086e-14       3.484330537873e-15      -1.349829170394e-16       6.428635987183e-17 
 1133       1.669753704734e-10       1.930677192695e-12      -6.156009108012e-12       1.238201991198e-14       3.472404470816e-15      -1.354768244537e-16       6.241915527610e-17 
 1134       1.669106618200e-10       1.917127812325e-12      -6.035366102890e-12       1.238341042036e-14       3.460529212889e-15      -1.358618124667e-16       6.055106898140e-17 
 1135       1.668355302974e-10       1.904194469765e-12      -5.914271524327e-12       1.238467654423e-14       3.448704502360e-15      -1.361335872054e-16       5.868262314677e-17 
 1136       1.667499557828e-10       1.891880372461e-12      -5.792784341403e-12       1.238581645164e-14       3.436930073190e-15      -1.362878276008e-16       5.681434350874e-17 
 1137       1.666539182861e-10       1.880188732219e-12      -5.670963942711e-12       1.238682830037e-14       3.425205655028e-15      -1.363201853301e-16       5.494675938908e-17 
 1138       1.665473979507e-10       1.869122765198e-12      -5.548870137283e-12       1.238771023796e-14       3.413530973192e-15      -1.362262847596e-16       5.308040370254e-17 
 1139       1.664303750541e-10       1.858685691906e-12      -5.426563155514e-12       1.238846040170e-14       3.401905748662e-15      -1.360017228867e-16       5.121581296461e-17 
 1140       1.663028300079e-10       1.848880737196e-12      -5.304103650081e-12       1.238907691853e-14       3.390329698066e-15      -1.356420692824e-16       4.935352729926e-17 
 1141       1.661647433589e-10       1.839711130264e-12      -5.181552696867e-12       1.238955790513e-14       3.378802533669e-15      -1.351428660337e-16       4.749409044666e-17 
 1142       1.660160957891e-10       1.831180104641e-12      -5.058971795884e-12       1.238990146779e-14       3.367323963364e-15      -1.344996276862e-16       4.563804977102e-17 
 1143       1.658568681165e-10       1.823290898191e-12      -4.936422872194e-12       1.239010570247e-14       3.355893690653e-15      -1.337078411863e-16       4.378595626823e-17 
 1144       1.656870412954e-10       1.816046753108e-12      -4.813968276832e-12       1.239016869474e-14       3.344511414645e-15      -1.327629658234e-16       4.193836457369e-17 
 1145       1.655065964168e-10       1.809450915910e-12      -4.691670787729e-12       1.239008851976e-14       3.333176830034e-15      -1.316604331730e-16       4.009583297002e-17 
 1146       1.653155147093e-10       1.803506637434e-12      -4.569593610634e-12       1.238986324230e-14       3.321889627098e-15      -1.303956470384e-16       3.825892339482e-17 
 1147       1.651137775392e-10       1.798217172833e-12      -4.447800380034e-12       1.238949091664e-14       3.310649491677e-15      -1.289639833934e-16       3.642820144842e-17 
 1148       1.649013664109e-10       1.793585781575e-12      -4.326355160082e-12       1.238896958662e-14       3.299456105169e-15      -1.273607903248e-16       3.460423640163e-17 
 1149       1.646782629678e-10       1.789615727430e-12      -4.205322445512e-12       1.238829728559e-14       3.288309144514e-15      -1.255813879746e-16       3.278760120350e-17 
 1150       1.644444489925e-10       1.786310278478e-12      -4.084767162567e-12       1.238747203639e-14       3.277208282186e-15      -1.236210684825e-16       3.097887248903e-17 
 1151       1.641999307310e-10       1.783671209244e-12      -3.964749761109e-12       1.238649223834e-14       3.266153219006e-15      -1.214769424450e-16       2.917856783120e-17 
 1152       1.639448122017e-10       1.781694286334e-12      -3.845311420868e-12       1.238535783359e-14       3.255143783093e-15      -1.191535040768e-16       2.738695660894e-17 
 1153       1.636792228182e-10       1.780373725476e-12      -3.726488659185e-12       1.238406915551e-14       3.244179832146e-15      -1.166571365971e-16       2.560424675306e-17 
 1154       1.634032931528e-10       1.779703684029e-12      -3.608318223265e-12       1.238262654311e-14       3.233261220725e-15      -1.139942722314e-16       2.383064728632e-17 
 1155       1.631171549389e-10       1.779678260846e-12      -3.490837090652e-12       1.238103034096e-14       3.222387800238e-15      -1.111713923213e-16       2.206636832544e-17 
 1156       1.628209410742e-10       1.780291496132e-12      -3.374082469712e-12       1.237928089929e-14       3.211559418934e-15      -1.081950274337e-16       2.031162108326e-17 
 1157       1.625147856230e-10       1.781537371304e-12      -3.258091800108e-12       1.237737857396e-14       3.200775921894e-15      -1.050717574703e-16       1.856661787073e-17 
 1158       1.621988238189e-10       1.783409808855e-12      -3.142902753277e-12       1.237532372648e-14       3.190037151023e-15      -1.018082117772e-16       1.683157209902e-17 
 1159       1.618731920677e-10       1.785902672210e-12      -3.028553232912e-12       1.237311672402e-14       3.179342945038e-15      -9.841106925447e-17       1.510669828157e-17 
 1160       1.615380279500e-10       1.789009765589e-12      -2.915081375436e-12       1.237075793943e-14       3.168693139465e-15      -9.488705846568e-17       1.339221203619e-17 
 1161       1.611934702237e-10       1.792724833863e-12      -2.802525550482e-12       1.236824775128e-14       3.158087566625e-15      -9.124295774728e-17       1.168833008710e-17 
 1162       1.608396588270e-10       1.797041562422e-12      -2.690924361373e-12       1.236558654382e-14       3.147526055627e-15      -8.748559531824e-17       9.995270266999e-18 
 1163       1.604767348808e-10       1.801953577028e-12      -2.580316645597e-12       1.236277470703e-14       3.137008432361e-15      -8.362184938951e-17       8.313251519174e-18 
 1164       1.601048406916e-10       1.807454443677e-12      -2.470741475286e-12       1.235981263663e-14       3.126534519485e-15      -7.965864827359e-17       6.642493899528e-18 
 1165       1.597241197541e-10       1.813537668462e-12      -2.362238157694e-12       1.235670073409e-14       3.116104136423e-15      -7.560297049400e-17       4.983218578668e-18 
 1166       1.593347167537e-10       1.820196697432e-12      -2.254846235677e-12       1.235343940663e-14       3.105717099348e-15      -7.146184489481e-17       3.335647843974e-18 
 1167       1.589367775697e-10       1.827424916449e-12      -2.148605488169e-12       1.235002906728e-14       3.095373221181e-15      -6.724235075019e-17       1.700005101667e-18 
 1168       1.585304492774e-10       1.835215651054e-12      -2.043555930660e-12       1.234647013484e-14       3.085072311576e-15      -6.295161787389e-17       7.651487888290e-20 
 1169       1.581158801510e-10       1.843562166322e-12      -1.939737815675e-12       1.234276303391e-14       3.074814176917e-15      -5.859682672877e-17      -1.534597174261e-18 
 1170       1.576932196667e-10       1.852457666724e-12      -1.837191633253e-12       1.233890819493e-14       3.064598620302e-15      -5.418520853633e-17      -3.133104282594e-18 
 1171       1.572626185046e-10       1.861895295991e-12      -1.735958111423e-12       1.233490605415e-14       3.054425441544e-15      -4.972404538624e-17      -4.718778543824e-18 
 1172       1.568242285520e-10       1.871868136967e-12      -1.636078216685e-12       1.233075705370e-14       3.044294437152e-15      -4.522067034582e-17      -6.291390926463e-18 
 1173       1.563782029059e-10       1.882369211475e-12      -1.537593154484e-12       1.232646164154e-14       3.034205400330e-15      -4.068246756958e-17      -7.850711267761e-18 
 1174       1.559246958756e-10       1.893391480177e-12      -1.440544369691e-12       1.232202027153e-14       3.024158120964e-15      -3.611687240875e-17      -9.396508271634e-18 
 1175       1.554638629855e-10       1.904927842431e-12      -1.344973547082e-12       1.231743340341e-14       3.014152385614e-15      -3.153137152078e-17      -1.092854950660e-17 
 1176       1.549958609778e-10       1.916971136151e-12      -1.250922611812e-12       1.231270150282e-14       3.004187977508e-15      -2.693350297888e-17      -1.244660140368e-17 
 1177       1.545208478150e-10       1.929514137674e-12      -1.158433729899e-12       1.230782504133e-14       2.994264676529e-15      -2.233085638151e-17      -1.395042925439e-17 
 1178       1.540389826829e-10       1.942549561612e-12      -1.067549308696e-12       1.230280449643e-14       2.984382259210e-15      -1.773107296193e-17      -1.543979720860e-17 
 1179       1.535504259929e-10       1.956070060716e-12      -9.783119973742e-13       1.229764035156e-14       2.974540498721e-15      -1.314184569768e-17      -1.691446827250e-17 
 1180       1.530553393850e-10       1.970068225738e-12      -8.907646873968e-13       1.229233309612e-14       2.964739164867e-15      -8.570919420149e-18      -1.837420430653e-17 
 1181       1.525538857305e-10       1.984536585287e-12      -8.049505130006e-13       1.228688322550e-14       2.954978024071e-15      -4.026090924059e-18      -1.981876602332e-17 
 1182       1.520462291343e-10       1.999467605693e-12      -7.209128516722e-13       1.228129124105e-14       2.945256839371e-15       4.847909230121e-19      -2.124791298558e-17 
 1183       1.515325349382e-10       2.014853690865e-12      -6.386953246269e-13       1.227555765015e-14       2.935575370411e-15       4.953825071102e-18      -2.266140360406e-17 
 1184       1.510129697228e-10       2.030687182152e-12      -5.583417972864e-13       1.226968296616e-14       2.925933373428e-15       9.373058178353e-18      -2.405899513549e-17 
 1185       1.504877013111e-10       2.046960358204e-12      -4.798963797569e-13       1.226366770851e-14       2.916330601250e-15       1.373448450149e-17      -2.544044368048e-17 
 1186       1.499568987703e-10       2.063665434831e-12      -4.034034273075e-13       1.225751240265e-14       2.906766803279e-15       1.803004578629e-17      -2.680550418146e-17 
 1187       1.494207324151e-10       2.080794564864e-12      -3.289075408481e-13       1.225121758009e-14       2.897241725490e-15       2.225163115810e-17      -2.815393042064e-17 
 1188       1.488793738103e-10       2.098339838015e-12      -2.564535674077e-13       1.224478377842e-14       2.887755110417e-15       2.639107701228e-17      -2.948547501788e-17 
 1189       1.483329957730e-10       2.116293280737e-12      -1.860866006123e-13       1.223821154131e-14       2.878306697148e-15       3.044016690467e-17      -3.079988942867e-17 
 1190       1.477817729086e-10       2.134646477686e-12      -1.178450294561e-13       1.223150164222e-14       2.868896246003e-15       3.439277479949e-17      -3.209699372078e-17 
 1191       1.472258832178e-10       2.153389431289e-12      -5.173959019072e-14       1.222465575845e-14       2.859523612936e-15       3.825132384995e-17      -3.337688684657e-17 
 1192       1.466655065142e-10       2.172511687891e-12       1.222594191036e-14       1.221767580540e-14       2.850188676028e-15       4.202040673044e-17      -3.463973894927e-17 
 1193       1.461008238964e-10       2.192002714712e-12       7.404782429330e-14       1.221056371367e-14       2.840891310878e-15       4.570464954657e-17      -3.588572182230e-17 
 1194       1.455320177509e-10       2.211851899672e-12       1.337223472341e-13       1.220332142905e-14       2.831631390596e-15       4.930871190717e-17      -3.711500891313e-17 
 1195       1.449592717544e-10       2.232048551224e-12       1.912458339494e-13       1.219595091263e-14       2.822408785791e-15       5.283728699621e-17      -3.832777532712e-17 
 1196       1.443827708767e-10       2.252581898179e-12       2.466146407064e-13       1.218845414075e-14       2.813223364572e-15       5.629510164480e-17      -3.952419783134e-17 
 1197       1.438027013837e-10       2.273441089535e-12       2.998251569341e-13       1.218083310511e-14       2.804074992535e-15       5.968691640309e-17      -4.070445485843e-17 
 1198       1.432192508399e-10       2.294615194307e-12       3.508738053332e-13       1.217308981273e-14       2.794963532760e-15       6.301752561228e-17      -4.186872651044e-17 
 1199       1.426326081109e-10       2.316093201351e-12       3.997570419866e-13       1.216522628605e-14       2.785888845802e-15       6.629175747655e-17      -4.301719456262e-17 
 1200       1.420429633666e-10       2.337864019197e-12       4.464713564702e-13       1.215724456291e-14       2.776850789686e-15       6.951447413501e-17      -4.415004246733e-17 
 1201       1.414505080837e-10       2.359916475873e-12       4.910132719634e-13       1.214914669661e-14       2.767849219901e-15       7.269057173367e-17      -4.526745535782e-17 
 1202       1.408554350483e-10       2.382239318737e-12       5.333793453590e-13       1.214093475593e-14       2.758883989390e-15       7.582498049741e-17      -4.636962005210e-17 
 1203       1.402579383590e-10       2.404821214303e-12       5.735661673744e-13       1.213261082520e-14       2.749954948549e-15       7.892266480188e-17      -4.745672505676e-17 
 1204       1.396582134292e-10       2.427650748069e-12       6.115703626616e-13       1.212417700426e-14       2.741061945213e-15       8.198862324553e-17      -4.852896057082e-17 
 1205       1.390564569902e-10       2.450716424347e-12       6.473885899178e-13       1.211563540857e-14       2.732204824656e-15       8.502788872151e-17      -4.958651848957e-17 
 1206       1.384528670935e-10       2.474006666090e-12       6.810175419962e-13       1.210698816920e-14       2.723383429580e-15       8.804552848965e-17      -5.062959240838e-17 
 1207       1.378476431142e-10       2.497509814718e-12       7.124539460159e-13       1.209823743285e-14       2.714597600111e-15       9.104664424844e-17      -5.165837762657e-17 
 1208       1.372409857530e-10       2.521214129953e-12       7.416945634727e-13       1.208938536194e-14       2.705847173791e-15       9.403637220691e-17      -5.267307115125e-17 
 1209       1.366330970394e-10       2.545107789638e-12       7.687361903498e-13       1.208043413458e-14       2.697131985571e-15       9.701988315668e-17      -5.367387170113e-17 
 1210       1.360241803343e-10       2.569178889572e-12       7.935756572277e-13       1.207138594465e-14       2.688451867807e-15       1.000023825438e-16      -5.466097971037e-17 
 1211       1.354144403327e-10       2.593415443339e-12       8.162098293953e-13       1.206224300180e-14       2.679806650248e-15       1.029891105410e-16      -5.563459733243e-17 
 1212       1.348040830663e-10       2.617805382128e-12       8.366356069599e-13       1.205300753150e-14       2.671196160036e-15       1.059853421190e-16      -5.659492844389e-17 
 1213       1.341933159068e-10       2.642336554571e-12       8.548499249580e-13       1.204368177508e-14       2.662620221694e-15       1.089963871193e-16      -5.754217864830e-17 
 1214       1.335823475678e-10       2.666996726564e-12       8.708497534657e-13       1.203426798973e-14       2.654078657122e-15       1.120275903256e-16      -5.847655528002e-17 
 1215       1.329713881081e-10       2.691773581101e-12       8.846320977090e-13       1.202476844857e-14       2.645571285591e-15       1.150843315358e-16      -5.939826740804e-17 
 1216       1.323606489344e-10       2.716654718097e-12       8.961939981745e-13       1.201518544068e-14       2.637097923733e-15       1.181720256341e-16      -6.030752583983e-17 
 1217       1.317503428037e-10       2.741627654219e-12       9.055325307198e-13       1.200552127109e-14       2.628658385537e-15       1.212961226629e-16      -6.120454312520e-17 
 1218       1.311406838264e-10       2.766679822713e-12       9.126448066839e-13       1.199577826087e-14       2.620252482342e-15       1.244621078947e-16      -6.208953356009e-17 
 1219       1.305318874689e-10       2.791798573236e-12       9.175279729978e-13       1.198595874713e-14       2.611880022832e-15       1.276755019042e-16      -6.296271319044e-17 
 1220       1.299241705561e-10       2.816971171677e-12       9.201792122951e-13       1.197606508306e-14       2.603540813024e-15       1.309418606401e-16      -6.382429981603e-17 
 1221       1.293177512746e-10       2.842184799992e-12       9.205957430220e-13       1.196609963795e-14       2.595234656268e-15       1.342667754971e-16      -6.467451299429e-17 
 1222       1.287128491751e-10       2.867426556029e-12       9.187748195483e-13       1.195606479726e-14       2.586961353234e-15       1.376558733879e-16      -6.551357404419e-17 
 1223       1.281096851750e-10       2.892683453357e-12       9.147137322777e-13       1.194596296260e-14       2.578720701912e-15       1.411148168152e-16      -6.634170605000e-17 
 1224       1.275084815615e-10       2.917942421093e-12       9.084098077581e-13       1.193579655182e-14       2.570512497600e-15       1.446493039436e-16      -6.715913386522e-17 
 1225       1.269094619942e-10       2.943190303734e-12       8.998604087925e-13       1.192556799900e-14       2.562336532898e-15       1.482650686713e-16      -6.796608411634e-17 
 1226       1.263128515079e-10       2.968413860978e-12       8.890629345490e-13       1.191527975449e-14       2.554192597706e-15       1.519678807025e-16      -6.876278520672e-17 
 1227       1.257188765148e-10       2.993599767561e-12       8.760148206715e-13       1.190493428497e-14       2.546080479211e-15       1.557635456193e-16      -6.954946732041e-17 
 1228       1.251277648081e-10       3.018734613079e-12       8.607135393902e-13       1.189453407344e-14       2.537999961884e-15       1.596579049532e-16      -7.032636242599e-17 
 1229       1.245397265736e-10       3.043805733773e-12       8.431614519933e-13       1.188408156989e-14       2.529950848454e-15       1.636550241869e-16      -7.109365974557e-17 
 1230       1.239548971743e-10       3.068803719055e-12       8.233804291912e-13       1.187357904242e-14       2.521933023117e-15       1.677517330240e-16      -7.185137157415e-17 
 1231       1.233733936905e-10       3.093719934456e-12       8.013974048684e-13       1.186302872440e-14       2.513946389066e-15       1.719430203233e-16      -7.259946587193e-17 
 1232       1.227953338507e-10       3.118545692264e-12       7.772395399912e-13       1.185243286374e-14       2.505990847572e-15       1.762238402073e-16      -7.333791065469e-17 
 1233       1.222208360320e-10       3.143272251423e-12       7.509342231035e-13       1.184179372292e-14       2.498066297979e-15       1.805891119905e-16      -7.406667399406e-17 
 1234       1.216500192616e-10       3.167890817428e-12       7.225090708227e-13       1.183111357901e-14       2.490172637699e-15       1.850337201070e-16      -7.478572401788e-17 
 1235       1.210830032183e-10       3.192392542212e-12       6.919919283350e-13       1.182039472371e-14       2.482309762210e-15       1.895525140391e-16      -7.549502891047e-17 
 1236       1.205199082331e-10       3.216768524049e-12       6.594108698913e-13       1.180963946338e-14       2.474477565045e-15       1.941403082451e-16      -7.619455691291e-17 
 1237       1.199608552912e-10       3.241009807444e-12       6.247941993030e-13       1.179885011907e-14       2.466675937793e-15       1.987918820876e-16      -7.688427632341e-17 
 1238       1.194059660326e-10       3.265107383026e-12       5.881704504372e-13       1.178802902652e-14       2.458904770091e-15       2.035019797614e-16      -7.756415549754e-17 
 1239       1.188553627535e-10       3.289052187447e-12       5.495683877129e-13       1.177717853623e-14       2.451163949619e-15       2.082653102219e-16      -7.823416284857e-17 
 1240       1.183091684078e-10       3.312835103270e-12       5.090170065964e-13       1.176630101348e-14       2.443453362097e-15       2.130765471129e-16      -7.889426684779e-17 
 1241       1.177675066079e-10       3.336446958868e-12       4.665455340970e-13       1.175539883834e-14       2.435772891276e-15       2.179303286950e-16      -7.954443602475e-17 
 1242       1.172305016261e-10       3.359878528318e-12       4.221834292628e-13       1.174447440570e-14       2.428122418937e-15       2.228212577733e-16      -8.018463896764e-17 
 1243       1.166982783960e-10       3.383120531293e-12       3.759603836760e-13       1.173353012533e-14       2.420501824886e-15       2.277439016260e-16      -8.081484432353e-17 
 1244       1.161709625135e-10       3.406163632956e-12       3.279063219491e-13       1.172256842187e-14       2.412910986945e-15       2.326927919324e-16      -8.143502079871e-17 
 1245       1.156486802380e-10       3.428998443857e-12       2.780514022203e-13       1.171159173488e-14       2.405349780951e-15       2.376624247005e-16      -8.204513715898e-17 
 1246       1.151315584938e-10       3.451615519827e-12       2.264260166489e-13       1.170060251888e-14       2.397818080750e-15       2.426472601958e-16      -8.264516222994e-17 
 1247       1.146197248714e-10       3.474005361869e-12       1.730607919116e-13       1.168960324335e-14       2.390315758191e-15       2.476417228691e-16      -8.323506489732e-17 
 1248       1.141133076282e-10       3.496158416055e-12       1.179865896975e-13       1.167859639277e-14       2.382842683121e-15       2.526402012845e-16      -8.381481410725e-17 
 1249       1.136124356904e-10       3.518065073420e-12       6.123450720447e-14       1.166758446667e-14       2.375398723383e-15       2.576370480476e-16      -8.438437886661e-17 
 1250       1.131172386537e-10       3.539715669855e-12       2.835877634138e-15       1.165656997963e-14       2.367983744806e-15       2.626265797339e-16      -8.494372824327e-17 
 1251       1.126278467849e-10       3.561100486003e-12      -5.717772931200e-14       1.164555546132e-14       2.360597611204e-15       2.676030768164e-16      -8.549283136645e-17 
 1252       1.121443910229e-10       3.582209747153e-12      -1.187745069371e-13       1.163454345653e-14       2.353240184370e-15       2.725607835940e-16      -8.603165742698e-17 
 1253       1.116670029799e-10       3.603033623133e-12      -1.819224110531e-13       1.162353652520e-14       2.345911324070e-15       2.774939081196e-16      -8.656017567763e-17 
 1254       1.111958149428e-10       3.623562228204e-12      -2.465891594853e-13       1.161253724246e-14       2.338610888039e-15       2.823966221283e-16      -8.707835543341e-17 
 1255       1.107309598743e-10       3.643785620955e-12      -3.127422315766e-13       1.160154819863e-14       2.331338731977e-15       2.872630609652e-16      -8.758616607186e-17 
 1256       1.102725714142e-10       3.663693804201e-12      -3.803488676916e-13       1.159057199927e-14       2.324094709539e-15       2.920873235138e-16      -8.808357703335e-17 
 1257       1.098207838806e-10       3.683276724868e-12      -4.493760687214e-13       1.157961126520e-14       2.316878672339e-15       2.968634721240e-16      -8.857055782139e-17 
 1258       1.093757322709e-10       3.702524273899e-12      -5.197905955875e-13       1.156866863255e-14       2.309690469936e-15       3.015855325402e-16      -8.904707800296e-17 
 1259       1.089375522634e-10       3.721426286138e-12      -5.915589687463e-13       1.155774675276e-14       2.302529949834e-15       3.062474938294e-16      -8.951310720876e-17 
 1260       1.085063802184e-10       3.739972540229e-12      -6.646474676933e-13       1.154684829262e-14       2.295396957476e-15       3.108433083094e-16      -8.996861513354e-17 
 1261       1.080823531793e-10       3.758152758512e-12      -7.390221304678e-13       1.153597593431e-14       2.288291336238e-15       3.153668914767e-16      -9.041357153642e-17 
 1262       1.076656088737e-10       3.775956606913e-12      -8.146487531568e-13       1.152513237541e-14       2.281212927427e-15       3.198121219351e-16      -9.084794624116e-17 
 1263       1.072562857152e-10       3.793373694840e-12      -8.914928893995e-13       1.151432032895e-14       2.274161570272e-15       3.241728413231e-16      -9.127170913648e-17 
 1264       1.068545228040e-10       3.810393575080e-12      -9.695198498915e-13       1.150354252341e-14       2.267137101920e-15       3.284428542426e-16      -9.168483017636e-17 
 1265       1.064604599284e-10       3.827005743687e-12      -1.048694701890e-12       1.149280170278e-14       2.260139357434e-15       3.326159281866e-16      -9.208727938033e-17 
 1266       1.060742375660e-10       3.843199639884e-12      -1.128982268715e-12       1.148210062659e-14       2.253168169786e-15       3.366857934677e-16      -9.247902683381e-17 
 1267       1.056959968851e-10       3.858964645951e-12      -1.210347129260e-12       1.147144206989e-14       2.246223369850e-15       3.406461431459e-16      -9.286004268836e-17 
 1268       1.053258553611e-10       3.874291528644e-12      -1.292753287232e-12       1.146082856132e-14       2.239304802034e-15       3.444923456570e-16      -9.323029885825e-17 
 1269       1.049638333177e-10       3.889176781853e-12      -1.376163175723e-12       1.145026159376e-14       2.232412371371e-15       3.482266044533e-16      -9.358977413077e-17 
 1270       1.046099265418e-10       3.903618333798e-12      -1.460538640177e-12       1.143974240462e-14       2.225545996962e-15       3.518528577078e-16      -9.393844911542e-17 
 1271       1.042641305897e-10       3.917614110059e-12      -1.545841267091e-12       1.142927223702e-14       2.218705596383e-15       3.553750710662e-16      -9.427630455349e-17 
 1272       1.039264407872e-10       3.931162033571e-12      -1.632032383492e-12       1.141885233981e-14       2.211891085685e-15       3.587972377030e-16      -9.460332131843e-17 
 1273       1.035968522285e-10       3.944260024629e-12      -1.719073056415e-12       1.140848396762e-14       2.205102379388e-15       3.621233783774e-16      -9.491948041633e-17 
 1274       1.032753597759e-10       3.956906000888e-12      -1.806924092387e-12       1.139816838079e-14       2.198339390478e-15       3.653575414887e-16      -9.522476298632e-17 
 1275       1.029619580593e-10       3.969097877366e-12      -1.895546036901e-12       1.138790684545e-14       2.191602030404e-15       3.685038031324e-16      -9.551915030103e-17 
 1276       1.026566414751e-10       3.980833566445e-12      -1.984899173903e-12       1.137770063349e-14       2.184890209073e-15       3.715662671562e-16      -9.580262376699e-17 
 1277       1.023594041862e-10       3.992110977875e-12      -2.074943525266e-12       1.136755102259e-14       2.178203834846e-15       3.745490652155e-16      -9.607516492507e-17 
 1278       1.020702401211e-10       4.002928018771e-12      -2.165638850269e-12       1.135745929620e-14       2.171542814534e-15       3.774563568294e-16      -9.633675545090e-17 
 1279       1.017891429731e-10       4.013282593620e-12      -2.256944645083e-12       1.134742674361e-14       2.164907053398e-15       3.802923294367e-16      -9.658737715532e-17 
 1280       1.015161062004e-10       4.023172604279e-12      -2.348820142244e-12       1.133745465988e-14       2.158296455138e-15       3.830611984514e-16      -9.682701198479e-17 
 1281       1.012511230245e-10       4.032595949979e-12      -2.441224310137e-12       1.132754434591e-14       2.151710921896e-15       3.857672073187e-16      -9.705564202183e-17 
 1282       1.009941864308e-10       4.041550527326e-12      -2.534115852473e-12       1.131769710842e-14       2.145150354249e-15       3.884146275710e-16      -9.727324948544e-17 
 1283       1.007452891668e-10       4.050034230302e-12      -2.627453207772e-12       1.130791425998e-14       2.138614651204e-15       3.910077588834e-16      -9.747981673154e-17 
 1284       1.005044237423e-10       4.058044950267e-12      -2.721194548838e-12       1.129819711900e-14       2.132103710197e-15       3.935509291299e-16      -9.767532625338e-17 
 1285       1.002715824287e-10       4.065580575964e-12      -2.815297782242e-12       1.128854700975e-14       2.125617427089e-15       3.960484944389e-16      -9.785976068200e-17 
 1286       1.000467572582e-10       4.072638993515e-12      -2.909720547802e-12       1.127896526235e-14       2.119155696159e-15       3.985048392492e-16      -9.803310278663e-17 
 1287       9.982994002307e-11       4.079218086428e-12      -3.004420218062e-12       1.126945321283e-14       2.112718410103e-15       4.009243763658e-16      -9.819533547513e-17 
 1288       9.962112227559e-11       4.085315735594e-12      -3.099353897768e-12       1.126001220308e-14       2.106305460030e-15       4.033115470160e-16      -9.834644179441e-17 
 1289       9.942029532698e-11       4.090929819293e-12      -3.194478423356e-12       1.125064358089e-14       2.099916735458e-15       4.056708209048e-16      -9.848640493091e-17 
 1290       9.922745024700e-11       4.096058213194e-12      -3.289750362422e-12       1.124134869995e-14       2.093552124309e-15       4.080066962708e-16      -9.861520821093e-17 
 1291       9.904257786330e-11       4.100698790357e-12      -3.385126013211e-12       1.123212891988e-14       2.087211512907e-15       4.103236999425e-16      -9.873283510115e-17 
 1292       9.886566876089e-11       4.104849421234e-12      -3.480561404088e-12       1.122298560621e-14       2.080894785970e-15       4.126263873935e-16      -9.883926920903e-17 
 1293       9.869671328145e-11       4.108507973671e-12      -3.576012293025e-12       1.121392013040e-14       2.074601826615e-15       4.149193427989e-16      -9.893449428322e-17 
 1294       9.853570152282e-11       4.111672312912e-12      -3.671434167076e-12       1.120493386987e-14       2.068332516343e-15       4.172071790907e-16      -9.901849421400e-17 
 1295       9.838262333837e-11       4.114340301596e-12      -3.766782241858e-12       1.119602820797e-14       2.062086735045e-15       4.194945380138e-16      -9.909125303373e-17 
 1296       9.823746833639e-11       4.116509799764e-12      -3.862011461032e-12       1.118720453404e-14       2.055864360990e-15       4.217860901821e-16      -9.915275491726e-17 
 1297       9.810022587952e-11       4.118178664858e-12      -3.957076495781e-12       1.117846424335e-14       2.049665270830e-15       4.240865351337e-16      -9.920298418234e-17 
 1298       9.797088508417e-11       4.119344751722e-12      -4.051931744291e-12       1.116980873718e-14       2.043489339586e-15       4.264006013875e-16      -9.924192529009e-17 
 1299       9.784943481988e-11       4.120005912606e-12      -4.146531331229e-12       1.116123942281e-14       2.037336440654e-15       4.287330464985e-16      -9.926956284542e-17 
 1300       9.773586370876e-11       4.120159997166e-12      -4.240829107225e-12       1.115275771348e-14       2.031206445793e-15       4.310886571137e-16      -9.928588159741e-17 
 1301       9.763016012487e-11       4.119804852468e-12      -4.334778648350e-12       1.114436502847e-14       2.025099225128e-15       4.334722490282e-16      -9.929086643981e-17 
 1302       9.753231219367e-11       4.118938322986e-12      -4.428333255595e-12       1.113606279306e-14       2.019014647139e-15       4.358886672409e-16      -9.928450241143e-17 
 1303       9.744230779136e-11       4.117558250607e-12      -4.521445954354e-12       1.112785243858e-14       2.012952578666e-15       4.383427860100e-16      -9.926677469657e-17 
 1304       9.736013454435e-11       4.115662474632e-12      -4.614069493900e-12       1.111973540238e-14       2.006912884898e-15       4.408395089095e-16      -9.923766862545e-17 
 1305       9.728577982862e-11       4.113248831778e-12      -4.706156346866e-12       1.111171312785e-14       2.000895429370e-15       4.433837688845e-16      -9.919716967467e-17 
 1306       9.721923076916e-11       4.110315156179e-12      -4.797658708726e-12       1.110378706446e-14       1.994900073963e-15       4.459805283073e-16      -9.914526346759e-17 
 1307       9.716045905890e-11       4.106860453000e-12      -4.888532210984e-12       1.109595836880e-14       1.988926691540e-15       4.486332569681e-16      -9.908194781281e-17 
 1308       9.710937523100e-11       4.102888433653e-12      -4.978747107247e-12       1.108822700422e-14       1.982975204029e-15       4.513393473039e-16      -9.900726896613e-17 
 1309       9.706587387389e-11       4.098404020133e-12      -5.068277211252e-12       1.108059263119e-14       1.977045544758e-15       4.540946479930e-16      -9.892128577505e-17 
 1310       9.702984876358e-11       4.093412175076e-12      -5.157096194244e-12       1.107305490523e-14       1.971137645851e-15       4.568949813164e-16      -9.882405767889e-17 
 1311       9.700119286207e-11       4.087917901842e-12      -5.245177584722e-12       1.106561347695e-14       1.965251438221e-15       4.597361431065e-16      -9.871564471000e-17 
 1312       9.697979831562e-11       4.081926244602e-12      -5.332494768175e-12       1.105826799203e-14       1.959386851571e-15       4.626139026964e-16      -9.859610749510e-17 
 1313       9.696555645316e-11       4.075442288419e-12      -5.419020986827e-12       1.105101809119e-14       1.953543814387e-15       4.655240028688e-16      -9.846550725647e-17 
 1314       9.695835778456e-11       4.068471159334e-12      -5.504729339369e-12       1.104386341020e-14       1.947722253939e-15       4.684621598046e-16      -9.832390581330e-17 
 1315       9.695809199904e-11       4.061018024451e-12      -5.589592780711e-12       1.103680357984e-14       1.941922096276e-15       4.714240630327e-16      -9.817136558293e-17 
 1316       9.696464796345e-11       4.053088092019e-12      -5.673584121711e-12       1.102983822595e-14       1.936143266223e-15       4.744053753782e-16      -9.800794958211e-17 
 1317       9.697791372064e-11       4.044686611515e-12      -5.756676028923e-12       1.102296696933e-14       1.930385687379e-15       4.774017329121e-16      -9.783372142831e-17 
 1318       9.699777648779e-11       4.035818873734e-12      -5.838841024337e-12       1.101618942579e-14       1.924649282114e-15       4.804087448994e-16      -9.764874534097e-17 
 1319       9.702412265478e-11       4.026490210866e-12      -5.920051485112e-12       1.100950520613e-14       1.918933971565e-15       4.834219937492e-16      -9.745308614278e-17 
 1320       9.705683778246e-11       4.016705996586e-12      -6.000279643326e-12       1.100291391613e-14       1.913239675632e-15       4.864370349627e-16      -9.724680926096e-17 
 1321       9.709580660108e-11       4.006471646134e-12      -6.079497585712e-12       1.099641515650e-14       1.907566312981e-15       4.894493970830e-16      -9.702998072851e-17 
 1322       9.714091300854e-11       3.995792616401e-12      -6.157677253395e-12       1.099000852292e-14       1.901913801032e-15       4.924545816433e-16      -9.680266718553e-17 
 1323       9.719204006880e-11       3.984674406013e-12      -6.234790441640e-12       1.098369360600e-14       1.896282055963e-15       4.954480631167e-16      -9.656493588045e-17 
 1324       9.724907001020e-11       3.973122555416e-12      -6.310808799585e-12       1.097746999129e-14       1.890670992707e-15       4.984252888647e-16      -9.631685467131e-17 
 1325       9.731188422377e-11       3.961142646957e-12      -6.385703829986e-12       1.097133725922e-14       1.885080524944e-15       5.013816790861e-16      -9.605849202707e-17 
 1326       9.738036326160e-11       3.948740304973e-12      -6.459446888956e-12       1.096529498516e-14       1.879510565103e-15       5.043126267666e-16      -9.578991702884e-17 
 1327       9.745438683519e-11       3.935921195870e-12      -6.532009185706e-12       1.095934273935e-14       1.873961024355e-15       5.072134976271e-16      -9.551119937118e-17 
 1328       9.753383381375e-11       3.922691028211e-12      -6.603361782283e-12       1.095348008691e-14       1.868431812614e-15       5.100796300732e-16      -9.522240936336e-17 
 1329       9.761858222257e-11       3.909055552799e-12      -6.673475593312e-12       1.094770658784e-14       1.862922838532e-15       5.129063351438e-16      -9.492361793066e-17 
 1330       9.770850924136e-11       3.895020562760e-12      -6.742321385740e-12       1.094202179697e-14       1.857434009497e-15       5.156888964605e-16      -9.461489661560e-17 
 1331       9.780349120258e-11       3.880591893628e-12      -6.809869778568e-12       1.093642526401e-14       1.851965231628e-15       5.184225701763e-16      -9.429631757925e-17 
 1332       9.790340358976e-11       3.865775423430e-12      -6.876091242599e-12       1.093091653347e-14       1.846516409774e-15       5.211025849248e-16      -9.396795360250e-17 
 1333       9.800812103590e-11       3.850577072770e-12      -6.940956100176e-12       1.092549514471e-14       1.841087447511e-15       5.237241417689e-16      -9.362987808732e-17 
 1334       9.811751732175e-11       3.835002804909e-12      -7.004434524920e-12       1.092016063187e-14       1.835678247138e-15       5.262824141502e-16      -9.328216505805e-17 
 1335       9.823146537416e-11       3.819058625857e-12      -7.066496541474e-12       1.091491252392e-14       1.830288709676e-15       5.287725478376e-16      -9.292488916264e-17 
 1336       9.834983726445e-11       3.802750584451e-12      -7.127112025241e-12       1.090975034460e-14       1.824918734861e-15       5.311896608766e-16      -9.255812567398e-17 
 1337       9.847250420673e-11       3.786084772439e-12      -7.186250702125e-12       1.090467361242e-14       1.819568221147e-15       5.335288435381e-16      -9.218195049114e-17 
 1338       9.859933655623e-11       3.769067324569e-12      -7.243882148273e-12       1.089968184067e-14       1.814237065699e-15       5.357851582677e-16      -9.179644014063e-17 
 1339       9.873020380767e-11       3.751704418669e-12      -7.299975789812e-12       1.089477453738e-14       1.808925164389e-15       5.379536396342e-16      -9.140167177769e-17 
 1340       9.886497459356e-11       3.734002275731e-12      -7.354500902591e-12       1.088995120532e-14       1.803632411798e-15       5.400292942789e-16      -9.099772318760e-17 
 1341       9.900351668258e-11       3.715967159999e-12      -7.407426611923e-12       1.088521134200e-14       1.798358701208e-15       5.420071008648e-16      -9.058467278689e-17 
 1342       9.914569697787e-11       3.697605379050e-12      -7.458721892324e-12       1.088055443965e-14       1.793103924601e-15       5.438820100252e-16      -9.016259962464e-17 
 1343       9.929138151544e-11       3.678923283876e-12      -7.508355567253e-12       1.087597998518e-14       1.787867972659e-15       5.456489443128e-16      -8.973158338379e-17 
 1344       9.944043546244e-11       3.659927268975e-12      -7.556296308852e-12       1.087148746023e-14       1.782650734754e-15       5.473027981489e-16      -8.929170438235e-17 
 1345       9.959272311554e-11       3.640623772429e-12      -7.602512637689e-12       1.086707634110e-14       1.777452098954e-15       5.488384377721e-16      -8.884304357472e-17 
 1346       9.974810891339e-11       3.621019563249e-12      -7.646978053658e-12       1.086274593829e-14       1.772271962030e-15       5.502521099315e-16      -8.838568613247e-17 
 1347       9.990646048936e-11       3.601122606655e-12      -7.689686490217e-12       1.085849491310e-14       1.767110259641e-15       5.515456848121e-16      -8.791973222678e-17 
 1348       1.000676456487e-10       3.580941208365e-12      -7.730637027519e-12       1.085432175576e-14       1.761966936470e-15       5.527224591003e-16      -8.744528636564e-17 
 1349       1.002315313557e-10       3.560483728287e-12      -7.769828776563e-12       1.085022494539e-14       1.756841936243e-15       5.537857514639e-16      -8.696245382653e-17 
 1350       1.003979837322e-10       3.539758580630e-12      -7.807260879271e-12       1.084620295000e-14       1.751735201717e-15       5.547389025945e-16      -8.647134065786e-17 
 1351       1.005668680561e-10       3.518774233999e-12      -7.842932508572e-12       1.084225422642e-14       1.746646674687e-15       5.555852752498e-16      -8.597205368054e-17 
 1352       1.007380487595e-10       3.497539211503e-12      -7.876842868478e-12       1.083837722036e-14       1.741576295974e-15       5.563282542955e-16      -8.546470048947e-17 
 1353       1.009113894275e-10       3.476062090857e-12      -7.908991194166e-12       1.083457036632e-14       1.736524005433e-15       5.569712467477e-16      -8.494938945503e-17 
 1354       1.010867527959e-10       3.454351504484e-12      -7.939376752058e-12       1.083083208757e-14       1.731489741941e-15       5.575176818155e-16      -8.442622972463e-17 
 1355       1.012640007506e-10       3.432416139622e-12      -7.967998839902e-12       1.082716079617e-14       1.726473443403e-15       5.579710109427e-16      -8.389533122420e-17 
 1356       1.014429943251e-10       3.410264738421e-12      -7.994856786847e-12       1.082355489292e-14       1.721475046743e-15       5.583347078501e-16      -8.335680465967e-17 
 1357       1.016235936994e-10       3.387906098052e-12      -8.019949953530e-12       1.082001276734e-14       1.716494487906e-15       5.586122685783e-16      -8.281076151856e-17 
 1358       1.018056581984e-10       3.365349070806e-12      -8.043277732151e-12       1.081653279765e-14       1.711531701855e-15       5.588072115293e-16      -8.225731407140e-17 
 1359       1.019890462901e-10       3.342602564199e-12      -8.064839546555e-12       1.081311335075e-14       1.706586622567e-15       5.589230775088e-16      -8.169657537333e-17 
 1360       1.021736155840e-10       3.319675541077e-12      -8.084634852312e-12       1.080975278219e-14       1.701659183032e-15       5.589634297689e-16      -8.112865926552e-17 
 1361       1.023592228299e-10       3.296577019715e-12      -8.102663136796e-12       1.080644943615e-14       1.696749315253e-15       5.589318540500e-16      -8.055368037676e-17 
 1362       1.025457239156e-10       3.273316073924e-12      -8.118923919265e-12       1.080320164545e-14       1.691856950237e-15       5.588319586229e-16      -7.997175412492e-17 
 1363       1.027329738662e-10       3.249901833150e-12      -8.133416750943e-12       1.080000773145e-14       1.686982018002e-15       5.586673743313e-16      -7.938299671849e-17 
 1364       1.029208268417e-10       3.226343482582e-12      -8.146141215098e-12       1.079686600413e-14       1.682124447566e-15       5.584417546341e-16      -7.878752515807e-17 
 1365       1.031091361359e-10       3.202650263251e-12      -8.157096927122e-12       1.079377476198e-14       1.677284166950e-15       5.581587756473e-16      -7.818545723790e-17 
 1366       1.032977541744e-10       3.178831472137e-12      -8.166283534613e-12       1.079073229202e-14       1.672461103175e-15       5.578221361864e-16      -7.757691154736e-17 
 1367       1.034865325136e-10       3.154896462269e-12      -8.173700717452e-12       1.078773686978e-14       1.667655182257e-15       5.574355578088e-16      -7.696200747248e-17 
 1368       1.036753218386e-10       3.130854642829e-12      -8.179348187884e-12       1.078478675925e-14       1.662866329210e-15       5.570027848558e-16      -7.634086519744e-17 
 1369       1.038639719618e-10       3.106715479255e-12      -8.183225690601e-12       1.078188021291e-14       1.658094468037e-15       5.565275844951e-16      -7.571360570613e-17 
 1370       1.040523318211e-10       3.082488493345e-12      -8.185333002817e-12       1.077901547163e-14       1.653339521733e-15       5.560137467627e-16      -7.508035078360e-17 
 1371       1.042402494787e-10       3.058183263361e-12      -8.185669934352e-12       1.077619076474e-14       1.648601412281e-15       5.554650846053e-16      -7.444122301759e-17 
 1372       1.044275721192e-10       3.033809424130e-12      -8.184236327710e-12       1.077340430991e-14       1.643880060649e-15       5.548854339226e-16      -7.379634580008e-17 
 1373       1.046141460481e-10       3.009376667146e-12      -8.181032058160e-12       1.077065431322e-14       1.639175386789e-15       5.542786536096e-16      -7.314584332873e-17 
 1374       1.047998166903e-10       2.984894740679e-12      -8.176057033815e-12       1.076793896908e-14       1.634487309634e-15       5.536486255985e-16      -7.248984060846e-17 
 1375       1.049844285882e-10       2.960373449872e-12      -8.169311195711e-12       1.076525646021e-14       1.629815747096e-15       5.529992549013e-16      -7.182846345292e-17 
 1376       1.051678254005e-10       2.935822656846e-12      -8.160794517892e-12       1.076260495765e-14       1.625160616063e-15       5.523344696518e-16      -7.116183848602e-17 
 1377       1.053498499003e-10       2.911252280804e-12      -8.150507007483e-12       1.075998262072e-14       1.620521832397e-15       5.516582211481e-16      -7.049009314340e-17 
 1378       1.055303439737e-10       2.886672298137e-12      -8.138448704775e-12       1.075738759698e-14       1.615899310934e-15       5.509744838944e-16      -6.981335567403e-17 
 1379       1.057091486182e-10       2.862092742518e-12      -8.124619683303e-12       1.075481802225e-14       1.611292965478e-15       5.502872556438e-16      -6.913175514161e-17 
 1380       1.058861039409e-10       2.837523705017e-12      -8.109020049927e-12       1.075227202053e-14       1.606702708801e-15       5.496005574400e-16      -6.844542142618e-17 
 1381       1.060610491572e-10       2.812975334195e-12      -8.091649944911e-12       1.074974770404e-14       1.602128452640e-15       5.489184336598e-16      -6.775448522555e-17 
 1382       1.062338225888e-10       2.788457836211e-12      -8.072509542004e-12       1.074724317316e-14       1.597570107696e-15       5.482449520556e-16      -6.705907805687e-17 
 1383       1.064042616627e-10       2.763981474925e-12      -8.051599048517e-12       1.074475651641e-14       1.593027583630e-15       5.475842037969e-16      -6.635933225812e-17 
 1384       1.065722029091e-10       2.739556572000e-12      -8.028918705409e-12       1.074228581044e-14       1.588500789060e-15       5.469403035133e-16      -6.565538098961e-17 
 1385       1.067374960283e-10       2.715192861211e-12      -8.004472299352e-12       1.073982917210e-14       1.583989639616e-15       5.463164212708e-16      -6.494735392031e-17 
 1386       1.069000462563e-10       2.690897543698e-12      -7.978277739361e-12       1.073738491532e-14       1.579494082183e-15       5.457118672345e-16      -6.423536423398e-17 
 1387       1.070597724435e-10       2.666677212383e-12      -7.950356591996e-12       1.073495139584e-14       1.575014070904e-15       5.451249763085e-16      -6.351952148881e-17 
 1388       1.072165930261e-10       2.642538495968e-12      -7.920730579807e-12       1.073252695925e-14       1.570549559156e-15       5.445540733910e-16      -6.279993592148e-17 
 1389       1.073704260252e-10       2.618488058995e-12      -7.889421581627e-12       1.073010994098e-14       1.566100499540e-15       5.439974733554e-16      -6.207671844836e-17 
 1390       1.075211890465e-10       2.594532601911e-12      -7.856451632876e-12       1.072769866623e-14       1.561666843884e-15       5.434534810323e-16      -6.134998066674e-17 
 1391       1.076687992791e-10       2.570678861128e-12      -7.821842925863e-12       1.072529145004e-14       1.557248543238e-15       5.429203911912e-16      -6.061983485610e-17 
 1392       1.078131734953e-10       2.546933609090e-12      -7.785617810076e-12       1.072288659717e-14       1.552845547876e-15       5.423964885223e-16      -5.988639397934e-17 
 1393       1.079542280495e-10       2.523303654332e-12      -7.747798792492e-12       1.072048240218e-14       1.548457807292e-15       5.418800476181e-16      -5.914977168403e-17 
 1394       1.080918788775e-10       2.499795841546e-12      -7.708408537872e-12       1.071807714932e-14       1.544085270198e-15       5.413693329550e-16      -5.841008230362e-17 
 1395       1.082260414962e-10       2.476417051638e-12      -7.667469869058e-12       1.071566911258e-14       1.539727884522e-15       5.408625988753e-16      -5.766744085873e-17 
 1396       1.083566310022e-10       2.453174201799e-12      -7.625005767277e-12       1.071325655563e-14       1.535385597410e-15       5.403580895689e-16      -5.692196305834e-17 
 1397       1.084835620719e-10       2.430074245562e-12      -7.581039372439e-12       1.071083773183e-14       1.531058355218e-15       5.398540390546e-16      -5.617376530107e-17 
 1398       1.086067489600e-10       2.407124172866e-12      -7.535593983435e-12       1.070841088419e-14       1.526746103515e-15       5.393486711624e-16      -5.542296467641e-17 
 1399       1.087261054993e-10       2.384331010119e-12      -7.488693058440e-12       1.070597424536e-14       1.522448787080e-15       5.388401995148e-16      -5.466967896595e-17 
 1400       1.088415450999e-10       2.361701820261e-12      -7.440360215207e-12       1.070352603760e-14       1.518166349899e-15       5.383268275088e-16      -5.391402664463e-17 
 1401       1.089529807483e-10       2.339243702828e-12      -7.390619231374e-12       1.070106447278e-14       1.513898735164e-15       5.378067482973e-16      -5.315612688199e-17 
 1402       1.090603250069e-10       2.316963794012e-12      -7.339494044756e-12       1.069858775235e-14       1.509645885273e-15       5.372781447713e-16      -5.239609954338e-17 
 1403       1.091634900130e-10       2.294869266726e-12      -7.287008753649e-12       1.069609406732e-14       1.505407741825e-15       5.367391895410e-16      -5.163406519126e-17 
 1404       1.092623874786e-10       2.272967330665e-12      -7.233187617129e-12       1.069358159825e-14       1.501184245621e-15       5.361880449181e-16      -5.087014508638e-17 
 1405       1.093569286891e-10       2.251265232372e-12      -7.178055055350e-12       1.069104851522e-14       1.496975336660e-15       5.356228628972e-16      -5.010446118904e-17 
 1406       1.094470245029e-10       2.229770255296e-12      -7.121635649847e-12       1.068849297782e-14       1.492780954140e-15       5.350417851375e-16      -4.933713616036e-17 
 1407       1.095325853507e-10       2.208489719859e-12      -7.063954143829e-12       1.068591313511e-14       1.488601036453e-15       5.344429429447e-16      -4.856829336347e-17 
 1408       1.096135212347e-10       2.187430983518e-12      -7.005035442487e-12       1.068330712564e-14       1.484435521186e-15       5.338244572527e-16      -4.779805686482e-17 
 1409       1.096897417280e-10       2.166601440825e-12      -6.944904613285e-12       1.068067307741e-14       1.480284345117e-15       5.331844386051e-16      -4.702655143534e-17 
 1410       1.097611559735e-10       2.146008523493e-12      -6.883586886268e-12       1.067800910783e-14       1.476147444215e-15       5.325209871372e-16      -4.625390255174e-17 
 1411       1.098276726840e-10       2.125659700456e-12      -6.821107654354e-12       1.067531332373e-14       1.472024753637e-15       5.318321925575e-16      -4.548023639774e-17 
 1412       1.098892001403e-10       2.105562477937e-12      -6.757492473637e-12       1.067258382134e-14       1.467916207728e-15       5.311161341296e-16      -4.470567986530e-17 
 1413       1.099456461918e-10       2.085724399503e-12      -6.692767063688e-12       1.066981868627e-14       1.463821740015e-15       5.303708806538e-16      -4.393036055585e-17 
 1414       1.099969182548e-10       2.066153046134e-12      -6.626957307852e-12       1.066701599346e-14       1.459741283213e-15       5.295944904488e-16      -4.315440678157e-17 
 1415       1.100429233121e-10       2.046856036284e-12      -6.560089253547e-12       1.066417380721e-14       1.455674769214e-15       5.287850113336e-16      -4.237794756660e-17 
 1416       1.100835679125e-10       2.027841025942e-12      -6.492189112568e-12       1.066129018111e-14       1.451622129092e-15       5.279404806089e-16      -4.160111264830e-17 
 1417       1.101187581697e-10       2.009115708698e-12      -6.423283261381e-12       1.065836315809e-14       1.447583293097e-15       5.270589250393e-16      -4.082403247845e-17 
 1418       1.101483997620e-10       1.990687815802e-12      -6.353398241425e-12       1.065539077032e-14       1.443558190659e-15       5.261383608345e-16      -4.004683822455e-17 
 1419       1.101723979312e-10       1.972565116232e-12      -6.282560759412e-12       1.065237103925e-14       1.439546750378e-15       5.251767936313e-16      -3.926966177104e-17 
 1420       1.101906574822e-10       1.954755416749e-12      -6.210797687626e-12       1.064930197556e-14       1.435548900030e-15       5.241722184753e-16      -3.849263572050e-17 
 1421       1.102030827820e-10       1.937266561970e-12      -6.138136064224e-12       1.064618157917e-14       1.431564566559e-15       5.231226198027e-16      -3.771589339497e-17 
 1422       1.102095777593e-10       1.920106434420e-12      -6.064603093532e-12       1.064300783919e-14       1.427593676080e-15       5.220259714217e-16      -3.693956883711e-17 
 1423       1.102100459035e-10       1.903282954604e-12      -5.990226146347e-12       1.063977873391e-14       1.423636153875e-15       5.208802364947e-16      -3.616379681149e-17 
 1424       1.102044075635e-10       1.886802982926e-12      -5.915032962452e-12       1.063649243862e-14       1.419691930950e-15       5.196839619908e-16      -3.538870057010e-17 
 1425       1.101926520394e-10       1.870669013005e-12      -5.839052259831e-12       1.063314795129e-14       1.415760963777e-15       5.184380687610e-16      -3.461435500887e-17 
 1426       1.101747860244e-10       1.854882444527e-12      -5.762313132307e-12       1.062974447329e-14       1.411843214754e-15       5.171440798108e-16      -3.384082313523e-17 
 1427       1.101508163542e-10       1.839444678298e-12      -5.684844848203e-12       1.062628120209e-14       1.407938645659e-15       5.158035275143e-16      -3.306816827002e-17 
 1428       1.101207500073e-10       1.824357116242e-12      -5.606676850656e-12       1.062275733131e-14       1.404047217651e-15       5.144179536307e-16      -3.229645404799e-17 
 1429       1.100845941053e-10       1.809621161399e-12      -5.527838757928e-12       1.061917205068e-14       1.400168891267e-15       5.129889093214e-16      -3.152574441838e-17 
 1430       1.100423559135e-10       1.795238217923e-12      -5.448360363718e-12       1.061552454603e-14       1.396303626425e-15       5.115179551669e-16      -3.075610364533e-17 
 1431       1.099940428405e-10       1.781209691080e-12      -5.368271637471e-12       1.061181399931e-14       1.392451382414e-15       5.100066611835e-16      -2.998759630852e-17 
 1432       1.099396624395e-10       1.767536987245e-12      -5.287602724692e-12       1.060803958855e-14       1.388612117904e-15       5.084566068402e-16      -2.922028730360e-17 
 1433       1.098792224077e-10       1.754221513903e-12      -5.206383947257e-12       1.060420048791e-14       1.384785790934e-15       5.068693810759e-16      -2.845424184272e-17 
 1434       1.098127305870e-10       1.741264679640e-12      -5.124645803724e-12       1.060029586758e-14       1.380972358917e-15       5.052465823157e-16      -2.768952545511e-17 
 1435       1.097401949647e-10       1.728667894148e-12      -5.042418969644e-12       1.059632489388e-14       1.377171778636e-15       5.035898184884e-16      -2.692620398750e-17 
 1436       1.096616236729e-10       1.716432568219e-12      -4.959734297875e-12       1.059228672917e-14       1.373384006246e-15       5.019007070428e-16      -2.616434360473e-17 
 1437       1.095770249895e-10       1.704560113745e-12      -4.876622818891e-12       1.058818053188e-14       1.369608997266e-15       5.001808749651e-16      -2.540401079021e-17 
 1438       1.094864073386e-10       1.693051943713e-12      -4.793115741092e-12       1.058400545652e-14       1.365846706586e-15       4.984319587953e-16      -2.464527234644e-17 
 1439       1.093897792901e-10       1.681909472205e-12      -4.709244451120e-12       1.057976065363e-14       1.362097088457e-15       4.966556046444e-16      -2.388819539557e-17 
 1440       1.092871495607e-10       1.671134114397e-12      -4.625040514168e-12       1.057544526979e-14       1.358360096498e-15       4.948534682113e-16      -2.313284737987e-17 
 1441       1.091785270138e-10       1.660727286553e-12      -4.540535674292e-12       1.057105844764e-14       1.354635683687e-15       4.930272147992e-16      -2.237929606228e-17 
 1442       1.090639206603e-10       1.650690406025e-12      -4.455761854720e-12       1.056659932585e-14       1.350923802367e-15       4.911785193333e-16      -2.162760952691e-17 
 1443       1.089433396582e-10       1.641024891253e-12      -4.370751158168e-12       1.056206703910e-14       1.347224404236e-15       4.893090663767e-16      -2.087785617955e-17 
 1444       1.088167933134e-10       1.631732161760e-12      -4.285535867148e-12       1.055746071810e-14       1.343537440356e-15       4.874205501481e-16      -2.013010474822e-17 
 1445       1.086842910799e-10       1.622813638149e-12      -4.200148444281e-12       1.055277948957e-14       1.339862861141e-15       4.855146745384e-16      -1.938442428366e-17 
 1446       1.085458425602e-10       1.614270742104e-12      -4.114621532608e-12       1.054802247625e-14       1.336200616363e-15       4.835931531272e-16      -1.864088415986e-17 
 1447       1.084014575054e-10       1.606104896386e-12      -4.028987955902e-12       1.054318879684e-14       1.332550655149e-15       4.816577092002e-16      -1.789955407457e-17 
 1448       1.082511458156e-10       1.598317524831e-12      -3.943280718977e-12       1.053827756608e-14       1.328912925978e-15       4.797100757661e-16      -1.716050404982e-17 
 1449       1.080949175404e-10       1.590910052347e-12      -3.857533008006e-12       1.053328789467e-14       1.325287376680e-15       4.777519955727e-16      -1.642380443243e-17 
 1450       1.079327828788e-10       1.583883904915e-12      -3.771778190823e-12       1.052821888929e-14       1.321673954436e-15       4.757852211249e-16      -1.568952589456e-17 
 1451       1.077647521799e-10       1.577240509583e-12      -3.686049817244e-12       1.052306965261e-14       1.318072605775e-15       4.738115147006e-16      -1.495773943419e-17 
 1452       1.075908359431e-10       1.570981294465e-12      -3.600381619371e-12       1.051783928324e-14       1.314483276575e-15       4.718326483682e-16      -1.422851637564e-17 
 1453       1.074110448182e-10       1.565107688742e-12      -3.514807511908e-12       1.051252687577e-14       1.310905912057e-15       4.698504040031e-16      -1.350192837012e-17 
 1454       1.072253896060e-10       1.559621122655e-12      -3.429361592471e-12       1.050713152074e-14       1.307340456791e-15       4.678665733049e-16      -1.277804739623e-17 
 1455       1.070338812586e-10       1.554523027505e-12      -3.344078141900e-12       1.050165230463e-14       1.303786854686e-15       4.658829578140e-16      -1.205694576044e-17 
 1456       1.068365308793e-10       1.549814835651e-12      -3.258991624568e-12       1.049608830987e-14       1.300245048996e-15       4.639013689285e-16      -1.133869609769e-17 
 1457       1.066333497233e-10       1.545497980509e-12      -3.174136688697e-12       1.049043861481e-14       1.296714982313e-15       4.619236279214e-16      -1.062337137182e-17 
 1458       1.064243491982e-10       1.541573896548e-12      -3.089548166665e-12       1.048470229374e-14       1.293196596570e-15       4.599515659569e-16      -9.911044876156e-18 
 1459       1.062095408637e-10       1.538044019288e-12      -3.005261075322e-12       1.047887841687e-14       1.289689833036e-15       4.579870241079e-16      -9.201790233982e-18 
 1460       1.059889364324e-10       1.534909785298e-12      -2.921310616297e-12       1.047296605030e-14       1.286194632320e-15       4.560318533724e-16      -8.495681399085e-18 
 1461       1.057625477697e-10       1.532172632194e-12      -2.837732176311e-12       1.046696425607e-14       1.282710934361e-15       4.540879146907e-16      -7.792792656257e-18 
 1462       1.055303868948e-10       1.529833998640e-12      -2.754561327493e-12       1.046087209210e-14       1.279238678435e-15       4.521570789619e-16      -7.093198621823e-18 
 1463       1.052924767767e-10       1.527894439081e-12      -2.671831119256e-12       1.045468883820e-14       1.275777808296e-15       4.502406547400e-16      -6.396967915636e-18 
 1464       1.050488838431e-10       1.526350958300e-12      -2.589563923722e-12       1.044841467644e-14       1.272328287667e-15       4.483376650277e-16      -5.704144106839e-18 
 1465       1.047996857976e-10       1.525199650214e-12      -2.507779509399e-12       1.044205001759e-14       1.268890084904e-15       4.464465532887e-16      -5.014764578650e-18 
 1466       1.045449608533e-10       1.524436580662e-12      -2.426497742371e-12       1.043559527569e-14       1.265463167860e-15       4.445657541913e-16      -4.328866839756e-18 
 1467       1.042847877340e-10       1.524057787354e-12      -2.345738586459e-12       1.042905086811e-14       1.262047503881e-15       4.426936935925e-16      -3.646488524477e-18 
 1468       1.040192456749e-10       1.524059279818e-12      -2.265522103378e-12       1.042241721555e-14       1.258643059814e-15       4.408287885232e-16      -2.967667392925e-18 
 1469       1.037484144237e-10       1.524437039350e-12      -2.185868452899e-12       1.041569474200e-14       1.255249801994e-15       4.389694471730e-16      -2.292441331174e-18 
 1470       1.034723742415e-10       1.525187018961e-12      -2.106797893008e-12       1.040888387482e-14       1.251867696254e-15       4.371140688748e-16      -1.620848351415e-18 
 1471       1.031912059033e-10       1.526305143325e-12      -2.028330780066e-12       1.040198504468e-14       1.248496707914e-15       4.352610440898e-16      -9.529265921261e-19 
 1472       1.029049906997e-10       1.527787308729e-12      -1.950487568968e-12       1.039499868560e-14       1.245136801790e-15       4.334087543921e-16      -2.887143182318e-19 
 1473       1.026138104370e-10       1.529629383017e-12      -1.873288813304e-12       1.038792523495e-14       1.241787942185e-15       4.315555724540e-16       3.717500787328e-19 
 1474       1.023177474388e-10       1.531827205545e-12      -1.796755165516e-12       1.038076513346e-14       1.238450092889e-15       4.296998620300e-16       1.028428080459e-18 
 1475       1.020168845462e-10       1.534376587124e-12      -1.720907377063e-12       1.037351882520e-14       1.235123217182e-15       4.278399779425e-16       1.681281041702e-18 
 1476       1.017113051195e-10       1.537273309969e-12      -1.645766298575e-12       1.036618675762e-14       1.231807277831e-15       4.259742660659e-16       2.330270190116e-18 
 1477       1.014010930386e-10       1.540513127649e-12      -1.571352880015e-12       1.035876938156e-14       1.228502237086e-15       4.241010633119e-16       2.975356626093e-18 
 1478       1.010863327038e-10       1.544091765034e-12      -1.497688170842e-12       1.035126715121e-14       1.225208056682e-15       4.222186976139e-16       3.616501322600e-18 
 1479       1.007671090374e-10       1.548004918242e-12      -1.424793320164e-12       1.034368052417e-14       1.221924697839e-15       4.203254879121e-16       4.253665125012e-18 
 1480       1.004435074837e-10       1.552248254592e-12      -1.352689576904e-12       1.033600996140e-14       1.218652121257e-15       4.184197441383e-16       4.886808750956e-18 
 1481       1.001156140107e-10       1.556817412547e-12      -1.281398289956e-12       1.032825592728e-14       1.215390287117e-15       4.164997672006e-16       5.515892790139e-18 
 1482       9.978351511067e-11       1.561708001663e-12      -1.210940908347e-12       1.032041888960e-14       1.212139155082e-15       4.145638489682e-16       6.140877704194e-18 
 1483       9.944729780092e-11       1.566915602541e-12      -1.141338981395e-12       1.031249931953e-14       1.208898684291e-15       4.126102722563e-16       6.761723826509e-18 
 1484       9.910704962503e-11       1.572435766770e-12      -1.072614158870e-12       1.030449769169e-14       1.205668833362e-15       4.106373108107e-16       7.378391362070e-18 
 1485       9.876285865355e-11       1.578264016882e-12      -1.004788191152e-12       1.029641448410e-14       1.202449560391e-15       4.086432292931e-16       7.990840387293e-18 
 1486       9.841481348503e-11       1.584395846292e-12      -9.378829293943e-13       1.028825017820e-14       1.199240822947e-15       4.066262832653e-16       8.599030849864e-18 
 1487       9.806300324685e-11       1.590826719253e-12      -8.719203256785e-13       1.028000525889e-14       1.196042578075e-15       4.045847191745e-16       9.202922568577e-18 
 1488       9.770751759620e-11       1.597552070801e-12      -8.069224331781e-13       1.027168021449e-14       1.192854782294e-15       4.025167743376e-16       9.802475233165e-18 
 1489       9.734844672095e-11       1.604567306704e-12      -7.429114063165e-13       1.026327553676e-14       1.189677391594e-15       4.004206769267e-16       1.039764840414e-17 
 1490       9.698588134058e-11       1.611867803410e-12      -6.799095009270e-13       1.025479172093e-14       1.186510361436e-15       3.982946459533e-16       1.098840151265e-17 
 1491       9.661991270711e-11       1.619448907995e-12      -6.179390744128e-13       1.024622926568e-14       1.183353646752e-15       3.961368912533e-16       1.157469386026e-17 
 1492       9.625063260598e-11       1.627305938114e-12      -5.570225859064e-13       1.023758867315e-14       1.180207201942e-15       3.939456134720e-16       1.215648461885e-17 
 1493       9.587813335700e-11       1.635434181944e-12      -4.971825964297e-13       1.022887044896e-14       1.177070980876e-15       3.917190040486e-16       1.273373283043e-17 
 1494       9.550250781524e-11       1.643828898137e-12      -4.384417690535e-13       1.022007510219e-14       1.173944936888e-15       3.894552452014e-16       1.330639740697e-17 
 1495       9.512384937196e-11       1.652485315767e-12      -3.808228690572e-13       1.021120314541e-14       1.170829022779e-15       3.871525099121e-16       1.387443713023e-17 
 1496       9.474225195550e-11       1.661398634275e-12      -3.243487640889e-13       1.020225509468e-14       1.167723190816e-15       3.848089619110e-16       1.443781065162e-17 
 1497       9.435781003224e-11       1.670564023422e-12      -2.690424243248e-13       1.019323146956e-14       1.164627392728e-15       3.824227556617e-16       1.499647649203e-17 
 1498       9.397061860745e-11       1.679976623237e-12      -2.149269226291e-13       1.018413279310e-14       1.161541579706e-15       3.799920363459e-16       1.555039304164e-17 
 1499       9.358077322627e-11       1.689631543959e-12      -1.620254347137e-13       1.017495959185e-14       1.158465702404e-15       3.775149398483e-16       1.609951855980e-17 
 1500       9.318836997458e-11       1.699523865993e-12      -1.103612392981e-13       1.016571239590e-14       1.155399710935e-15       3.749895927412e-16       1.664381117484e-17 
 1501       9.279350547992e-11       1.709648639853e-12      -5.995771826875e-14       1.015639173882e-14       1.152343554872e-15       3.724141122695e-16       1.718322888390e-17 
 1502       9.239627643664e-11       1.720000671781e-12      -1.083462877981e-14       1.014699827376e-14       1.149297187464e-15       3.697872668390e-16       1.771773362261e-17 
 1503       9.199677817428e-11       1.730573878402e-12       3.700312047902e-14       1.013753312278e-14       1.146260578343e-15       3.671104645490e-16       1.824730351762e-17 
 1504       9.159510607704e-11       1.741361925680e-12       8.355435453103e-14       1.012799753090e-14       1.143233700936e-15       3.643857839937e-16       1.877192075305e-17 
 1505       9.119135605921e-11       1.752358442617e-12       1.288179140098e-13       1.011839275039e-14       1.140216528263e-15       3.616153155367e-16       1.929156751155e-17 
 1506       9.078562456606e-11       1.763557021190e-12       1.727926551976e-13       1.010872004081e-14       1.137209032933e-15       3.588011613300e-16       1.980622597435e-17 
 1507       9.037800857471e-11       1.774951216290e-12       2.154774500639e-13       1.009898066899e-14       1.134211187141e-15       3.559454353348e-16       2.031587832134e-17 
 1508       8.996860559505e-11       1.786534545655e-12       2.568711863034e-13       1.008917590907e-14       1.131222962672e-15       3.530502633405e-16       2.082050673109e-17 
 1509       8.955751367059e-11       1.798300489810e-12       2.969727673752e-13       1.007930704248e-14       1.128244330895e-15       3.501177829854e-16       2.132009338089e-17 
 1510       8.914483137939e-11       1.810242492001e-12       3.357811125404e-13       1.006937535799e-14       1.125275262767e-15       3.471501437762e-16       2.181462044689e-17 
 1511       8.873065783491e-11       1.822353958135e-12       3.732951569010e-13       1.005938215169e-14       1.122315728829e-15       3.441495071081e-16       2.230407010403e-17 
 1512       8.831509268694e-11       1.834628256716e-12       4.095138514385e-13       1.004932872702e-14       1.119365699205e-15       3.411180462844e-16       2.278842452619e-17 
 1513       8.789823612246e-11       1.847058718780e-12       4.444361630515e-13       1.003921639477e-14       1.116425143603e-15       3.380579465369e-16       2.326766588621e-17 
 1514       8.748018886651e-11       1.859638637832e-12       4.780610745951e-13       1.002904647311e-14       1.113494031314e-15       3.349714050457e-16       2.374177635593e-17 
 1515       8.706105218315e-11       1.872361269788e-12       5.103875849186e-13       1.001882028758e-14       1.110572331208e-15       3.318606309585e-16       2.421073810626e-17 
 1516       8.664092787628e-11       1.885219832904e-12       5.414147089045e-13       1.000853917113e-14       1.107660011738e-15       3.287278454116e-16       2.467453330723e-17 
 1517       8.621991829055e-11       1.898207507717e-12       5.711414775062e-13       9.998204464104e-15       1.104757040934e-15       3.255752815489e-16       2.513314412804e-17 
 1518       8.579812631226e-11       1.911317436984e-12       5.995669377872e-13       9.987817514264e-15       1.101863386407e-15       3.224051845422e-16       2.558655273711e-17 
 1519       8.537565537024e-11       1.924542725615e-12       6.266901529590e-13       9.977379676807e-15       1.098979015345e-15       3.192198116112e-16       2.603474130215e-17 
 1520       8.495260943675e-11       1.937876440609e-12       6.525102024196e-13       9.966892314371e-15       1.096103894514e-15       3.160214320432e-16       2.647769199019e-17 
 1521       8.452909302834e-11       1.951311610998e-12       6.770261817922e-13       9.956356797051e-15       1.093237990253e-15       3.128123272131e-16       2.691538696767e-17 
 1522       8.410521120678e-11       1.964841227774e-12       7.002372029631e-13       9.945774502406e-15       1.090381268480e-15       3.095947906034e-16       2.734780840042e-17 
 1523       8.368106957991e-11       1.978458243834e-12       7.221423941209e-13       9.935146815478e-15       1.087533694686e-15       3.063711278242e-16       2.777493845382e-17 
 1524       8.325677430256e-11       1.992155573913e-12       7.427408997939e-13       9.924475128799e-15       1.084695233934e-15       3.031436566326e-16       2.819675929274e-17 
 1525       8.283243207741e-11       2.005926094520e-12       7.620318808896e-13       9.913760842404e-15       1.081865850862e-15       2.999147069534e-16       2.861325308169e-17 
 1526       8.240815015593e-11       2.019762643878e-12       7.800145147322e-13       9.903005363846e-15       1.079045509679e-15       2.966866208985e-16       2.902440198480e-17 
 1527       8.198403633918e-11       2.033658021858e-12       7.966879951016e-13       9.892210108206e-15       1.076234174165e-15       2.934617527867e-16       2.943018816593e-17 
 1528       8.156019897881e-11       2.047604989920e-12       8.120515322716e-13       9.881376498105e-15       1.073431807669e-15       2.902424691641e-16       2.983059378868e-17 
 1529       8.113674697785e-11       2.061596271043e-12       8.261043530483e-13       9.870505963718e-15       1.070638373111e-15       2.870311488239e-16       3.022560101646e-17 
 1530       8.071378979165e-11       2.075624549667e-12       8.388457008088e-13       9.859599942784e-15       1.067853832979e-15       2.838301828258e-16       3.061519201256e-17 
 1531       8.029143742878e-11       2.089682471631e-12       8.502748355390e-13       9.848659880620e-15       1.065078149326e-15       2.806419745167e-16       3.099934894018e-17 
 1532       7.986980045189e-11       2.103762644105e-12       8.603910338728e-13       9.837687230133e-15       1.062311283775e-15       2.774689395500e-16       3.137805396247e-17 
 1533       7.944898997859e-11       2.117857635529e-12       8.691935891299e-13       9.826683451831e-15       1.059553197512e-15       2.743135059060e-16       3.175128924264e-17 
 1534       7.902911768237e-11       2.131959975552e-12       8.766818113546e-13       9.815650013837e-15       1.056803851291e-15       2.711781139112e-16       3.211903694395e-17 
 1535       7.861029579349e-11       2.146062154967e-12       8.828550273539e-13       9.804588391899e-15       1.054063205428e-15       2.680652162590e-16       3.248127922980e-17 
 1536       7.819263709984e-11       2.160156625646e-12       8.877125807362e-13       9.793500069405e-15       1.051331219801e-15       2.649772780289e-16       3.283799826377e-17 
 1537       7.777625494784e-11       2.174235800481e-12       8.912538319497e-13       9.782386537393e-15       1.048607853852e-15       2.619167767070e-16       3.318917620968e-17 
 1538       7.736126324335e-11       2.188292053316e-12       8.934781583206e-13       9.771249294563e-15       1.045893066585e-15       2.588862022055e-16       3.353479523164e-17 
 1539       7.694777645253e-11       2.202317718890e-12       8.943849540916e-13       9.760089847293e-15       1.043186816564e-15       2.558880568828e-16       3.387483749409e-17 
 1540       7.653590960275e-11       2.216305092768e-12       8.939736304606e-13       9.748909709646e-15       1.040489061910e-15       2.529248555633e-16       3.420928516189e-17 
 1541       7.612576893314e-11       2.230246905325e-12       8.922461878892e-13       9.737710362540e-15       1.037799763725e-15       2.499986248104e-16       3.453812420222e-17 
 1542       7.571742374745e-11       2.244137748742e-12       8.892149596597e-13       9.726493130794e-15       1.035118896372e-15       2.471093955044e-16       3.486135582978e-17 
 1543       7.531093429579e-11       2.257972663431e-12       8.848949418995e-13       9.715259304940e-15       1.032446437288e-15       2.442566959952e-16       3.517898517038e-17 
 1544       7.490636110112e-11       2.271746665177e-12       8.793012281491e-13       9.704010181971e-15       1.029782363570e-15       2.414400515454e-16       3.549101746912e-17 
 1545       7.450376495965e-11       2.285454745103e-12       8.724490095303e-13       9.692747065350e-15       1.027126651981e-15       2.386589843250e-16       3.579745809063e-17 
 1546       7.410320694129e-11       2.299091869628e-12       8.643535749149e-13       9.681471265022e-15       1.024479278943e-15       2.359130134061e-16       3.609831251935e-17 
 1547       7.370474839003e-11       2.312652980427e-12       8.550303110926e-13       9.670184097425e-15       1.021840220541e-15       2.332016547575e-16       3.639358635975e-17 
 1548       7.330845092439e-11       2.326132994396e-12       8.444947029398e-13       9.658886885497e-15       1.019209452517e-15       2.305244212393e-16       3.668328533659e-17 
 1549       7.291437643781e-11       2.339526803609e-12       8.327623335875e-13       9.647580958689e-15       1.016586950276e-15       2.278808225976e-16       3.696741529515e-17 
 1550       7.252258709909e-11       2.352829275278e-12       8.198488845896e-13       9.636267652975e-15       1.013972688878e-15       2.252703654589e-16       3.724598220148e-17 
 1551       7.213314535278e-11       2.366035251718e-12       8.057701360918e-13       9.624948310859e-15       1.011366643045e-15       2.226925533252e-16       3.751899214266e-17 
 1552       7.174611391962e-11       2.379139550305e-12       7.905419669991e-13       9.613624281391e-15       1.008768787154e-15       2.201468865681e-16       3.778645132703e-17 
 1553       7.136155579695e-11       2.392136963436e-12       7.741803551447e-13       9.602296920171e-15       1.006179095239e-15       2.176328624238e-16       3.804836608442e-17 
 1554       7.097953425913e-11       2.405022258494e-12       7.567013774583e-13       9.590967589363e-15       1.003597540990e-15       2.151499749875e-16       3.830474286644e-17 
 1555       7.060011285795e-11       2.417790177802e-12       7.381212101341e-13       9.579637657704e-15       1.001024097753e-15       2.126977152083e-16       3.855558824669e-17 
 1556       7.022335542304e-11       2.430435438591e-12       7.184561287994e-13       9.568308500513e-15       9.984587385280e-16       2.102755708836e-16       3.880090892100e-17 
 1557       6.984932606230e-11       2.442952732954e-12       6.977225086826e-13       9.556981499704e-15       9.959014359686e-16       2.078830266538e-16       3.904071170771e-17 
 1558       6.947808916232e-11       2.455336727815e-12       6.759368247820e-13       9.545658043794e-15       9.933521623822e-16       2.055195639969e-16       3.927500354788e-17 
 1559       6.910970938879e-11       2.467582064880e-12       6.531156520338e-13       9.534339527915e-15       9.908108897286e-16       2.031846612232e-16       3.950379150556e-17 
 1560       6.874425168692e-11       2.479683360606e-12       6.292756654803e-13       9.523027353820e-15       9.882775896194e-16       2.008777934699e-16       3.972708276802e-17 
 1561       6.838178128183e-11       2.491635206158e-12       6.044336404386e-13       9.511722929898e-15       9.857522333173e-16       1.985984326959e-16       3.994488464599e-17 
 1562       6.802236367902e-11       2.503432167369e-12       5.786064526686e-13       9.500427671183e-15       9.832347917355e-16       1.963460476759e-16       4.015720457394e-17 
 1563       6.766606466474e-11       2.515068784704e-12       5.518110785416e-13       9.489142999362e-15       9.807252354369e-16       1.941201039957e-16       4.036405011028e-17 
 1564       6.731295030644e-11       2.526539573218e-12       5.240645952082e-13       9.477870342787e-15       9.782235346336e-16       1.919200640465e-16       4.056542893763e-17 
 1565       6.696308695314e-11       2.537839022519e-12       4.953841807672e-13       9.466611136485e-15       9.757296591858e-16       1.897453870193e-16       4.076134886306e-17 
 1566       6.661654123592e-11       2.548961596726e-12       4.657871144332e-13       9.455366822167e-15       9.732435786016e-16       1.875955289002e-16       4.095181781836e-17 
 1567       6.627338006826e-11       2.559901734431e-12       4.352907767058e-13       9.444138848241e-15       9.707652620360e-16       1.854699424642e-16       4.113684386022e-17 
 1568       6.593367064651e-11       2.570653848663e-12       4.039126495370e-13       9.432928669818e-15       9.682946782904e-16       1.833680772707e-16       4.131643517056e-17 
 1569       6.559748045028e-11       2.581212326844e-12       3.716703165002e-13       9.421737748726e-15       9.658317958116e-16       1.812893796573e-16       4.149060005668e-17 
 1570       6.526487724288e-11       2.591571530751e-12       3.385814629583e-13       9.410567553519e-15       9.633765826915e-16       1.792332927350e-16       4.165934695162e-17 
 1571       6.493592907170e-11       2.601725796479e-12       3.046638762319e-13       9.399419559484e-15       9.609290066660e-16       1.771992563826e-16       4.182268441429e-17 
 1572       6.461070426866e-11       2.611669434400e-12       2.699354457677e-13       9.388295248658e-15       9.584890351147e-16       1.751867072414e-16       4.198062112980e-17 
 1573       6.428927145063e-11       2.621396729124e-12       2.344141633070e-13       9.377196109830e-15       9.560566350600e-16       1.731950787100e-16       4.213316590965e-17 
 1574       6.397169951980e-11       2.630901939460e-12       1.981181230538e-13       9.366123638559e-15       9.536317731663e-16       1.712238009383e-16       4.228032769201e-17 
 1575       6.365805766416e-11       2.640179298377e-12       1.610655218430e-13       9.355079337177e-15       9.512144157396e-16       1.692723008231e-16       4.242211554197e-17 
 1576       6.334841535788e-11       2.649223012963e-12       1.232746593092e-13       9.344064714806e-15       9.488045287265e-16       1.673400020018e-16       4.255853865173e-17 
 1577       6.304284236172e-11       2.658027264390e-12       8.476393805465e-14       9.333081287362e-15       9.464020777138e-16       1.654263248477e-16       4.268960634092e-17 
 1578       6.274140872347e-11       2.666586207869e-12       4.555186381746e-14       9.322130577569e-15       9.440070279275e-16       1.635306864642e-16       4.281532805678e-17 
 1579       6.244418477835e-11       2.674893972618e-12       5.657045640295e-15       9.311214114969e-15       9.416193442324e-16       1.616525006797e-16       4.293571337446e-17 
 1580       6.215122941692e-11       2.682945469486e-12      -3.490155608817e-14       9.300333284712e-15       9.392389939366e-16       1.597912101059e-16       4.305077432121e-17 
 1581       6.186255476908e-11       2.690738822119e-12      -7.610388333458e-14       9.289488872381e-15       9.368659552356e-16       1.579463826482e-16       4.316053237208e-17 
 1582       6.157816119388e-11       2.698272958226e-12      -1.179295194747e-13       9.278681514974e-15       9.345002088453e-16       1.561176158783e-16       4.326501151950e-17 
 1583       6.129804898228e-11       2.705546803957e-12      -1.603579363597e-13       9.267911851743e-15       9.321417352027e-16       1.543045050473e-16       4.336423595554e-17 
 1584       6.102221835698e-11       2.712559283897e-12      -2.033684941358e-13       9.257180524196e-15       9.297905144655e-16       1.525066430825e-16       4.345823007221e-17 
 1585       6.075066947225e-11       2.719309321067e-12      -2.469404410641e-13       9.246488176102e-15       9.274465265118e-16       1.507236205828e-16       4.354701846190e-17 
 1586       6.048340241383e-11       2.725795836926e-12      -2.910529133405e-13       9.235835453489e-15       9.251097509393e-16       1.489550258158e-16       4.363062591766e-17 
 1587       6.022041719872e-11       2.732017751366e-12      -3.356849349152e-13       9.225223004654e-15       9.227801670646e-16       1.472004447130e-16       4.370907743362e-17 
 1588       5.996171377511e-11       2.737973982716e-12      -3.808154173126e-13       9.214651480160e-15       9.204577539230e-16       1.454594608667e-16       4.378239820528e-17 
 1589       5.970729202217e-11       2.743663447741e-12      -4.264231594511e-13       9.204121532842e-15       9.181424902676e-16       1.437316555259e-16       4.385061362995e-17 
 1590       5.945715174993e-11       2.749085061637e-12      -4.724868474630e-13       9.193633817808e-15       9.158343545691e-16       1.420166075924e-16       4.391374930702e-17 
 1591       5.921129269913e-11       2.754237738037e-12      -5.189850545139e-13       9.183188992445e-15       9.135333250149e-16       1.403138936170e-16       4.397183103839e-17 
 1592       5.896971454109e-11       2.759120389006e-12      -5.658962406228e-13       9.172787716418e-15       9.112393795087e-16       1.386230877960e-16       4.402488482878e-17 
 1593       5.873241687752e-11       2.763731925044e-12      -6.131987524819e-13       9.162430651674e-15       9.089524956699e-16       1.369437619668e-16       4.407293688610e-17 
 1594       5.849939924041e-11       2.768071255082e-12      -6.608708232759e-13       9.152118462448e-15       9.066726508332e-16       1.352754856046e-16       4.411601362181e-17 
 1595       5.827066109188e-11       2.772137286484e-12      -7.088905725025e-13       9.141851815262e-15       9.043998220478e-16       1.336178258181e-16       4.415414165129e-17 
 1596       5.804620182402e-11       2.775928925046e-12      -7.572360057916e-13       9.131631378930e-15       9.021339860769e-16       1.319703473461e-16       4.418734779416e-17 
 1597       5.782602075876e-11       2.779445074996e-12      -8.058850147251e-13       9.121457824559e-15       8.998751193974e-16       1.303326125535e-16       4.421565907467e-17 
 1598       5.761011714768e-11       2.782684638992e-12      -8.548153766571e-13       9.111331825554e-15       8.976231981988e-16       1.287041814273e-16       4.423910272206e-17 
 1599       5.739849017194e-11       2.785646518125e-12      -9.040047545333e-13       9.101254057622e-15       8.953781983833e-16       1.270846115731e-16       4.425770617088e-17 
 1600       5.719113894205e-11       2.788329611915e-12      -9.534306967108e-13       9.091225198771e-15       8.931400955648e-16       1.254734582111e-16       4.427149706138e-17 
 1601       5.698806249780e-11       2.790732818310e-12      -1.003070636778e-12       9.081245929314e-15       8.909088650685e-16       1.238702741722e-16       4.428050323986e-17 
 1602       5.678925980803e-11       2.792855033692e-12      -1.052901893374e-12       9.071316931876e-15       8.886844819301e-16       1.222746098942e-16       4.428475275903e-17 
 1603       5.659472977058e-11       2.794695152868e-12      -1.102901670010e-12       9.061438891391e-15       8.864669208956e-16       1.206860134181e-16       4.428427387833e-17 
 1604       5.640447121205e-11       2.796252069077e-12      -1.153047054886e-12       9.051612495109e-15       8.842561564207e-16       1.191040303843e-16       4.427909506436e-17 
 1605       5.621848288772e-11       2.797524673983e-12      -1.203315020713e-12       9.041838432597e-15       8.820521626699e-16       1.175282040284e-16       4.426924499117e-17 
 1606       5.603676348136e-11       2.798511857681e-12      -1.253682424532e-12       9.032117395743e-15       8.798549135164e-16       1.159580751779e-16       4.425475254063e-17 
 1607       5.585931160513e-11       2.799212508692e-12      -1.304126007535e-12       9.022450078757e-15       8.776643825410e-16       1.143931822480e-16       4.423564680283e-17 
 1608       5.568612579936e-11       2.799625513965e-12      -1.354622394882e-12       9.012837178178e-15       8.754805430321e-16       1.128330612378e-16       4.421195707638e-17 
 1609       5.551720453250e-11       2.799749758874e-12      -1.405148095523e-12       9.003279392872e-15       8.733033679849e-16       1.112772457268e-16       4.418371286881e-17 
 1610       5.535254620088e-11       2.799584127221e-12      -1.455679502018e-12       8.993777424037e-15       8.711328301006e-16       1.097252668704e-16       4.415094389688e-17 
 1611       5.519214912862e-11       2.799127501233e-12      -1.506192890355e-12       8.984331975207e-15       8.689689017864e-16       1.081766533971e-16       4.411368008700e-17 
 1612       5.503601156748e-11       2.798378761564e-12      -1.556664419770e-12       8.974943752253e-15       8.668115551543e-16       1.066309316035e-16       4.407195157554e-17 
 1613       5.488413169669e-11       2.797336787291e-12      -1.607070132571e-12       8.965613463388e-15       8.646607620211e-16       1.050876253513e-16       4.402578870918e-17 
 1614       5.473650762280e-11       2.796000455917e-12      -1.657385953949e-12       8.956341819168e-15       8.625164939074e-16       1.035462560633e-16       4.397522204532e-17 
 1615       5.459313737957e-11       2.794368643369e-12      -1.707587691808e-12       8.947129532496e-15       8.603787220375e-16       1.020063427194e-16       4.392028235237e-17 
 1616       5.445401892779e-11       2.792440223997e-12      -1.757651036576e-12       8.937977318624e-15       8.582474173384e-16       1.004674018527e-16       4.386100061016e-17 
 1617       5.431915015515e-11       2.790214070576e-12      -1.807551561032e-12       8.928885895155e-15       8.561225504393e-16       9.892894754611e-17       4.379740801028e-17 
 1618       5.418852887609e-11       2.787689054303e-12      -1.857264720119e-12       8.919855982052e-15       8.540040916715e-16       9.739049142807e-17       4.372953595642e-17 
 1619       5.406214531289e-11       2.784864706899e-12      -1.906767655044e-12       8.910888139713e-15       8.518920133800e-16       9.585167712935e-17       4.365741594335e-17 
 1620       5.393995946511e-11       2.781743213452e-12      -1.956044623751e-12       8.901982281632e-15       8.497862968851e-16       9.431268498924e-17       4.358107919192e-17 
 1621       5.382192353535e-11       2.778327437578e-12      -2.005081619157e-12       8.893138157344e-15       8.476869255827e-16       9.277383099868e-17       4.350055701145e-17 
 1622       5.370798942899e-11       2.774620260990e-12      -2.053864569233e-12       8.884355513940e-15       8.455938826370e-16       9.123543267410e-17       4.341588092120e-17 
 1623       5.359810875370e-11       2.770624583523e-12      -2.102379336910e-12       8.875634096064e-15       8.435071509800e-16       8.969780905974e-17       4.332708265072e-17 
 1624       5.349223281889e-11       2.766343323165e-12      -2.150611719976e-12       8.866973645906e-15       8.414267133110e-16       8.816128072994e-17       4.323419414019e-17 
 1625       5.339031263530e-11       2.761779416088e-12      -2.198547450984e-12       8.858373903199e-15       8.393525520964e-16       8.662616979151e-17       4.313724754079e-17 
 1626       5.329229891447e-11       2.756935816677e-12      -2.246172197147e-12       8.849834605213e-15       8.372846495687e-16       8.509279988605e-17       4.303627521504e-17 
 1627       5.319814206821e-11       2.751815497562e-12      -2.293471560250e-12       8.841355486752e-15       8.352229877268e-16       8.356149619223e-17       4.293130973713e-17 
 1628       5.310779220820e-11       2.746421449644e-12      -2.340431076542e-12       8.832936280151e-15       8.331675483348e-16       8.203258542816e-17       4.282238389331e-17 
 1629       5.302119914541e-11       2.740756682127e-12      -2.387036216646e-12       8.824576715266e-15       8.311183129220e-16       8.050639585369e-17       4.270953068221e-17 
 1630       5.293831238967e-11       2.734824222549e-12      -2.433272385459e-12       8.816276519475e-15       8.290752627824e-16       7.898325727277e-17       4.259278331524e-17 
 1631       5.285908114915e-11       2.728627116811e-12      -2.479124922052e-12       8.808035417673e-15       8.270383789742e-16       7.746350103569e-17       4.247217521686e-17 
 1632       5.278345432987e-11       2.722168429203e-12      -2.524579099575e-12       8.799853132264e-15       8.250076423190e-16       7.594746004152e-17       4.234774002500e-17 
 1633       5.271138053523e-11       2.715451242443e-12      -2.569620125160e-12       8.791729383158e-15       8.229830334022e-16       7.443546874034e-17       4.221951159139e-17 
 1634       5.264280806548e-11       2.708478657698e-12      -2.614233139821e-12       8.783663887768e-15       8.209645325716e-16       7.292786313561e-17       4.208752398190e-17 
 1635       5.257768491729e-11       2.701253794618e-12      -2.658403218356e-12       8.775656361006e-15       8.189521199376e-16       7.142498078647e-17       4.195181147693e-17 
 1636       5.251595878319e-11       2.693779791364e-12      -2.702115369252e-12       8.767706515275e-15       8.169457753723e-16       6.992716081009e-17       4.181240857168e-17 
 1637       5.245757705112e-11       2.686059804642e-12      -2.745354534586e-12       8.759814060466e-15       8.149454785096e-16       6.843474388398e-17       4.166934997661e-17 
 1638       5.240248680394e-11       2.678097009727e-12      -2.788105589926e-12       8.751978703956e-15       8.129512087440e-16       6.694807224831e-17       4.152267061770e-17 
 1639       5.235063481893e-11       2.669894600498e-12      -2.830353344235e-12       8.744200150601e-15       8.109629452310e-16       6.546748970825e-17       4.137240563685e-17 
 1640       5.230196756729e-11       2.661455789464e-12      -2.872082539773e-12       8.736478102731e-15       8.089806668858e-16       6.399334163627e-17       4.121859039221e-17 
 1641       5.225643121368e-11       2.652783807796e-12      -2.913277852001e-12       8.728812260146e-15       8.070043523835e-16       6.252597497448e-17       4.106126045854e-17 
 1642       5.221397161567e-11       2.643881905357e-12      -2.953923889477e-12       8.721202320116e-15       8.050339801584e-16       6.106573823695e-17       4.090045162758e-17 
 1643       5.217453432334e-11       2.634753350732e-12      -2.994005193768e-12       8.713647977367e-15       8.030695284034e-16       5.961298151205e-17       4.073619990836e-17 
 1644       5.213806457868e-11       2.625401431256e-12      -3.033506239343e-12       8.706148924085e-15       8.011109750699e-16       5.816805646475e-17       4.056854152758e-17 
 1645       5.210450731521e-11       2.615829453046e-12      -3.072411433482e-12       8.698704849909e-15       7.991582978668e-16       5.673131633894e-17       4.039751292995e-17 
 1646       5.207380715739e-11       2.606040741028e-12      -3.110705116175e-12       8.691315441924e-15       7.972114742609e-16       5.530311595980e-17       4.022315077856e-17 
 1647       5.204590842020e-11       2.596038638973e-12      -3.148371560024e-12       8.683980384661e-15       7.952704814755e-16       5.388381173607e-17       4.004549195520e-17 
 1648       5.202075510863e-11       2.585826509518e-12      -3.185394970149e-12       8.676699360087e-15       7.933352964907e-16       5.247376166239e-17       3.986457356074e-17 
 1649       5.199829091715e-11       2.575407734205e-12      -3.221759484084e-12       8.669472047606e-15       7.914058960423e-16       5.107332532166e-17       3.968043291546e-17 
 1650       5.197845922929e-11       2.564785713504e-12      -3.257449171688e-12       8.662298124050e-15       7.894822566219e-16       4.968286388730e-17       3.949310755943e-17 
 1651       5.196120311708e-11       2.553963866847e-12      -3.292448035038e-12       8.655177263678e-15       7.875643544764e-16       4.830274012563e-17       3.930263525281e-17 
 1652       5.194646534062e-11       2.542945632654e-12      -3.326740008338e-12       8.648109138169e-15       7.856521656069e-16       4.693331839817e-17       3.910905397627e-17 
 1653       5.193418834754e-11       2.531734468367e-12      -3.360308957818e-12       8.641093416619e-15       7.837456657692e-16       4.557496466397e-17       3.891240193128e-17 
 1654       5.192431427253e-11       2.520333850479e-12      -3.393138681639e-12       8.634129765537e-15       7.818448304726e-16       4.422804648192e-17       3.871271754050e-17 
 1655       5.191678493686e-11       2.508747274561e-12      -3.425212909791e-12       8.627217848836e-15       7.799496349797e-16       4.289293301310e-17       3.851003944810e-17 
 1656       5.191154184786e-11       2.496978255295e-12      -3.456515304000e-12       8.620357327836e-15       7.780600543062e-16       4.156999502307e-17       3.830440652016e-17 
 1657       5.190852619846e-11       2.485030326503e-12      -3.487029457628e-12       8.613547861252e-15       7.761760632201e-16       4.025960488423e-17       3.809585784496e-17 
 1658       5.190767871938e-11       2.472907205717e-12      -3.516741429303e-12       8.606789023008e-15       7.742976381643e-16       3.896213125547e-17       3.788443303166e-17 
 1659       5.190893923528e-11       2.460613289419e-12      -3.545647368454e-12       8.600080054862e-15       7.724247630447e-16       3.767792306512e-17       3.767017310842e-17 
 1660       5.191224710369e-11       2.448153162233e-12      -3.573745956870e-12       8.593420111590e-15       7.705574234921e-16       3.640732539131e-17       3.745311963287e-17 
 1661       5.191754136154e-11       2.435531432814e-12      -3.601035881094e-12       8.586808342962e-15       7.686956049441e-16       3.515068477386e-17       3.723331439496e-17 
 1662       5.192476072455e-11       2.422752733888e-12      -3.627515832433e-12       8.580243893735e-15       7.668392926440e-16       3.390834921638e-17       3.701079941727e-17 
 1663       5.193384358686e-11       2.409821722288e-12      -3.653184506975e-12       8.573725903648e-15       7.649884716409e-16       3.268066818837e-17       3.678561695541e-17 
 1664       5.194472802042e-11       2.396743078991e-12      -3.678040605599e-12       8.567253507410e-15       7.631431267892e-16       3.146799262730e-17       3.655780949837e-17 
 1665       5.195735177456e-11       2.383521509154e-12      -3.702082833989e-12       8.560825834693e-15       7.613032427481e-16       3.027067494073e-17       3.632741976887e-17 
 1666       5.197165227547e-11       2.370161742155e-12      -3.725309902646e-12       8.554442010128e-15       7.594688039815e-16       2.908906900836e-17       3.609449072378e-17 
 1667       5.198756662572e-11       2.356668531625e-12      -3.747720526901e-12       8.548101153290e-15       7.576397947575e-16       2.792353018414e-17       3.585906555440e-17 
 1668       5.200503160372e-11       2.343046655488e-12      -3.769313426929e-12       8.541802378694e-15       7.558161991479e-16       2.677441529839e-17       3.562118768691e-17 
 1669       5.202398366330e-11       2.329300915999e-12      -3.790087327761e-12       8.535544795787e-15       7.539980010280e-16       2.564208265984e-17       3.538090078267e-17 
 1670       5.204435893311e-11       2.315436139776e-12      -3.810040959295e-12       8.529327508940e-15       7.521851840762e-16       2.452689205775e-17       3.513824873860e-17 
 1671       5.206609321622e-11       2.301457177843e-12      -3.829173056314e-12       8.523149617437e-15       7.503777317735e-16       2.342920476402e-17       3.489327568759e-17 
 1672       5.208912198956e-11       2.287368905666e-12      -3.847482358493e-12       8.517010215471e-15       7.485756274035e-16       2.234938353526e-17       3.464602599880e-17 
 1673       5.211338040344e-11       2.273176223186e-12      -3.864967610416e-12       8.510908392133e-15       7.467788540515e-16       2.128779261486e-17       3.439654427804e-17 
 1674       5.213880328109e-11       2.258884054860e-12      -3.881627561586e-12       8.504843231404e-15       7.449873946046e-16       2.024479773513e-17       3.414487536818e-17 
 1675       5.216532511808e-11       2.244497349696e-12      -3.897460966441e-12       8.498813812149e-15       7.432012317509e-16       1.922076611935e-17       3.389106434944e-17 
 1676       5.219288008191e-11       2.230021081293e-12      -3.912466584364e-12       8.492819208107e-15       7.414203479797e-16       1.821606648390e-17       3.363515653984e-17 
 1677       5.222140201146e-11       2.215460247874e-12      -3.926643179696e-12       8.486858487885e-15       7.396447255804e-16       1.723106904033e-17       3.337719749548e-17 
 1678       5.225082441651e-11       2.200819872325e-12      -3.939989521752e-12       8.480930714946e-15       7.378743466430e-16       1.626614549743e-17       3.311723301096e-17 
 1679       5.228108047723e-11       2.186105002234e-12      -3.952504384830e-12       8.475034947606e-15       7.361091930569e-16       1.532166906336e-17       3.285530911973e-17 
 1680       5.231210304372e-11       2.171320709924e-12      -3.964186548225e-12       8.469170239021e-15       7.343492465110e-16       1.439801444775e-17       3.259147209443e-17 
 1681       5.234382463545e-11       2.156472092494e-12      -3.975034796245e-12       8.463335637182e-15       7.325944884933e-16       1.349555786373e-17       3.232576844731e-17 
 1682       5.237617744084e-11       2.141564271852e-12      -3.985047918218e-12       8.457530184908e-15       7.308449002902e-16       1.261467703010e-17       3.205824493054e-17 
 1683       5.240909331668e-11       2.126602394757e-12      -3.994224708510e-12       8.451752919832e-15       7.291004629868e-16       1.175575117334e-17       3.178894853659e-17 
 1684       5.244250378771e-11       2.111591632853e-12      -4.002563966537e-12       8.446002874401e-15       7.273611574658e-16       1.091916102979e-17       3.151792649862e-17 
 1685       5.247634004606e-11       2.096537182704e-12      -4.010064496773e-12       8.440279075862e-15       7.256269644076e-16       1.010528884768e-17       3.124522629079e-17 
 1686       5.251053295079e-11       2.081444265836e-12      -4.016725108772e-12       8.434580546256e-15       7.238978642897e-16       9.314518389218e-18       3.097089562870e-17 
 1687       5.254501302740e-11       2.066318128772e-12      -4.022544617170e-12       8.428906302409e-15       7.221738373864e-16       8.547234932736e-18       3.069498246967e-17 
 1688       5.257971046728e-11       2.051164043066e-12      -4.027521841707e-12       8.423255355926e-15       7.204548637685e-16       7.803825274733e-18       3.041753501317e-17 
 1689       5.261455512728e-11       2.035987305346e-12      -4.031655607236e-12       8.417626713180e-15       7.187409233029e-16       7.084677731985e-18       3.013860170116e-17 
 1690       5.264947652918e-11       2.020793237345e-12      -4.034944743735e-12       8.412019375307e-15       7.170319956522e-16       6.390182143637e-18       2.985823121846e-17 
 1691       5.268440385916e-11       2.005587185943e-12      -4.037388086320e-12       8.406432338195e-15       7.153280602742e-16       5.720729873290e-18       2.957647249308e-17 
 1692       5.271926596738e-11       1.990374523201e-12      -4.038984475262e-12       8.400864592477e-15       7.136290964219e-16       5.076713811098e-18       2.929337469665e-17 
 1693       5.275399136741e-11       1.975160646399e-12      -4.039732755994e-12       8.395315123524e-15       7.119350831428e-16       4.458528375857e-18       2.900898724472e-17 
 1694       5.278850823578e-11       1.959950978073e-12      -4.039631779128e-12       8.389782911437e-15       7.102459992785e-16       3.866569517100e-18       2.872335979718e-17 
 1695       5.282274441145e-11       1.944750966053e-12      -4.038680400466e-12       8.384266931036e-15       7.085618234646e-16       3.301234717183e-18       2.843654225857e-17 
 1696       5.285662739535e-11       1.929566083498e-12      -4.036877481012e-12       8.378766151855e-15       7.068825341302e-16       2.762922993384e-18       2.814858477848e-17 
 1697       5.289009011985e-11       1.914401521544e-12      -4.034223691083e-12       8.373279565601e-15       7.052081111053e-16       2.251909651978e-18       2.785953552739e-17 
 1698       5.292308831276e-11       1.899261264271e-12      -4.030726939617e-12       8.367806268814e-15       7.035385404586e-16       1.767969365412e-18       2.756943400248e-17 
 1699       5.295558328206e-11       1.884149005834e-12      -4.026396991699e-12       8.362345380901e-15       7.018738097005e-16       1.310749849524e-18       2.727831766484e-17 
 1700       5.298753615924e-11       1.869068457154e-12      -4.021243668801e-12       8.356896016733e-15       7.002139061794e-16       8.798968134725e-19       2.698622415899e-17 
 1701       5.301890789904e-11       1.854023345941e-12      -4.015276848875e-12       8.351457286628e-15       6.985588170805e-16       4.750539566068e-19       2.669319131317e-17 
 1702       5.304965927917e-11       1.839017416721e-12      -4.008506466437e-12       8.346028296353e-15       6.969085294264e-16       9.586296534741e-20       2.639925713962e-17 
 1703       5.307975090009e-11       1.824054430857e-12      -4.000942512656e-12       8.340608147111e-15       6.952630300762e-16      -2.580364899395e-19       2.610445983484e-17 
 1704       5.310914318474e-11       1.809138166578e-12      -3.992595035443e-12       8.335195935538e-15       6.936223057253e-16      -5.870067580660e-19       2.580883777987e-17 
 1705       5.313779637824e-11       1.794272418997e-12      -3.983474139536e-12       8.329790753692e-15       6.919863429053e-16      -8.914122101466e-19       2.551242954053e-17 
 1706       5.316567054771e-11       1.779461000140e-12      -3.973589986593e-12       8.324391689052e-15       6.903551279836e-16      -1.171619242722e-18       2.521527386775e-17 
 1707       5.319272558196e-11       1.764707738969e-12      -3.962952795275e-12       8.318997824503e-15       6.887286471629e-16      -1.427996280883e-18       2.491740969780e-17 
 1708       5.321892119123e-11       1.750016481406e-12      -3.951572841336e-12       8.313608238338e-15       6.871068864814e-16      -1.660913781395e-18       2.461887615255e-17 
 1709       5.324421690698e-11       1.735391090357e-12      -3.939460457711e-12       8.308222004243e-15       6.854898318119e-16      -1.870744235822e-18       2.431971253979e-17 
 1710       5.326857208158e-11       1.720835445735e-12      -3.926626034607e-12       8.302838191296e-15       6.838774688618e-16      -2.057862173649e-18       2.401995835346e-17 
 1711       5.329194588808e-11       1.706353444490e-12      -3.913080019583e-12       8.297455863957e-15       6.822697831728e-16      -2.222644165408e-18       2.371965327395e-17 
 1712       5.331429731996e-11       1.691949000625e-12      -3.898832917647e-12       8.292074082061e-15       6.806667601207e-16      -2.365468825803e-18       2.341883716833e-17 
 1713       5.333558519084e-11       1.677626045227e-12      -3.883895291339e-12       8.286691900812e-15       6.790683849149e-16      -2.486716816830e-18       2.311755009067e-17 
 1714       5.335576813428e-11       1.663388526486e-12      -3.868277760819e-12       8.281308370777e-15       6.774746425980e-16      -2.586770850904e-18       2.281583228230e-17 
 1715       5.337480460345e-11       1.649240409726e-12      -3.851991003958e-12       8.275922537876e-15       6.758855180458e-16      -2.666015693983e-18       2.251372417205e-17 
 1716       5.339265287094e-11       1.635185677420e-12      -3.835045756420e-12       8.270533443380e-15       6.743009959670e-16      -2.724838168691e-18       2.221126637655e-17 
 1717       5.340927102846e-11       1.621228329224e-12      -3.817452811759e-12       8.265140123897e-15       6.727210609025e-16      -2.763627157443e-18       2.190849970051e-17 
 1718       5.342461698659e-11       1.607372381995e-12      -3.799223021499e-12       8.259741611373e-15       6.711456972255e-16      -2.782773605568e-18       2.160546513697e-17 
 1719       5.343864847456e-11       1.593621869815e-12      -3.780367295226e-12       8.254336933078e-15       6.695748891410e-16      -2.782670524433e-18       2.130220386757e-17 
 1720       5.345132303992e-11       1.579980844021e-12      -3.760896600674e-12       8.248925111604e-15       6.680086206856e-16      -2.763712994567e-18       2.099875726284e-17 
 1721       5.346259804838e-11       1.566453373222e-12      -3.740821963814e-12       8.243505164855e-15       6.664468757272e-16      -2.726298168788e-18       2.069516688246e-17 
 1722       5.347243068345e-11       1.553043543329e-12      -3.720154468944e-12       8.238076106044e-15       6.648896379646e-16      -2.670825275321e-18       2.039147447555e-17 
 1723       5.348077794626e-11       1.539755457576e-12      -3.698905258772e-12       8.232636943680e-15       6.633368909272e-16      -2.597695620928e-18       2.008772198089e-17 
 1724       5.348759665528e-11       1.526593236546e-12      -3.677085534509e-12       8.227186681565e-15       6.617886179749e-16      -2.507312594030e-18       1.978395152728e-17 
 1725       5.349284344604e-11       1.513561018193e-12      -3.654706555954e-12       8.221724318789e-15       6.602448022974e-16      -2.400081667827e-18       1.948020543370e-17 
 1726       5.349647477090e-11       1.500662957871e-12      -3.631779641584e-12       8.216248849718e-15       6.587054269144e-16      -2.276410403430e-18       1.917652620969e-17 
 1727       5.349844689880e-11       1.487903228350e-12      -3.608316168638e-12       8.210759263990e-15       6.571704746748e-16      -2.136708452977e-18       1.887295655555e-17 
 1728       5.349871591496e-11       1.475286019851e-12      -3.584327573213e-12       8.205254546508e-15       6.556399282570e-16      -1.981387562763e-18       1.856953936264e-17 
 1729       5.349723772067e-11       1.462815540061e-12      -3.559825350341e-12       8.199733677433e-15       6.541137701679e-16      -1.810861576359e-18       1.826631771364e-17 
 1730       5.349396803303e-11       1.450496014161e-12      -3.534821054087e-12       8.194195632177e-15       6.525919827430e-16      -1.625546437741e-18       1.796333488284e-17 
 1731       5.348886238463e-11       1.438331684852e-12      -3.509326297631e-12       8.188639381393e-15       6.510745481462e-16      -1.425860194412e-18       1.766063433639e-17 
 1732       5.348187612340e-11       1.426326812375e-12      -3.483352753359e-12       8.183063890976e-15       6.495614483692e-16      -1.212223000522e-18       1.735825973258e-17 
 1733       5.347296441225e-11       1.414485674540e-12      -3.456912152949e-12       8.177468122046e-15       6.480526652314e-16      -9.850571199996e-19       1.705625492213e-17 
 1734       5.346208222886e-11       1.402812566747e-12      -3.430016287461e-12       8.171851030948e-15       6.465481803794e-16      -7.447869296698e-19       1.675466394842e-17 
 1735       5.344918436546e-11       1.391311802010e-12      -3.402677007422e-12       8.166211569243e-15       6.450479752870e-16      -4.918389223809e-19       1.645353104780e-17 
 1736       5.343423289387e-11       1.379987138467e-12      -3.374906455399e-12       8.160548790927e-15       6.435520326046e-16      -2.265943445827e-19       1.615289487352e-17 
 1737       5.341721963032e-11       1.368840056573e-12      -3.346717765680e-12       8.154862175094e-15       6.420603402204e-16       5.075333373423e-20       1.585277111373e-17 
 1738       5.339814385951e-11       1.357871467432e-12      -3.318124370663e-12       8.149151305976e-15       6.405728872332e-16       3.400570840873e-19       1.555316972754e-17 
 1739       5.337700488646e-11       1.347082283999e-12      -3.289139769009e-12       8.143415765966e-15       6.390896626049e-16       6.411690617605e-19       1.525410070804e-17 
 1740       5.335380203652e-11       1.336473421081e-12      -3.259777525737e-12       8.137655135614e-15       6.376106551602e-16       9.539406045653e-19       1.495557408237e-17 
 1741       5.332853465548e-11       1.326045795338e-12      -3.230051272324e-12       8.131868993621e-15       6.361358535867e-16       1.278222231602e-18       1.465759991178e-17 
 1742       5.330120210952e-11       1.315800325285e-12      -3.199974706799e-12       8.126056916842e-15       6.346652464344e-16       1.613863642019e-18       1.436018829165e-17 
 1743       5.327180378532e-11       1.305737931292e-12      -3.169561593843e-12       8.120218480279e-15       6.331988221157e-16       1.960713713776e-18       1.406334935150e-17 
 1744       5.324033909007e-11       1.295859535589e-12      -3.138825764883e-12       8.114353257078e-15       6.317365689046e-16       2.318620502404e-18       1.376709325511e-17 
 1745       5.320680745152e-11       1.286166062265e-12      -3.107781118195e-12       8.108460818530e-15       6.302784749373e-16       2.687431239766e-18       1.347143020050e-17 
 1746       5.317120831801e-11       1.276658437267e-12      -3.076441618995e-12       8.102540734066e-15       6.288245282112e-16       3.066992332818e-18       1.317637041998e-17 
 1747       5.313354115852e-11       1.267337588407e-12      -3.044821299538e-12       8.096592571254e-15       6.273747165850e-16       3.457149362368e-18       1.288192418022e-17 
 1748       5.309380546271e-11       1.258204445360e-12      -3.012934259218e-12       8.090615895798e-15       6.259290277783e-16       3.857747081841e-18       1.258810178226e-17 
 1749       5.305200074094e-11       1.249259939666e-12      -2.980794664663e-12       8.084610271531e-15       6.244874493716e-16       4.268629416038e-18       1.229491356157e-17 
 1750       5.300812652435e-11       1.240505004731e-12      -2.948416749831e-12       8.078575260420e-15       6.230499688059e-16       4.689639459896e-18       1.200236988809e-17 
 1751       5.296218236486e-11       1.231940575831e-12      -2.915814816110e-12       8.072510422555e-15       6.216165733823e-16       5.120619477248e-18       1.171048116625e-17 
 1752       5.291416783524e-11       1.223567590109e-12      -2.883003232415e-12       8.066415316153e-15       6.201872502620e-16       5.561410899587e-18       1.141925783507e-17 
 1753       5.286408252911e-11       1.215386986581e-12      -2.849996435283e-12       8.060289497551e-15       6.187619864658e-16       6.011854324826e-18       1.112871036812e-17 
 1754       5.281192606105e-11       1.207399706136e-12      -2.816808928970e-12       8.054132521205e-15       6.173407688743e-16       6.471789516057e-18       1.083884927363e-17 
 1755       5.275769806657e-11       1.199606691535e-12      -2.783455285553e-12       8.047943939688e-15       6.159235842272e-16       6.941055400313e-18       1.054968509450e-17 
 1756       5.270139820218e-11       1.192008887415e-12      -2.749950145022e-12       8.041723303684e-15       6.145104191230e-16       7.419490067331e-18       1.026122840834e-17 
 1757       5.264302614543e-11       1.184607240292e-12      -2.716308215379e-12       8.035470161992e-15       6.131012600193e-16       7.906930768309e-18       9.973489827530e-18 
 1758       5.258258159495e-11       1.177402698559e-12      -2.682544272737e-12       8.029184061515e-15       6.116960932319e-16       8.403213914670e-18       9.686479999251e-18 
 1759       5.252006427048e-11       1.170396212489e-12      -2.648673161415e-12       8.022864547263e-15       6.102949049352e-16       8.908175076820e-18       9.400209605522e-18 
 1760       5.245547391294e-11       1.163588734237e-12      -2.614709794034e-12       8.016511162350e-15       6.088976811613e-16       9.421648982915e-18       9.114689363248e-18 
 1761       5.238881028444e-11       1.156981217839e-12      -2.580669151620e-12       8.010123447988e-15       6.075044078003e-16       9.943469517613e-18       8.829930024264e-18 
 1762       5.232007316830e-11       1.150574619218e-12      -2.546566283695e-12       8.003700943488e-15       6.061150705997e-16       1.047346972084e-17       8.545942375372e-18 
 1763       5.224926236916e-11       1.144369896182e-12      -2.512416308377e-12       7.997243186255e-15       6.047296551642e-16       1.101148178656e-17       8.262737238384e-18 
 1764       5.217637771297e-11       1.138368008426e-12      -2.478234412477e-12       7.990749711785e-15       6.033481469556e-16       1.155733706151e-17       7.980325470166e-18 
 1765       5.210141904701e-11       1.132569917534e-12      -2.444035851596e-12       7.984220053665e-15       6.019705312927e-16       1.211086604398e-17       7.698717962676e-18 
 1766       5.202438624000e-11       1.126976586980e-12      -2.409835950223e-12       7.977653743568e-15       6.005967933504e-16       1.267189838260e-17       7.417925643010e-18 
 1767       5.194527918207e-11       1.121588982131e-12      -2.375650101831e-12       7.971050311252e-15       5.992269181601e-16       1.324026287502e-17       7.137959473442e-18 
 1768       5.186409778484e-11       1.116408070247e-12      -2.341493768976e-12       7.964409284555e-15       5.978608906093e-16       1.381578746677e-17       6.858830451465e-18 
 1769       5.178084198147e-11       1.111434820481e-12      -2.307382483393e-12       7.957730189394e-15       5.964986954413e-16       1.439829924996e-17       6.580549609832e-18 
 1770       5.169551172665e-11       1.106670203884e-12      -2.273331846092e-12       7.951012549761e-15       5.951403172546e-16       1.498762446204e-17       6.303128016601e-18 
 1771       5.160810699667e-11       1.102115193404e-12      -2.239357527457e-12       7.944255887724e-15       5.937857405034e-16       1.558358848459e-17       6.026576775176e-18 
 1772       5.151862778950e-11       1.097770763889e-12      -2.205475267344e-12       7.937459723420e-15       5.924349494967e-16       1.618601584206e-17       5.750907024346e-18 
 1773       5.142707412475e-11       1.093637892088e-12      -2.171700875177e-12       7.930623575052e-15       5.910879283985e-16       1.679473020055e-17       5.476129938330e-18 
 1774       5.133344604376e-11       1.089717556650e-12      -2.138050230045e-12       7.923746958893e-15       5.897446612269e-16       1.740955436655e-17       5.202256726816e-18 
 1775       5.123774843706e-11       1.086010266844e-12      -2.104538129029e-12       7.916829505057e-15       5.884051330359e-16       1.803029839755e-17       4.929299494830e-18 
 1776       5.114000557012e-11       1.082514644448e-12      -2.071174821612e-12       7.909871305904e-15       5.870693334674e-16       1.865672382920e-17       4.657273829991e-18 
 1777       5.104024667742e-11       1.079228830173e-12      -2.037969446893e-12       7.902872570503e-15       5.857372532279e-16       1.928857915080e-17       4.386196236667e-18 
 1778       5.093850114614e-11       1.076150953864e-12      -2.004931182817e-12       7.895833509119e-15       5.844088829091e-16       1.992561166496e-17       4.116083278162e-18 
 1779       5.083479851632e-11       1.073279134493e-12      -1.972069246230e-12       7.888754333206e-15       5.830842129881e-16       2.056756748593e-17       3.846951576789e-18 
 1780       5.072916848119e-11       1.070611480133e-12      -1.939392892931e-12       7.881635255416e-15       5.817632338272e-16       2.121419153790e-17       3.578817813945e-18 
 1781       5.062164088729e-11       1.068146087948e-12      -1.906911417725e-12       7.874476489599e-15       5.804459356737e-16       2.186522755331e-17       3.311698730186e-18 
 1782       5.051224573476e-11       1.065881044174e-12      -1.874634154479e-12       7.867278250800e-15       5.791323086596e-16       2.252041807118e-17       3.045611125301e-18 
 1783       5.040101317754e-11       1.063814424104e-12      -1.842570476171e-12       7.860040755269e-15       5.778223428013e-16       2.317950443536e-17       2.780571858388e-18 
 1784       5.028797352359e-11       1.061944292070e-12      -1.810729794948e-12       7.852764220454e-15       5.765160279997e-16       2.384222679291e-17       2.516597847926e-18 
 1785       5.017315723513e-11       1.060268701426e-12      -1.779121562175e-12       7.845448865009e-15       5.752133540398e-16       2.450832409236e-17       2.253706071853e-18 
 1786       5.005659492885e-11       1.058785694534e-12      -1.747755268495e-12       7.838094908794e-15       5.739143105905e-16       2.517753408203e-17       1.991913567637e-18 
 1787       4.993831737614e-11       1.057493302746e-12      -1.716640443873e-12       7.830702572875e-15       5.726188872043e-16       2.584959330836e-17       1.731237432351e-18 
 1788       4.981835550331e-11       1.056389546387e-12      -1.685786657657e-12       7.823272079528e-15       5.713270733175e-16       2.652423711418e-17       1.471694822752e-18 
 1789       4.969674039181e-11       1.055472434741e-12      -1.655203518631e-12       7.815803652240e-15       5.700388582494e-16       2.720119963705e-17       1.213302955350e-18 
 1790       4.957350327849e-11       1.054739966031e-12      -1.624900675062e-12       7.808297515709e-15       5.687542312027e-16       2.788021380755e-17       9.560791064836e-19 
 1791       4.944867555575e-11       1.054190127405e-12      -1.594887814761e-12       7.800753895850e-15       5.674731812628e-16       2.856101134759e-17       7.000406123985e-19 
 1792       4.932228877185e-11       1.053820894919e-12      -1.565174665131e-12       7.793173019790e-15       5.661956973980e-16       2.924332276875e-17       4.452048693173e-19 
 1793       4.919437463107e-11       1.053630233521e-12      -1.535770993225e-12       7.785555115879e-15       5.649217684589e-16       2.992687737052e-17       1.915893335166e-19 
 1794       4.906496499395e-11       1.053616097033e-12      -1.506686605795e-12       7.777900413681e-15       5.636513831784e-16       3.061140323869e-17      -6.078847859924e-20 
 1795       4.893409187754e-11       1.053776428135e-12      -1.477931349347e-12       7.770209143985e-15       5.623845301718e-16       3.129662724360e-17      -3.119109904234e-19 
 1796       4.880178745559e-11       1.054109158352e-12      -1.449515110197e-12       7.762481538801e-15       5.611211979360e-16       3.198227503847e-17      -5.617605650720e-19 
 1797       4.866808405880e-11       1.054612208031e-12      -1.421447814519e-12       7.754717831365e-15       5.598613748497e-16       3.266807105769e-17      -8.103195053096e-19 
 1798       4.853301417502e-11       1.055283486330e-12      -1.393739428405e-12       7.746918256139e-15       5.586050491730e-16       3.335373851518e-17      -1.057570053475e-18 
 1799       4.839661044949e-11       1.056120891200e-12      -1.366399957912e-12       7.739083048812e-15       5.573522090475e-16       3.403899940262e-17      -1.303494391405e-18 
 1800       4.825890568506e-11       1.057122309367e-12      -1.339439449119e-12       7.731212446303e-15       5.561028424956e-16       3.472357448783e-17      -1.548074640364e-18 
 1801       4.811993284242e-11       1.058285616318e-12      -1.312867988182e-12       7.723306686764e-15       5.548569374208e-16       3.540718331304e-17      -1.791292860964e-18 
 1802       4.797972504030e-11       1.059608676283e-12      -1.286695701383e-12       7.715366009580e-15       5.536144816072e-16       3.608954419321e-17      -2.033131053093e-18 
 1803       4.783831555574e-11       1.061089342219e-12      -1.260932755184e-12       7.707390655370e-15       5.523754627193e-16       3.677037421432e-17      -2.273571155842e-18 
 1804       4.769573782427e-11       1.062725455791e-12      -1.235589356286e-12       7.699380865990e-15       5.511398683021e-16       3.744938923172e-17      -2.512595047427e-18 
 1805       4.755202544013e-11       1.064514847362e-12      -1.210675751675e-12       7.691336884535e-15       5.499076857805e-16       3.812630386839e-17      -2.750184545116e-18 
 1806       4.740721215656e-11       1.066455335969e-12      -1.186202228680e-12       7.683258955339e-15       5.486789024591e-16       3.880083151329e-17      -2.986321405157e-18 
 1807       4.726133188593e-11       1.068544729312e-12      -1.162179115026e-12       7.675147323981e-15       5.474535055226e-16       3.947268431963e-17      -3.220987322697e-18 
 1808       4.711441870004e-11       1.070780823735e-12      -1.138616778884e-12       7.667002237279e-15       5.462314820347e-16       4.014157320320e-17      -3.454163931715e-18 
 1809       4.696650683030e-11       1.073161404211e-12      -1.115525628929e-12       7.658823943301e-15       5.450128189387e-16       4.080720784069e-17      -3.685832804942e-18 
 1810       4.681763066799e-11       1.075684244322e-12      -1.092916114392e-12       7.650612691359e-15       5.437975030568e-16       4.146929666798e-17      -3.915975453789e-18 
 1811       4.666782476445e-11       1.078347106247e-12      -1.070798725110e-12       7.642368732016e-15       5.425855210900e-16       4.212754687844e-17      -4.144573328271e-18 
 1812       4.651712383130e-11       1.081147740745e-12      -1.049183991584e-12       7.634092317083e-15       5.413768596181e-16       4.278166442127e-17      -4.371607816935e-18 
 1813       4.636556274072e-11       1.084083887135e-12      -1.028082485031e-12       7.625783699626e-15       5.401715050992e-16       4.343135399977e-17      -4.597060246782e-18 
 1814       4.621317673153e-11       1.087153129682e-12      -1.007503155130e-12       7.617443194204e-15       5.389694447890e-16       4.407638583361e-17      -4.820913869299e-18 
 1815       4.606000202910e-11       1.090352465516e-12      -9.874483284971e-13       7.609071358129e-15       5.377706695060e-16       4.471679653780e-17      -5.043159836216e-18 
 1816       4.590607523090e-11       1.093678733190e-12      -9.679186699703e-13       7.600668811671e-15       5.365751708884e-16       4.535268986082e-17      -5.263791271804e-18 
 1817       4.575143310129e-11       1.097128755952e-12      -9.489148412465e-13       7.592236177959e-15       5.353829404760e-16       4.598417006854e-17      -5.482801291148e-18 
 1818       4.559611257173e-11       1.100699341712e-12      -9.304375008732e-13       7.583774082981e-15       5.341939697108e-16       4.661134194498e-17      -5.700183000146e-18 
 1819       4.544015074104e-11       1.104387283029e-12      -9.124873042420e-13       7.575283155590e-15       5.330082499363e-16       4.723431079303e-17      -5.915929495500e-18 
 1820       4.528358487558e-11       1.108189357087e-12      -8.950649035812e-13       7.566764027504e-15       5.318257723974e-16       4.785318243517e-17      -6.130033864722e-18 
 1821       4.512645240954e-11       1.112102325670e-12      -8.781709479486e-13       7.558217333318e-15       5.306465282405e-16       4.846806321427e-17      -6.342489186128e-18 
 1822       4.496879094512e-11       1.116122935144e-12      -8.618060832243e-13       7.549643710499e-15       5.294705085131e-16       4.907905999429e-17      -6.553288528835e-18 
 1823       4.481063825280e-11       1.120247916435e-12      -8.459709521034e-13       7.541043799396e-15       5.282977041637e-16       4.968628016101e-17      -6.762424952760e-18 
 1824       4.465203227156e-11       1.124473985005e-12      -8.306661940894e-13       7.532418243241e-15       5.271281060414e-16       5.028983162283e-17      -6.969891508619e-18 
 1825       4.449301110910e-11       1.128797840832e-12      -8.158924454861e-13       7.523767688154e-15       5.259617048963e-16       5.088982281144e-17      -7.175681237922e-18 
 1826       4.433361304208e-11       1.133216168390e-12      -8.016503393911e-13       7.515092783145e-15       5.247984913788e-16       5.148636268262e-17      -7.379787172974e-18 
 1827       4.417387651636e-11       1.137725636622e-12      -7.879405056884e-13       7.506394180123e-15       5.236384560396e-16       5.207956071694e-17      -7.582202336870e-18 
 1828       4.401384014721e-11       1.142322898925e-12      -7.747635710413e-13       7.497672533894e-15       5.224815893295e-16       5.266952692054e-17      -7.782919743496e-18 
 1829       4.385354271955e-11       1.147004593122e-12      -7.621201588850e-13       7.488928502168e-15       5.213278815993e-16       5.325637182584e-17      -7.981932397524e-18 
 1830       4.369302318821e-11       1.151767341446e-12      -7.500108894194e-13       7.480162745563e-15       5.201773230998e-16       5.384020649229e-17      -8.179233294410e-18 
 1831       4.353232067812e-11       1.156607750515e-12      -7.384363796025e-13       7.471375927606e-15       5.190299039811e-16       5.442114250711e-17      -8.374815420395e-18 
 1832       4.337147448455e-11       1.161522411308e-12      -7.273972431422e-13       7.462568714743e-15       5.178856142930e-16       5.499929198607e-17      -8.568671752497e-18 
 1833       4.321052407337e-11       1.166507899151e-12      -7.168940904902e-13       7.453741776336e-15       5.167444439844e-16       5.557476757415e-17      -8.760795258517e-18 
 1834       4.304950908125e-11       1.171560773686e-12      -7.069275288339e-13       7.444895784671e-15       5.156063829036e-16       5.614768244637e-17      -8.951178897028e-18 
 1835       4.288846931590e-11       1.176677578857e-12      -6.974981620900e-13       7.436031414962e-15       5.144714207975e-16       5.671815030848e-17      -9.139815617380e-18 
 1836       4.272744475631e-11       1.181854842884e-12      -6.886065908964e-13       7.427149345352e-15       5.133395473120e-16       5.728628539770e-17      -9.326698359694e-18 
 1837       4.256647555298e-11       1.187089078242e-12      -6.802534126060e-13       7.418250256921e-15       5.122107519917e-16       5.785220248350e-17      -9.511820054860e-18 
 1838       4.240560202814e-11       1.192376781640e-12      -6.724392212789e-13       7.409334833686e-15       5.110850242794e-16       5.841601686829e-17      -9.695173624537e-18 
 1839       4.224486467597e-11       1.197714434000e-12      -6.651646076752e-13       7.400403762607e-15       5.099623535164e-16       5.897784438821e-17      -9.876751981148e-18 
 1840       4.208430416290e-11       1.203098500432e-12      -6.584301592483e-13       7.391457733592e-15       5.088427289418e-16       5.953780141384e-17      -1.005654802788e-17 
 1841       4.192396132774e-11       1.208525430218e-12      -6.522364601370e-13       7.382497439498e-15       5.077261396930e-16       6.009600485097e-17      -1.023455465868e-17 
 1842       4.176387718199e-11       1.213991656784e-12      -6.465840911589e-13       7.373523576136e-15       5.066125748050e-16       6.065257214130e-17      -1.041076475826e-17 
 1843       4.160409291004e-11       1.219493597683e-12      -6.414736298032e-13       7.364536842278e-15       5.055020232103e-16       6.120762126323e-17      -1.058517120208e-17 
 1844       4.144464986940e-11       1.225027654571e-12      -6.369056502229e-13       7.355537939655e-15       5.043944737390e-16       6.176127073254e-17      -1.075776685637e-17 
 1845       4.128558959094e-11       1.230590213185e-12      -6.328807232284e-13       7.346527572968e-15       5.032899151183e-16       6.231363960323e-17      -1.092854457808e-17 
 1846       4.112695377912e-11       1.236177643324e-12      -6.293994162798e-13       7.337506449884e-15       5.021883359727e-16       6.286484746813e-17      -1.109749721494e-17 
 1847       4.096878431222e-11       1.241786298825e-12      -6.264622934798e-13       7.328475281048e-15       5.010897248233e-16       6.341501445978e-17      -1.126461760543e-17 
 1848       4.081112324258e-11       1.247412517541e-12      -6.240699155668e-13       7.319434780080e-15       4.999940700883e-16       6.396426125106e-17      -1.142989857876e-17 
 1849       4.065401279680e-11       1.253052621320e-12      -6.222228399073e-13       7.310385663583e-15       4.989013600822e-16       6.451270905600e-17      -1.159333295489e-17 
 1850       4.049749537602e-11       1.258702915985e-12      -6.209216204890e-13       7.301328651147e-15       4.978115830161e-16       6.506047963047e-17      -1.175491354452e-17 
 1851       4.034161355611e-11       1.264359691309e-12      -6.201668079134e-13       7.292264465350e-15       4.967247269971e-16       6.560769527300e-17      -1.191463314909e-17 
 1852       4.018641008791e-11       1.270019220995e-12      -6.199589493889e-13       7.283193831765e-15       4.956407800288e-16       6.615447882541e-17      -1.207248456078e-17 
 1853       4.003192437248e-11       1.275677966241e-12      -6.202974041850e-13       7.274117461112e-15       4.945597308621e-16       6.670090620775e-17      -1.222845991021e-17 
 1854       3.987818185576e-11       1.281333188224e-12      -6.211767797823e-13       7.265035995560e-15       4.934815715596e-16       6.724686361129e-17      -1.238254870395e-17 
 1855       3.972520455058e-11       1.286982340409e-12      -6.225904675625e-13       7.255950062006e-15       4.924062949511e-16       6.779218917916e-17      -1.253473977150e-17 
 1856       3.957301455419e-11       1.292622865389e-12      -6.245318247431e-13       7.246860289898e-15       4.913338937843e-16       6.833672036892e-17      -1.268502191616e-17 
 1857       3.942163404840e-11       1.298252194867e-12      -6.269941743289e-13       7.237767311229e-15       4.902643607241e-16       6.888029395164e-17      -1.283338391500e-17 
 1858       3.927108529960e-11       1.303867749645e-12      -6.299708050634e-13       7.228671760548e-15       4.891976883526e-16       6.942274601101e-17      -1.297981451887e-17 
 1859       3.912139065897e-11       1.309466939607e-12      -6.334549713804e-13       7.219574274959e-15       4.881338691692e-16       6.996391194243e-17      -1.312430245230e-17 
 1860       3.897257256252e-11       1.315047163708e-12      -6.374398933551e-13       7.210475494124e-15       4.870728955899e-16       7.050362645207e-17      -1.326683641355e-17 
 1861       3.882465353122e-11       1.320605809955e-12      -6.419187566558e-13       7.201376060271e-15       4.860147599479e-16       7.104172355594e-17      -1.340740507456e-17 
 1862       3.867765617112e-11       1.326140255393e-12      -6.468847124953e-13       7.192276618189e-15       4.849594544926e-16       7.157803657903e-17      -1.354599708089e-17 
 1863       3.853160317344e-11       1.331647866096e-12      -6.523308775824e-13       7.183177815242e-15       4.839069713904e-16       7.211239815434e-17      -1.368260105176e-17 
 1864       3.838651731468e-11       1.337125997143e-12      -6.582503340731e-13       7.174080301361e-15       4.828573027238e-16       7.264464022198e-17      -1.381720557997e-17 
 1865       3.824242145675e-11       1.342571992613e-12      -6.646361295223e-13       7.164984729058e-15       4.818104404916e-16       7.317459402828e-17      -1.394979923190e-17 
 1866       3.809933854704e-11       1.347983185564e-12      -6.714812768351e-13       7.155891753420e-15       4.807663766088e-16       7.370209012483e-17      -1.408037054748e-17 
 1867       3.795729161858e-11       1.353356898020e-12      -6.787787542181e-13       7.146802032119e-15       4.797251029061e-16       7.422695836758e-17      -1.420890804017e-17 
 1868       3.781630379007e-11       1.358690440958e-12      -6.865215051313e-13       7.137716225412e-15       4.786866111305e-16       7.474902791595e-17      -1.433540019692e-17 
 1869       3.767639826610e-11       1.363981114292e-12      -6.947024382390e-13       7.128634996145e-15       4.776508929441e-16       7.526812723188e-17      -1.445983547817e-17 
 1870       3.753759833714e-11       1.369226206858e-12      -7.033144273616e-13       7.119559009756e-15       4.766179399251e-16       7.578408407893e-17      -1.458220231780e-17 
 1871       3.739992737973e-11       1.374422996402e-12      -7.123503114269e-13       7.110488934281e-15       4.755877435667e-16       7.629672552136e-17      -1.470248912312e-17 
 1872       3.726340885657e-11       1.379568749560e-12      -7.218028944214e-13       7.101425440351e-15       4.745602952776e-16       7.680587792320e-17      -1.482068427485e-17 
 1873       3.712806631660e-11       1.384660721851e-12      -7.316649453420e-13       7.092369201202e-15       4.735355863815e-16       7.731136694736e-17      -1.493677612706e-17 
 1874       3.699392339513e-11       1.389696157656e-12      -7.419291981475e-13       7.083320892676e-15       4.725136081173e-16       7.781301755472e-17      -1.505075300721e-17 
 1875       3.686100381396e-11       1.394672290206e-12      -7.525883517096e-13       7.074281193222e-15       4.714943516384e-16       7.831065400315e-17      -1.516260321604e-17 
 1876       3.672933138148e-11       1.399586341567e-12      -7.636350697647e-13       7.065250783902e-15       4.704778080132e-16       7.880409984668e-17      -1.527231502763e-17 
 1877       3.659892999274e-11       1.404435522627e-12      -7.750619808652e-13       7.056230348395e-15       4.694639682245e-16       7.929317793452e-17      -1.537987668932e-17 
 1878       3.646982362963e-11       1.409217033079e-12      -7.868616783310e-13       7.047220572996e-15       4.684528231697e-16       7.977771041017e-17      -1.548527642170e-17 
 1879       3.634203636093e-11       1.413928061407e-12      -7.990267202011e-13       7.038222146624e-15       4.674443636604e-16       8.025751871051e-17      -1.558850241860e-17 
 1880       3.621559234244e-11       1.418565784874e-12      -8.115496291844e-13       7.029235760823e-15       4.664385804223e-16       8.073242356486e-17      -1.568954284702e-17 
 1881       3.609051581709e-11       1.423127369502e-12      -8.244228926121e-13       7.020262109765e-15       4.654354640951e-16       8.120224499409e-17      -1.578838584717e-17 
 1882       3.596683111504e-11       1.427609970062e-12      -8.376389623883e-13       7.011301890256e-15       4.644350052324e-16       8.166680230969e-17      -1.588501953240e-17 
 1883       3.584456265381e-11       1.432010730061e-12      -8.511902549419e-13       7.002355801735e-15       4.634371943017e-16       8.212591411284e-17      -1.597943198918e-17 
 1884       3.572373493835e-11       1.436326781721e-12      -8.650691511778e-13       6.993424546281e-15       4.624420216839e-16       8.257939829353e-17      -1.607161127709e-17 
 1885       3.560437256119e-11       1.440555245968e-12      -8.792679964284e-13       6.984508828614e-15       4.614494776733e-16       8.302707202960e-17      -1.616154542878e-17 
 1886       3.548650020250e-11       1.444693232420e-12      -8.937791004054e-13       6.975609356100e-15       4.604595524777e-16       8.346875178588e-17      -1.624922244996e-17 
 1887       3.537014263026e-11       1.448737839367e-12      -9.085947371505e-13       6.966726838753e-15       4.594722362179e-16       8.390425331320e-17      -1.633463031936e-17 
 1888       3.525532470031e-11       1.452686153761e-12      -9.237071449875e-13       6.957861989239e-15       4.584875189279e-16       8.433339164754e-17      -1.641775698872e-17 
 1889       3.514207135650e-11       1.456535251200e-12      -9.391085264734e-13       6.949015522879e-15       4.575053905545e-16       8.475598110909e-17      -1.649859038274e-17 
 1890       3.503040763077e-11       1.460282195911e-12      -9.547910483500e-13       6.940188157654e-15       4.565258409572e-16       8.517183530132e-17      -1.657711839910e-17 
 1891       3.492035864328e-11       1.463924040739e-12      -9.707468414951e-13       6.931380614203e-15       4.555488599082e-16       8.558076711007e-17      -1.665332890837e-17 
 1892       3.481194503195e-11       1.467458207073e-12      -9.869678362750e-13       6.922593544567e-15       4.545744377869e-16       8.598266576545e-17      -1.672721105574e-17 
 1893       3.470516920233e-11       1.470883627872e-12      -1.003445267306e-12       6.913827317783e-15       4.536025676697e-16       8.637772868102e-17      -1.679875917704e-17 
 1894       3.460002897160e-11       1.474199613453e-12      -1.020170164763e-12       6.905082232638e-15       4.526332432564e-16       8.676623140606e-17      -1.686796891291e-17 
 1895       3.449652212940e-11       1.477405472346e-12      -1.037133518583e-12       6.896358588779e-15       4.516664581761e-16       8.714845072728e-17      -1.693483590992e-17 
 1896       3.439464643780e-11       1.480500511297e-12      -1.054326278404e-12       6.887656686718e-15       4.507022059878e-16       8.752466467044e-17      -1.699935582056e-17 
 1897       3.429439963127e-11       1.483484035261e-12      -1.071739353515e-12       6.878976827835e-15       4.497404801799e-16       8.789515250207e-17      -1.706152430330e-17 
 1898       3.419577941662e-11       1.486355347403e-12      -1.089363612803e-12       6.870319314373e-15       4.487812741701e-16       8.826019473108e-17      -1.712133702253e-17 
 1899       3.409878347293e-11       1.489113749098e-12      -1.107189884693e-12       6.861684449445e-15       4.478245813055e-16       8.862007311045e-17      -1.717878964865e-17 
 1900       3.400340945156e-11       1.491758539923e-12      -1.125208957102e-12       6.853072537029e-15       4.468703948621e-16       8.897507063891e-17      -1.723387785809e-17 
 1901       3.390965497606e-11       1.494289017661e-12      -1.143411577379e-12       6.844483881976e-15       4.459187080451e-16       8.932547156258e-17      -1.728659733326e-17 
 1902       3.381751764214e-11       1.496704478298e-12      -1.161788452253e-12       6.835918790003e-15       4.449695139885e-16       8.967156137664e-17      -1.733694376263e-17 
 1903       3.372699501763e-11       1.499004216020e-12      -1.180330247777e-12       6.827377567701e-15       4.440228057551e-16       9.001362682703e-17      -1.738491284076e-17 
 1904       3.363808464244e-11       1.501187523208e-12      -1.199027589280e-12       6.818860522530e-15       4.430785763365e-16       9.035195591207e-17      -1.743050026825e-17 
 1905       3.355078402848e-11       1.503253690445e-12      -1.217871061303e-12       6.810367962826e-15       4.421368186525e-16       9.068683788415e-17      -1.747370175181e-17 
 1906       3.346509065967e-11       1.505202006505e-12      -1.236851207555e-12       6.801900197795e-15       4.411975255518e-16       9.101856325137e-17      -1.751451300428e-17 
 1907       3.338100199185e-11       1.507031758356e-12      -1.255958530851e-12       6.793457537519e-15       4.402606898110e-16       9.134742377926e-17      -1.755292974462e-17 
 1908       3.329851545276e-11       1.508742231157e-12      -1.275183493065e-12       6.785040292958e-15       4.393263041352e-16       9.167371249239e-17      -1.758894769796e-17 
 1909       3.321762844198e-11       1.510332708255e-12      -1.294516515069e-12       6.776648775943e-15       4.383943611573e-16       9.199772367607e-17      -1.762256259560e-17 
 1910       3.313833833088e-11       1.511802471186e-12      -1.313947976683e-12       6.768283299187e-15       4.374648534384e-16       9.231975287799e-17      -1.765377017503e-17 
 1911       3.306064246263e-11       1.513150799672e-12      -1.333468216620e-12       6.759944176280e-15       4.365377734674e-16       9.264009690990e-17      -1.768256617993e-17 
 1912       3.298453815206e-11       1.514376971616e-12      -1.353067532434e-12       6.751631721689e-15       4.356131136608e-16       9.295905384929e-17      -1.770894636026e-17 
 1913       3.291002268571e-11       1.515480263104e-12      -1.372736180461e-12       6.743346250763e-15       4.346908663629e-16       9.327692304103e-17      -1.773290647217e-17 
 1914       3.283709332171e-11       1.516459948403e-12      -1.392464375770e-12       6.735088079731e-15       4.337710238453e-16       9.359400509904e-17      -1.775444227813e-17 
 1915       3.276574728979e-11       1.517315299957e-12      -1.412242292105e-12       6.726857525706e-15       4.328535783072e-16       9.391060190799e-17      -1.777354954685e-17 
 1916       3.269598179121e-11       1.518045588385e-12      -1.432060061834e-12       6.718654906680e-15       4.319385218749e-16       9.422701662489e-17      -1.779022405337e-17 
 1917       3.262779399871e-11       1.518650082483e-12      -1.451907775893e-12       6.710480541531e-15       4.310258466019e-16       9.454355368086e-17      -1.780446157906e-17 
 1918       3.256118105648e-11       1.519128049217e-12      -1.471775483732e-12       6.702334750022e-15       4.301155444688e-16       9.486051878269e-17      -1.781625791160e-17 
 1919       3.249614008010e-11       1.519478753726e-12      -1.491653193264e-12       6.694217852800e-15       4.292076073830e-16       9.517821891458e-17      -1.782560884506e-17 
 1920       3.243266815652e-11       1.519701459316e-12      -1.511530870805e-12       6.686130171400e-15       4.283020271787e-16       9.549696233979e-17      -1.783251017989e-17 
 1921       3.237076234399e-11       1.519795427460e-12      -1.531398441025e-12       6.678072028242e-15       4.273987956170e-16       9.581705860227e-17      -1.783695772290e-17 
 1922       3.231041967201e-11       1.519759917796e-12      -1.551245786893e-12       6.670043746636e-15       4.264979043853e-16       9.613881852838e-17      -1.783894728737e-17 
 1923       3.225163714133e-11       1.519594188127e-12      -1.571062749620e-12       6.662045650782e-15       4.255993450976e-16       9.646255422850e-17      -1.783847469297e-17 
 1924       3.219441172385e-11       1.519297494416e-12      -1.590839128610e-12       6.654078065767e-15       4.247031092941e-16       9.678857909875e-17      -1.783553576584e-17 
 1925       3.213874036261e-11       1.518869090785e-12      -1.610564681399e-12       6.646141317572e-15       4.238091884415e-16       9.711720782262e-17      -1.783012633861e-17 
 1926       3.208461997174e-11       1.518308229514e-12      -1.630229123608e-12       6.638235733068e-15       4.229175739322e-16       9.744875637264e-17      -1.782224225037e-17 
 1927       3.203204743639e-11       1.517614161040e-12      -1.649822128886e-12       6.630361640020e-15       4.220282570850e-16       9.778354201206e-17      -1.781187934674e-17 
 1928       3.198101961272e-11       1.516786133953e-12      -1.669333328854e-12       6.622519367086e-15       4.211412291442e-16       9.812188329651e-17      -1.779903347986e-17 
 1929       3.193153332785e-11       1.515823394994e-12      -1.688752313054e-12       6.614709243818e-15       4.202564812801e-16       9.846410007564e-17      -1.778370050843e-17 
 1930       3.188358537978e-11       1.514725189057e-12      -1.708068628892e-12       6.606931600665e-15       4.193740045885e-16       9.881051349483e-17      -1.776587629769e-17 
 1931       3.183716962698e-11       1.513491082818e-12      -1.727272533222e-12       6.599186693581e-15       4.184937906925e-16       9.916132583611e-17      -1.774556015924e-17 
 1932       3.179226823292e-11       1.512121938324e-12      -1.746357253425e-12       6.591474477227e-15       4.176158335518e-16       9.951625904202e-17      -1.772276519874e-17 
 1933       3.174886035504e-11       1.510618946783e-12      -1.765316743357e-12       6.583794830055e-15       4.167401276671e-16       9.987491345534e-17      -1.769750804669e-17 
 1934       3.170692504907e-11       1.508983305605e-12      -1.784144933241e-12       6.576147629535e-15       4.158666674790e-16       1.002368877289e-16      -1.766980542583e-17 
 1935       3.166644126883e-11       1.507216218410e-12      -1.802835729638e-12       6.568532752162e-15       4.149954473683e-16       1.006017788234e-16      -1.763967415139e-17 
 1936       3.162738786610e-11       1.505318895039e-12      -1.821383015416e-12       6.560950073445e-15       4.141264616555e-16       1.009691820052e-16      -1.760713113111e-17 
 1937       3.158974359052e-11       1.503292551558e-12      -1.839780649719e-12       6.553399467914e-15       4.132597046012e-16       1.013386908442e-16      -1.757219336544e-17 
 1938       3.155348708941e-11       1.501138410272e-12      -1.858022467941e-12       6.545880809111e-15       4.123951704058e-16       1.017098972113e-16      -1.753487794764e-17 
 1939       3.151859690764e-11       1.498857699730e-12      -1.876102281690e-12       6.538393969597e-15       4.115328532092e-16       1.020823912767e-16      -1.749520206392e-17 
 1940       3.148505148753e-11       1.496451654735e-12      -1.894013878765e-12       6.530938820941e-15       4.106727470909e-16       1.024557615073e-16      -1.745318299357e-17 
 1941       3.145282916864e-11       1.493921516351e-12      -1.911751023119e-12       6.523515233726e-15       4.098148460699e-16       1.028295946649e-16      -1.740883810906e-17 
 1942       3.142190818771e-11       1.491268531915e-12      -1.929307454837e-12       6.516123077543e-15       4.089591441047e-16       1.032034758036e-16      -1.736218487622e-17 
 1943       3.139226667845e-11       1.488493955040e-12      -1.946676890099e-12       6.508762220993e-15       4.081056350929e-16       1.035769882676e-16      -1.731324085434e-17 
 1944       3.136388267145e-11       1.485599045630e-12      -1.963853021154e-12       6.501432531682e-15       4.072543128712e-16       1.039497136895e-16      -1.726202369628e-17 
 1945       3.133673409403e-11       1.482585069883e-12      -1.980829516288e-12       6.494133876222e-15       4.064051712158e-16       1.043212319875e-16      -1.720855114864e-17 
 1946       3.131079877010e-11       1.479453300304e-12      -1.997600019796e-12       6.486866120229e-15       4.055582038414e-16       1.046911213636e-16      -1.715284105188e-17 
 1947       3.128605442001e-11       1.476205015709e-12      -2.014158151952e-12       6.479629128319e-15       4.047134044018e-16       1.050589583012e-16      -1.709491134042e-17 
 1948       3.126247866043e-11       1.472841501238e-12      -2.030497508977e-12       6.472422764110e-15       4.038707664897e-16       1.054243175630e-16      -1.703478004279e-17 
 1949       3.124004900420e-11       1.469364048361e-12      -2.046611663011e-12       6.465246890221e-15       4.030302836364e-16       1.057867721887e-16      -1.697246528178e-17 
 1950       3.121874286018e-11       1.465773954886e-12      -2.062494162083e-12       6.458101368266e-15       4.021919493116e-16       1.061458934930e-16      -1.690798527453e-17 
 1951       3.119853753315e-11       1.462072524972e-12      -2.078138530081e-12       6.450986058855e-15       4.013557569239e-16       1.065012510631e-16      -1.684135833268e-17 
 1952       3.117941022364e-11       1.458261069130e-12      -2.093538266719e-12       6.443900821594e-15       4.005216998200e-16       1.068524127568e-16      -1.677260286249e-17 
 1953       3.116133802779e-11       1.454340904239e-12      -2.108686847514e-12       6.436845515081e-15       3.996897712850e-16       1.071989447002e-16      -1.670173736500e-17 
 1954       3.114429793723e-11       1.450313353549e-12      -2.123577723749e-12       6.429819996906e-15       3.988599645421e-16       1.075404112852e-16      -1.662878043611e-17 
 1955       3.112826683893e-11       1.446179746694e-12      -2.138204322447e-12       6.422824123650e-15       3.980322727529e-16       1.078763751680e-16      -1.655375076675e-17 
 1956       3.111322151505e-11       1.441941419698e-12      -2.152560046341e-12       6.415857750880e-15       3.972066890168e-16       1.082063972660e-16      -1.647666714298e-17 
 1957       3.109913864285e-11       1.437599714984e-12      -2.166638273841e-12       6.408920733152e-15       3.963832063711e-16       1.085300367565e-16      -1.639754844616e-17 
 1958       3.108599479449e-11       1.433155981381e-12      -2.180432359009e-12       6.402012924007e-15       3.955618177909e-16       1.088468510738e-16      -1.631641365301e-17 
 1959       3.107376643691e-11       1.428611574135e-12      -2.193935631524e-12       6.395134175970e-15       3.947425161892e-16       1.091563959073e-16      -1.623328183582e-17 
 1960       3.106242993173e-11       1.423967854920e-12      -2.207141396657e-12       6.388284340549e-15       3.939252944165e-16       1.094582251993e-16      -1.614817216253e-17 
 1961       3.105196153506e-11       1.419226191837e-12      -2.220042935237e-12       6.381463268231e-15       3.931101452608e-16       1.097518911430e-16      -1.606110389687e-17 
 1962       3.104233739739e-11       1.414387959435e-12      -2.232633503624e-12       6.374670808485e-15       3.922970614477e-16       1.100369441797e-16      -1.597209639847e-17 
 1963       3.103353356345e-11       1.409454538710e-12      -2.244906333676e-12       6.367906809756e-15       3.914860356400e-16       1.103129329972e-16      -1.588116912305e-17 
 1964       3.102552597205e-11       1.404427317116e-12      -2.256854632722e-12       6.361171119466e-15       3.906770604376e-16       1.105794045273e-16      -1.578834162247e-17 
 1965       3.101829045597e-11       1.399307688578e-12      -2.268471583532e-12       6.354463584013e-15       3.898701283779e-16       1.108359039437e-16      -1.569363354492e-17 
 1966       3.101180274182e-11       1.394097053495e-12      -2.279750344285e-12       6.347784048766e-15       3.890652319350e-16       1.110819746598e-16      -1.559706463503e-17 
 1967       3.100603844987e-11       1.388796818750e-12      -2.290684048540e-12       6.341132358069e-15       3.882623635202e-16       1.113171583265e-16      -1.549865473396e-17 
 1968       3.100097309395e-11       1.383408397721e-12      -2.301265805208e-12       6.334508355234e-15       3.874615154814e-16       1.115409948299e-16      -1.539842377962e-17 
 1969       3.099658208127e-11       1.377933210285e-12      -2.311488698518e-12       6.327911882542e-15       3.866626801036e-16       1.117530222892e-16      -1.529639180671e-17 
 1970       3.099284072167e-11       1.372372791256e-12      -2.321346880544e-12       6.321342742984e-15       3.858658501374e-16       1.119528881716e-16      -1.519258226524e-17 
 1971       3.098972425549e-11       1.366729116532e-12      -2.330838857700e-12       6.314800585173e-15       3.850710203917e-16       1.121406835434e-16      -1.508703200270e-17 
 1972       3.098720782561e-11       1.361004279387e-12      -2.339964228600e-12       6.308285017573e-15       3.842781861532e-16       1.123166112977e-16      -1.497978135629e-17 
 1973       3.098526646797e-11       1.355200382277e-12      -2.348722593726e-12       6.301795646677e-15       3.834873426576e-16       1.124808752642e-16      -1.487087084157e-17 
 1974       3.098387511147e-11       1.349319536851e-12      -2.357113555435e-12       6.295332077003e-15       3.826984850899e-16       1.126336802104e-16      -1.476034115265e-17 
 1975       3.098300857781e-11       1.343363863966e-12      -2.365136717958e-12       6.288893911096e-15       3.819116085843e-16       1.127752318427e-16      -1.464823316245e-17 
 1976       3.098264158135e-11       1.337335493697e-12      -2.372791687406e-12       6.282480749518e-15       3.811267082240e-16       1.129057368077e-16      -1.453458792294e-17 
 1977       3.098274872896e-11       1.331236565347e-12      -2.380078071777e-12       6.276092190852e-15       3.803437790410e-16       1.130254026934e-16      -1.441944666533e-17 
 1978       3.098330451993e-11       1.325069227462e-12      -2.386995480955e-12       6.269727831694e-15       3.795628160166e-16       1.131344380307e-16      -1.430285080036e-17 
 1979       3.098428334577e-11       1.318835637844e-12      -2.393543526715e-12       6.263387266656e-15       3.787838140803e-16       1.132330522942e-16      -1.418484191846e-17 
 1980       3.098565949011e-11       1.312537963558e-12      -2.399721822729e-12       6.257070088357e-15       3.780067681109e-16       1.133214559037e-16      -1.406546179007e-17 
 1981       3.098740712857e-11       1.306178380948e-12      -2.405529984569e-12       6.250775887425e-15       3.772316729355e-16       1.133998602255e-16      -1.394475236579e-17 
 1982       3.098950032858e-11       1.299759075646e-12      -2.410967629710e-12       6.244504252494e-15       3.764585233298e-16       1.134684775734e-16      -1.382275577665e-17 
 1983       3.099191304928e-11       1.293282242589e-12      -2.416034377534e-12       6.238254770196e-15       3.756873140181e-16       1.135275212101e-16      -1.369951433435e-17 
 1984       3.099461914137e-11       1.286750086023e-12      -2.420729849334e-12       6.232027025167e-15       3.749180396729e-16       1.135772053484e-16      -1.357507053147e-17 
 1985       3.099759234697e-11       1.280164819523e-12      -2.425053668319e-12       6.225820600038e-15       3.741506949152e-16       1.136177451524e-16      -1.344946704172e-17 
 1986       3.100080629947e-11       1.273528665999e-12      -2.429005459617e-12       6.219635075432e-15       3.733852743142e-16       1.136493567389e-16      -1.332274672015e-17 
 1987       3.100423452342e-11       1.266843857711e-12      -2.432584850276e-12       6.213470029965e-15       3.726217723871e-16       1.136722571782e-16      -1.319495260342e-17 
 1988       3.100785043437e-11       1.260112636281e-12      -2.435791469275e-12       6.207325040242e-15       3.718601835994e-16       1.136866644960e-16      -1.306612790997e-17 
 1989       3.101162733873e-11       1.253337252701e-12      -2.438624947521e-12       6.201199680854e-15       3.711005023645e-16       1.136927976739e-16      -1.293631604033e-17 
 1990       3.101553843367e-11       1.246519967351e-12      -2.441084917854e-12       6.195093524374e-15       3.703427230436e-16       1.136908766514e-16      -1.280556057729e-17 
 1991       3.101955680690e-11       1.239663050006e-12      -2.443171015056e-12       6.189006141355e-15       3.695868399459e-16       1.136811223264e-16      -1.267390528614e-17 
 1992       3.102365543664e-11       1.232768779851e-12      -2.444882875849e-12       6.182937100330e-15       3.688328473282e-16       1.136637565568e-16      -1.254139411494e-17 
 1993       3.102780719138e-11       1.225839445489e-12      -2.446220138900e-12       6.176885967806e-15       3.680807393951e-16       1.136390021620e-16      -1.240807119471e-17 
 1994       3.103198482982e-11       1.218877344959e-12      -2.447182444827e-12       6.170852308262e-15       3.673305102987e-16       1.136070829235e-16      -1.227398083969e-17 
 1995       3.103616100067e-11       1.211884785743e-12      -2.447769436202e-12       6.164835684147e-15       3.665821541387e-16       1.135682235867e-16      -1.213916754754e-17 
 1996       3.104030824257e-11       1.204864084777e-12      -2.447980757555e-12       6.158835655878e-15       3.658356649620e-16       1.135226498618e-16      -1.200367599963e-17 
 1997       3.104439898390e-11       1.197817568468e-12      -2.447816055375e-12       6.152851781834e-15       3.650910367633e-16       1.134705884251e-16      -1.186755106120e-17 
 1998       3.104840554268e-11       1.190747572704e-12      -2.447274978119e-12       6.146883618359e-15       3.643482634840e-16       1.134122669205e-16      -1.173083778163e-17 
 1999       3.105230012641e-11       1.183656442861e-12      -2.446357176212e-12       6.140930719752e-15       3.636073390132e-16       1.133479139602e-16      -1.159358139468e-17 
 2000       3.105605483193e-11       1.176546533822e-12      -2.445062302051e-12       6.134992638272e-15       3.628682571867e-16       1.132777591266e-16      -1.145582731871e-17 
 2001       3.105964164532e-11       1.169420209986e-12      -2.443390010013e-12       6.129068924129e-15       3.621310117875e-16       1.132020329728e-16      -1.131762115690e-17 
 2002       3.106303244168e-11       1.162279845279e-12      -2.441339956452e-12       6.123159125485e-15       3.613955965456e-16       1.131209670247e-16      -1.117900869749e-17 
 2003       3.106619898511e-11       1.155127823165e-12      -2.438911799709e-12       6.117262788450e-15       3.606620051378e-16       1.130347937812e-16      -1.104003591404e-17 
 2004       3.106911292844e-11       1.147966536663e-12      -2.436105200113e-12       6.111379457079e-15       3.599302311876e-16       1.129437467164e-16      -1.090074896561e-17 
 2005       3.107174581321e-11       1.140798388352e-12      -2.432919819985e-12       6.105508673372e-15       3.592002682653e-16       1.128480602802e-16      -1.076119419704e-17 
 2006       3.107406906944e-11       1.133625790390e-12      -2.429355323643e-12       6.099649977265e-15       3.584721098879e-16       1.127479699000e-16      -1.062141813914e-17 
 2007       3.107605401557e-11       1.126451164518e-12      -2.425411377404e-12       6.093802906635e-15       3.577457495187e-16       1.126437119814e-16      -1.048146750897e-17 
 2008       3.107767185826e-11       1.119276942081e-12      -2.421087649590e-12       6.087966997292e-15       3.570211805677e-16       1.125355239100e-16      -1.034138921001e-17 
 2009       3.107889607687e-11       1.112105441351e-12      -2.416384604432e-12       6.082141794740e-15       3.562983968548e-16       1.124235973178e-16      -1.020122724585e-17 
 2010       3.107970959617e-11       1.104938498530e-12      -2.411305890108e-12       6.076326889547e-15       3.555773940054e-16       1.123079375100e-16      -1.006101343597e-17 
 2011       3.108009766561e-11       1.097777834085e-12      -2.405855968111e-12       6.070521882227e-15       3.548581680647e-16       1.121885030164e-16      -9.920776632748e-18 
 2012       3.108004547942e-11       1.090625175194e-12      -2.400039320955e-12       6.064726371499e-15       3.541407150353e-16       1.120652522332e-16      -9.780545802077e-18 
 2013       3.107953817651e-11       1.083482255754e-12      -2.393860452204e-12       6.058939954287e-15       3.534250308771e-16       1.119381434226e-16      -9.640350023493e-18 
 2014       3.107856084042e-11       1.076350816390e-12      -2.387323886494e-12       6.053162225712e-15       3.527111115069e-16       1.118071347124e-16      -9.500218490320e-18 
 2015       3.107709849926e-11       1.069232604461e-12      -2.380434169568e-12       6.047392779097e-15       3.519989527985e-16       1.116721840961e-16      -9.360180509807e-18 
 2016       3.107513612564e-11       1.062129374070e-12      -2.373195868296e-12       6.041631205959e-15       3.512885505829e-16       1.115332494330e-16      -9.220265503274e-18 
 2017       3.107265863657e-11       1.055042886072e-12      -2.365613570710e-12       6.035877096010e-15       3.505799006477e-16       1.113902884473e-16      -9.080503006246e-18 
 2018       3.106965089346e-11       1.047974908083e-12      -2.357691886023e-12       6.030130037151e-15       3.498729987377e-16       1.112432587288e-16      -8.940922668598e-18 
 2019       3.106609770199e-11       1.040927214487e-12      -2.349435444666e-12       6.024389615476e-15       3.491678405542e-16       1.110921177321e-16      -8.801554254690e-18 
 2020       3.106198381207e-11       1.033901586443e-12      -2.340848898305e-12       6.018655415261e-15       3.484644217552e-16       1.109368227768e-16      -8.662427643514e-18 
 2021       3.105729391776e-11       1.026899811898e-12      -2.331936919878e-12       6.012927018969e-15       3.477627379554e-16       1.107773310472e-16      -8.523572828827e-18 
 2022       3.105201265722e-11       1.019923685589e-12      -2.322704203616e-12       6.007204007246e-15       3.470627847262e-16       1.106135995923e-16      -8.385019919295e-18 
 2023       3.104612461264e-11       1.012975009059e-12      -2.313155465075e-12       6.001485958916e-15       3.463645575952e-16       1.104455853253e-16      -8.246799138634e-18 
 2024       3.103961431016e-11       1.006055590655e-12      -2.303295441158e-12       5.995772450979e-15       3.456680520467e-16       1.102732450238e-16      -8.108940825746e-18 
 2025       3.103246621981e-11       9.991672455472e-13      -2.293128890149e-12       5.990063058613e-15       3.449732635211e-16       1.100965353297e-16      -7.971475434864e-18 
 2026       3.102466475544e-11       9.923117957289e-13      -2.282660591734e-12       5.984357355166e-15       3.442801874155e-16       1.099154127485e-16      -7.834433535690e-18 
 2027       3.101619427465e-11       9.854910700292e-13      -2.271895347035e-12       5.978654912157e-15       3.435888190828e-16       1.097298336498e-16      -7.697845813534e-18 
 2028       3.100703907874e-11       9.787069041198e-13      -2.260837978632e-12       5.972955299275e-15       3.428991538324e-16       1.095397542668e-16      -7.561743069455e-18 
 2029       3.099718341263e-11       9.719611405236e-13      -2.249493330592e-12       5.967258084372e-15       3.422111869295e-16       1.093451306961e-16      -7.426156220402e-18 
 2030       3.098661146477e-11       9.652556286225e-13      -2.237866268498e-12       5.961562833464e-15       3.415249135955e-16       1.091459188979e-16      -7.291116299354e-18 
 2031       3.097530736714e-11       9.585922246663e-13      -2.225961679476e-12       5.955869110727e-15       3.408403290078e-16       1.089420746952e-16      -7.156654455458e-18 
 2032       3.096325519509e-11       9.519727917807e-13      -2.213784472220e-12       5.950176478498e-15       3.401574282996e-16       1.087335537745e-16      -7.022801954172e-18 
 2033       3.095043896736e-11       9.453991999753e-13      -2.201339577024e-12       5.944484497268e-15       3.394762065600e-16       1.085203116848e-16      -6.889590177405e-18 
 2034       3.093684264595e-11       9.388733261523e-13      -2.188631945803e-12       5.938792725682e-15       3.387966588337e-16       1.083023038380e-16      -6.757050623653e-18 
 2035       3.092245013607e-11       9.323970541144e-13      -2.175666552129e-12       5.933100720538e-15       3.381187801214e-16       1.080794855087e-16      -6.625214908146e-18 
 2036       3.090724528612e-11       9.259722745734e-13      -2.162448391249e-12       5.927408036781e-15       3.374425653792e-16       1.078518118338e-16      -6.494114762980e-18 
 2037       3.089121188754e-11       9.196008851581e-13      -2.148982480121e-12       5.921714227505e-15       3.367680095187e-16       1.076192378125e-16      -6.363782037266e-18 
 2038       3.087433367480e-11       9.132847904228e-13      -2.135273857435e-12       5.916018843948e-15       3.360951074072e-16       1.073817183060e-16      -6.234248697262e-18 
 2039       3.085659432532e-11       9.070259018555e-13      -2.121327583644e-12       5.910321435488e-15       3.354238538673e-16       1.071392080376e-16      -6.105546826518e-18 
 2040       3.083797745939e-11       9.008261378863e-13      -2.107148740992e-12       5.904621549645e-15       3.347542436769e-16       1.068916615925e-16      -5.977708626017e-18 
 2041       3.081846664014e-11       8.946874238954e-13      -2.092742433538e-12       5.898918732075e-15       3.340862715695e-16       1.066390334174e-16      -5.850766414310e-18 
 2042       3.079804537342e-11       8.886116922215e-13      -2.078113787185e-12       5.893212526572e-15       3.334199322334e-16       1.063812778205e-16      -5.724752627660e-18 
 2043       3.077669710775e-11       8.826008821700e-13      -2.063267949710e-12       5.887502475060e-15       3.327552203124e-16       1.061183489714e-16      -5.599699820183e-18 
 2044       3.075440523430e-11       8.766569400216e-13      -2.048210090789e-12       5.881788117593e-15       3.320921304052e-16       1.058502009010e-16      -5.475640663984e-18 
 2045       3.073115308674e-11       8.707818190398e-13      -2.032945402023e-12       5.876068992354e-15       3.314306570656e-16       1.055767875010e-16      -5.352607949302e-18 
 2046       3.070692394125e-11       8.649774794802e-13      -2.017479096970e-12       5.870344635654e-15       3.307707948024e-16       1.052980625242e-16      -5.230634584647e-18 
 2047       3.068170101640e-11       8.592458885978e-13      -2.001816411166e-12       5.864614581923e-15       3.301125380791e-16       1.050139795841e-16      -5.109753596939e-18 
 2048       3.065547051416e-11       8.535887747626e-13      -1.985962732577e-12       5.858878410036e-15       3.294558816278e-16       1.047245172612e-16      -4.989989787085e-18 
 2049       3.062823076673e-11       8.480068878674e-13      -1.969923993891e-12       5.853135882630e-15       3.288008213924e-16       1.044297546178e-16      -4.871334631217e-18 
 2050       3.059998315494e-11       8.425007336503e-13      -1.953706283080e-12       5.847386807774e-15       3.281473535917e-16       1.041297962230e-16      -4.753771200350e-18 
 2051       3.057072907315e-11       8.370708191093e-13      -1.937315713271e-12       5.841630992738e-15       3.274954744063e-16       1.038247470952e-16      -4.637282488557e-18 
 2052       3.054046992930e-11       8.317176525037e-13      -1.920758422775e-12       5.835868243994e-15       3.268451799792e-16       1.035147127029e-16      -4.521851412879e-18 
 2053       3.050920714487e-11       8.264417433548e-13      -1.904040575117e-12       5.830098367213e-15       3.261964664149e-16       1.031997989655e-16      -4.407460813220e-18 
 2054       3.047694215497e-11       8.212436024478e-13      -1.887168359071e-12       5.824321167264e-15       3.255493297799e-16       1.028801122535e-16      -4.294093452253e-18 
 2055       3.044367640830e-11       8.161237418326e-13      -1.870147988690e-12       5.818536448213e-15       3.249037661022e-16       1.025557593892e-16      -4.181732015318e-18 
 2056       3.040941136720e-11       8.110826748252e-13      -1.852985703334e-12       5.812744013324e-15       3.242597713719e-16       1.022268476472e-16      -4.070359110327e-18 
 2057       3.037414850769e-11       8.061209160088e-13      -1.835687767706e-12       5.806943665055e-15       3.236173415403e-16       1.018934847552e-16      -3.959957267662e-18 
 2058       3.033788931943e-11       8.012389812350e-13      -1.818260471878e-12       5.801135205059e-15       3.229764725207e-16       1.015557788944e-16      -3.850508940079e-18 
 2059       3.030063530578e-11       7.964373876255e-13      -1.800710131327e-12       5.795318434182e-15       3.223371601875e-16       1.012138386999e-16      -3.741996502609e-18 
 2060       3.026238798384e-11       7.917166535727e-13      -1.783043086963e-12       5.789493152462e-15       3.216994003770e-16       1.008677732615e-16      -3.634402252459e-18 
 2061       3.022314888441e-11       7.870772987412e-13      -1.765265705163e-12       5.783659159130e-15       3.210631888865e-16       1.005176921244e-16      -3.527708408914e-18 
 2062       3.018291955207e-11       7.825198440692e-13      -1.747384377798e-12       5.777816252604e-15       3.204285214749e-16       1.001637052892e-16      -3.421897113238e-18 
 2063       3.014170154515e-11       7.780448117693e-13      -1.729405522269e-12       5.771964230495e-15       3.197953938623e-16       9.980592321313e-17      -3.316950428577e-18 
 2064       3.009949643579e-11       7.736527253303e-13      -1.711335581535e-12       5.766102889599e-15       3.191638017302e-16       9.944445681008e-17      -3.212850339856e-18 
 2065       3.005630580993e-11       7.693441095179e-13      -1.693181024143e-12       5.760232025902e-15       3.185337407209e-16       9.907941745154e-17      -3.109578753688e-18 
 2066       3.001213126735e-11       7.651194903762e-13      -1.674948344266e-12       5.754351434574e-15       3.179052064382e-16       9.871091696694e-17      -3.007117498269e-18 
 2067       2.996697442169e-11       7.609793952291e-13      -1.656644061724e-12       5.748460909973e-15       3.172781944468e-16       9.833906764431e-17      -2.905448323282e-18 
 2068       2.992083690043e-11       7.569243526810e-13      -1.638274722025e-12       5.742560245637e-15       3.166527002723e-16       9.796398223083e-17      -2.804552899800e-18 
 2069       2.987372034497e-11       7.529548926185e-13      -1.619846896389e-12       5.736649234290e-15       3.160287194015e-16       9.758577393337e-17      -2.704412820184e-18 
 2070       2.982562641061e-11       7.490715462116e-13      -1.601367181783e-12       5.730727667838e-15       3.154062472818e-16       9.720455641907e-17      -2.605009597987e-18 
 2071       2.977655676658e-11       7.452748459145e-13      -1.582842200951e-12       5.724795337368e-15       3.147852793217e-16       9.682044381591e-17      -2.506324667857e-18 
 2072       2.972651309607e-11       7.415653254676e-13      -1.564278602447e-12       5.718852033146e-15       3.141658108901e-16       9.643355071326e-17      -2.408339385433e-18 
 2073       2.967549709622e-11       7.379435198977e-13      -1.545683060661e-12       5.712897544618e-15       3.135478373170e-16       9.604399216245e-17      -2.311035027252e-18 
 2074       2.962351047817e-11       7.344099655204e-13      -1.527062275857e-12       5.706931660408e-15       3.129313538929e-16       9.565188367735e-17      -2.214392790649e-18 
 2075       2.957055496708e-11       7.309651999403e-13      -1.508422974200e-12       5.700954168317e-15       3.123163558688e-16       9.525734123490e-17      -2.118393793658e-18 
 2076       2.951663230212e-11       7.276097620528e-13      -1.489771907787e-12       5.694964855322e-15       3.117028384564e-16       9.486048127571e-17      -2.023019074911e-18 
 2077       2.946174423652e-11       7.243441920453e-13      -1.471115854680e-12       5.688963507575e-15       3.110907968277e-16       9.446142070459e-17      -1.928249593546e-18 
 2078       2.940589253756e-11       7.211690313983e-13      -1.452461618937e-12       5.682949910400e-15       3.104802261153e-16       9.406027689113e-17      -1.834066229102e-18 
 2079       2.934907898664e-11       7.180848228864e-13      -1.433816030642e-12       5.676923848299e-15       3.098711214120e-16       9.365716767029e-17      -1.740449781423e-18 
 2080       2.929130537924e-11       7.150921105802e-13      -1.415185945937e-12       5.670885104940e-15       3.092634777710e-16       9.325221134291e-17      -1.647380970562e-18 
 2081       2.923257352498e-11       7.121914398469e-13      -1.396578247054e-12       5.664833463166e-15       3.086572902059e-16       9.284552667632e-17      -1.554840436678e-18 
 2082       2.917288524762e-11       7.093833573517e-13      -1.377999842344e-12       5.658768704988e-15       3.080525536900e-16       9.243723290487e-17      -1.462808739940e-18 
 2083       2.911224238508e-11       7.066684110591e-13      -1.359457666309e-12       5.652690611587e-15       3.074492631573e-16       9.202744973053e-17      -1.371266360429e-18 
 2084       2.905064678950e-11       7.040471502344e-13      -1.340958679635e-12       5.646598963311e-15       3.068474135016e-16       9.161629732341e-17      -1.280193698038e-18 
 2085       2.898810032717e-11       7.015201254443e-13      -1.322509869221e-12       5.640493539676e-15       3.062469995766e-16       9.120389632238e-17      -1.189571072375e-18 
 2086       2.892460487867e-11       6.990878885585e-13      -1.304118248212e-12       5.634374119361e-15       3.056480161962e-16       9.079036783557e-17      -1.099378722663e-18 
 2087       2.886016429541e-11       6.967507757982e-13      -1.285790379948e-12       5.628240531239e-15       3.050504584766e-16       9.037581200561e-17      -1.009596440487e-18 
 2088       2.879479028469e-11       6.945082552148e-13      -1.267530946114e-12       5.622092807842e-15       3.044543228674e-16       8.996024353968e-17      -9.202024654219e-19 
 2089       2.872849656601e-11       6.923595746366e-13      -1.249344168612e-12       5.615931032968e-15       3.038596061274e-16       8.954365572839e-17      -8.311745814597e-19 
 2090       2.866129691825e-11       6.903039782017e-13      -1.231234284743e-12       5.609755290752e-15       3.032663049834e-16       8.912604184005e-17      -7.424904833572e-19 
 2091       2.859320517975e-11       6.883407063532e-13      -1.213205547232e-12       5.603565665666e-15       3.026744161297e-16       8.870739512069e-17      -6.541277765259e-19 
 2092       2.852423524836e-11       6.864689958345e-13      -1.195262224238e-12       5.597362242521e-15       3.020839362278e-16       8.828770879397e-17      -5.660639769233e-19 
 2093       2.845440108156e-11       6.846880796845e-13      -1.177408599379e-12       5.591145106465e-15       3.014948619071e-16       8.786697606121e-17      -4.782765109444e-19 
 2094       2.838371669648e-11       6.829971872326e-13      -1.159648971745e-12       5.584914342988e-15       3.009071897643e-16       8.744519010135e-17      -3.907427153132e-19 
 2095       2.831219617001e-11       6.813955440945e-13      -1.141987655920e-12       5.578670037916e-15       3.003209163632e-16       8.702234407090e-17      -3.034398369741e-19 
 2096       2.823985363888e-11       6.798823721670e-13      -1.124428981995e-12       5.572412277415e-15       2.997360382354e-16       8.659843110394e-17      -2.163450329831e-19 
 2097       2.816670329969e-11       6.784568896235e-13      -1.106977295594e-12       5.566141147992e-15       2.991525518793e-16       8.617344431207e-17      -1.294353703996e-19 
 2098       2.809275940901e-11       6.771183109091e-13      -1.089636957884e-12       5.559856736496e-15       2.985704537608e-16       8.574737678442e-17      -4.268782617736e-20 
 2099       2.801803628348e-11       6.758658467361e-13      -1.072412345597e-12       5.553559130112e-15       2.979897403131e-16       8.532022158758e-17       4.392071294366e-20 
 2100       2.794254829984e-11       6.746987040788e-13      -1.055307851048e-12       5.547248416370e-15       2.974104079361e-16       8.489197176559e-17       1.304134505463e-19 
 2101       2.786630989501e-11       6.736160861692e-13      -1.038327882154e-12       5.540924683142e-15       2.968324529973e-16       8.446262033995e-17       2.168136806444e-19 
 2102       2.778933556620e-11       6.726171924923e-13      -1.021476862447e-12       5.534588018638e-15       2.962558718309e-16       8.403216030954e-17       3.031447877917e-19 
 2103       2.771163987094e-11       6.717012187809e-13      -1.004759231100e-12       5.528238511414e-15       2.956806607380e-16       8.360058465060e-17       3.894302471904e-19 
 2104       2.763323742717e-11       6.708673570111e-13      -9.881794429372e-13       5.521876250367e-15       2.951068159871e-16       8.316788631675e-17       4.756936247994e-19 
 2105       2.755414291333e-11       6.701147953977e-13      -9.717419684589e-13       5.515501324738e-15       2.945343338131e-16       8.273405823892e-17       5.619585774435e-19 
 2106       2.747437106840e-11       6.694427183893e-13      -9.554512938543e-13       5.509113824111e-15       2.939632104179e-16       8.229909332532e-17       6.482488529214e-19 
 2107       2.739393669201e-11       6.688503066635e-13      -9.393119210225e-13       5.502713838413e-15       2.933934419704e-16       8.186298446147e-17       7.345882901147e-19 
 2108       2.731285464448e-11       6.683367371225e-13      -9.233283675895e-13       5.496301457916e-15       2.928250246060e-16       8.142572451009e-17       8.210008190961e-19 
 2109       2.723113984692e-11       6.679011828878e-13      -9.075051669265e-13       5.489876773237e-15       2.922579544269e-16       8.098730631114e-17       9.075104612386e-19 
 2110       2.714880728129e-11       6.675428132958e-13      -8.918468681683e-13       5.483439875337e-15       2.916922275018e-16       8.054772268177e-17       9.941413293233e-19 
 2111       2.706587199048e-11       6.672607938932e-13      -8.763580362309e-13       5.476990855525e-15       2.911278398662e-16       8.010696641629e-17       1.080917627649e-18 
 2112       2.698234907837e-11       6.670542864319e-13      -8.610432518296e-13       5.470529805451e-15       2.905647875221e-16       7.966503028615e-17       1.167863652139e-18 
 2113       2.689825370992e-11       6.669224488644e-13      -8.459071114976e-13       5.464056817115e-15       2.900030664379e-16       7.922190703992e-17       1.255003790452e-18 
 2114       2.681360111123e-11       6.668644353393e-13      -8.309542276035e-13       5.457571982863e-15       2.894426725486e-16       7.877758940324e-17       1.342362522090e-18 
 2115       2.672840656964e-11       6.668793961961e-13      -8.161892283697e-13       5.451075395387e-15       2.888836017554e-16       7.833207007882e-17       1.429964418505e-18 
 2116       2.664268543377e-11       6.669664779609e-13      -8.016167578901e-13       5.444567147727e-15       2.883258499260e-16       7.788534174640e-17       1.517834143211e-18 
 2117       2.655645311360e-11       6.671248233411e-13      -7.872414761488e-13       5.438047333270e-15       2.877694128945e-16       7.743739706272e-17       1.605996451887e-18 
 2118       2.646972508057e-11       6.673535712215e-13      -7.730680590376e-13       5.431516045751e-15       2.872142864610e-16       7.698822866152e-17       1.694476192495e-18 
 2119       2.638251686762e-11       6.676518566586e-13      -7.591011983744e-13       5.424973379255e-15       2.866604663920e-16       7.653782915347e-17       1.783298305377e-18 
 2120       2.629484406929e-11       6.680188108767e-13      -7.453456019212e-13       5.418419428214e-15       2.861079484202e-16       7.608619112618e-17       1.872487823373e-18 
 2121       2.620672234176e-11       6.684535612626e-13      -7.318059934020e-13       5.411854287411e-15       2.855567282442e-16       7.563330714416e-17       1.962069871925e-18 
 2122       2.611816740298e-11       6.689552313609e-13      -7.184871125212e-13       5.405278051977e-15       2.850068015288e-16       7.517916974880e-17       2.052069669186e-18 
 2123       2.602919503269e-11       6.695229408697e-13      -7.053937149814e-13       5.398690817393e-15       2.844581639049e-16       7.472377145833e-17       2.142512526131e-18 
 2124       2.593982107250e-11       6.701558056352e-13      -6.925305725017e-13       5.392092679492e-15       2.839108109691e-16       7.426710476780e-17       2.233423846662e-18 
 2125       2.585006142601e-11       6.708529376477e-13      -6.799024728354e-13       5.385483734457e-15       2.833647382843e-16       7.380916214906e-17       2.324829127720e-18 
 2126       2.575993212541e-11       6.716133649479e-13      -6.675135070354e-13       5.378864107503e-15       2.828199416645e-16       7.334995065589e-17       2.416743529156e-18 
 2127       2.566944953192e-11       6.724357907557e-13      -6.553649258478e-13       5.372234039143e-15       2.822764180349e-16       7.288953584936e-17       2.509140504650e-18 
 2128       2.557863013693e-11       6.733188326736e-13      -6.434572685947e-13       5.365593799517e-15       2.817341645778e-16       7.242799817484e-17       2.601982955020e-18 
 2129       2.548749049556e-11       6.742611026178e-13      -6.317910745859e-13       5.358943659764e-15       2.811931784477e-16       7.196541838470e-17       2.695233638679e-18 
 2130       2.539604722678e-11       6.752612068111e-13      -6.203668831187e-13       5.352283892028e-15       2.806534567712e-16       7.150187753864e-17       2.788855171466e-18 
 2131       2.530431701345e-11       6.763177457762e-13      -6.091852334764e-13       5.345614769455e-15       2.801149966473e-16       7.103745700407e-17       2.882810026478e-18 
 2132       2.521231660242e-11       6.774293143286e-13      -5.982466649280e-13       5.338936566195e-15       2.795777951467e-16       7.057223845648e-17       2.977060533902e-18 
 2133       2.512006280462e-11       6.785945015702e-13      -5.875517167272e-13       5.332249557404e-15       2.790418493123e-16       7.010630387976e-17       3.071568880848e-18 
 2134       2.502757249508e-11       6.798118908817e-13      -5.771009281114e-13       5.325554019246e-15       2.785071561589e-16       6.963973556662e-17       3.166297111178e-18 
 2135       2.493486261307e-11       6.810800599164e-13      -5.668948383011e-13       5.318850228889e-15       2.779737126734e-16       6.917261611889e-17       3.261207125340e-18 
 2136       2.484195016210e-11       6.823975805931e-13      -5.569339864990e-13       5.312138464515e-15       2.774415158144e-16       6.870502844793e-17       3.356260680199e-18 
 2137       2.474885221009e-11       6.837630190890e-13      -5.472189118889e-13       5.305419005313e-15       2.769105625125e-16       6.823705577498e-17       3.451419388869e-18 
 2138       2.465558588936e-11       6.851749358333e-13      -5.377501536353e-13       5.298692131483e-15       2.763808496701e-16       6.776878163148e-17       3.546644720544e-18 
 2139       2.456216839676e-11       6.866318854998e-13      -5.285282508821e-13       5.291958124239e-15       2.758523741612e-16       6.730028985950e-17       3.641898000333e-18 
 2140       2.446861699371e-11       6.881324170005e-13      -5.195537427524e-13       5.285217265809e-15       2.753251328317e-16       6.683166461204e-17       3.737140409086e-18 
 2141       2.437494900630e-11       6.896750734784e-13      -5.108271683468e-13       5.278469839433e-15       2.747991224992e-16       6.636299035345e-17       3.832332983231e-18 
 2142       2.428118182536e-11       6.912583923009e-13      -5.023490667434e-13       5.271716129370e-15       2.742743399529e-16       6.589435185971e-17       3.927436614605e-18 
 2143       2.418733290651e-11       6.928809050527e-13      -4.941199769964e-13       5.264956420894e-15       2.737507819536e-16       6.542583421889e-17       4.022412050283e-18 
 2144       2.409341977029e-11       6.945411375290e-13      -4.861404381354e-13       5.258191000298e-15       2.732284452338e-16       6.495752283143e-17       4.117219892412e-18 
 2145       2.399946000217e-11       6.962376097288e-13      -4.784109891648e-13       5.251420154894e-15       2.727073264973e-16       6.448950341055e-17       4.211820598044e-18 
 2146       2.390547125268e-11       6.979688358477e-13      -4.709321690626e-13       5.244644173014e-15       2.721874224195e-16       6.402186198257e-17       4.306174478963e-18 
 2147       2.381147123745e-11       6.997333242713e-13      -4.637045167799e-13       5.237863344013e-15       2.716687296473e-16       6.355468488731e-17       4.400241701522e-18 
 2148       2.371747773731e-11       7.015295775683e-13      -4.567285712397e-13       5.231077958268e-15       2.711512447990e-16       6.308805877844e-17       4.493982286474e-18 
 2149       2.362350859833e-11       7.033560924836e-13      -4.500048713365e-13       5.224288307180e-15       2.706349644642e-16       6.262207062383e-17       4.587356108800e-18 
 2150       2.352958173195e-11       7.052113599312e-13      -4.435339559351e-13       5.217494683173e-15       2.701198852038e-16       6.215680770593e-17       4.680322897546e-18 
 2151       2.343571511500e-11       7.070938649878e-13      -4.373163638698e-13       5.210697379701e-15       2.696060035501e-16       6.169235762209e-17       4.772842235650e-18 
 2152       2.334192678981e-11       7.090020868856e-13      -4.313526339438e-13       5.203896691243e-15       2.690933160065e-16       6.122880828499e-17       4.864873559777e-18 
 2153       2.324823486427e-11       7.109344990054e-13      -4.256433049281e-13       5.197092913307e-15       2.685818190477e-16       6.076624792293e-17       4.956376160150e-18 
 2154       2.315465751191e-11       7.128895688700e-13      -4.201889155609e-13       5.190286342431e-15       2.680715091196e-16       6.030476508024e-17       5.047309180382e-18 
 2155       2.306121297199e-11       7.148657581370e-13      -4.149900045465e-13       5.183477276182e-15       2.675623826391e-16       5.984444861761e-17       5.137631617306e-18 
 2156       2.296791954954e-11       7.168615225923e-13      -4.100471105546e-13       5.176666013161e-15       2.670544359942e-16       5.938538771250e-17       5.227302320810e-18 
 2157       2.287479561546e-11       7.188753121428e-13      -4.053607722197e-13       5.169852853001e-15       2.665476655441e-16       5.892767185942e-17       5.316279993666e-18 
 2158       2.278185960661e-11       7.209055708099e-13      -4.009315281397e-13       5.163038096370e-15       2.660420676187e-16       5.847139087037e-17       5.404523191363e-18 
 2159       2.268913002583e-11       7.229507367226e-13      -3.967599168756e-13       5.156222044971e-15       2.655376385191e-16       5.801663487517e-17       5.491990321939e-18 
 2160       2.259662544210e-11       7.250092421103e-13      -3.928464769503e-13       5.149405001544e-15       2.650343745172e-16       5.756349432179e-17       5.578639645813e-18 
 2161       2.250436449053e-11       7.270795132963e-13      -3.891917468480e-13       5.142587269865e-15       2.645322718558e-16       5.711205997678e-17       5.664429275614e-18 
 2162       2.241236587248e-11       7.291599706907e-13      -3.857962650132e-13       5.135769154750e-15       2.640313267487e-16       5.666242292557e-17       5.749317176017e-18 
 2163       2.232064835564e-11       7.312490287837e-13      -3.826605698502e-13       5.128950962056e-15       2.635315353801e-16       5.621467457286e-17       5.833261163574e-18 
 2164       2.222923077409e-11       7.333450961387e-13      -3.797851997215e-13       5.122132998679e-15       2.630328939052e-16       5.576890664297e-17       5.916218906542e-18 
 2165       2.213813057388e-11       7.354466483549e-13      -3.771701582843e-13       5.115315567575e-15       2.625353987226e-16       5.532519298877e-17       5.998149345699e-18 
 2166       2.204735943889e-11       7.375524475087e-13      -3.748133065472e-13       5.108498952774e-15       2.620390472930e-16       5.488353488322e-17       6.079016967617e-18 
 2167       2.195692763556e-11       7.396613241828e-13      -3.727119599389e-13       5.101683434265e-15       2.615438373260e-16       5.444391535861e-17       6.158787559946e-18 
 2168       2.186684546474e-11       7.417721046258e-13      -3.708634219705e-13       5.094869292972e-15       2.610497665079e-16       5.400631736434e-17       6.237426792928e-18 
 2169       2.177712326168e-11       7.438836107473e-13      -3.692649842208e-13       5.088056810755e-15       2.605568325014e-16       5.357072376680e-17       6.314900219261e-18 
 2170       2.168777139612e-11       7.459946601132e-13      -3.679139263218e-13       5.081246270412e-15       2.600650329460e-16       5.313711734925e-17       6.391173273970e-18 
 2171       2.159880027232e-11       7.481040659404e-13      -3.668075159439e-13       5.074437955678e-15       2.595743654576e-16       5.270548081177e-17       6.466211274277e-18 
 2172       2.151022032907e-11       7.502106370918e-13      -3.659430087820e-13       5.067632151227e-15       2.590848276285e-16       5.227579677110e-17       6.539979419464e-18 
 2173       2.142204203975e-11       7.523131780716e-13      -3.653176485404e-13       5.060829142675e-15       2.585964170277e-16       5.184804776055e-17       6.612442790747e-18 
 2174       2.133427591236e-11       7.544104890198e-13      -3.649286669185e-13       5.054029216577e-15       2.581091312005e-16       5.142221622992e-17       6.683566351137e-18 
 2175       2.124693248958e-11       7.565013657078e-13      -3.647732835964e-13       5.047232660431e-15       2.576229676685e-16       5.099828454537e-17       6.753314945318e-18 
 2176       2.116002234878e-11       7.585845995328e-13      -3.648487062202e-13       5.040439762679e-15       2.571379239300e-16       5.057623498932e-17       6.821653299505e-18 
 2177       2.107355610205e-11       7.606589775132e-13      -3.651521303874e-13       5.033650812705e-15       2.566539974592e-16       5.015604976035e-17       6.888546021318e-18 
 2178       2.098754439628e-11       7.627232822836e-13      -3.656807396328e-13       5.026866100841e-15       2.561711857069e-16       4.973771097310e-17       6.953957599651e-18 
 2179       2.090199791317e-11       7.647762920894e-13      -3.664317054134e-13       5.020085918363e-15       2.556894861001e-16       4.932120065816e-17       7.017852404534e-18 
 2180       2.081692736927e-11       7.668167807823e-13      -3.674021870944e-13       5.013310557495e-15       2.552088960419e-16       4.890650076195e-17       7.080194687010e-18 
 2181       2.073234351602e-11       7.688435178151e-13      -3.685893319344e-13       5.006540311410e-15       2.547294129118e-16       4.849359314667e-17       7.140948578996e-18 
 2182       2.064825713978e-11       7.708552682365e-13      -3.699902750709e-13       4.999775474229e-15       2.542510340653e-16       4.808245959012e-17       7.200078093151e-18 
 2183       2.056467906190e-11       7.728507926863e-13      -3.716021395059e-13       4.993016341024e-15       2.537737568341e-16       4.767308178565e-17       7.257547122753e-18 
 2184       2.048162013871e-11       7.748288473905e-13      -3.734220360912e-13       4.986263207820e-15       2.532975785259e-16       4.726544134203e-17       7.313319441554e-18 
 2185       2.039909126159e-11       7.767881841560e-13      -3.754470635140e-13       4.979516371591e-15       2.528224964246e-16       4.685951978338e-17       7.367358703661e-18 
 2186       2.031710335702e-11       7.787275503660e-13      -3.776743082825e-13       4.972776130266e-15       2.523485077901e-16       4.645529854900e-17       7.419628443395e-18 
 2187       2.023566738658e-11       7.806456889746e-13      -3.801008447110e-13       4.966042782729e-15       2.518756098581e-16       4.605275899335e-17       7.470092075163e-18 
 2188       2.015479434700e-11       7.825413385019e-13      -3.827237349060e-13       4.959316628820e-15       2.514037998405e-16       4.565188238587e-17       7.518712893325e-18 
 2189       2.007449527023e-11       7.844132330292e-13      -3.855400287508e-13       4.952597969333e-15       2.509330749250e-16       4.525264991093e-17       7.565454072065e-18 
 2190       1.999478122344e-11       7.862601021938e-13      -3.885467638919e-13       4.945887106021e-15       2.504634322753e-16       4.485504266768e-17       7.610278665254e-18 
 2191       1.991566330907e-11       7.880806711842e-13      -3.917409657239e-13       4.939184341595e-15       2.499948690307e-16       4.445904166999e-17       7.653149606323e-18 
 2192       1.983715266487e-11       7.898736607347e-13      -3.951196473751e-13       4.932489979726e-15       2.495273823066e-16       4.406462784632e-17       7.694029708129e-18 
 2193       1.975926046395e-11       7.916377871208e-13      -3.986798096931e-13       4.925804325046e-15       2.490609691941e-16       4.367178203961e-17       7.732881662824e-18 
 2194       1.968199791479e-11       7.933717621541e-13      -4.024184412302e-13       4.919127683147e-15       2.485956267599e-16       4.328048500720e-17       7.769668041720e-18 
 2195       1.960537626130e-11       7.950742931773e-13      -4.063325182289e-13       4.912460360585e-15       2.481313520467e-16       4.289071742070e-17       7.804351295164e-18 
 2196       1.952940678286e-11       7.967440830589e-13      -4.104190046074e-13       4.905802664879e-15       2.476681420726e-16       4.250245986591e-17       7.836893752397e-18 
 2197       1.945410079434e-11       7.983798301886e-13      -4.146748519448e-13       4.899154904512e-15       2.472059938315e-16       4.211569284270e-17       7.867257621431e-18 
 2198       1.937946964615e-11       7.999802284724e-13      -4.190969994671e-13       4.892517388932e-15       2.467449042930e-16       4.173039676491e-17       7.895404988913e-18 
 2199       1.930552472429e-11       8.015439673268e-13      -4.236823740324e-13       4.885890428557e-15       2.462848704020e-16       4.134655196023e-17       7.921297819990e-18 
 2200       1.923227745035e-11       8.030697316749e-13      -4.284278901162e-13       4.879274334770e-15       2.458258890793e-16       4.096413867014e-17       7.944897958185e-18 
 2201       1.915973928160e-11       8.045562019405e-13      -4.333304497973e-13       4.872669419922e-15       2.453679572210e-16       4.058313704974e-17       7.966167125258e-18 
 2202       1.908792171098e-11       8.060020540435e-13      -4.383869427427e-13       4.866075997336e-15       2.449110716986e-16       4.020352716772e-17       7.985066921077e-18 
 2203       1.901683626718e-11       8.074059593950e-13      -4.435942461938e-13       4.859494381303e-15       2.444552293593e-16       3.982528900619e-17       8.001558823488e-18 
 2204       1.894649261795e-11       8.087667432608e-13      -4.489491114360e-13       4.852924857157e-15       2.440004271670e-16       3.944841444570e-17       8.015619911782e-18 
 2205       1.887689286645e-11       8.100838610125e-13      -4.544478224141e-13       4.846367591260e-15       2.435466626281e-16       3.907294330735e-17       8.027290151521e-18 
 2206       1.880803721707e-11       8.113569250299e-13      -4.600865348207e-13       4.839822720418e-15       2.430939333686e-16       3.869892754986e-17       8.036625423524e-18 
 2207       1.873992586876e-11       8.125855466184e-13      -4.658613893879e-13       4.833290381761e-15       2.426422369930e-16       3.832641930642e-17       8.043681829042e-18 
 2208       1.867255901493e-11       8.137693360078e-13      -4.717685118708e-13       4.826770712738e-15       2.421915710839e-16       3.795547088486e-17       8.048515690013e-18 
 2209       1.860593684350e-11       8.149079023515e-13      -4.778040130292e-13       4.820263851124e-15       2.417419332026e-16       3.758613476787e-17       8.051183549315e-18 
 2210       1.854005953689e-11       8.160008537249e-13      -4.839639886110e-13       4.813769935013e-15       2.412933208884e-16       3.721846361317e-17       8.051742171029e-18 
 2211       1.847492727196e-11       8.170477971246e-13      -4.902445193347e-13       4.807289102825e-15       2.408457316591e-16       3.685251025372e-17       8.050248540689e-18 
 2212       1.841054022006e-11       8.180483384677e-13      -4.966416708717e-13       4.800821493302e-15       2.403991630106e-16       3.648832769789e-17       8.046759865544e-18 
 2213       1.834689854699e-11       8.190020825898e-13      -5.031514938297e-13       4.794367245509e-15       2.399536124170e-16       3.612596912967e-17       8.041333574808e-18 
 2214       1.828400241299e-11       8.199086332447e-13      -5.097700237345e-13       4.787926498837e-15       2.395090773307e-16       3.576548790884e-17       8.034027319924e-18 
 2215       1.822185197275e-11       8.207675931030e-13      -5.164932810135e-13       4.781499392999e-15       2.390655551823e-16       3.540693757121e-17       8.024898974814e-18 
 2216       1.816044737540e-11       8.215785637512e-13      -5.233172709779e-13       4.775086068034e-15       2.386230433802e-16       3.505037182873e-17       8.014006636139e-18 
 2217       1.809978876446e-11       8.223411456900e-13      -5.302379838055e-13       4.768686664303e-15       2.381815393112e-16       3.469584456978e-17       8.001408623554e-18 
 2218       1.803987627789e-11       8.230549383342e-13      -5.372513945234e-13       4.762301322495e-15       2.377410403402e-16       3.434340985927e-17       7.987163479963e-18 
 2219       1.798071004805e-11       8.237195400106e-13      -5.443534629905e-13       4.755930183623e-15       2.373015438098e-16       3.399312193890e-17       7.971329971781e-18 
 2220       1.792229020169e-11       8.243345479577e-13      -5.515401338805e-13       4.749573389025e-15       2.368630470409e-16       3.364503522731e-17       7.953967089184e-18 
 2221       1.786461685996e-11       8.248995583242e-13      -5.588073366643e-13       4.743231080366e-15       2.364255473322e-16       3.329920432029e-17       7.935134046368e-18 
 2222       1.780769013837e-11       8.254141661679e-13      -5.661509855929e-13       4.736903399636e-15       2.359890419604e-16       3.295568399098e-17       7.914890281806e-18 
 2223       1.775151014681e-11       8.258779654548e-13      -5.735669796799e-13       4.730590489152e-15       2.355535281802e-16       3.261452919003e-17       7.893295458504e-18 
 2224       1.769607698953e-11       8.262905490580e-13      -5.810512026841e-13       4.724292491558e-15       2.351190032241e-16       3.227579504582e-17       7.870409464256e-18 
 2225       1.764139076513e-11       8.266515087562e-13      -5.885995230925e-13       4.718009549823e-15       2.346854643024e-16       3.193953686464e-17       7.846292411905e-18 
 2226       1.758745156657e-11       8.269604352333e-13      -5.962077941028e-13       4.711741807247e-15       2.342529086032e-16       3.160581013089e-17       7.821004639592e-18 
 2227       1.753425948110e-11       8.272169180768e-13      -6.038718536059e-13       4.705489407452e-15       2.338213332925e-16       3.127467050727e-17       7.794606711018e-18 
 2228       1.748181459036e-11       8.274205457768e-13      -6.115875241688e-13       4.699252494394e-15       2.333907355139e-16       3.094617383495e-17       7.767159415701e-18 
 2229       1.743011697025e-11       8.275709057249e-13      -6.193506130174e-13       4.693031212352e-15       2.329611123890e-16       3.062037613380e-17       7.738723769228e-18 
 2230       1.737916669101e-11       8.276675842134e-13      -6.271569120188e-13       4.686825705935e-15       2.325324610168e-16       3.029733360256e-17       7.709361013514e-18 
 2231       1.732896381718e-11       8.277101664338e-13      -6.350021976642e-13       4.680636120082e-15       2.321047784740e-16       2.997710261900e-17       7.679132617060e-18 
 2232       1.727950840757e-11       8.276982364760e-13      -6.428822310516e-13       4.674462600060e-15       2.316780618152e-16       2.965973974019e-17       7.648100275204e-18 
 2233       1.723080051529e-11       8.276313773268e-13      -6.507927578684e-13       4.668305291463e-15       2.312523080724e-16       2.934530170262e-17       7.616325910385e-18 
 2234       1.718284018772e-11       8.275091708696e-13      -6.587295083743e-13       4.662164340219e-15       2.308275142550e-16       2.903384542242e-17       7.583871672394e-18 
 2235       1.713562746652e-11       8.273311978824e-13      -6.666881973835e-13       4.656039892581e-15       2.304036773503e-16       2.872542799556e-17       7.550799938631e-18 
 2236       1.708916238757e-11       8.270970380373e-13      -6.746645242478e-13       4.649932095135e-15       2.299807943229e-16       2.842010669801e-17       7.517173314364e-18 
 2237       1.704344498102e-11       8.268062698992e-13      -6.826541728391e-13       4.643841094797e-15       2.295588621149e-16       2.811793898599e-17       7.483054632981e-18 
 2238       1.699847527127e-11       8.264584709247e-13      -6.906528115322e-13       4.637767038812e-15       2.291378776458e-16       2.781898249608e-17       7.448506956252e-18 
 2239       1.695425327694e-11       8.260532174612e-13      -6.986560931874e-13       4.631710074757e-15       2.287178378128e-16       2.752329504548e-17       7.413593574582e-18 
 2240       1.691077901085e-11       8.255900847454e-13      -7.066596551330e-13       4.625670350540e-15       2.282987394902e-16       2.723093463218e-17       7.378378007266e-18 
 2241       1.686805248007e-11       8.250686469027e-13      -7.146591191484e-13       4.619648014401e-15       2.278805795296e-16       2.694195943515e-17       7.342924002750e-18 
 2242       1.682607368584e-11       8.244884769458e-13      -7.226500914463e-13       4.613643214910e-15       2.274633547602e-16       2.665642781452e-17       7.307295538883e-18 
 2243       1.678484134316e-11       8.238492908296e-13      -7.306284358993e-13       4.607656067755e-15       2.270470621765e-16       2.637438342755e-17       7.271550008361e-18 
 2244       1.674434903015e-11       8.231513806452e-13      -7.385910957028e-13       4.601686555854e-15       2.266316995040e-16       2.609581046997e-17       7.235717725926e-18 
 2245       1.670458901353e-11       8.223951842514e-13      -7.465352770400e-13       4.595734628589e-15       2.262172646372e-16       2.582067814289e-17       7.199822287925e-18 
 2246       1.666555352674e-11       8.215811414775e-13      -7.544581763150e-13       4.589800234964e-15       2.258037554520e-16       2.554895551034e-17       7.163887375067e-18 
 2247       1.662723476991e-11       8.207096941255e-13      -7.623569801421e-13       4.583883323603e-15       2.253911698053e-16       2.528061149909e-17       7.127936752527e-18 
 2248       1.658962490979e-11       8.197812859732e-13      -7.702288653344e-13       4.577983842749e-15       2.249795055354e-16       2.501561489852e-17       7.091994270030e-18 
 2249       1.655271607977e-11       8.187963627755e-13      -7.780709988935e-13       4.572101740266e-15       2.245687604616e-16       2.475393436044e-17       7.056083861951e-18 
 2250       1.651650037979e-11       8.177553722676e-13      -7.858805379983e-13       4.566236963635e-15       2.241589323843e-16       2.449553839891e-17       7.020229547409e-18 
 2251       1.648096987631e-11       8.166587641671e-13      -7.936546299948e-13       4.560389459957e-15       2.237500190854e-16       2.424039539011e-17       6.984455430358e-18 
 2252       1.644611660231e-11       8.155069901759e-13      -8.013904123845e-13       4.554559175949e-15       2.233420183272e-16       2.398847357216e-17       6.948785699680e-18 
 2253       1.641193255718e-11       8.143005039832e-13      -8.090850128143e-13       4.548746057948e-15       2.229349278538e-16       2.373974104495e-17       6.913244629286e-18 
 2254       1.637840970674e-11       8.130397612675e-13      -8.167355490650e-13       4.542950051904e-15       2.225287453897e-16       2.349416576998e-17       6.877856578200e-18 
 2255       1.634553998320e-11       8.117252196989e-13      -8.243391290414e-13       4.537171103388e-15       2.221234686408e-16       2.325171557021e-17       6.842645990664e-18 
 2256       1.631331528507e-11       8.103573389417e-13      -8.318928507605e-13       4.531409157582e-15       2.217190952937e-16       2.301235812990e-17       6.807637396220e-18 
 2257       1.628172747716e-11       8.089365806565e-13      -8.393938023413e-13       4.525664159286e-15       2.213156230164e-16       2.277606099440e-17       6.772855409813e-18 
 2258       1.625076839055e-11       8.074634085025e-13      -8.468390619941e-13       4.519936052916e-15       2.209130494572e-16       2.254279157004e-17       6.738324731883e-18 
 2259       1.622042982251e-11       8.059382881403e-13      -8.542256980090e-13       4.514224782498e-15       2.205113722458e-16       2.231251712397e-17       6.704070148456e-18 
 2260       1.619070353651e-11       8.043616872335e-13      -8.615507687459e-13       4.508530291675e-15       2.201105889926e-16       2.208520478393e-17       6.670116531241e-18 
 2261       1.616158126214e-11       8.027340754518e-13      -8.688113226232e-13       4.502852523703e-15       2.197106972888e-16       2.186082153817e-17       6.636488837721e-18 
 2262       1.613305469508e-11       8.010559244727e-13      -8.760043981070e-13       4.497191421449e-15       2.193116947065e-16       2.163933423523e-17       6.603212111251e-18 
 2263       1.610511549709e-11       7.993277079846e-13      -8.831270237006e-13       4.491546927394e-15       2.189135787985e-16       2.142070958379e-17       6.570311481148e-18 
 2264       1.607775529593e-11       7.975499016881e-13      -8.901762179334e-13       4.485918983630e-15       2.185163470985e-16       2.120491415253e-17       6.537812162788e-18 
 2265       1.605096568535e-11       7.957229832994e-13      -8.971489893502e-13       4.480307531860e-15       2.181199971208e-16       2.099191436993e-17       6.505739457697e-18 
 2266       1.602473822502e-11       7.938474325520e-13      -9.040423365003e-13       4.474712513397e-15       2.177245263606e-16       2.078167652415e-17       6.474118753648e-18 
 2267       1.599906444052e-11       7.919237311992e-13      -9.108532479271e-13       4.469133869166e-15       2.173299322936e-16       2.057416676281e-17       6.442975524753e-18 
 2268       1.597393582331e-11       7.899523630165e-13      -9.175787021565e-13       4.463571539700e-15       2.169362123763e-16       2.036935109288e-17       6.412335331556e-18 
 2269       1.594934383065e-11       7.879338138038e-13      -9.242156676870e-13       4.458025465142e-15       2.165433640458e-16       2.016719538050e-17       6.382223821131e-18 
 2270       1.592527988559e-11       7.858685713881e-13      -9.307611029781e-13       4.452495585243e-15       2.161513847197e-16       1.996766535080e-17       6.352666727170e-18 
 2271       1.590173537691e-11       7.837571256254e-13      -9.372119564400e-13       4.446981839362e-15       2.157602717964e-16       1.977072658775e-17       6.323689870084e-18 
 2272       1.587870165911e-11       7.815999684032e-13      -9.435651664227e-13       4.441484166466e-15       2.153700226547e-16       1.957634453401e-17       6.295319157091e-18 
 2273       1.585617005236e-11       7.793975936430e-13      -9.498176612051e-13       4.436002505130e-15       2.149806346540e-16       1.938448449073e-17       6.267580582311e-18 
 2274       1.583413184243e-11       7.771504973024e-13      -9.559663589841e-13       4.430536793533e-15       2.145921051342e-16       1.919511161744e-17       6.240500226864e-18 
 2275       1.581257828069e-11       7.748591773778e-13      -9.620081678639e-13       4.425086969463e-15       2.142044314157e-16       1.900819093183e-17       6.214104258959e-18 
 2276       1.579150058408e-11       7.725241339063e-13      -9.679399858455e-13       4.419652970311e-15       2.138176107992e-16       1.882368730962e-17       6.188418933990e-18 
 2277       1.577088993500e-11       7.701458689683e-13      -9.737587008152e-13       4.414234733075e-15       2.134316405661e-16       1.864156548440e-17       6.163470594630e-18 
 2278       1.575073748136e-11       7.677248866897e-13      -9.794611905345e-13       4.408832194356e-15       2.130465179781e-16       1.846179004745e-17       6.139285670927e-18 
 2279       1.573103433648e-11       7.652616932446e-13      -9.850443226288e-13       4.403445290360e-15       2.126622402771e-16       1.828432544758e-17       6.115890680393e-18 
 2280       1.571177157907e-11       7.627567968572e-13      -9.905049545767e-13       4.398073956897e-15       2.122788046856e-16       1.810913599098e-17       6.093312228102e-18 
 2281       1.569294025320e-11       7.602107078044e-13      -9.958399336996e-13       4.392718129378e-15       2.118962084064e-16       1.793618584105e-17       6.071577006782e-18 
 2282       1.567453120631e-11       7.576239967587e-13      -1.001046534799e-12       4.387377725928e-15       2.115144488477e-16       1.776544368430e-17       6.050697072141e-18 
 2283       1.565653460229e-11       7.549974702225e-13      -1.006123776159e-12       4.382052596597e-15       2.111335243014e-16       1.759689676119e-17       6.030625565417e-18 
 2284       1.563894040523e-11       7.523319962240e-13      -1.011071111967e-12       4.376742573821e-15       2.107534332692e-16       1.743053692497e-17       6.011300706944e-18 
 2285       1.562173854096e-11       7.496284460826e-13      -1.015887995428e-12       4.371447489280e-15       2.103741742377e-16       1.726635598378e-17       5.992660494894e-18 
 2286       1.560491889710e-11       7.468876944121e-13      -1.020573878766e-12       4.366167173899e-15       2.099957456786e-16       1.710434570053e-17       5.974642705023e-18 
 2287       1.558847132292e-11       7.441106191250e-13      -1.025128213221e-12       4.360901457847e-15       2.096181460484e-16       1.694449779288e-17       5.957184890430e-18 
 2288       1.557238562938e-11       7.412981014359e-13      -1.029550449051e-12       4.355650170535e-15       2.092413737887e-16       1.678680393317e-17       5.940224381309e-18 
 2289       1.555665158902e-11       7.384510258650e-13      -1.033840035531e-12       4.350413140614e-15       2.088654273257e-16       1.663125574838e-17       5.923698284706e-18 
 2290       1.554125893598e-11       7.355702802420e-13      -1.037996420949e-12       4.345190195977e-15       2.084903050707e-16       1.647784482004e-17       5.907543484275e-18 
 2291       1.552619736591e-11       7.326567557100e-13      -1.042019052609e-12       4.339981163758e-15       2.081160054198e-16       1.632656268424e-17       5.891696640029e-18 
 2292       1.551145653592e-11       7.297113467286e-13      -1.045907376828e-12       4.334785870326e-15       2.077425267538e-16       1.617740083148e-17       5.876094188096e-18 
 2293       1.549702606459e-11       7.267349510782e-13      -1.049660838937e-12       4.329604141293e-15       2.073698674384e-16       1.603035070671e-17       5.860672340476e-18 
 2294       1.548289553189e-11       7.237284698632e-13      -1.053278883279e-12       4.324435801504e-15       2.069980258242e-16       1.588540370920e-17       5.845367084795e-18 
 2295       1.546905447912e-11       7.206928075163e-13      -1.056760953208e-12       4.319280675041e-15       2.066270002464e-16       1.574255119255e-17       5.830114184056e-18 
 2296       1.545549240892e-11       7.176288718012e-13      -1.060106491090e-12       4.314138585223e-15       2.062567890248e-16       1.560178446456e-17       5.814849176399e-18 
 2297       1.544219878517e-11       7.145375738175e-13      -1.063314938300e-12       4.309009354600e-15       2.058873904643e-16       1.546309478724e-17       5.799507374854e-18 
 2298       1.542916303300e-11       7.114198280033e-13      -1.066385735225e-12       4.303892804960e-15       2.055188028543e-16       1.532647337672e-17       5.784023867094e-18 
 2299       1.541637453871e-11       7.082765521396e-13      -1.069318321256e-12       4.298788757319e-15       2.051510244687e-16       1.519191140320e-17       5.768333515192e-18 
 2300       1.540382264972e-11       7.051086673536e-13      -1.072112134797e-12       4.293697031927e-15       2.047840535665e-16       1.505939999090e-17       5.752370955374e-18 
 2301       1.539149667457e-11       7.019170981228e-13      -1.074766613257e-12       4.288617448265e-15       2.044178883908e-16       1.492893021800e-17       5.736070597777e-18 
 2302       1.537938588284e-11       6.987027722781e-13      -1.077281193050e-12       4.283549825043e-15       2.040525271698e-16       1.480049311657e-17       5.719366626199e-18 
 2303       1.536747950512e-11       6.954666210079e-13      -1.079655309600e-12       4.278493980198e-15       2.036879681160e-16       1.467407967257e-17       5.702192997857e-18 
 2304       1.535576673296e-11       6.922095788619e-13      -1.081888397332e-12       4.273449730900e-15       2.033242094265e-16       1.454968082570e-17       5.684483443141e-18 
 2305       1.534423671886e-11       6.889325837543e-13      -1.083979889677e-12       4.268416893541e-15       2.029612492831e-16       1.442728746944e-17       5.666171465370e-18 
 2306       1.533287857616e-11       6.856365769678e-13      -1.085929219070e-12       4.263395283742e-15       2.025990858520e-16       1.430689045094e-17       5.647190340545e-18 
 2307       1.532168137907e-11       6.823225031576e-13      -1.087735816949e-12       4.258384716348e-15       2.022377172840e-16       1.418848057096e-17       5.627473117104e-18 
 2308       1.531063416256e-11       6.789913103543e-13      -1.089399113754e-12       4.253385005431e-15       2.018771417143e-16       1.407204858385e-17       5.606952615678e-18 
 2309       1.529972592240e-11       6.756439499682e-13      -1.090918538924e-12       4.248395964282e-15       2.015173572626e-16       1.395758519747e-17       5.585561428843e-18 
 2310       1.528894561502e-11       6.722813767930e-13      -1.092293520904e-12       4.243417405419e-15       2.011583620331e-16       1.384508107313e-17       5.563231920879e-18 
 2311       1.527828215753e-11       6.689045490090e-13      -1.093523487133e-12       4.238449140579e-15       2.008001541145e-16       1.373452682556e-17       5.539896227522e-18 
 2312       1.526772442769e-11       6.655144281872e-13      -1.094607864054e-12       4.233490980722e-15       2.004427315796e-16       1.362591302282e-17       5.515486255719e-18 
 2313       1.525726126379e-11       6.621119792931e-13      -1.095546077107e-12       4.228542736024e-15       2.000860924859e-16       1.351923018628e-17       5.489933683384e-18 
 2314       1.524688146470e-11       6.586981706898e-13      -1.096337550728e-12       4.223604215885e-15       1.997302348752e-16       1.341446879054e-17       5.463169959150e-18 
 2315       1.523657378976e-11       6.552739741423e-13      -1.096981708353e-12       4.218675228920e-15       1.993751567735e-16       1.331161926336e-17       5.435126302127e-18 
 2316       1.522632695876e-11       6.518403648209e-13      -1.097477972413e-12       4.213755582962e-15       1.990208561913e-16       1.321067198565e-17       5.405733701656e-18 
 2317       1.521612965191e-11       6.483983213049e-13      -1.097825764334e-12       4.208845085059e-15       1.986673311232e-16       1.311161729139e-17       5.374922917063e-18 
 2318       1.520597050977e-11       6.449488255863e-13      -1.098024504538e-12       4.203943541478e-15       1.983145795484e-16       1.301444546756e-17       5.342624477412e-18 
 2319       1.519583813323e-11       6.414928630735e-13      -1.098073612440e-12       4.199050757696e-15       1.979625994301e-16       1.291914675409e-17       5.308768681265e-18 
 2320       1.518572108345e-11       6.380314225952e-13      -1.097972506450e-12       4.194166538406e-15       1.976113887157e-16       1.282571134383e-17       5.273285596431e-18 
 2321       1.517560868290e-11       6.345654575360e-13      -1.097720946933e-12       4.189290692596e-15       1.972609453998e-16       1.273414942698e-17       5.236125758108e-18 
 2322       1.516549342398e-11       6.310957689706e-13      -1.097320067465e-12       4.184423048824e-15       1.969112677130e-16       1.264455146264e-17       5.197322406475e-18 
 2323       1.515536857550e-11       6.276231218001e-13      -1.096771350078e-12       4.179563440037e-15       1.965623539338e-16       1.255702828739e-17       5.156929641201e-18 
 2324       1.514522738295e-11       6.241482835553e-13      -1.096076282903e-12       4.174711698499e-15       1.962142023263e-16       1.247169110561e-17       5.115001758927e-18 
 2325       1.513506306852e-11       6.206720243998e-13      -1.095236360168e-12       4.169867655786e-15       1.958668111401e-16       1.238865148991e-17       5.071593253482e-18 
 2326       1.512486883103e-11       6.171951171325e-13      -1.094253082211e-12       4.165031142789e-15       1.955201786101e-16       1.230802138153e-17       5.026758816098e-18 
 2327       1.511463784591e-11       6.137183371908e-13      -1.093127955483e-12       4.160201989712e-15       1.951743029567e-16       1.222991309073e-17       4.980553335626e-18 
 2328       1.510436326523e-11       6.102424626530e-13      -1.091862492558e-12       4.155380026071e-15       1.948291823856e-16       1.215443929715e-17       4.933031898752e-18 
 2329       1.509403821759e-11       6.067682742415e-13      -1.090458212138e-12       4.150565080693e-15       1.944848150880e-16       1.208171305024e-17       4.884249790210e-18 
 2330       1.508365580815e-11       6.032965553254e-13      -1.088916639060e-12       4.145756981715e-15       1.941411992402e-16       1.201184776961e-17       4.834262493002e-18 
 2331       1.507320911860e-11       5.998280919232e-13      -1.087239304304e-12       4.140955556585e-15       1.937983330041e-16       1.194495724548e-17       4.783125688610e-18 
 2332       1.506269120711e-11       5.963636727061e-13      -1.085427744999e-12       4.136160632059e-15       1.934562145267e-16       1.188115563899e-17       4.730895257215e-18 
 2333       1.505209510835e-11       5.929040890003e-13      -1.083483504431e-12       4.131372034202e-15       1.931148419404e-16       1.182055748266e-17       4.677627277909e-18 
 2334       1.504141383340e-11       5.894501347901e-13      -1.081408132047e-12       4.126589588385e-15       1.927742133627e-16       1.176327768076e-17       4.623378028913e-18 
 2335       1.503064036979e-11       5.860026067206e-13      -1.079203183466e-12       4.121813119287e-15       1.924343268966e-16       1.170943150967e-17       4.568203987792e-18 
 2336       1.501976768144e-11       5.825623041008e-13      -1.076870220482e-12       4.117042450892e-15       1.920951806300e-16       1.165913461831e-17       4.512161831671e-18 
 2337       1.500878870862e-11       5.791300289060e-13      -1.074410811075e-12       4.112277406489e-15       1.917567726364e-16       1.161250302853e-17       4.455308437450e-18 
 2338       1.499769636797e-11       5.757065857808e-13      -1.071826529413e-12       4.107517808672e-15       1.914191009742e-16       1.156965313546e-17       4.397700882020e-18 
 2339       1.498648355244e-11       5.722927820421e-13      -1.069118955865e-12       4.102763479337e-15       1.910821636870e-16       1.153070170795e-17       4.339396442479e-18 
 2340       1.497514313129e-11       5.688894276818e-13      -1.066289677002e-12       4.098014239684e-15       1.907459588037e-16       1.149576588892e-17       4.280452596348e-18 
 2341       1.496366795003e-11       5.654973353693e-13      -1.063340285607e-12       4.093269910214e-15       1.904104843380e-16       1.146496319579e-17       4.220927021784e-18 
 2342       1.495205083041e-11       5.621173204550e-13      -1.060272380681e-12       4.088530310730e-15       1.900757382892e-16       1.143841152083e-17       4.160877597799e-18 
 2343       1.494028457044e-11       5.587502009725e-13      -1.057087567452e-12       4.083795260335e-15       1.897417186412e-16       1.141622913157e-17       4.100362404475e-18 
 2344       1.492836194428e-11       5.553967976417e-13      -1.053787457376e-12       4.079064577430e-15       1.894084233633e-16       1.139853467120e-17       4.039439723178e-18 
 2345       1.491627570229e-11       5.520579338715e-13      -1.050373668154e-12       4.074338079716e-15       1.890758504097e-16       1.138544715896e-17       3.978168036774e-18 
 2346       1.490401857095e-11       5.487344357630e-13      -1.046847823728e-12       4.069615584193e-15       1.887439977197e-16       1.137708599050e-17       3.916606029847e-18 
 2347       1.489158325289e-11       5.454271321116e-13      -1.043211554295e-12       4.064896907156e-15       1.884128632175e-16       1.137357093831e-17       3.854812588911e-18 
 2348       1.487896242680e-11       5.421368544106e-13      -1.039466496312e-12       4.060181864197e-15       1.880824448125e-16       1.137502215207e-17       3.792846802630e-18 
 2349       1.486614874746e-11       5.388644368536e-13      -1.035614292502e-12       4.055470270205e-15       1.877527403988e-16       1.138156015909e-17       3.730767962028e-18 
 2350       1.485313484569e-11       5.356107163372e-13      -1.031656591861e-12       4.050761939361e-15       1.874237478557e-16       1.139330586466e-17       3.668635560711e-18 
 2351       1.483991332834e-11       5.323765324641e-13      -1.027595049667e-12       4.046056685144e-15       1.870954650472e-16       1.141038055246e-17       3.606509295077e-18 
 2352       1.482647677823e-11       5.291627275461e-13      -1.023431327484e-12       4.041354320321e-15       1.867678898225e-16       1.143290588493e-17       3.544449064537e-18 
 2353       1.481281775416e-11       5.259701466062e-13      -1.019167093173e-12       4.036654656956e-15       1.864410200154e-16       1.146100390370e-17       3.482514971725e-18 
 2354       1.479892879089e-11       5.227996373822e-13      -1.014804020892e-12       4.031957506402e-15       1.861148534448e-16       1.149479702994e-17       3.420767322718e-18 
 2355       1.478480239907e-11       5.196520503292e-13      -1.010343791110e-12       4.027262679304e-15       1.857893879143e-16       1.153440806477e-17       3.359266627250e-18 
 2356       1.477043106526e-11       5.165282386221e-13      -1.005788090611e-12       4.022569985597e-15       1.854646212125e-16       1.157996018965e-17       3.298073598929e-18 
 2357       1.475580725189e-11       5.134290581593e-13      -1.001138612501e-12       4.017879234504e-15       1.851405511126e-16       1.163157696676e-17       3.237249155448e-18 
 2358       1.474092339722e-11       5.103553675643e-13      -9.963970562123e-13       4.013190234538e-15       1.848171753728e-16       1.168938233941e-17       3.176854418808e-18 
 2359       1.472577191533e-11       5.073080281898e-13      -9.915651275167e-13       4.008502793499e-15       1.844944917360e-16       1.175350063241e-17       3.116950715527e-18 
 2360       1.471034636034e-11       5.042878099124e-13      -9.866446360033e-13       4.003816737061e-15       1.841724980516e-16       1.182399727831e-17       3.057583870688e-18 
 2361       1.469464492690e-11       5.012951078761e-13      -9.816377881793e-13       3.999131964665e-15       1.838511926422e-16       1.190070059335e-17       2.998736983152e-18 
 2362       1.467866697137e-11       4.983302239974e-13      -9.765468962036e-13       3.994448393967e-15       1.835305739391e-16       1.198337889663e-17       2.940377357795e-18 
 2363       1.466241184954e-11       4.953934610139e-13      -9.713742805841e-13       3.989765942289e-15       1.832106403608e-16       1.207179968292e-17       2.882472184955e-18 
 2364       1.464587891661e-11       4.924851224849e-13      -9.661222701865e-13       3.985084526617e-15       1.828913903129e-16       1.216572962184e-17       2.824988540307e-18 
 2365       1.462906752724e-11       4.896055127922e-13      -9.607932022434e-13       3.980404063598e-15       1.825728221884e-16       1.226493455693e-17       2.767893384743e-18 
 2366       1.461197703550e-11       4.867549371409e-13      -9.553894223637e-13       3.975724469539e-15       1.822549343671e-16       1.236917950479e-17       2.711153564250e-18 
 2367       1.459460679489e-11       4.839337015604e-13      -9.499132845409e-13       3.971045660411e-15       1.819377252161e-16       1.247822865417e-17       2.654735809784e-18 
 2368       1.457695615837e-11       4.811421129048e-13      -9.443671511627e-13       3.966367551846e-15       1.816211930896e-16       1.259184536512e-17       2.598606737150e-18 
 2369       1.455902447830e-11       4.783804788542e-13      -9.387533930196e-13       3.961690059137e-15       1.813053363288e-16       1.270979216805e-17       2.542732846877e-18 
 2370       1.454081110648e-11       4.756491079149e-13      -9.330743893143e-13       3.957013097236e-15       1.809901532621e-16       1.283183076292e-17       2.487080524101e-18 
 2371       1.452231539415e-11       4.729483094208e-13      -9.273325276703e-13       3.952336580757e-15       1.806756422048e-16       1.295772201827e-17       2.431616038434e-18 
 2372       1.450353669196e-11       4.702783935336e-13      -9.215302041412e-13       3.947660423972e-15       1.803618014593e-16       1.308722597038e-17       2.376305543848e-18 
 2373       1.448447435002e-11       4.676396712440e-13      -9.156698232197e-13       3.942984540813e-15       1.800486293150e-16       1.322010182241e-17       2.321115078551e-18 
 2374       1.446512771784e-11       4.650324543726e-13      -9.097537978464e-13       3.938308844870e-15       1.797361240484e-16       1.335610794345e-17       2.266010564863e-18 
 2375       1.444549614439e-11       4.624570555702e-13      -9.037845494190e-13       3.933633249394e-15       1.794242839227e-16       1.349500186767e-17       2.210957809094e-18 
 2376       1.442557897805e-11       4.599137883189e-13      -8.977645078013e-13       3.928957667291e-15       1.791131071883e-16       1.363654029345e-17       2.155922501420e-18 
 2377       1.440537556663e-11       4.574029669330e-13      -8.916961113318e-13       3.924282011126e-15       1.788025920826e-16       1.378047908244e-17       2.100870215764e-18 
 2378       1.438488525739e-11       4.549249065596e-13      -8.855818068336e-13       3.919606193123e-15       1.784927368297e-16       1.392657325875e-17       2.045766409671e-18 
 2379       1.436410739701e-11       4.524799231793e-13      -8.794240496225e-13       3.914930125161e-15       1.781835396409e-16       1.407457700800e-17       1.990576424185e-18 
 2380       1.434304133158e-11       4.500683336073e-13      -8.732253035164e-13       3.910253718775e-15       1.778749987140e-16       1.422424367644e-17       1.935265483727e-18 
 2381       1.432168640665e-11       4.476904554940e-13      -8.669880408444e-13       3.905576885157e-15       1.775671122341e-16       1.437532577011e-17       1.879798695973e-18 
 2382       1.430004196718e-11       4.453466073259e-13      -8.607147424556e-13       3.900899535157e-15       1.772598783728e-16       1.452757495392e-17       1.824141051730e-18 
 2383       1.427810735758e-11       4.430371084261e-13      -8.544078977283e-13       3.896221579276e-15       1.769532952889e-16       1.468074205075e-17       1.768257424815e-18 
 2384       1.425588192167e-11       4.407622789555e-13      -8.480700045789e-13       3.891542927675e-15       1.766473611278e-16       1.483457704060e-17       1.712112571933e-18 
 2385       1.423336500271e-11       4.385224399134e-13      -8.417035694706e-13       3.886863490164e-15       1.763420740216e-16       1.498882905967e-17       1.655671132550e-18 
 2386       1.421055594340e-11       4.363179131382e-13      -8.353111074233e-13       3.882183176213e-15       1.760374320896e-16       1.514324639952e-17       1.598897628776e-18 
 2387       1.418745408584e-11       4.341490213083e-13      -8.288951420215e-13       3.877501894942e-15       1.757334334374e-16       1.529757650612e-17       1.541756465238e-18 
 2388       1.416405877158e-11       4.320160879431e-13      -8.224582054240e-13       3.872819555125e-15       1.754300761578e-16       1.545156597902e-17       1.484211928962e-18 
 2389       1.414036934161e-11       4.299194374032e-13      -8.160028383730e-13       3.868136065190e-15       1.751273583300e-16       1.560496057043e-17       1.426228189244e-18 
 2390       1.411638513633e-11       4.278593948918e-13      -8.095315902025e-13       3.863451333218e-15       1.748252780201e-16       1.575750518437e-17       1.367769297534e-18 
 2391       1.409210549557e-11       4.258362864553e-13      -8.030470188479e-13       3.858765266942e-15       1.745238332809e-16       1.590894387573e-17       1.308799187310e-18 
 2392       1.406752975861e-11       4.238504389840e-13      -7.965516908546e-13       3.854077773745e-15       1.742230221519e-16       1.605901984943e-17       1.249281673955e-18 
 2393       1.404265726413e-11       4.219021802130e-13      -7.900481813874e-13       3.849388760665e-15       1.739228426591e-16       1.620747545953e-17       1.189180454635e-18 
 2394       1.401748735027e-11       4.199918387227e-13      -7.835390742390e-13       3.844698134387e-15       1.736232928155e-16       1.635405220831e-17       1.128459108178e-18 
 2395       1.399201935458e-11       4.181197439401e-13      -7.770269618395e-13       3.840005801251e-15       1.733243706204e-16       1.649849074542e-17       1.067081094950e-18 
 2396       1.396625261403e-11       4.162862261393e-13      -7.705144452652e-13       3.835311667245e-15       1.730260740600e-16       1.664053086697e-17       1.005009756730e-18 
 2397       1.394018646505e-11       4.144916164421e-13      -7.640041342475e-13       3.830615638007e-15       1.727284011069e-16       1.677991151469e-17       9.422083165935e-19 
 2398       1.391382024347e-11       4.127362468194e-13      -7.574986471821e-13       3.825917618826e-15       1.724313497204e-16       1.691637077495e-17       8.786398787838e-19 
 2399       1.388715411747e-11       4.110203573555e-13      -7.510004539840e-13       3.821217534215e-15       1.721349180132e-16       1.704970330481e-17       8.142865054410e-19 
 2400       1.386019159180e-11       4.093438174232e-13      -7.445114035862e-13       3.816515386783e-15       1.718391047532e-16       1.717993299450e-17       7.492065742547e-19 
 2401       1.383293701883e-11       4.077064028091e-13      -7.380331935751e-13       3.811811198723e-15       1.715439088645e-16       1.730714135692e-17       6.834777706321e-19 
 2402       1.380539476705e-11       4.061078882933e-13      -7.315675270884e-13       3.807104992268e-15       1.712493292612e-16       1.743141019682e-17       6.171780429130e-19 
 2403       1.377756922107e-11       4.045480476484e-13      -7.251161128209e-13       3.802396789691e-15       1.709553648472e-16       1.755282161111e-17       5.503856026447e-19 
 2404       1.374946478168e-11       4.030266536387e-13      -7.186806650300e-13       3.797686613306e-15       1.706620145165e-16       1.767145798917e-17       4.831789248569e-19 
 2405       1.372108586582e-11       4.015434780185e-13      -7.122629035417e-13       3.792974485469e-15       1.703692771526e-16       1.778740201314e-17       4.156367483371e-19 
 2406       1.369243690661e-11       4.000982915313e-13      -7.058645537562e-13       3.788260428573e-15       1.700771516289e-16       1.790073665826e-17       3.478380759050e-19 
 2407       1.366352235341e-11       3.986908639086e-13      -6.994873466536e-13       3.783544465054e-15       1.697856368087e-16       1.801154519318e-17       2.798621746880e-19 
 2408       1.363434667176e-11       3.973209638688e-13      -6.931330187996e-13       3.778826617388e-15       1.694947315450e-16       1.811991118025e-17       2.117885763959e-19 
 2409       1.360491434347e-11       3.959883591159e-13      -6.868033123514e-13       3.774106908091e-15       1.692044346807e-16       1.822591847584e-17       1.436970775963e-19 
 2410       1.357522986658e-11       3.946928163386e-13      -6.804999750634e-13       3.769385359721e-15       1.689147450482e-16       1.832965123068e-17       7.566773998906e-20 
 2411       1.354529775542e-11       3.934341012090e-13      -6.742247602927e-13       3.764661994873e-15       1.686256614700e-16       1.843119389010e-17       7.780890681597e-21 
 2412       1.351512254062e-11       3.922119783814e-13      -6.679794270052e-13       3.759936836186e-15       1.683371827581e-16       1.853063119441e-17      -5.988287753607e-20 
 2413       1.348470876910e-11       3.910262114914e-13      -6.617657397809e-13       3.755209906339e-15       1.680493077142e-16       1.862804817920e-17      -1.272427059164e-19 
 2414       1.345406100411e-11       3.898765631544e-13      -6.555854688201e-13       3.750481228051e-15       1.677620351299e-16       1.872353017561e-17      -1.942174694794e-19 
 2415       1.342318382524e-11       3.887627949650e-13      -6.494403899489e-13       3.745750824081e-15       1.674753637863e-16       1.881716281068e-17      -2.607257767376e-19 
 2416       1.339208182846e-11       3.876846674952e-13      -6.433322846246e-13       3.741018717229e-15       1.671892924543e-16       1.890903200765e-17      -3.266859694207e-19 
 2417       1.336075962608e-11       3.866419402938e-13      -6.372629399423e-13       3.736284930337e-15       1.669038198944e-16       1.899922398627e-17      -3.920161222012e-19 
 2418       1.332922184685e-11       3.856343718850e-13      -6.312341486396e-13       3.731549486285e-15       1.666189448568e-16       1.908782526310e-17      -4.566340424190e-19 
 2419       1.329747313590e-11       3.846617197673e-13      -6.252477091031e-13       3.726812407998e-15       1.663346660814e-16       1.917492265185e-17      -5.204572698064e-19 
 2420       1.326551815479e-11       3.837237404123e-13      -6.193054253739e-13       3.722073718436e-15       1.660509822976e-16       1.926060326365e-17      -5.834030762133e-19 
 2421       1.323336158154e-11       3.828201892638e-13      -6.134091071532e-13       3.717333440605e-15       1.657678922245e-16       1.934495450741e-17      -6.453884653318e-19 
 2422       1.320100811064e-11       3.819508207363e-13      -6.075605698081e-13       3.712591597548e-15       1.654853945708e-16       1.942806409008e-17      -7.063301724218e-19 
 2423       1.316846245303e-11       3.811153882144e-13      -6.017616343775e-13       3.707848212351e-15       1.652034880347e-16       1.951002001699e-17      -7.661446640355e-19 
 2424       1.313572933619e-11       3.803136440508e-13      -5.960141275775e-13       3.703103308141e-15       1.649221713040e-16       1.959091059217e-17      -8.247481377426e-19 
 2425       1.310281350407e-11       3.795453395661e-13      -5.903198818076e-13       3.698356908083e-15       1.646414430563e-16       1.967082441864e-17      -8.820565218553e-19 
 2426       1.306971971720e-11       3.788102250472e-13      -5.846807351558e-13       3.693609035387e-15       1.643613019584e-16       1.974985039872e-17      -9.379854751533e-19 
 2427       1.303645275262e-11       3.781080497458e-13      -5.790985314051e-13       3.688859713299e-15       1.640817466668e-16       1.982807773436e-17      -9.924503866086e-19 
 2428       1.300301740396e-11       3.774385618782e-13      -5.735751200386e-13       3.684108965111e-15       1.638027758276e-16       1.990559592744e-17      -1.045366375111e-18 
 2429       1.296941848143e-11       3.768015086232e-13      -5.681123562454e-13       3.679356814152e-15       1.635243880763e-16       1.998249478006e-17      -1.096648289192e-18 
 2430       1.293566081185e-11       3.761966361217e-13      -5.627121009266e-13       3.674603283794e-15       1.632465820378e-16       2.005886439489e-17      -1.146210706752e-18 
 2431       1.290174923863e-11       3.756236894749e-13      -5.573762207006e-13       3.669848397450e-15       1.629693563267e-16       2.013479517548e-17      -1.193967934783e-18 
 2432       1.286768862186e-11       3.750824127437e-13      -5.521065879093e-13       3.665092178571e-15       1.626927095469e-16       2.021037782651e-17      -1.239834009093e-18 
 2433       1.283348383825e-11       3.745725489475e-13      -5.469050806234e-13       3.660334650654e-15       1.624166402920e-16       2.028570335418e-17      -1.283722694036e-18 
 2434       1.279913978120e-11       3.740938400625e-13      -5.417735826485e-13       3.655575837232e-15       1.621411471446e-16       2.036086306648e-17      -1.325547482230e-18 
 2435       1.276466136079e-11       3.736460270214e-13      -5.367139835305e-13       3.650815761882e-15       1.618662286772e-16       2.043594857348e-17      -1.365221594288e-18 
 2436       1.273005350380e-11       3.732288497116e-13      -5.317281785614e-13       3.646054448223e-15       1.615918834514e-16       2.051105178770e-17      -1.402657978538e-18 
 2437       1.269532115375e-11       3.728420469743e-13      -5.268180687855e-13       3.641291919911e-15       1.613181100184e-16       2.058626492438e-17      -1.437769310753e-18 
 2438       1.266046937955e-11       3.724853187013e-13      -5.219853263082e-13       3.636528211115e-15       1.610449069933e-16       2.066166379943e-17      -1.470498325293e-18 
 2439       1.262550370225e-11       3.721582118779e-13      -5.172306886732e-13       3.631763397989e-15       1.607722732794e-16       2.073725761309e-17      -1.500909008152e-18 
 2440       1.259042977028e-11       3.718602338531e-13      -5.125546602591e-13       3.626997567382e-15       1.605002078457e-16       2.081303886534e-17      -1.529095951047e-18 
 2441       1.255525325102e-11       3.715908901781e-13      -5.079577465922e-13       3.622230806395e-15       1.602287096517e-16       2.088900003079e-17      -1.555154070067e-18 
 2442       1.251997983081e-11       3.713496846039e-13      -5.034404543470e-13       3.617463202373e-15       1.599577776478e-16       2.096513355869e-17      -1.579178606012e-18 
 2443       1.248461521495e-11       3.711361190797e-13      -4.990032913477e-13       3.612694842911e-15       1.596874107753e-16       2.104143187292e-17      -1.601265124728e-18 
 2444       1.244916512774e-11       3.709496937509e-13      -4.946467665688e-13       3.607925815853e-15       1.594176079660e-16       2.111788737191e-17      -1.621509517445e-18 
 2445       1.241363531249e-11       3.707899069573e-13      -4.903713901363e-13       3.603156209290e-15       1.591483681428e-16       2.119449242866e-17      -1.640008001113e-18 
 2446       1.237803153154e-11       3.706562552311e-13      -4.861776733287e-13       3.598386111562e-15       1.588796902193e-16       2.127123939071e-17      -1.656857118742e-18 
 2447       1.234235956629e-11       3.705482332949e-13      -4.820661285776e-13       3.593615611258e-15       1.586115730996e-16       2.134812058007e-17      -1.672153739736e-18 
 2448       1.230662521720e-11       3.704653340599e-13      -4.780372694696e-13       3.588844797216e-15       1.583440156788e-16       2.142512829326e-17      -1.685995060231e-18 
 2449       1.227083430384e-11       3.704070486243e-13      -4.740916107463e-13       3.584073758525e-15       1.580770168426e-16       2.150225480124e-17      -1.698478603435e-18 
 2450       1.223499266487e-11       3.703728662706e-13      -4.702296683059e-13       3.579302584522e-15       1.578105754676e-16       2.157949234938e-17      -1.709702219959e-18 
 2451       1.219910615809e-11       3.703622744647e-13      -4.664519592040e-13       3.574531364793e-15       1.575446904207e-16       2.165683315747e-17      -1.719764088161e-18 
 2452       1.216318066043e-11       3.703747588532e-13      -4.627590016545e-13       3.569760189176e-15       1.572793605599e-16       2.173426941965e-17      -1.728762714477e-18 
 2453       1.212722206803e-11       3.704098032617e-13      -4.591513150310e-13       3.564989147760e-15       1.570145847337e-16       2.181179330442e-17      -1.736796933762e-18 
 2454       1.209123629617e-11       3.704668896932e-13      -4.556294198672e-13       3.560218330882e-15       1.567503617812e-16       2.188939695461e-17      -1.743965909628e-18 
 2455       1.205522927938e-11       3.705454983259e-13      -4.521938378585e-13       3.555447829131e-15       1.564866905323e-16       2.196707248731e-17      -1.750369134775e-18 
 2456       1.201920697139e-11       3.706451075114e-13      -4.488450918625e-13       3.550677733349e-15       1.562235698076e-16       2.204481199391e-17      -1.756106431335e-18 
 2457       1.198317534518e-11       3.707651937726e-13      -4.455837059002e-13       3.545908134625e-15       1.559609984180e-16       2.212260754003e-17      -1.761277951207e-18 
 2458       1.194714039300e-11       3.709052318021e-13      -4.424102051572e-13       3.541139124303e-15       1.556989751653e-16       2.220045116550e-17      -1.765984176391e-18 
 2459       1.191110812639e-11       3.710646944602e-13      -4.393251159843e-13       3.536370793978e-15       1.554374988419e-16       2.227833488434e-17      -1.770325919330e-18 
 2460       1.187508457619e-11       3.712430527728e-13      -4.363289658987e-13       3.531603235496e-15       1.551765682307e-16       2.235625068473e-17      -1.774404323242e-18 
 2461       1.183907579256e-11       3.714397759297e-13      -4.334222835851e-13       3.526836540956e-15       1.549161821052e-16       2.243419052901e-17      -1.778320862463e-18 
 2462       1.180308784502e-11       3.716543312828e-13      -4.306055988966e-13       3.522070802710e-15       1.546563392295e-16       2.251214635360e-17      -1.782177342777e-18 
 2463       1.176712682243e-11       3.718861843438e-13      -4.278794428556e-13       3.517306113362e-15       1.543970383582e-16       2.259011006902e-17      -1.786075901761e-18 
 2464       1.173119883305e-11       3.721347987825e-13      -4.252443476548e-13       3.512542565768e-15       1.541382782365e-16       2.266807355984e-17      -1.790119009115e-18 
 2465       1.169531000455e-11       3.723996364253e-13      -4.227008466585e-13       3.507780253038e-15       1.538800576002e-16       2.274602868467e-17      -1.794409467004e-18 
 2466       1.165946648399e-11       3.726801572526e-13      -4.202494744031e-13       3.503019268536e-15       1.536223751755e-16       2.282396727614e-17      -1.799050410392e-18 
 2467       1.162367443790e-11       3.729758193971e-13      -4.178907665987e-13       3.498259705878e-15       1.533652296792e-16       2.290188114081e-17      -1.804145307382e-18 
 2468       1.158794005227e-11       3.732860791425e-13      -4.156252601294e-13       3.493501658936e-15       1.531086198185e-16       2.297976205926e-17      -1.809797959551e-18 
 2469       1.155226953255e-11       3.736103909206e-13      -4.134534930550e-13       3.488745221835e-15       1.528525442911e-16       2.305760178594e-17      -1.816112502286e-18 
 2470       1.151666910371e-11       3.739482073101e-13      -4.113760046114e-13       3.483990488952e-15       1.525970017854e-16       2.313539204924e-17      -1.823193405124e-18 
 2471       1.148114501023e-11       3.742989790347e-13      -4.093933352120e-13       3.479237554923e-15       1.523419909800e-16       2.321312455140e-17      -1.831145472089e-18 
 2472       1.144570351612e-11       3.746621549606e-13      -4.075060264484e-13       3.474486514635e-15       1.520875105441e-16       2.329079096852e-17      -1.840073842026e-18 
 2473       1.141035090498e-11       3.750371820953e-13      -4.057146210918e-13       3.469737463232e-15       1.518335591372e-16       2.336838295054e-17      -1.850083988941e-18 
 2474       1.137509347994e-11       3.754235055852e-13      -4.040196630935e-13       3.464990496113e-15       1.515801354093e-16       2.344589212116e-17      -1.861281722338e-18 
 2475       1.133993756378e-11       3.758205687140e-13      -4.024216975863e-13       3.460245708931e-15       1.513272380010e-16       2.352331007788e-17      -1.873773187553e-18 
 2476       1.130488949885e-11       3.762278129007e-13      -4.009212708851e-13       3.455503197597e-15       1.510748655430e-16       2.360062839193e-17      -1.887664866095e-18 
 2477       1.126995514229e-11       3.766446713923e-13      -3.995185954370e-13       3.450763061627e-15       1.508230165237e-16       2.367783816846e-17      -1.903035115843e-18 
 2478       1.123513834806e-11       3.770705503063e-13      -3.982125425027e-13       3.446025414224e-15       1.505716888902e-16       2.375492872426e-17      -1.919848607125e-18 
 2479       1.120044247597e-11       3.775048474723e-13      -3.970016435222e-13       3.441290372256e-15       1.503208804443e-16       2.383188890218e-17      -1.938041381512e-18 
 2480       1.116587089569e-11       3.779469587252e-13      -3.958844246200e-13       3.436558052916e-15       1.500705889761e-16       2.390870751016e-17      -1.957549265811e-18 
 2481       1.113142698685e-11       3.783962779035e-13      -3.948594065993e-13       3.431828573717e-15       1.498208122630e-16       2.398537332122e-17      -1.978307871837e-18 
 2482       1.109711413894e-11       3.788521968465e-13      -3.939251049368e-13       3.427102052492e-15       1.495715480706e-16       2.406187507340e-17      -2.000252596202e-18 
 2483       1.106293575141e-11       3.793141053930e-13      -3.930800297770e-13       3.422378607402e-15       1.493227941520e-16       2.413820146977e-17      -2.023318620092e-18 
 2484       1.102889523363e-11       3.797813913789e-13      -3.923226859263e-13       3.417658356925e-15       1.490745482480e-16       2.421434117833e-17      -2.047440909047e-18 
 2485       1.099499600494e-11       3.802534406354e-13      -3.916515728481e-13       3.412941419866e-15       1.488268080871e-16       2.429028283203e-17      -2.072554212743e-18 
 2486       1.096124149459e-11       3.807296369865e-13      -3.910651846568e-13       3.408227915353e-15       1.485795713857e-16       2.436601502874e-17      -2.098593064775e-18 
 2487       1.092763514184e-11       3.812093622477e-13      -3.905620101122e-13       3.403517962837e-15       1.483328358476e-16       2.444152633115e-17      -2.125491782432e-18 
 2488       1.089418039590e-11       3.816919962233e-13      -3.901405326143e-13       3.398811682091e-15       1.480865991645e-16       2.451680526680e-17      -2.153184466481e-18 
 2489       1.086088071596e-11       3.821769167047e-13      -3.897992301975e-13       3.394109193217e-15       1.478408590155e-16       2.459184032803e-17      -2.181605000951e-18 
 2490       1.082773957122e-11       3.826634994684e-13      -3.895365755250e-13       3.389410616638e-15       1.475956130677e-16       2.466661997191e-17      -2.210687052907e-18 
 2491       1.079476044087e-11       3.831511182739e-13      -3.893510358835e-13       3.384716073102e-15       1.473508589755e-16       2.474113262026e-17      -2.240364072235e-18 
 2492       1.076194681412e-11       3.836391448616e-13      -3.892410731772e-13       3.380025683685e-15       1.471065943810e-16       2.481536665957e-17      -2.270569291423e-18 
 2493       1.072930219019e-11       3.841269489508e-13      -3.892051439228e-13       3.375339569785e-15       1.468628169140e-16       2.488931044101e-17      -2.301235725338e-18 
 2494       1.069683007835e-11       3.846138982379e-13      -3.892416992436e-13       3.370657853129e-15       1.466195241917e-16       2.496295228034e-17      -2.332296171011e-18 
 2495       1.066453399790e-11       3.850993583938e-13      -3.893491848640e-13       3.365980655768e-15       1.463767138190e-16       2.503628045791e-17      -2.363683207416e-18 
 2496       1.063241747818e-11       3.855826930627e-13      -3.895260411039e-13       3.361308100080e-15       1.461343833883e-16       2.510928321864e-17      -2.395329195249e-18 
 2497       1.060048405862e-11       3.860632638594e-13      -3.897707028733e-13       3.356640308770e-15       1.458925304796e-16       2.518194877193e-17      -2.427166276712e-18 
 2498       1.056873728869e-11       3.865404303674e-13      -3.900815996666e-13       3.351977404870e-15       1.456511526603e-16       2.525426529170e-17      -2.459126375290e-18 
 2499       1.053718072796e-11       3.870135501373e-13      -3.904571555571e-13       3.347319511739e-15       1.454102474854e-16       2.532622091627e-17      -2.491141195537e-18 
 2500       1.050581794607e-11       3.874819786840e-13      -3.908957891917e-13       3.342666753063e-15       1.451698124974e-16       2.539780374842e-17      -2.523142222849e-18 
