# dimensionless total lensed [l(l+1)/2pi] C_l's
# for l=2 to 2500, i.e. number of multipoles equal to 2499
#
# -> if you prefer output in CAMB/HealPix/LensPix units/order, set 'format' to 'camb' in input file
# -> if you don't want to see such a header, set 'headers' to 'no' in input file
# -> for CMB lensing (phi), these are C_l^phi-phi for the lensing potential.
#    Remember the conversion factors:
#    C_l^dd (deflection) = l(l+1) C_l^phi-phi
#    C_l^gg (shear/convergence) = 1/4 (l(l+1))^2 C_l^phi-phi
#
# 1:l     2:TT                     3:EE                     4:TE                     5:BB                     6:phiphi                 7:TPhi                   8:Ephi               
    2       1.384415743052e-10       4.389465839714e-15       3.949575632346e-13       2.248973481678e-19       8.028413694074e-09       4.167091564708e-10      -1.890201307612e-12 
    3       1.301168604599e-10       5.699134966707e-15       4.359932171056e-13       4.498833589777e-19       4.928474047042e-09       2.947016647524e-10      -1.451016968346e-12 
    4       1.226972724617e-10       5.014832892431e-15       4.019121529623e-13       7.500010564842e-19       3.416289704659e-09       2.223315369366e-10      -9.680913266173e-13 
    5       1.173106557821e-10       3.408248591840e-15       3.376305372523e-13       1.125364326798e-18       2.543541924539e-09       1.748877172924e-10      -5.559873637935e-13 
    6       1.136923476731e-10       1.930281082469e-15       2.682764533775e-13       1.576111888453e-18       1.982452095002e-09       1.417343924374e-10      -2.470353932618e-13 
    7       1.114472647264e-10       1.033757990922e-15       2.078181395530e-13       2.102405006702e-18       1.596060335281e-09       1.175355267669e-10      -4.479291028680e-14 
    8       1.101472463132e-10       6.461235195165e-16       1.620654672834e-13       2.704424885369e-18       1.316744796347e-09       9.922903873140e-11       6.362896685043e-14 
    9       1.095723877669e-10       5.112722599938e-16       1.319136910094e-13       3.382369802794e-18       1.107224454814e-09       8.497211338110e-11       9.989559060032e-14 
   10       1.095313019083e-10       4.414835361635e-16       1.154950987453e-13       4.136452063985e-18       9.453094891865e-10       7.366417680117e-11       8.885081483713e-14 
   11       1.098754246461e-10       3.777722753069e-16       1.097125648933e-13       4.966894844525e-18       8.096067226176e-10       6.534518722965e-11       5.434486769674e-14 
   12       1.105760657936e-10       3.315103001210e-16       1.111153061231e-13       5.873929002951e-18       7.075715646161e-10       5.778884676939e-11       1.448984208431e-14 
   13       1.114941545428e-10       3.168479948573e-16       1.166520669075e-13       6.857789937145e-18       6.237814350406e-10       5.148749657069e-11      -1.805525625090e-14 
   14       1.125646596765e-10       3.280107997961e-16       1.241619507169e-13       7.918714556946e-18       5.540493023548e-10       4.603444331602e-11      -3.748274724565e-14 
   15       1.138165955319e-10       3.519905977172e-16       1.322920299170e-13       9.056938439700e-18       4.953426159991e-10       4.145601735609e-11      -4.306754559845e-14 
   16       1.152393827964e-10       3.842846999598e-16       1.403794838520e-13       1.027269322811e-17       4.454162241167e-10       3.758672071035e-11      -3.801851976285e-14 
   17       1.167208005412e-10       4.302516876996e-16       1.483828293946e-13       1.156620432070e-17       4.025786470603e-10       3.423527696299e-11      -2.727038080763e-14 
   18       1.183058952367e-10       4.973567843819e-16       1.565033214354e-13       1.293768877601e-17       3.653947314364e-10       3.123549781041e-11      -1.588430298297e-14 
   19       1.200078431292e-10       5.873322326968e-16       1.650113714383e-13       1.438735429182e-17       3.332645753702e-10       2.857948664294e-11      -6.846548050121e-15 
   20       1.217581796336e-10       6.990406752377e-16       1.741628183497e-13       1.591539664722e-17       3.049647914341e-10       2.624935210552e-11      -2.417258675530e-15 
   21       1.235691385395e-10       8.310559933167e-16       1.839470737772e-13       1.752200069144e-17       2.800506118471e-10       2.422502441820e-11      -2.488441837203e-15 
   22       1.254465936458e-10       9.815128188682e-16       1.941821489744e-13       1.920733769382e-17       2.579222680584e-10       2.244692949809e-11      -5.732591784522e-15 
   23       1.273822289009e-10       1.150524276115e-15       2.045370232117e-13       2.097156798514e-17       2.382836503501e-10       2.086504207840e-11      -1.047138793711e-14 
   24       1.293449178849e-10       1.338570807581e-15       2.145717642870e-13       2.281483784644e-17       2.206865572043e-10       1.941479724400e-11      -1.473697700992e-14 
   25       1.313457590259e-10       1.545432273606e-15       2.239140516587e-13       2.473728274153e-17       2.048924999148e-10       1.808732155270e-11      -1.746092887762e-14 
   26       1.333948145572e-10       1.770855773015e-15       2.322230795239e-13       2.673902521741e-17       1.905926137984e-10       1.688010238074e-11      -1.797664366884e-14 
   27       1.354994655137e-10       2.016451785372e-15       2.394065927467e-13       2.882018249858e-17       1.777128027106e-10       1.579213733754e-11      -1.657581745574e-14 
   28       1.376481142639e-10       2.284699911246e-15       2.454743476594e-13       3.098085940852e-17       1.660969732444e-10       1.480987647103e-11      -1.404387971852e-14 
   29       1.398149558853e-10       2.578172893452e-15       2.504734537816e-13       3.322114864341e-17       1.554630662389e-10       1.390941852653e-11      -1.131989770658e-14 
   30       1.420053458318e-10       2.898233994896e-15       2.544749639384e-13       3.554114355586e-17       1.457524531602e-10       1.308793636752e-11      -8.956846277664e-15 
   31       1.442248196585e-10       3.245824123226e-15       2.575877079802e-13       3.794092933380e-17       1.368930529916e-10       1.234255749789e-11      -7.467337947319e-15 
   32       1.464705732082e-10       3.621787586623e-15       2.599147939255e-13       4.042058232518e-17       1.287447069903e-10       1.166381177432e-11      -7.281338919784e-15 
   33       1.487482116356e-10       4.026889718292e-15       2.613777975417e-13       4.298018098770e-17       1.212630513490e-10       1.104424297782e-11      -8.092013753079e-15 
   34       1.510589367776e-10       4.461788588116e-15       2.618263918255e-13       4.561979849689e-17       1.143818558672e-10       1.047164015695e-11      -9.255220855265e-15 
   35       1.533979268483e-10       4.927103448751e-15       2.610994919300e-13       4.833950230991e-17       1.079987287295e-10       9.931047522293e-12      -1.010504608025e-14 
   36       1.557678579471e-10       5.423701676549e-15       2.590866051863e-13       5.113936315201e-17       1.020971010203e-10       9.421914229864e-12      -1.050354712855e-14 
   37       1.581685005236e-10       5.952503052503e-15       2.556856640550e-13       5.401944909490e-17       9.665846624623e-11       8.946203791807e-12      -1.047496838256e-14 
   38       1.605921195422e-10       6.514401126099e-15       2.507859700897e-13       5.697982325143e-17       9.162549947520e-11       8.503548055931e-12      -1.006204349048e-14 
   39       1.630281585776e-10       7.110226426821e-15       2.442948177531e-13       6.002054466742e-17       8.692273042120e-11       8.091941103954e-12      -9.338138051238e-15 
   40       1.654811542953e-10       7.740626023919e-15       2.362298245140e-13       6.314167122006e-17       8.253575323092e-11       7.710683978712e-12      -8.445010626783e-15 
   41       1.679575947122e-10       8.406139445266e-15       2.266570259371e-13       6.634325780613e-17       7.845303070287e-11       7.358045949581e-12      -7.570438818691e-15 
   42       1.704605890150e-10       9.107225206095e-15       2.156677654383e-13       6.962535571508e-17       7.464226007021e-11       7.030254724770e-12      -6.940971059341e-15 
   43       1.729908569216e-10       9.844316776669e-15       2.033461589412e-13       7.298801063769e-17       7.106231967571e-11       6.722740407628e-12      -6.758638244535e-15 
   44       1.755509730868e-10       1.061802258188e-14       1.896559201054e-13       7.643125565879e-17       6.770769411208e-11       6.434729032473e-12      -6.982009148840e-15 
   45       1.781418002740e-10       1.142898036273e-14       1.745206986214e-13       7.995511628712e-17       6.457495972970e-11       6.165798005164e-12      -7.480779143072e-15 
   46       1.807609446008e-10       1.227780101221e-14       1.578543243155e-13       8.355961236912e-17       6.164944616062e-11       5.914512343073e-12      -8.093663382861e-15 
   47       1.834024597102e-10       1.316506767474e-14       1.395601107245e-13       8.724475807816e-17       5.890435949977e-11       5.678346114694e-12      -8.626566288197e-15 
   48       1.860596282652e-10       1.409128447001e-14       1.195478067592e-13       9.101055871439e-17       5.630902927945e-11       5.454421415031e-12      -8.904063499084e-15 
   49       1.887349238656e-10       1.505670767356e-14       9.779172723906e-14       9.485700006276e-17       5.385844429521e-11       5.242154924472e-12      -8.945279608824e-15 
   50       1.914323490066e-10       1.606146540085e-14       7.428781210764e-14       9.878405601663e-17       5.155053609442e-11       5.041222406880e-12      -8.834443170519e-15 
   51       1.941544675272e-10       1.710560044266e-14       4.903760798588e-14       1.027916913360e-16       4.937738090489e-11       4.850770366863e-12      -8.672770429917e-15 
   52       1.969022657878e-10       1.818906679440e-14       2.204847216009e-14       1.068798614740e-16       4.732478831568e-11       4.669379200388e-12      -8.579354829236e-15 
   53       1.996758971838e-10       1.931178311532e-14      -6.673836193406e-15       1.110485129641e-16       4.537675582500e-11       4.495551159540e-12      -8.660824877664e-15 
   54       2.024774600001e-10       2.047381723420e-14      -3.715008850289e-14       1.152975850988e-16       4.353112406338e-11       4.329406380032e-12      -8.909110337594e-15 
   55       2.053086919148e-10       2.167524303894e-14      -6.940870999773e-14       1.196270083803e-16       4.178723032879e-11       4.171358751843e-12      -9.278937621525e-15 
   56       2.081700496930e-10       2.291608664019e-14      -1.034788407391e-13       1.240367038506e-16       4.014119245417e-11       4.021614768852e-12      -9.716349797498e-15 
   57       2.110606074020e-10       2.419632528756e-14      -1.393904508256e-13       1.285265829418e-16       3.858570150788e-11       3.880158684239e-12      -1.015828659048e-14 
   58       2.139779546257e-10       2.551588628592e-14      -1.771744555984e-13       1.330965473260e-16       3.710981449409e-11       3.746737665892e-12      -1.053216438376e-14 
   59       2.169194087312e-10       2.687460084256e-14      -2.168532371591e-13       1.377464965711e-16       3.570196564368e-11       3.620935451113e-12      -1.077356485200e-14 
   60       2.198862115885e-10       2.827205555421e-14      -2.584093768317e-13       1.424763535256e-16       3.436028772412e-11       3.502446999763e-12      -1.088505167313e-14 
   61       2.228801292952e-10       2.970770445423e-14      -3.018098521521e-13       1.472860445741e-16       3.308432553232e-11       3.390841501402e-12      -1.089029479487e-14 
   62       2.259021677458e-10       3.118090849107e-14      -3.470147863931e-13       1.521754924627e-16       3.187193186356e-11       3.285467881306e-12      -1.081735266761e-14 
   63       2.289525153906e-10       3.269093291679e-14      -3.939772385594e-13       1.571446164126e-16       3.071916931674e-11       3.185442955849e-12      -1.069886609773e-14 
   64       2.320304859947e-10       3.423694467553e-14      -4.426429933844e-13       1.621933322358e-16       2.962021209945e-11       3.089639587882e-12      -1.057225210088e-14 
   65       2.351352089390e-10       3.581807057224e-14      -4.929623011178e-13       1.673215656877e-16       2.856895297621e-11       2.996975727861e-12      -1.047104590957e-14 
   66       2.382679986148e-10       3.743359196305e-14      -5.449284583881e-13       1.725292955580e-16       2.756444023002e-11       2.907379290669e-12      -1.039636037347e-14 
   67       2.414303859853e-10       3.908278675051e-14      -5.985470468395e-13       1.778165199380e-16       2.660642002509e-11       2.821007053433e-12      -1.033971082524e-14 
   68       2.446233796695e-10       4.076487134727e-14      -6.538248262535e-13       1.831832442625e-16       2.569368331238e-11       2.737958436767e-12      -1.029128082673e-14 
   69       2.478474296125e-10       4.247899976485e-14      -7.107698588048e-13       1.886294817950e-16       2.482401533112e-11       2.658272076531e-12      -1.023986841823e-14 
   70       2.511023907539e-10       4.422426270216e-14      -7.693916333170e-13       1.941552541122e-16       2.399414511023e-11       2.581922395599e-12      -1.017283236767e-14 
   71       2.543874866975e-10       4.599968663425e-14      -8.297011895180e-13       1.997605915897e-16       2.319969496986e-11       2.508816175617e-12      -1.007603841987e-14 
   72       2.577018737906e-10       4.780423349560e-14      -8.917023785063e-13       2.054455422800e-16       2.243630624824e-11       2.438827735391e-12      -9.937761158335e-15 
   73       2.610465394462e-10       4.963680168510e-14      -9.553634259083e-13       2.112101994449e-16       2.170337886295e-11       2.371919901757e-12      -9.761376117235e-15 
   74       2.644227042451e-10       5.149622360790e-14      -1.020640109405e-12       2.170546802092e-16       2.100096164160e-11       2.308040171813e-12      -9.555018126545e-15 
   75       2.678312315737e-10       5.338126421535e-14      -1.087484062096e-12       2.229791182999e-16       2.032861645542e-11       2.247081660233e-12      -9.327877500200e-15 
   76       2.712726050013e-10       5.529062010719e-14      -1.155842694382e-12       2.289836647232e-16       1.968539457523e-11       2.188880552461e-12      -9.090236596119e-15 
   77       2.747469056576e-10       5.722291863378e-14      -1.225659115854e-12       2.350684884407e-16       1.906981302742e-11       2.133213557905e-12      -8.853506376220e-15 
   78       2.782537896098e-10       5.917671699836e-14      -1.296872057176e-12       2.412337770462e-16       1.847983094979e-11       2.079795363127e-12      -8.630262966447e-15 
   79       2.817924652399e-10       6.115050135923e-14      -1.369415791974e-12       2.474797374423e-16       1.791282594761e-11       2.028276085040e-12      -8.434284216783e-15 
   80       2.853621122994e-10       6.314271964448e-14      -1.443225934188e-12       2.538065899260e-16       1.736624525571e-11       1.978326513531e-12      -8.277367625978e-15 
   81       2.889632726542e-10       6.515188853415e-14      -1.518258161441e-12       2.602145477741e-16       1.683974147441e-11       1.929916490841e-12      -8.159067268626e-15 
   82       2.925966608971e-10       6.717650350532e-14      -1.594472615910e-12       2.667038353314e-16       1.633336631234e-11       1.883080454342e-12      -8.075232916752e-15 
   83       2.962627299024e-10       6.921500650057e-14      -1.671828347882e-12       2.732746948321e-16       1.584691774801e-11       1.837833034206e-12      -8.021047679227e-15 
   84       2.999616563820e-10       7.126578565453e-14      -1.750283346448e-12       2.799273869544e-16       1.537992888217e-11       1.794168132334e-12      -7.991004957428e-15 
   85       3.036933264424e-10       7.332717502037e-14      -1.829794570189e-12       2.866621913755e-16       1.493165679018e-11       1.752058001277e-12      -7.978885400903e-15 
   86       3.074573211403e-10       7.539745429637e-14      -1.910317977874e-12       2.934794073255e-16       1.450107137434e-11       1.711452323160e-12      -7.977733863034e-15 
   87       3.112529020403e-10       7.747484855245e-14      -1.991808559142e-12       3.003793541423e-16       1.408684421625e-11       1.672277288603e-12      -7.979836356696e-15 
   88       3.150789967702e-10       7.955752795667e-14      -2.074220365202e-12       3.073623718260e-16       1.368733742916e-11       1.634434675648e-12      -7.976697009924e-15 
   89       3.189345748609e-10       8.164364004723e-14      -2.157505042215e-12       3.144288133342e-16       1.330099361050e-11       1.597826729574e-12      -7.960819899406e-15 
   90       3.228198743130e-10       8.373141294624e-14      -2.241607100895e-12       3.215790188729e-16       1.292760010260e-11       1.562437282867e-12      -7.931425112066e-15 
   91       3.267353417228e-10       8.581906790829e-14      -2.326467957957e-12       3.288133385755e-16       1.256720343741e-11       1.528261722533e-12      -7.889591061674e-15 
   92       3.306812506514e-10       8.790478842746e-14      -2.412027375507e-12       3.361321408281e-16       1.221972082423e-11       1.495281794924e-12      -7.836533372187e-15 
   93       3.346576930281e-10       8.998672045143e-14      -2.498223469301e-12       3.435358127000e-16       1.188493501103e-11       1.463465071190e-12      -7.773608872772e-15 
   94       3.386645705540e-10       9.206297259557e-14      -2.584992717007e-12       3.510247603746e-16       1.156248914580e-11       1.432764412733e-12      -7.702319592843e-15 
   95       3.427015861054e-10       9.413161635707e-14      -2.672269966458e-12       3.585994095804e-16       1.125188163787e-11       1.403117436660e-12      -7.624316757089e-15 
   96       3.467682351371e-10       9.619068632900e-14      -2.759988443921e-12       3.662602060215e-16       1.095246101932e-11       1.374445981238e-12      -7.541404780505e-15 
   97       3.508637970858e-10       9.823818041445e-14      -2.848079762347e-12       3.740076158085e-16       1.066342080625e-11       1.346655571347e-12      -7.455545263424e-15 
   98       3.549873267738e-10       1.002720600406e-13      -2.936473929636e-12       3.818421258893e-16       1.038379436014e-11       1.319634883931e-12      -7.368860986549e-15 
   99       3.591378943502e-10       1.022902950668e-13      -3.025100459806e-12       3.897642469323e-16       1.011267638435e-11       1.293281740151e-12      -7.283240628062e-15 
  100       3.633153624770e-10       1.042910053031e-13      -3.113891868231e-12       3.977745215111e-16       9.849934318603e-12       1.267586438066e-12      -7.199080395138e-15 
  101       3.675197037672e-10       1.062723395277e-13      -3.202780689118e-12       4.058735178846e-16       9.595588630059e-12       1.242559285189e-12      -7.116370747765e-15 
  102       3.717507565537e-10       1.082324333274e-13      -3.291698438121e-12       4.140618281029e-16       9.349592806263e-12       1.218204914493e-12      -7.035078941502e-15 
  103       3.760082193057e-10       1.101694098535e-13      -3.380575633969e-12       4.223400684678e-16       9.111830963576e-12       1.194522071396e-12      -6.955148182782e-15 
  104       3.802916450443e-10       1.120813805779e-13      -3.469341820090e-12       4.307088799933e-16       8.882115455612e-12       1.171503400756e-12      -6.876496784206e-15 
  105       3.846004357588e-10       1.139664460485e-13      -3.557925586245e-12       4.391689288658e-16       8.660184481674e-12       1.149135233857e-12      -6.799017319848e-15 
  106       3.889338368226e-10       1.158226966456e-13      -3.646254590153e-12       4.477209069052e-16       8.445699695187e-12       1.127397375397e-12      -6.722575780546e-15 
  107       3.932909314093e-10       1.176482133371e-13      -3.734255579116e-12       4.563655320248e-16       8.238243812138e-12       1.106262890482e-12      -6.647010729209e-15 
  108       3.976706349084e-10       1.194410684350e-13      -3.821854411652e-12       4.651035486923e-16       8.037318219508e-12       1.085697891608e-12      -6.572132456108e-15 
  109       4.020716893419e-10       1.211993263507e-13      -3.908976079124e-12       4.739357283900e-16       7.842340583707e-12       1.065661325659e-12      -6.497722134178e-15 
  110       4.064928798638e-10       1.229210931320e-13      -3.995545512856e-12       4.828628489374e-16       7.652776098013e-12       1.046115401563e-12      -6.423599268804e-15 
  111       4.109337277327e-10       1.246046706569e-13      -4.081490076511e-12       4.918856284619e-16       7.468555446407e-12       1.027058847053e-12      -6.349835670309e-15 
  112       4.153938759875e-10       1.262484236793e-13      -4.166737434645e-12       5.010047838001e-16       7.289706103240e-12       1.008497529214e-12      -6.276567411895e-15 
  113       4.198728719283e-10       1.278507340333e-13      -4.251214824738e-12       5.102210511308e-16       7.116222410003e-12       9.904340870865e-13      -6.203928811531e-15 
  114       4.243701637155e-10       1.294100018692e-13      -4.334849086542e-12       5.195351862273e-16       6.948064497169e-12       9.728678232269e-13      -6.132052258450e-15 
  115       4.288850969680e-10       1.309246468876e-13      -4.417566691429e-12       5.289479647105e-16       6.785157206031e-12       9.557945952762e-13      -6.061068039645e-15 
  116       4.334169113619e-10       1.323931095759e-13      -4.499293771739e-12       5.384601823015e-16       6.627389010547e-12       9.392067075250e-13      -5.991104166368e-15 
  117       4.379647372295e-10       1.338138524424e-13      -4.579956150127e-12       5.480726550747e-16       6.474610939177e-12       9.230928024796e-13      -5.922286200629e-15 
  118       4.425275921576e-10       1.351853612525e-13      -4.659479368913e-12       5.577862197099e-16       6.326635496728e-12       9.074377524278e-13      -5.854737081691e-15 
  119       4.471043775864e-10       1.365061462635e-13      -4.737788719427e-12       5.676017337458e-16       6.183235586191e-12       8.922225510051e-13      -5.788576952566e-15 
  120       4.516938754080e-10       1.377747434598e-13      -4.814809271359e-12       5.775200758322e-16       6.044143430583e-12       8.774242047604e-13      -5.723922986519e-15 
  121       4.562947445650e-10       1.389897157886e-13      -4.890465902107e-12       5.875421459832e-16       5.909049494789e-12       8.630156247223e-13      -5.660889213558e-15 
  122       4.609055176493e-10       1.401496543946e-13      -4.964683326123e-12       5.976688658296e-16       5.777601407404e-12       8.489655179644e-13      -5.599586346936e-15 
  123       4.655247723520e-10       1.412532268130e-13      -5.037386905147e-12       6.079011437829e-16       5.649479988956e-12       8.352451021498e-13      -5.540085176869e-15 
  124       4.701516753600e-10       1.422993251854e-13      -5.108505121788e-12       6.182397654572e-16       5.524639523015e-12       8.218493535722e-13      -5.482302359467e-15 
  125       4.747854948243e-10       1.432869374781e-13      -5.177967446743e-12       6.286854910760e-16       5.403093184533e-12       8.087780071434e-13      -5.426101118943e-15 
  126       4.794254291003e-10       1.442151036383e-13      -5.245703618493e-12       6.392390894114e-16       5.284837939160e-12       7.960288978645e-13      -5.371326049769e-15 
  127       4.840706047220e-10       1.450829171991e-13      -5.311643678794e-12       6.499013377601e-16       5.169854071735e-12       7.835979060740e-13      -5.317802656524e-15 
  128       4.887200743767e-10       1.458895268837e-13      -5.375718008170e-12       6.606730219207e-16       5.058104714789e-12       7.714789026956e-13      -5.265336893752e-15 
  129       4.933728148792e-10       1.466341382105e-13      -5.437857361404e-12       6.715549361696e-16       4.949535377048e-12       7.596636944863e-13      -5.213714705802e-15 
  130       4.980277251461e-10       1.473160150976e-13      -5.497992903030e-12       6.825478832387e-16       4.844073471930e-12       7.481419692841e-13      -5.162701566690e-15 
  131       5.026836241702e-10       1.479344814677e-13      -5.556056242824e-12       6.936526742911e-16       4.741627846045e-12       7.369012412558e-13      -5.112042019943e-15 
  132       5.073392489949e-10       1.484889228526e-13      -5.611979471297e-12       7.048701288987e-16       4.642088307696e-12       7.259267961452e-13      -5.061459218453e-15 
  133       5.119932526883e-10       1.489787879982e-13      -5.665695195185e-12       7.162010750179e-16       4.545325155381e-12       7.152016365211e-13      -5.010654464325e-15 
  134       5.166442023181e-10       1.494035904690e-13      -5.717136572944e-12       7.276463489675e-16       4.451188706290e-12       7.047064270245e-13      -4.959306748732e-15 
  135       5.212905769254e-10       1.497629102529e-13      -5.766237350238e-12       7.392067954041e-16       4.359508824806e-12       6.944194396175e-13      -4.907072291763e-15 
  136       5.259307654991e-10       1.500563953657e-13      -5.812931895433e-12       7.508832672999e-16       4.270094451006e-12       6.843164988304e-13      -4.853584082275e-15 
  137       5.305632087009e-10       1.502837905424e-13      -5.857155925545e-12       7.626765961290e-16       4.182774134476e-12       6.743762739038e-13      -4.798533627992e-15 
  138       5.351868448783e-10       1.504450232632e-13      -5.898848693736e-12       7.745874989967e-16       4.097523367701e-12       6.645968891723e-13      -4.741926727317e-15 
  139       5.398007065786e-10       1.505401297133e-13      -5.937951096527e-12       7.866166618110e-16       4.014349596386e-12       6.549809366991e-13      -4.683853415324e-15 
  140       5.444037798367e-10       1.505692302556e-13      -5.974405043154e-12       7.987647680002e-16       3.933252187131e-12       6.455302629846e-13      -4.624408189377e-15 
  141       5.489950030623e-10       1.505325312073e-13      -6.008153495443e-12       8.110324983000e-16       3.854222216202e-12       6.362459481523e-13      -4.563690070787e-15 
  142       5.535732659263e-10       1.504303266165e-13      -6.039140507684e-12       8.234205305412e-16       3.777242258298e-12       6.271282851339e-13      -4.501802666462e-15 
  143       5.581374082475e-10       1.502630000390e-13      -6.067311266504e-12       8.359295394376e-16       3.702286175320e-12       6.181767588555e-13      -4.438854230563e-15 
  144       5.626862188798e-10       1.500310263147e-13      -6.092612130747e-12       8.485601963731e-16       3.629318905140e-12       6.093900254233e-13      -4.374957726164e-15 
  145       5.672184345985e-10       1.497349733446e-13      -6.114990671338e-12       8.613131691899e-16       3.558296250369e-12       6.007658913088e-13      -4.310230886900e-15 
  146       5.717327389872e-10       1.493755038671e-13      -6.134395711168e-12       8.741891219758e-16       3.489164667127e-12       5.923012925348e-13      -4.244796278628e-15 
  147       5.762277613248e-10       1.489533772346e-13      -6.150777364961e-12       8.871887148516e-16       3.421861053811e-12       5.839922738610e-13      -4.178781361080e-15 
  148       5.807020754719e-10       1.484694511907e-13      -6.164087079151e-12       9.003126037592e-16       3.356312539862e-12       5.758339679697e-13      -4.112318549515e-15 
  149       5.851541987579e-10       1.479246836460e-13      -6.174277671755e-12       9.135614402489e-16       3.292436274538e-12       5.678205746514e-13      -4.045545276381e-15 
  150       5.895825908673e-10       1.473201344554e-13      -6.181303372250e-12       9.269358712670e-16       3.230139215677e-12       5.599453399905e-13      -3.978604052964e-15 
  151       5.939856527270e-10       1.466569671945e-13      -6.185119861442e-12       9.404365389436e-16       3.169317918472e-12       5.522005355510e-13      -3.911642531046e-15 
  152       5.983617253928e-10       1.459364509363e-13      -6.185684311348e-12       9.540640803800e-16       3.109858324234e-12       5.445774375620e-13      -3.844813564557e-15 
  153       6.027092105110e-10       1.451599447429e-13      -6.182955615836e-12       9.678190769648e-16       3.051659337083e-12       5.370684353248e-13      -3.778252045429e-15 
  154       6.070269466444e-10       1.443288457806e-13      -6.176895022781e-12       9.817018974676e-16       2.994706464091e-12       5.296736207258e-13      -3.712002858978e-15 
  155       6.113138659609e-10       1.434446397479e-13      -6.167465636962e-12       9.957128398901e-16       2.939004648166e-12       5.223947742997e-13      -3.646086319280e-15 
  156       6.155688753127e-10       1.425089194013e-13      -6.154632275072e-12       1.009852180161e-15       2.884555005894e-12       5.152332811618e-13      -3.580520737055e-15 
  157       6.197908557419e-10       1.415233862439e-13      -6.138361506565e-12       1.024120171669e-15       2.831354737466e-12       5.081901210373e-13      -3.515322363026e-15 
  158       6.239786619864e-10       1.404898522138e-13      -6.118621694500e-12       1.038517044788e-15       2.779397036593e-12       5.012658582913e-13      -3.450505331293e-15 
  159       6.281311219858e-10       1.394102413734e-13      -6.095383036390e-12       1.053043006416e-15       2.728671000424e-12       4.944606319587e-13      -3.386081602698e-15 
  160       6.322470363877e-10       1.382865915970e-13      -6.068617605044e-12       1.067698239496e-15       2.679161539472e-12       4.877741457730e-13      -3.322060908191e-15 
  161       6.363251780529e-10       1.371210562605e-13      -6.038299389417e-12       1.082482902554e-15       2.630849287525e-12       4.812056581971e-13      -3.258450692201e-15 
  162       6.403642915624e-10       1.359159059289e-13      -6.004404335451e-12       1.097397129227e-15       2.583710511571e-12       4.747539724521e-13      -3.195256055999e-15 
  163       6.443630927221e-10       1.346735300458e-13      -5.966910386925e-12       1.112441027794e-15       2.537717021715e-12       4.684174265474e-13      -3.132479701067e-15 
  164       6.483202680699e-10       1.333964386217e-13      -5.925797526300e-12       1.127614680704e-15       2.492836081099e-12       4.621938833103e-13      -3.070121872468e-15 
  165       6.522344743809e-10       1.320872639224e-13      -5.881047815561e-12       1.142918144110e-15       2.449030315820e-12       4.560807204156e-13      -3.008180302209e-15 
  166       6.561043381734e-10       1.307487621580e-13      -5.832645437069e-12       1.158351447398e-15       2.406257624852e-12       4.500748204152e-13      -2.946650152611e-15 
  167       6.599284552152e-10       1.293838151710e-13      -5.780576734404e-12       1.173914592718e-15       2.364471089963e-12       4.441725607682e-13      -2.885523959674e-15 
  168       6.637053900292e-10       1.279954321254e-13      -5.724830253207e-12       1.189607554515e-15       2.323618885635e-12       4.383698038700e-13      -2.824791576449e-15 
  169       6.674336753995e-10       1.265867511953e-13      -5.665396782033e-12       1.205430279058e-15       2.283644188981e-12       4.326618870824e-13      -2.764440116400e-15 
  170       6.711118118773e-10       1.251610412529e-13      -5.602269393193e-12       1.221382683971e-15       2.244485089671e-12       4.270436127630e-13      -2.704453896774e-15 
  171       6.747383667029e-10       1.237216039069e-13      -5.535442727291e-12       1.237464632516e-15       2.206087112764e-12       4.215103342328e-13      -2.644819117619e-15 
  172       6.783122808614e-10       1.222714669141e-13      -5.464910694393e-12       1.253675855016e-15       2.168442147545e-12       4.160613361628e-13      -2.585538455197e-15 
  173       6.818325868022e-10       1.208136683203e-13      -5.390668658556e-12       1.270016019948e-15       2.131552607119e-12       4.106967182543e-13      -2.526617582532e-15 
  174       6.852983112397e-10       1.193513550833e-13      -5.312714214364e-12       1.286484758036e-15       2.095419069330e-12       4.054163192149e-13      -2.468060506253e-15 
  175       6.887084750648e-10       1.178877843541e-13      -5.231047224679e-12       1.303081661679e-15       2.060040238147e-12       4.002197112596e-13      -2.409869529284e-15 
  176       6.920620932562e-10       1.164263247596e-13      -5.145669858412e-12       1.319806284373e-15       2.025412905042e-12       3.951061946114e-13      -2.352045213535e-15 
  177       6.953581747925e-10       1.149704576842e-13      -5.056586628274e-12       1.336658140149e-15       1.991531910367e-12       3.900747920031e-13      -2.294586342587e-15 
  178       6.985957225632e-10       1.135237785523e-13      -4.963804428540e-12       1.353636702989e-15       1.958390104734e-12       3.851242431776e-13      -2.237489884383e-15 
  179       7.017737332808e-10       1.120899981097e-13      -4.867332572811e-12       1.370741406262e-15       1.925978310400e-12       3.802529993895e-13      -2.180750953917e-15 
  180       7.048911973916e-10       1.106729437062e-13      -4.767182831770e-12       1.387971642148e-15       1.894285282639e-12       3.754592179061e-13      -2.124362775919e-15 
  181       7.079470989881e-10       1.092765605775e-13      -4.663369470946e-12       1.405326761065e-15       1.863297671126e-12       3.707407565082e-13      -2.068316647548e-15 
  182       7.109404157199e-10       1.079049131270e-13      -4.555909288469e-12       1.422806071099e-15       1.832999981317e-12       3.660951679913e-13      -2.012601901080e-15 
  183       7.138701187057e-10       1.065621862080e-13      -4.444821652837e-12       1.440408837428e-15       1.803374535825e-12       3.615196946669e-13      -1.957205866593e-15 
  184       7.167351724443e-10       1.052526864058e-13      -4.330128540671e-12       1.458134281755e-15       1.774401435804e-12       3.570112628631e-13      -1.902113834660e-15 
  185       7.195345347270e-10       1.039808433196e-13      -4.211854574476e-12       1.475981581729e-15       1.746058522326e-12       3.525664774261e-13      -1.847309019034e-15 
  186       7.222671565482e-10       1.027512108449e-13      -4.090027060403e-12       1.493949870378e-15       1.718321337760e-12       3.481816162210e-13      -1.792772519339e-15 
  187       7.249319820176e-10       1.015684684547e-13      -3.964676026007e-12       1.512038235534e-15       1.691163087154e-12       3.438526246331e-13      -1.738483283759e-15 
  188       7.275279482715e-10       1.004374224826e-13      -3.835834258009e-12       1.530245719259e-15       1.664554599612e-12       3.395751100685e-13      -1.684418071725e-15 
  189       7.300539853844e-10       9.936300740396e-14      -3.703537340055e-12       1.548571317276e-15       1.638464289677e-12       3.353443364558e-13      -1.630551416603e-15 
  190       7.325090162806e-10       9.835028711854e-14      -3.567823690476e-12       1.567013978396e-15       1.612858118707e-12       3.311552187466e-13      -1.576855588385e-15 
  191       7.348920284840e-10       9.740424542094e-14      -3.428732357972e-12       1.585572606189e-15       1.587706321814e-12       3.270035350013e-13      -1.523309313804e-15 
  192       7.372022955622e-10       9.652913718960e-14      -3.286296145332e-12       1.604246065346e-15       1.563004232662e-12       3.228896756389e-13      -1.469924744904e-15 
  193       7.394391721604e-10       9.572909088779e-14      -3.140548041433e-12       1.623033174695e-15       1.538752949949e-12       3.188151654728e-13      -1.416722446164e-15 
  194       7.416020238027e-10       9.500831558656e-14      -2.991523447153e-12       1.641932704435e-15       1.514952695946e-12       3.147814699114e-13      -1.363722810377e-15 
  195       7.436902270381e-10       9.437110155697e-14      -2.839260205798e-12       1.660943375572e-15       1.491602800015e-12       3.107899934437e-13      -1.310946050001e-15 
  196       7.457031695878e-10       9.382182086233e-14      -2.683798633517e-12       1.680063859356e-15       1.468701682131e-12       3.068420781245e-13      -1.258412188501e-15 
  197       7.476402504915e-10       9.336492795036e-14      -2.525181549734e-12       1.699292776713e-15       1.446246836395e-12       3.029390020597e-13      -1.206141051694e-15 
  198       7.495008802538e-10       9.300496024543e-14      -2.363454307566e-12       1.718628697680e-15       1.424234814555e-12       2.990819778917e-13      -1.154152259098e-15 
  199       7.512844809912e-10       9.274653874076e-14      -2.198664824252e-12       1.738070140842e-15       1.402661209524e-12       2.952721512846e-13      -1.102465215270e-15 
  200       7.529904865788e-10       9.259436859064e-14      -2.030863611568e-12       1.757615572763e-15       1.381520638898e-12       2.915105994094e-13      -1.051099101160e-15 
  201       7.546183427965e-10       9.255323970260e-14      -1.860103806261e-12       1.777263407427e-15       1.360806728473e-12       2.877983294296e-13      -1.000072865449e-15 
  202       7.561675074758e-10       9.262802732968e-14      -1.686441200463e-12       1.797012005667e-15       1.340512095766e-12       2.841362769863e-13      -9.494052158962e-16 
  203       7.576374506465e-10       9.282369266260e-14      -1.509934272120e-12       1.816859674604e-15       1.320628333532e-12       2.805253046836e-13      -8.991146106856e-16 
  204       7.590276546835e-10       9.314528342195e-14      -1.330644215416e-12       1.836804667078e-15       1.301145993279e-12       2.769662005737e-13      -8.492192497699e-16 
  205       7.603376144528e-10       9.359793445046e-14      -1.148634971190e-12       1.856845181088e-15       1.282054568792e-12       2.734596766426e-13      -7.997370662158e-16 
  206       7.615668374590e-10       9.418686830515e-14      -9.639732573691e-13       1.876979359221e-15       1.263342479646e-12       2.700063672951e-13      -7.506857175488e-16 
  207       7.627148439910e-10       9.491739584957e-14      -7.767285993839e-13       1.897205288091e-15       1.244997054728e-12       2.666068278400e-13      -7.020825770990e-16 
  208       7.637811672695e-10       9.579491684601e-14      -5.869733605960e-13       1.917520997775e-15       1.227004515753e-12       2.632615329759e-13      -6.539447253457e-16 
  209       7.647653535928e-10       9.682492054768e-14      -3.947827727207e-13       1.937924461243e-15       1.209349960781e-12       2.599708752759e-13      -6.062889412628e-16 
  210       7.656669624842e-10       9.801298629095e-14      -2.002349662500e-13       1.958413593796e-15       1.192017347741e-12       2.567351636734e-13      -5.591316936636e-16 
  211       7.664855668380e-10       9.936478408756e-14      -3.411000876949e-15       1.978986252501e-15       1.174989477941e-12       2.535546219472e-13      -5.124891325463e-16 
  212       7.672207530665e-10       1.008860752168e-13       1.956051040817e-13       1.999640235627e-15       1.158247979594e-12       2.504293872067e-13      -4.663770804390e-16 
  213       7.678721609726e-10       1.025823810046e-13       3.967306797176e-13       2.020373352537e-15       1.141776892962e-12       2.473594452962e-13      -4.208083889604e-16 
  214       7.684396060603e-10       1.044579630515e-13       5.998977245201e-13       2.041183639810e-15       1.125573729328e-12       2.443444352981e-13      -3.757848278938e-16 
  215       7.689229657707e-10       1.065167752524e-13       8.050404283022e-13       2.062069158629e-15       1.109639127327e-12       2.413838288947e-13      -3.313046314076e-16 
  216       7.693221407483e-10       1.087627891409e-13       1.012090893687e-12       2.083027925256e-15       1.093973311480e-12       2.384769905922e-13      -2.873650681154e-16 
  217       7.696370550920e-10       1.111999936079e-13       1.220979117113e-12       2.104057910653e-15       1.078576085191e-12       2.356231760400e-13      -2.439624254845e-16 
  218       7.698676566062e-10       1.138323946202e-13       1.431632969832e-12       2.125157040100e-15       1.063446823750e-12       2.328215303501e-13      -2.010919942450e-16 
  219       7.700139170523e-10       1.166640149396e-13       1.643978178919e-12       2.146323192817e-15       1.048584467330e-12       2.300710864159e-13      -1.587480527986e-16 
  220       7.700758323996e-10       1.196988938410e-13       1.857938308272e-12       2.167554201585e-15       1.033987513988e-12       2.273707632321e-13      -1.169238516270e-16 
  221       7.700534230768e-10       1.229410868313e-13       2.073434739615e-12       2.188847852365e-15       1.019654012664e-12       2.247193642131e-13      -7.561159770084e-17 
  222       7.699467342227e-10       1.263946653682e-13       2.290386653502e-12       2.210201883919e-15       1.005581556185e-12       2.221155755131e-13      -3.480243888838e-17 
  223       7.697558359382e-10       1.300637165787e-13       2.508711010321e-12       2.231613987431e-15       9.917672742586e-13       2.195579643447e-13       5.513551635672e-18 
  224       7.694808235367e-10       1.339523429779e-13       2.728322531294e-12       2.253081806126e-15       9.782078264778e-13       2.170449772985e-13       4.534739098148e-17 
  225       7.691218177958e-10       1.380646621875e-13       2.949133679487e-12       2.274602934892e-15       9.648993953190e-13       2.145749386620e-13       8.471120213533e-17 
  226       7.686789652085e-10       1.424048066547e-13       3.171054640806e-12       2.296174919897e-15       9.518376791421e-13       2.121460487394e-13       1.236182295509e-16 
  227       7.681524382341e-10       1.469769233707e-13       3.393993305003e-12       2.317795258216e-15       9.390178851908e-13       2.097563821702e-13       1.620828547405e-16 
  228       7.675424355496e-10       1.517851735894e-13       3.617855246681e-12       2.339461397445e-15       9.264347225920e-13       2.074038862488e-13       2.001206118663e-16 
  229       7.668491823011e-10       1.568337325461e-13       3.842543706296e-12       2.361170735324e-15       9.140823953562e-13       2.050863792437e-13       2.377482033317e-16 
  230       7.660729303546e-10       1.621267891762e-13       4.067959571158e-12       2.382920619357e-15       9.019545953773e-13       2.028015487167e-13       2.749835153724e-16 
  231       7.652139585475e-10       1.676685458338e-13       4.294001356439e-12       2.404708346433e-15       8.900444954323e-13       2.005469498420e-13       3.118456336479e-16 
  232       7.642725729397e-10       1.734632180105e-13       4.520565186172e-12       2.426531162447e-15       8.783447421815e-13       1.983200037257e-13       3.483548588326e-16 
  233       7.632491070648e-10       1.795150340538e-13       4.747544774255e-12       2.448386261918e-15       8.668474491684e-13       1.961179957250e-13       3.845327222069e-16 
  234       7.621439221814e-10       1.858282348861e-13       4.974831405458e-12       2.470270787611e-15       8.555441898194e-13       1.939380737672e-13       4.204020012490e-16 
  235       7.609574075242e-10       1.924070737232e-13       5.202313916421e-12       2.492181830157e-15       8.444259904441e-13       1.917772466692e-13       4.559867352254e-16 
  236       7.596899805554e-10       1.992558157930e-13       5.429878676660e-12       2.514116427675e-15       8.334833232349e-13       1.896323824564e-13       4.913122407830e-16 
  237       7.583420872154e-10       2.063787380542e-13       5.657409569571e-12       2.536071565389e-15       8.227060992671e-13       1.875002066825e-13       5.264051275394e-16 
  238       7.569141956674e-10       2.137797378486e-13       5.884794635480e-12       2.558044327204e-15       8.120856095550e-13       1.853779687826e-13       5.612867129132e-16 
  239       7.554067765876e-10       2.214611331314e-13       6.111946486668e-12       2.580032361388e-15       8.016204931829e-13       1.832654894064e-13       5.959527916796e-16 
  240       7.538203221681e-10       2.294247890095e-13       6.338783092317e-12       2.602033442368e-15       7.913111171680e-13       1.811632338602e-13       6.303926710217e-16 
  241       7.521553527525e-10       2.376725011693e-13       6.565221222784e-12       2.624045321251e-15       7.811576580491e-13       1.790716549575e-13       6.645956627175e-16 
  242       7.504124170736e-10       2.462059947712e-13       6.791176444660e-12       2.646065725770e-15       7.711600989960e-13       1.769911927484e-13       6.985510848058e-16 
  243       7.485920924911e-10       2.550269233427e-13       7.016563115823e-12       2.668092360221e-15       7.613182269191e-13       1.749222742474e-13       7.322482632527e-16 
  244       7.466949852287e-10       2.641368676723e-13       7.241294380503e-12       2.690122905407e-15       7.516316295792e-13       1.728653131623e-13       7.656765336175e-16 
  245       7.447217306118e-10       2.735373347032e-13       7.465282164333e-12       2.712155018578e-15       7.420996926968e-13       1.708207096228e-13       7.988252427185e-16 
  246       7.426729933049e-10       2.832297564268e-13       7.688437169410e-12       2.734186333371e-15       7.327215970620e-13       1.687888499087e-13       8.316837502994e-16 
  247       7.405494675492e-10       2.932154887764e-13       7.910668869354e-12       2.756214459753e-15       7.234963156440e-13       1.667701061788e-13       8.642414306957e-16 
  248       7.383518773999e-10       3.034958105212e-13       8.131885504363e-12       2.778236983960e-15       7.144226107005e-13       1.647648361993e-13       8.964876744999e-16 
  249       7.360809769638e-10       3.140719221594e-13       8.351994076270e-12       2.800251468437e-15       7.054990308878e-13       1.627733830721e-13       9.284118902284e-16 
  250       7.337375506368e-10       3.249449448124e-13       8.570900343604e-12       2.822255451784e-15       6.967239083699e-13       1.607960749641e-13       9.600035059873e-16 
  251       7.313224133413e-10       3.361159191179e-13       8.788508816647e-12       2.844246448691e-15       6.880953559285e-13       1.588332248347e-13       9.912519711384e-16 
  252       7.288364107637e-10       3.475858041244e-13       9.004722752489e-12       2.866221949883e-15       6.796112640722e-13       1.568851301652e-13       1.022146757966e-15 
  253       7.262804195919e-10       3.593554761838e-13       9.219444150089e-12       2.888179422058e-15       6.712692981465e-13       1.549520726869e-13       1.052677363340e-15 
  254       7.236553477528e-10       3.714257278460e-13       9.432573745331e-12       2.910116307831e-15       6.630668954432e-13       1.530343181098e-13       1.082833310389e-15 
  255       7.209621346495e-10       3.837972667521e-13       9.644011006081e-12       2.932030025673e-15       6.550012623102e-13       1.511321158512e-13       1.112604150156e-15 
  256       7.182017513995e-10       3.964707145281e-13       9.853654127248e-12       2.953917969853e-15       6.470693712608e-13       1.492456987639e-13       1.141979463275e-15 
  257       7.153752010713e-10       4.094466056788e-13       1.006140002584e-11       2.975777510376e-15       6.392679580835e-13       1.473752828653e-13       1.170948861630e-15 
  258       7.124835189225e-10       4.227253864810e-13       1.026714433601e-11       2.997605992928e-15       6.315935189515e-13       1.455210670654e-13       1.199501990024e-15 
  259       7.095277726369e-10       4.363074138777e-13       1.047078140415e-11       3.019400738817e-15       6.240423075328e-13       1.436832328957e-13       1.227628527845e-15 
  260       7.065090625623e-10       4.501929543715e-13       1.067220428389e-11       3.041159044910e-15       6.166103320988e-13       1.418619442376e-13       1.255318190729e-15 
  261       7.034285219477e-10       4.643821829182e-13       1.087130473122e-11       3.062878183577e-15       6.092933526350e-13       1.400573470511e-13       1.282560732233e-15 
  262       7.002873171810e-10       4.788751818207e-13       1.106797319951e-11       3.084555402630e-15       6.020868779499e-13       1.382695691030e-13       1.309345945493e-15 
  263       6.970866480264e-10       4.936719396223e-13       1.126209883455e-11       3.106187925267e-15       5.949861627849e-13       1.364987196957e-13       1.335663664896e-15 
  264       6.938277478617e-10       5.087723500009e-13       1.145356946967e-11       3.127772950011e-15       5.879862049238e-13       1.347448893959e-13       1.361503767744e-15 
  265       6.905118839161e-10       5.241762106620e-13       1.164227162074e-11       3.149307650648e-15       5.810817423025e-13       1.330081497628e-13       1.386856175918e-15 
  266       6.871402981914e-10       5.398829697074e-13       1.182809837911e-11       3.170789380906e-15       5.742682506935e-13       1.312885758950e-13       1.411712872652e-15 
  267       6.837140261843e-10       5.558909517615e-13       1.201097357538e-11       3.192216300889e-15       5.675450027259e-13       1.295863159871e-13       1.436074070724e-15 
  268       6.802340687822e-10       5.721980876692e-13       1.219082891815e-11       3.213586784542e-15       5.609121693541e-13       1.279015250216e-13       1.459942382449e-15 
  269       6.767014508297e-10       5.888021617116e-13       1.236759622270e-11       3.234899218268e-15       5.543698330448e-13       1.262343420598e-13       1.483320839786e-15 
  270       6.731172212661e-10       6.057008100741e-13       1.254120741935e-11       3.256152001215e-15       5.479179865770e-13       1.245848900083e-13       1.506212899404e-15 
  271       6.694824532622e-10       6.228915193124e-13       1.271159456186e-11       3.277343545562e-15       5.415565318423e-13       1.229532753864e-13       1.528622447752e-15 
  272       6.657982443579e-10       6.403716248201e-13       1.287868983588e-11       3.298472276807e-15       5.352852786452e-13       1.213395880929e-13       1.550553806133e-15 
  273       6.620657165994e-10       6.581383092956e-13       1.304242556731e-11       3.319536634052e-15       5.291039435030e-13       1.197439011737e-13       1.572011735772e-15 
  274       6.582860166764e-10       6.761886012087e-13       1.320273423072e-11       3.340535070295e-15       5.230121484464e-13       1.181662705882e-13       1.593001442891e-15 
  275       6.544603160592e-10       6.945193732684e-13       1.335954845772e-11       3.361466052708e-15       5.170094198195e-13       1.166067349771e-13       1.613528583775e-15 
  276       6.505898111364e-10       7.131273408888e-13       1.351280104542e-11       3.382328062933e-15       5.110951870798e-13       1.150653154291e-13       1.633599269844e-15 
  277       6.466757233516e-10       7.320090606573e-13       1.366242496479e-11       3.403119597363e-15       5.052687815988e-13       1.135420152480e-13       1.653220072726e-15 
  278       6.427192993411e-10       7.511609288006e-13       1.380835336907e-11       3.423839167432e-15       4.995294354617e-13       1.120368197199e-13       1.672398029328e-15 
  279       6.387218110711e-10       7.705791796521e-13       1.395051960216e-11       3.444485299900e-15       4.938762802683e-13       1.105496958803e-13       1.691140646903e-15 
  280       6.346845559746e-10       7.902598841191e-13       1.408885720707e-11       3.465056537140e-15       4.883083459324e-13       1.090805922811e-13       1.709455908124e-15 
  281       6.306088570891e-10       8.101989481494e-13       1.422329993426e-11       3.485551437427e-15       4.828245594825e-13       1.076294387580e-13       1.727352276155e-15 
  282       6.264960631937e-10       8.303921111985e-13       1.435378175007e-11       3.505968575221e-15       4.774237438621e-13       1.061961461972e-13       1.744838699721e-15 
  283       6.223475489462e-10       8.508349446967e-13       1.448023684515e-11       3.526306541459e-15       4.721046167293e-13       1.047806063025e-13       1.761924618176e-15 
  284       6.181647150205e-10       8.715228505157e-13       1.460259964281e-11       3.546563943836e-15       4.668657892576e-13       1.033826913630e-13       1.778619966581e-15 
  285       6.139489882439e-10       8.924510594362e-13       1.472080480746e-11       3.566739407098e-15       4.617057649358e-13       1.020022540193e-13       1.794935180768e-15 
  286       6.097018217344e-10       9.136146296141e-13       1.483478725299e-11       3.586831573323e-15       4.566229383684e-13       1.006391270314e-13       1.810881202413e-15 
  287       6.054246950377e-10       9.350084450484e-13       1.494448215118e-11       3.606839102213e-15       4.516155940755e-13       9.929312304525e-14       1.826469484109e-15 
  288       6.011191142647e-10       9.566272140474e-13       1.504982494011e-11       3.626760671377e-15       4.466819052933e-13       9.796403436022e-14       1.841711994432e-15 
  289       5.967866122286e-10       9.784654676963e-13       1.515075133256e-11       3.646594976620e-15       4.418199327740e-13       9.665163269595e-14       1.856621223020e-15 
  290       5.924287485825e-10       1.000517558324e-12       1.524719732440e-11       3.666340732229e-15       4.370276235862e-13       9.535566895953e-14       1.871210185633e-15 
  291       5.880471099560e-10       1.022777657969e-12       1.533909920300e-11       3.685996671262e-15       4.323028099152e-13       9.407587301265e-14       1.885492429234e-15 
  292       5.836433100932e-10       1.045239756849e-12       1.542639355563e-11       3.705561545830e-15       4.276432078630e-13       9.281195343860e-14       1.899482037052e-15 
  293       5.792189899894e-10       1.067897661826e-12       1.550901727787e-11       3.725034127389e-15       4.230464162484e-13       9.156359730947e-14       1.913193633660e-15 
  294       5.747758180287e-10       1.090744994872e-12       1.558690758201e-11       3.744413207025e-15       4.185099154075e-13       9.033046995315e-14       1.926642390038e-15 
  295       5.703154901210e-10       1.113775191539e-12       1.566000200543e-11       3.763697595740e-15       4.140310659938e-13       8.911221472052e-14       1.939844028652e-15 
  296       5.658397298395e-10       1.136981499425e-12       1.572823841904e-11       3.782886124739e-15       4.096071077782e-13       8.790845275247e-14       1.952814828518e-15 
  297       5.613501837925e-10       1.160357164384e-12       1.579156145501e-11       3.801977804542e-15       4.052356786325e-13       8.671885563563e-14       1.965568259082e-15 
  298       5.568481018207e-10       1.183896002341e-12       1.584994211916e-11       3.820972310295e-15       4.009164019022e-13       8.554336776176e-14       1.978104690096e-15 
  299       5.523346414901e-10       1.207591852339e-12       1.590335915033e-11       3.839869520659e-15       3.966493740155e-13       8.438199434532e-14       1.990421190389e-15 
  300       5.478109714478e-10       1.231438390036e-12       1.595179270410e-11       3.858669361614e-15       3.924346507763e-13       8.323472937752e-14       2.002514854390e-15 
  301       5.432782714181e-10       1.255429126421e-12       1.599522436999e-11       3.877371806966e-15       3.882722468699e-13       8.210155549228e-14       2.014382802622e-15 
  302       5.387377321971e-10       1.279557406541e-12       1.603363718846e-11       3.895976878844e-15       3.841621353681e-13       8.098244383210e-14       2.026022182210e-15 
  303       5.341905556483e-10       1.303816408219e-12       1.606701566809e-11       3.914484648205e-15       3.801042472350e-13       7.987735391403e-14       2.037430167372e-15 
  304       5.296379546974e-10       1.328199140778e-12       1.609534580267e-11       3.932895235337e-15       3.760984708322e-13       7.878623349557e-14       2.048603959928e-15 
  305       5.250811533279e-10       1.352698443757e-12       1.611861508827e-11       3.951208810360e-15       3.721446514248e-13       7.770901844060e-14       2.059540789794e-15 
  306       5.205213865762e-10       1.377306985642e-12       1.613681254038e-11       3.969425593726e-15       3.682425906862e-13       7.664563258532e-14       2.070237915484e-15 
  307       5.159599005267e-10       1.402017262580e-12       1.614992871103e-11       3.987545856727e-15       3.643920462039e-13       7.559598760413e-14       2.080692624609e-15 
  308       5.113979523071e-10       1.426821597102e-12       1.615795570585e-11       4.005569921992e-15       3.605927309852e-13       7.455998287560e-14       2.090902234380e-15 
  309       5.068368100837e-10       1.451712136846e-12       1.616088720121e-11       4.023498163989e-15       3.568443129625e-13       7.353750534836e-14       2.100864092105e-15 
  310       5.022777530564e-10       1.476680853278e-12       1.615871846131e-11       4.041331009533e-15       3.531464144985e-13       7.252842940705e-14       2.110575575690e-15 
  311       4.977220714541e-10       1.501719540414e-12       1.615144635530e-11       4.059068938281e-15       3.494986118921e-13       7.153261673821e-14       2.120034094139e-15 
  312       4.931710665298e-10       1.526819813541e-12       1.613906937436e-11       4.076712483240e-15       3.459004348838e-13       7.054991619625e-14       2.129237088054e-15 
  313       4.886260505558e-10       1.551973107937e-12       1.612158764883e-11       4.094262231266e-15       3.423513661610e-13       6.958016366933e-14       2.138182030137e-15 
  314       4.840883468192e-10       1.577170677595e-12       1.609900296533e-11       4.111718823566e-15       3.388508408637e-13       6.862318194531e-14       2.146866425685e-15 
  315       4.795592896166e-10       1.602403593945e-12       1.607131878381e-11       4.129082956203e-15       3.353982460897e-13       6.767878057765e-14       2.155287813097e-15 
  316       4.750402242498e-10       1.627662744571e-12       1.603854025472e-11       4.146355380594e-15       3.319929204004e-13       6.674675575136e-14       2.163443764367e-15 
  317       4.705325070207e-10       1.652938831940e-12       1.600067423605e-11       4.163536904019e-15       3.286341533261e-13       6.582689014891e-14       2.171331885590e-15 
  318       4.660375052266e-10       1.678222372116e-12       1.595772931051e-11       4.180628390113e-15       3.253211848716e-13       6.491895281614e-14       2.178949817457e-15 
  319       4.615565971557e-10       1.703503693485e-12       1.590971580258e-11       4.197630759380e-15       3.220532050214e-13       6.402269902822e-14       2.186295235760e-15 
  320       4.570911720816e-10       1.728772935478e-12       1.585664579562e-11       4.214544989685e-15       3.188293532458e-13       6.313787015554e-14       2.193365851888e-15 
  321       4.526426302594e-10       1.754020047290e-12       1.579853314901e-11       4.231372116762e-15       3.156487180054e-13       6.226419352965e-14       2.200159413329e-15 
  322       4.482123829202e-10       1.779234786602e-12       1.573539351523e-11       4.248113234716e-15       3.125103362577e-13       6.140138230915e-14       2.206673704169e-15 
  323       4.438018522666e-10       1.804406718304e-12       1.566724435696e-11       4.264769496521e-15       3.094131929617e-13       6.054913534569e-14       2.212906545594e-15 
  324       4.394124714680e-10       1.829525213216e-12       1.559410496419e-11       4.281342114529e-15       3.063562205839e-13       5.970713704980e-14       2.218855796387e-15 
  325       4.350456846557e-10       1.854579446806e-12       1.551599647136e-11       4.297832360966e-15       3.033382986034e-13       5.887505725689e-14       2.224519353430e-15 
  326       4.307029469182e-10       1.879558397919e-12       1.543294187442e-11       4.314241568436e-15       3.003582530179e-13       5.805255109312e-14       2.229895152207e-15 
  327       4.263857242960e-10       1.904450847490e-12       1.534496604795e-11       4.330571130426e-15       2.974148558487e-13       5.723925884135e-14       2.234981167295e-15 
  328       4.220954937776e-10       1.929245377273e-12       1.525209576226e-11       4.346822501805e-15       2.945068246462e-13       5.643480580707e-14       2.239775412876e-15 
  329       4.178337432941e-10       1.953930368558e-12       1.515435970054e-11       4.362997199327e-15       2.916328219958e-13       5.563880218431e-14       2.244275943226e-15 
  330       4.136019717143e-10       1.978494000894e-12       1.505178847589e-11       4.379096802133e-15       2.887914550231e-13       5.485084292154e-14       2.248480853222e-15 
  331       4.094016888406e-10       2.002924250810e-12       1.494441464849e-11       4.395122952255e-15       2.859812748991e-13       5.407050758765e-14       2.252388278842e-15 
  332       4.052342982434e-10       2.027209778782e-12       1.483227292529e-11       4.411077297987e-15       2.832010473377e-13       5.329744296795e-14       2.255996930349e-15 
  333       4.011007401291e-10       2.051342635503e-12       1.471540073376e-11       4.426961320249e-15       2.804505781336e-13       5.253161510752e-14       2.259307716537e-15 
  334       3.970018328783e-10       2.075315671205e-12       1.459383770664e-11       4.442776499627e-15       2.777299226820e-13       5.177306800435e-14       2.262322192346e-15 
  335       3.929383886687e-10       2.099121657761e-12       1.446762551884e-11       4.458524373261e-15       2.750391180370e-13       5.102184182722e-14       2.265042033641e-15 
  336       3.889112133434e-10       2.122753288367e-12       1.433680790472e-11       4.474206535281e-15       2.723781827111e-13       5.027797287142e-14       2.267469038288e-15 
  337       3.849211062784e-10       2.146203177226e-12       1.420143067542e-11       4.489824637253e-15       2.697471164749e-13       4.954149351444e-14       2.269605127233e-15 
  338       3.809688602514e-10       2.169463859237e-12       1.406154173614e-11       4.505380388612e-15       2.671459001569e-13       4.881243217174e-14       2.271452345583e-15 
  339       3.770552613091e-10       2.192527789678e-12       1.391719110345e-11       4.520875557109e-15       2.645744954430e-13       4.809081325242e-14       2.273012863680e-15 
  340       3.731810886359e-10       2.215387343893e-12       1.376843092263e-11       4.536311969246e-15       2.620328446757e-13       4.737665711497e-14       2.274288978181e-15 
  341       3.693471144214e-10       2.238034816977e-12       1.361531548489e-11       4.551691510719e-15       2.595208706547e-13       4.666998002300e-14       2.275283113139e-15 
  342       3.655541037288e-10       2.260462423463e-12       1.345790124478e-11       4.567016126860e-15       2.570384764355e-13       4.597079410092e-14       2.275997821076e-15 
  343       3.618028143629e-10       2.282662297008e-12       1.329624683740e-11       4.582287823070e-15       2.545855451298e-13       4.527910728971e-14       2.276435784064e-15 
  344       3.580939967378e-10       2.304626490073e-12       1.313041309576e-11       4.597508665269e-15       2.521619397044e-13       4.459492330260e-14       2.276599814806e-15 
  345       3.544283937455e-10       2.326346973618e-12       1.296046306807e-11       4.612680780328e-15       2.497675027816e-13       4.391824158081e-14       2.276492857708e-15 
  346       3.508067406236e-10       2.347815636780e-12       1.278646203504e-11       4.627806356512e-15       2.474020564381e-13       4.324905724927e-14       2.276117989962e-15 
  347       3.472297648232e-10       2.369024286562e-12       1.260847752718e-11       4.642887643924e-15       2.450654020054e-13       4.258736107233e-14       2.275478422624e-15 
  348       3.436981858774e-10       2.389964647518e-12       1.242657934213e-11       4.657926954940e-15       2.427573198685e-13       4.193313940951e-14       2.274577501690e-15 
  349       3.402127152690e-10       2.410628361440e-12       1.224083956191e-11       4.672926664648e-15       2.404775692663e-13       4.128637417117e-14       2.273418709174e-15 
  350       3.367740562987e-10       2.431006987040e-12       1.205133257029e-11       4.687889211297e-15       2.382258880908e-13       4.064704277428e-14       2.272005664191e-15 
  351       3.333829039529e-10       2.451091999640e-12       1.185813507005e-11       4.702817096727e-15       2.360019926870e-13       4.001511809811e-14       2.270342124029e-15 
  352       3.300399447722e-10       2.470874790855e-12       1.166132610028e-11       4.717712886816e-15       2.338055776522e-13       3.939056843998e-14       2.268431985231e-15 
  353       3.267458567188e-10       2.490346668281e-12       1.146098705374e-11       4.732579211917e-15       2.316363156359e-13       3.877335747093e-14       2.266279284672e-15 
  354       3.235013090454e-10       2.509498855176e-12       1.125720169407e-11       4.747418767298e-15       2.294938571394e-13       3.816344419149e-14       2.263888200638e-15 
  355       3.203069621623e-10       2.528322490151e-12       1.105005617320e-11       4.762234313586e-15       2.273778303150e-13       3.756078288739e-14       2.261263053904e-15 
  356       3.171634675061e-10       2.546808626854e-12       1.083963904857e-11       4.777028677202e-15       2.252878407664e-13       3.696532308526e-14       2.258408308811e-15 
  357       3.140714674078e-10       2.564948233653e-12       1.062604130047e-11       4.791804750805e-15       2.232234713477e-13       3.637700950837e-14       2.255328574347e-15 
  358       3.110315949601e-10       2.582732193326e-12       1.040935634934e-11       4.806565493730e-15       2.211842819631e-13       3.579578203234e-14       2.252028605221e-15 
  359       3.080444738863e-10       2.600151302742e-12       1.018968007309e-11       4.821313932431e-15       2.191698093669e-13       3.522157564087e-14       2.248513302945e-15 
  360       3.051107184079e-10       2.617196272551e-12       9.967110824369e-12       4.836053160916e-15       2.171795669625e-13       3.465432038145e-14       2.244787716913e-15 
  361       3.022309331127e-10       2.633857726868e-12       9.741749447891e-12       4.850786341194e-15       2.152130446028e-13       3.409394132108e-14       2.240857045473e-15 
  362       2.994057128228e-10       2.650126202956e-12       9.513699297739e-12       4.865516703710e-15       2.132697083891e-13       3.354035850203e-14       2.236726637013e-15 
  363       2.966356424628e-10       2.665992150917e-12       9.283066254664e-12       4.880247547786e-15       2.113490004712e-13       3.299348689748e-14       2.232401991035e-15 
  364       2.939212969279e-10       2.681445933374e-12       9.049958743390e-12       4.894982242065e-15       2.094503388466e-13       3.245323636733e-14       2.227888759232e-15 
  365       2.912632409516e-10       2.696477825156e-12       8.814487749920e-12       4.909724224946e-15       2.075731171607e-13       3.191951161384e-14       2.223192746571e-15 
  366       2.886620289739e-10       2.711078012987e-12       8.576766838837e-12       4.924477005027e-15       2.057167045060e-13       3.139221213742e-14       2.218319912366e-15 
  367       2.861182050097e-10       2.725236595169e-12       8.336912170609e-12       4.939244161546e-15       2.038804452216e-13       3.087123219231e-14       2.213276371359e-15 
  368       2.836323025163e-10       2.738943581267e-12       8.095042518894e-12       4.954029344817e-15       2.020636586932e-13       3.035646074230e-14       2.208068394800e-15 
  369       2.812048442617e-10       2.752188891799e-12       7.851279287843e-12       4.968836276678e-15       2.002656391528e-13       2.984778141647e-14       2.202702411521e-15 
  370       2.788363421927e-10       2.764962357916e-12       7.605746529405e-12       4.983668750921e-15       1.984856554777e-13       2.934507246491e-14       2.197185009017e-15 
  371       2.765272402300e-10       2.777254994918e-12       7.358561948368e-12       4.998530286141e-15       1.967230839602e-13       2.884823052389e-14       2.191521827279e-15 
  372       2.742777404569e-10       2.789062878345e-12       7.109809494218e-12       5.013423068372e-15       1.949778127505e-13       2.835724302689e-14       2.185714190389e-15 
  373       2.720879698755e-10       2.800383418825e-12       6.859565731522e-12       5.028348967969e-15       1.932498528348e-13       2.787211853810e-14       2.179762345332e-15 
  374       2.699580366854e-10       2.811214102725e-12       6.607908764886e-12       5.043309883608e-15       1.915392064089e-13       2.739286317505e-14       2.173666557464e-15 
  375       2.678880301019e-10       2.821552492942e-12       6.354918248417e-12       5.058307742430e-15       1.898458667936e-13       2.691948058505e-14       2.167427110630e-15 
  376       2.658780201745e-10       2.831396229693e-12       6.100675395194e-12       5.073344500176e-15       1.881698183498e-13       2.645197192157e-14       2.161044307278e-15 
  377       2.639280576054e-10       2.840743031315e-12       5.845262986736e-12       5.088422141324e-15       1.865110363937e-13       2.599033582070e-14       2.154518468573e-15 
  378       2.620381735676e-10       2.849590695052e-12       5.588765382471e-12       5.103542679230e-15       1.848694871122e-13       2.553456837755e-14       2.147849934516e-15 
  379       2.602083795240e-10       2.857937097852e-12       5.331268529199e-12       5.118708156262e-15       1.832451274781e-13       2.508466312269e-14       2.141039064056e-15 
  380       2.584386670449e-10       2.865780197159e-12       5.072859970566e-12       5.133920643943e-15       1.816379051650e-13       2.464061099856e-14       2.134086235210e-15 
  381       2.567290076272e-10       2.873118031705e-12       4.813628856528e-12       5.149182243084e-15       1.800477584631e-13       2.420240033590e-14       2.126991845172e-15 
  382       2.550793525123e-10       2.879948722307e-12       4.553665952820e-12       5.164495083925e-15       1.784746161941e-13       2.377001683016e-14       2.119756310435e-15 
  383       2.534896325051e-10       2.886270472655e-12       4.293063650425e-12       5.179861326272e-15       1.769183976265e-13       2.334344351796e-14       2.112380066903e-15 
  384       2.519597577917e-10       2.892081570111e-12       4.031915975038e-12       5.195283159635e-15       1.753790123908e-13       2.292266075345e-14       2.104863570007e-15 
  385       2.504896177583e-10       2.897380386497e-12       3.770318596540e-12       5.210762803368e-15       1.738563603948e-13       2.250764618479e-14       2.097207294820e-15 
  386       2.490790808096e-10       2.902165378891e-12       3.508368838461e-12       5.226302506801e-15       1.723503317388e-13       2.209837473055e-14       2.089411736174e-15 
  387       2.477279941869e-10       2.906435090420e-12       3.246165687450e-12       5.241904549386e-15       1.708608066309e-13       2.169481855612e-14       2.081477408775e-15 
  388       2.464361837870e-10       2.910188151053e-12       2.983809802742e-12       5.257571240829e-15       1.693876553021e-13       2.129694705016e-14       2.073404847317e-15 
  389       2.452034539802e-10       2.913423278395e-12       2.721403525625e-12       5.273304921230e-15       1.679307379218e-13       2.090472680100e-14       2.065194606599e-15 
  390       2.440295874288e-10       2.916139278478e-12       2.459050888912e-12       5.289107961222e-15       1.664899045127e-13       2.051812157307e-14       2.056847261642e-15 
  391       2.429143449060e-10       2.918335046557e-12       2.196857626405e-12       5.304982762107e-15       1.650649948662e-13       2.013709228333e-14       2.048363407800e-15 
  392       2.418574651134e-10       2.920009567901e-12       1.934931182363e-12       5.320931755994e-15       1.636558384579e-13       1.976159697770e-14       2.039743660880e-15 
  393       2.408586645002e-10       2.921161918589e-12       1.673380720971e-12       5.336957405941e-15       1.622622543624e-13       1.939159080743e-14       2.030988657255e-15 
  394       2.399176370815e-10       2.921791266299e-12       1.412317135809e-12       5.353062206086e-15       1.608840511686e-13       1.902702600560e-14       2.022099053980e-15 
  395       2.390340542564e-10       2.921896871106e-12       1.151853059318e-12       5.369248681791e-15       1.595210268953e-13       1.866785186349e-14       2.013075528909e-15 
  396       2.382075646266e-10       2.921478086271e-12       8.921028722680e-13       5.385519389779e-15       1.581729689061e-13       1.831401470702e-14       2.003918780807e-15 
  397       2.374377938148e-10       2.920534359038e-12       6.331827132274e-13       5.401876918267e-15       1.568396538247e-13       1.796545787317e-14       1.994629529469e-15 
  398       2.367243442834e-10       2.919065231425e-12       3.752104880295e-13       5.418323887111e-15       1.555208474504e-13       1.762212168639e-14       1.985208515835e-15 
  399       2.360667951524e-10       2.917070341017e-12       1.183058792407e-13       5.434862947940e-15       1.542163046728e-13       1.728394343505e-14       1.975656502103e-15 
  400       2.354647020181e-10       2.914549421760e-12      -1.374096443710e-13       5.451496784293e-15       1.529257693875e-13       1.695085734786e-14       1.965974271848e-15 
  401       2.349175967716e-10       2.911502304755e-12      -3.918128183690e-13       5.468228111760e-15       1.516489744113e-13       1.662279457024e-14       1.956162630133e-15 
  402       2.344249874172e-10       2.907928919050e-12      -6.447785731795e-13       5.485059678120e-15       1.503856413972e-13       1.629968314083e-14       1.946222403631e-15 
  403       2.339863578905e-10       2.903829292435e-12      -8.961800246239e-13       5.501994263474e-15       1.491354807498e-13       1.598144796784e-14       1.936154440732e-15 
  404       2.336011678774e-10       2.899203552231e-12      -1.145888464451e-12       5.519034680389e-15       1.478981915406e-13       1.566801080550e-14       1.925959611668e-15 
  405       2.332688526318e-10       2.894051926088e-12      -1.393773350869e-12       5.536183774035e-15       1.466734614230e-13       1.535929023049e-14       1.915638808621e-15 
  406       2.329888227948e-10       2.888374742777e-12      -1.639702299077e-12       5.553444422317e-15       1.454609665478e-13       1.505520161834e-14       1.905192945841e-15 
  407       2.327604642124e-10       2.882172432982e-12      -1.883541071798e-12       5.570819536022e-15       1.442603714783e-13       1.475565711989e-14       1.894622959763e-15 
  408       2.325831377545e-10       2.875445530094e-12      -2.125153569812e-12       5.588312058949e-15       1.430713291056e-13       1.446056563767e-14       1.883929809121e-15 
  409       2.324561791329e-10       2.868194671004e-12      -2.364401822485e-12       5.605924968053e-15       1.418934805638e-13       1.416983280234e-14       1.873114475062e-15 
  410       2.323789433456e-10       2.860421274536e-12      -2.601160151842e-12       5.623660836543e-15       1.407265181711e-13       1.388337542276e-14       1.862178037904e-15 
  411       2.323509401134e-10       2.852129601599e-12      -2.835358236838e-12       5.641520505861e-15       1.395703768830e-13       1.360116544803e-14       1.851121910153e-15 
  412       2.323717028832e-10       2.843324769561e-12      -3.066939555754e-12       5.659504366939e-15       1.384250494534e-13       1.332318751619e-14       1.839947611967e-15 
  413       2.324407444869e-10       2.834012082474e-12      -3.295847351060e-12       5.677612792814e-15       1.372905239819e-13       1.304942460801e-14       1.828656695427e-15 
  414       2.325575569912e-10       2.824197032343e-12      -3.522024630039e-12       5.695846138453e-15       1.361667838734e-13       1.277985803371e-14       1.817250744709e-15 
  415       2.327216115478e-10       2.813885300413e-12      -3.745414165413e-12       5.714204740581e-15       1.350538077989e-13       1.251446741969e-14       1.805731376257e-15 
  416       2.329323582439e-10       2.803082758433e-12      -3.965958495970e-12       5.732688917510e-15       1.339515696547e-13       1.225323069526e-14       1.794100238949e-15 
  417       2.331892259519e-10       2.791795469941e-12      -4.183599927186e-12       5.751298968961e-15       1.328600385234e-13       1.199612407940e-14       1.782359014268e-15 
  418       2.334916221803e-10       2.780029691534e-12      -4.398280531853e-12       5.770035175893e-15       1.317791786336e-13       1.174312206742e-14       1.770509416476e-15 
  419       2.338389329231e-10       2.767791874146e-12      -4.609942150703e-12       5.788897800332e-15       1.307089493199e-13       1.149419741778e-14       1.758553192776e-15 
  420       2.342305225106e-10       2.755088664325e-12      -4.818526393035e-12       5.807887085195e-15       1.296493049835e-13       1.124932113875e-14       1.746492123492e-15 
  421       2.346657334595e-10       2.741926905508e-12      -5.023974637339e-12       5.827003254115e-15       1.286001950516e-13       1.100846247514e-14       1.734328022230e-15 
  422       2.351438863227e-10       2.728313639293e-12      -5.226228031922e-12       5.846246511273e-15       1.275615639384e-13       1.077158889510e-14       1.722062736056e-15 
  423       2.356642795401e-10       2.714256106722e-12      -5.425227495533e-12       5.865617041221e-15       1.265333510044e-13       1.053866607678e-14       1.709698145658e-15 
  424       2.362261892883e-10       2.699761749551e-12      -5.620913717989e-12       5.885115008710e-15       1.255154905171e-13       1.030965789506e-14       1.697236165523e-15 
  425       2.368288693310e-10       2.684838211528e-12      -5.813227160801e-12       5.904740558517e-15       1.245079116108e-13       1.008452640833e-14       1.684678744103e-15 
  426       2.374715508694e-10       2.669493339668e-12      -6.002108057797e-12       5.924493815268e-15       1.235105382467e-13       9.863231845184e-15       1.672027863989e-15 
  427       2.381534423919e-10       2.653735185532e-12      -6.187496415750e-12       5.944374883272e-15       1.225232891735e-13       9.645732591156e-15       1.659285542075e-15 
  428       2.388737295248e-10       2.637572006496e-12      -6.369332015002e-12       5.964383846341e-15       1.215460778868e-13       9.431985175447e-15       1.646453829733e-15 
  429       2.396315748823e-10       2.621012267035e-12      -6.547554410091e-12       5.984520767621e-15       1.205788125898e-13       9.221944257661e-15       1.633534812983e-15 
  430       2.404261179165e-10       2.604064639993e-12      -6.722102930373e-12       6.004785689415e-15       1.196213961531e-13       9.015562614531e-15       1.620530612659e-15 
  431       2.412564747679e-10       2.586738007860e-12      -6.892916680652e-12       6.025178633015e-15       1.186737260750e-13       8.812791126650e-15       1.607443384585e-15 
  432       2.421217381156e-10       2.569041464050e-12      -7.059934541802e-12       6.045699598523e-15       1.177356944415e-13       8.613578765200e-15       1.594275319740e-15 
  433       2.430209770272e-10       2.550984314173e-12      -7.223095171394e-12       6.066348564682e-15       1.168071878865e-13       8.417872578681e-15       1.581028644428e-15 
  434       2.439532368093e-10       2.532576077316e-12      -7.382337004321e-12       6.087125488700e-15       1.158880875518e-13       8.225617679643e-15       1.567705620455e-15 
  435       2.449175388576e-10       2.513826487314e-12      -7.537598253422e-12       6.108030306078e-15       1.149782690475e-13       8.036757231414e-15       1.554308545290e-15 
  436       2.459128805070e-10       2.494745494028e-12      -7.688816910110e-12       6.129062930438e-15       1.140776024117e-13       7.851232434830e-15       1.540839752241e-15 
  437       2.469382348820e-10       2.475343264620e-12      -7.835930744997e-12       6.150223253348e-15       1.131859520711e-13       7.668982514962e-15       1.527301610623e-15 
  438       2.479925507467e-10       2.455630184830e-12      -7.978877308517e-12       6.171511144147e-15       1.123031768007e-13       7.489944707853e-15       1.513696525927e-15 
  439       2.490747523552e-10       2.435616860251e-12      -8.117593931554e-12       6.192926449776e-15       1.114291296841e-13       7.314054247239e-15       1.500026939994e-15 
  440       2.501837393014e-10       2.415314117605e-12      -8.252017726066e-12       6.214468994602e-15       1.105636580737e-13       7.141244351285e-15       1.486295331180e-15 
  441       2.513183863698e-10       2.394733006018e-12      -8.382085585712e-12       6.236138580247e-15       1.097066035506e-13       6.971446209311e-15       1.472504214530e-15 
  442       2.524775433852e-10       2.373884798297e-12      -8.507734186475e-12       6.257934985409e-15       1.088578018851e-13       6.804588968524e-15       1.458656141947e-15 
  443       2.536600350632e-10       2.352780992205e-12      -8.628899987289e-12       6.279857965698e-15       1.080170829963e-13       6.640599720747e-15       1.444753702360e-15 
  444       2.548646608603e-10       2.331433311739e-12      -8.745519230664e-12       6.301907253455e-15       1.071842709127e-13       6.479403489147e-15       1.430799521897e-15 
  445       2.560901948238e-10       2.309853708400e-12      -8.857527943313e-12       6.324082557580e-15       1.063591837321e-13       6.320923214967e-15       1.416796264055e-15 
  446       2.573353854427e-10       2.288054362478e-12      -8.964861936775e-12       6.346383563362e-15       1.055416335816e-13       6.165079744256e-15       1.402746629866e-15 
  447       2.585989554972e-10       2.266047684317e-12      -9.067456808041e-12       6.368809932304e-15       1.047314265780e-13       6.011791814595e-15       1.388653358073e-15 
  448       2.598796019092e-10       2.243846315600e-12      -9.165247940180e-12       6.391361301950e-15       1.039283627878e-13       5.860976041831e-15       1.374519225295e-15 
  449       2.611761190567e-10       2.221462618372e-12      -9.258181970458e-12       6.414037061414e-15       1.031322702545e-13       5.712561904703e-15       1.360346840021e-15 
  450       2.624877734162e-10       2.198907121310e-12      -9.346251602082e-12       6.436835670334e-15       1.023431083752e-13       5.566537259706e-15       1.346138016897e-15 
  451       2.638139407525e-10       2.176190025672e-12      -9.429461920537e-12       6.459755317531e-15       1.015608677919e-13       5.422904273425e-15       1.331894382516e-15 
  452       2.651539836744e-10       2.153321713967e-12      -9.507819035343e-12       6.482794143013e-15       1.007855366071e-13       5.281664553434e-15       1.317617579819e-15 
  453       2.665072515581e-10       2.130312750925e-12      -9.581330087495e-12       6.505950237660e-15       1.000171003640e-13       5.142819143938e-15       1.303309268138e-15 
  454       2.678730804710e-10       2.107173884471e-12      -9.650003256900e-12       6.529221642926e-15       9.925554202701e-14       5.006368521407e-15       1.288971123248e-15 
  455       2.692507930950e-10       2.083916046696e-12      -9.713847769808e-12       6.552606350526e-15       9.850084196199e-14       4.872312590216e-15       1.274604837411e-15 
  456       2.706396986501e-10       2.060550354828e-12      -9.772873906255e-12       6.576102302134e-15       9.775297791672e-14       4.740650678278e-15       1.260212119425e-15 
  457       2.720390928178e-10       2.037088112204e-12      -9.827093007493e-12       6.599707389073e-15       9.701192500117e-14       4.611381532688e-15       1.245794694674e-15 
  458       2.734482576648e-10       2.013540809242e-12      -9.876517483429e-12       6.623419452013e-15       9.627765566787e-14       4.484503315351e-15       1.231354305170e-15 
  459       2.748664615666e-10       1.989920124411e-12      -9.921160820063e-12       6.647236280657e-15       9.555013969227e-14       4.360013598627e-15       1.216892709606e-15 
  460       2.762929591306e-10       1.966237925205e-12      -9.961037586919e-12       6.671155613445e-15       9.482934415308e-14       4.237909360963e-15       1.202411683401e-15 
  461       2.777269911202e-10       1.942506269113e-12      -9.996163444486e-12       6.695175137237e-15       9.411523341267e-14       4.118186982536e-15       1.187913018750e-15 
  462       2.791677843778e-10       1.918737404589e-12      -1.002655515165e-11       6.719292487015e-15       9.340776909735e-14       4.000842240880e-15       1.173398524666e-15 
  463       2.806145517488e-10       1.894943772027e-12      -1.005223057314e-11       6.743505245571e-15       9.270691007780e-14       3.885870306536e-15       1.158870027035e-15 
  464       2.820664920048e-10       1.871138004732e-12      -1.007320868694e-11       6.767810943203e-15       9.201261244937e-14       3.773265738679e-15       1.144329368658e-15 
  465       2.835227897670e-10       1.847332929887e-12      -1.008950959175e-11       6.792207057408e-15       9.132482951246e-14       3.663022480759e-15       1.129778409302e-15 
  466       2.849826154303e-10       1.823541569533e-12      -1.010115451443e-11       6.816691012574e-15       9.064351175286e-14       3.555133856137e-15       1.115219025746e-15 
  467       2.864451250862e-10       1.799777141531e-12      -1.010816581739e-11       6.841260179679e-15       8.996860682212e-14       3.449592563726e-15       1.100653111829e-15 
  468       2.879094604469e-10       1.776053060541e-12      -1.011056700608e-11       6.865911875976e-15       8.930005951790e-14       3.346390673622e-15       1.086082578497e-15 
  469       2.893747487681e-10       1.752382938991e-12      -1.010838273638e-11       6.890643364695e-15       8.863781176430e-14       3.245519622746e-15       1.071509353851e-15 
  470       2.908401027733e-10       1.728780588046e-12      -1.010163882208e-11       6.915451854729e-15       8.798180259224e-14       3.146970210477e-15       1.056935383196e-15 
  471       2.923046205769e-10       1.705260018585e-12      -1.009036224228e-11       6.940334500335e-15       8.733196811982e-14       3.050732594296e-15       1.042362629087e-15 
  472       2.937673856077e-10       1.681835442168e-12      -1.007458114885e-11       6.965288400821e-15       8.668824153265e-14       2.956796285412e-15       1.027793071377e-15 
  473       2.952274665326e-10       1.658521272008e-12      -1.005432487384e-11       6.990310600244e-15       8.605055306423e-14       2.865150144413e-15       1.013228707265e-15 
  474       2.966839171800e-10       1.635332123947e-12      -1.002962393695e-11       7.015398087100e-15       8.541882997625e-14       2.775782376889e-15       9.986715513424e-16 
  475       2.981357764635e-10       1.612282817421e-12      -1.000051005295e-11       7.040547794021e-15       8.479299653904e-14       2.688680529081e-15       9.841236356425e-16 
  476       2.995820683052e-10       1.589388376437e-12      -9.967016139084e-12       7.065756597467e-15       8.417297401181e-14       2.603831483510e-15       9.695870096868e-16 
  477       3.010218015594e-10       1.566664030541e-12      -9.929176322575e-12       7.091021317418e-15       8.355868062312e-14       2.521221454619e-15       9.550637405333e-16 
  478       3.024539699359e-10       1.544125215793e-12      -9.887025948002e-12       7.116338717070e-15       8.295003155112e-14       2.440835984407e-15       9.405559128234e-16 
  479       3.038775519240e-10       1.521787575734e-12      -9.840601584762e-12       7.141705502527e-15       8.234693890399e-14       2.362659938069e-15       9.260656288303e-16 
  480       3.052915107155e-10       1.499666962363e-12      -9.789941034500e-12       7.167118322496e-15       8.174931170026e-14       2.286677499630e-15       9.115950085061e-16 
  481       3.066947941283e-10       1.477779437103e-12      -9.735083338547e-12       7.192573767979e-15       8.115705584917e-14       2.212872167584e-15       8.971461895298e-16 
  482       3.080863345304e-10       1.456141271778e-12      -9.676068785354e-12       7.218068371966e-15       8.057007413101e-14       2.141226750532e-15       8.827213273546e-16 
  483       3.094650487629e-10       1.434768949580e-12      -9.612938917930e-12       7.243598609131e-15       7.998826617750e-14       2.071723362816e-15       8.683225952557e-16 
  484       3.108298380636e-10       1.413679166043e-12      -9.545736541279e-12       7.269160895525e-15       7.941152845211e-14       2.004343420159e-15       8.539521843778e-16 
  485       3.121795879910e-10       1.392888830015e-12      -9.474505729831e-12       7.294751588267e-15       7.883975423045e-14       1.939067635303e-15       8.396123037829e-16 
  486       3.135131683471e-10       1.372415064627e-12      -9.399291834886e-12       7.320366985239e-15       7.827283358061e-14       1.875876013641e-15       8.253051804977e-16 
  487       3.148294331015e-10       1.352275208268e-12      -9.320141492043e-12       7.346003324782e-15       7.771065334350e-14       1.814747848860e-15       8.110330595617e-16 
  488       3.161273617723e-10       1.332485183261e-12      -9.237104568097e-12       7.371656954190e-15       7.715311567252e-14       1.755662289418e-15       7.967979439269e-16 
  489       3.174064883607e-10       1.313054546443e-12      -9.150240050448e-12       7.397324841355e-15       7.660019430040e-14       1.698600065436e-15       7.826008055352e-16 
  490       3.186664850497e-10       1.293991292985e-12      -9.059610347870e-12       7.423004077767e-15       7.605187991060e-14       1.643541804679e-15       7.684423508218e-16 
  491       3.199070218974e-10       1.275303475501e-12      -8.965279375315e-12       7.448691710872e-15       7.550816171946e-14       1.590467462302e-15       7.543232786535e-16 
  492       3.211277668315e-10       1.256999204192e-12      -8.867312562328e-12       7.474384743846e-15       7.496902746578e-14       1.539356316776e-15       7.402442802455e-16 
  493       3.223283856439e-10       1.239086647003e-12      -8.765776861450e-12       7.500080135377e-15       7.443446340057e-14       1.490186965811e-15       7.262060390782e-16 
  494       3.235085419857e-10       1.221574029772e-12      -8.660740756639e-12       7.525774799441e-15       7.390445427673e-14       1.442937322280e-15       7.122092308138e-16 
  495       3.246678973612e-10       1.204469636378e-12      -8.552274271674e-12       7.551465605082e-15       7.337898333872e-14       1.397584610141e-15       6.982545232134e-16 
  496       3.258061111232e-10       1.187781808894e-12      -8.440448978569e-12       7.577149376186e-15       7.285803231224e-14       1.354105360367e-15       6.843425760539e-16 
  497       3.269228404675e-10       1.171518947738e-12      -8.325338005985e-12       7.602822891269e-15       7.234158139396e-14       1.312475406864e-15       6.704740410442e-16 
  498       3.280177404272e-10       1.155689511825e-12      -8.207016047642e-12       7.628482883245e-15       7.182960924115e-14       1.272669882397e-15       6.566495617427e-16 
  499       3.290904638678e-10       1.140302018714e-12      -8.085559370728e-12       7.654126039211e-15       7.132209296141e-14       1.234663214518e-15       6.428697734737e-16 
  500       3.301406614819e-10       1.125365044762e-12      -7.961045824311e-12       7.679749000221e-15       7.081900810234e-14       1.198429121486e-15       6.291353032443e-16 
  501       3.311679817833e-10       1.110887225272e-12      -7.833554847753e-12       7.705348361070e-15       7.032032864122e-14       1.163940608190e-15       6.154467696613e-16 
  502       3.321720711021e-10       1.096877254646e-12      -7.703167479118e-12       7.730920670067e-15       6.982602697472e-14       1.131169962078e-15       6.018047828478e-16 
  503       3.331525735796e-10       1.083343886537e-12      -7.569966363586e-12       7.756462428816e-15       6.933607390857e-14       1.100088749078e-15       5.882099443603e-16 
  504       3.341091311623e-10       1.070295933995e-12      -7.434035761861e-12       7.781970091994e-15       6.885043864724e-14       1.070667809523e-15       5.746628471051e-16 
  505       3.350413835969e-10       1.057742269623e-12      -7.295461558588e-12       7.807440067130e-15       6.836908878363e-14       1.042877254074e-15       5.611640752555e-16 
  506       3.359489684253e-10       1.045691825723e-12      -7.154331270758e-12       7.832868714382e-15       6.789199028878e-14       1.016686459647e-15       5.477142041686e-16 
  507       3.368315209785e-10       1.034153594451e-12      -7.010734056125e-12       7.858252346317e-15       6.741910750154e-14       9.920640653348e-16       5.343138003015e-16 
  508       3.376886743720e-10       1.023136627965e-12      -6.864760721612e-12       7.883587227689e-15       6.695040311824e-14       9.689779683305e-16       5.209634211291e-16 
  509       3.385200595001e-10       1.012650038577e-12      -6.716503731727e-12       7.908869575215e-15       6.648583818240e-14       9.473953198544e-16       5.076636150599e-16 
  510       3.393253050303e-10       1.002702998903e-12      -6.566057216973e-12       7.934095557357e-15       6.602537207443e-14       9.272825210761e-16       4.944149213535e-16 
  511       3.401040373988e-10       9.933047420144e-13      -6.413516982259e-12       7.959261294101e-15       6.556896250126e-14       9.086052190397e-16       4.812178700373e-16 
  512       3.408558808041e-10       9.844645615875e-13      -6.258980515309e-12       7.984362856730e-15       6.511656548610e-14       8.913283025874e-16       4.680729818228e-16 
  513       3.415804572025e-10       9.761918120565e-13      -6.102546995080e-12       8.009396267608e-15       6.466813535808e-14       8.754158982841e-16       4.549807680231e-16 
  514       3.422773863024e-10       9.684959087622e-13      -5.944317300164e-12       8.034357499954e-15       6.422362474193e-14       8.608313663411e-16       4.419417304692e-16 
  515       3.429462855590e-10       9.613863281040e-13      -5.784394017210e-12       8.059242477626e-15       6.378298454770e-14       8.475372965408e-16       4.289563614273e-16 
  516       3.435867701689e-10       9.548726076897e-13      -5.622881449326e-12       8.084047074893e-15       6.334616396044e-14       8.354955041608e-16       4.160251435149e-16 
  517       3.441984530648e-10       9.489643464870e-13      -5.459885624496e-12       8.108767116218e-15       6.291311042986e-14       8.246670258975e-16       4.031485496182e-16 
  518       3.447809449105e-10       9.436712049738e-13      -5.295514303990e-12       8.133398376035e-15       6.248376966006e-14       8.150121157912e-16       3.903270428088e-16 
  519       3.453338540948e-10       9.390029052893e-13      -5.129876990775e-12       8.157936578526e-15       6.205808559916e-14       8.064902411495e-16       3.775610762603e-16 
  520       3.458567867270e-10       9.349692313844e-13      -4.963084937926e-12       8.182377397403e-15       6.163600042904e-14       7.990600784719e-16       3.648510931653e-16 
  521       3.463493466308e-10       9.315800291727e-13      -4.795251157038e-12       8.206716455683e-15       6.121745455500e-14       7.926795093740e-16       3.521975266519e-16 
  522       3.468111353397e-10       9.288452066812e-13      -4.626490426639e-12       8.230949325466e-15       6.080238659547e-14       7.873056165113e-16       3.396007997011e-16 
  523       3.472417520911e-10       9.267747342010e-13      -4.456919300597e-12       8.255071527719e-15       6.039073337165e-14       7.828946795038e-16       3.270613250629e-16 
  524       3.476407938212e-10       9.253786444381e-13      -4.286656116537e-12       8.279078532046e-15       5.998242989725e-14       7.794021708602e-16       3.145795051737e-16 
  525       3.480078551596e-10       9.246670326640e-13      -4.115821004248e-12       8.302965756474e-15       5.957740936814e-14       7.767827519015e-16       3.021557320727e-16 
  526       3.483425284239e-10       9.246500568668e-13      -3.944535894096e-12       8.326728567227e-15       5.917560315206e-14       7.749902686861e-16       2.897903873190e-16 
  527       3.486444965382e-10       9.253361344452e-13      -3.772915857069e-12       8.350362751423e-15       5.877695165816e-14       7.739846548193e-16       2.774838821850e-16 
  528       3.489138146197e-10       9.267264772360e-13      -3.601042844914e-12       8.373865949957e-15       5.838143729670e-14       7.737528577339e-16       2.652367796281e-16 
  529       3.491506361575e-10       9.288204058653e-13      -3.428991241406e-12       8.397236263751e-15       5.798905240919e-14       7.742884822647e-16       2.530496755230e-16 
  530       3.493551208275e-10       9.316171389277e-13      -3.256836469780e-12       8.420471784399e-15       5.759978846531e-14       7.755849349405e-16       2.409231586245e-16 
  531       3.495274345263e-10       9.351157923600e-13      -3.084654997404e-12       8.443570594149e-15       5.721363605721e-14       7.776354228869e-16       2.288578105013e-16 
  532       3.496677494069e-10       9.393153788135e-13      -2.912524340453e-12       8.466530765884e-15       5.683058489397e-14       7.804329527291e-16       2.168542054703e-16 
  533       3.497762439126e-10       9.442148070276e-13      -2.740523068583e-12       8.489350363106e-15       5.645062379593e-14       7.839703294948e-16       2.049129105306e-16 
  534       3.498531028124e-10       9.498128812024e-13      -2.568730809600e-12       8.512027439919e-15       5.607374068907e-14       7.882401555168e-16       1.930344852980e-16 
  535       3.498985172351e-10       9.561083003719e-13      -2.397228254137e-12       8.534560041009e-15       5.569992259940e-14       7.932348293361e-16       1.812194819387e-16 
  536       3.499126847045e-10       9.630996577770e-13      -2.226097160326e-12       8.556946201629e-15       5.532915564735e-14       7.989465446048e-16       1.694684451039e-16 
  537       3.498958091742e-10       9.707854402383e-13      -2.055420358472e-12       8.579183947578e-15       5.496142504211e-14       8.053672889885e-16       1.577819118638e-16 
  538       3.498481010618e-10       9.791640275294e-13      -1.885281755723e-12       8.601271295189e-15       5.459671507607e-14       8.124888430695e-16       1.461604116419e-16 
  539       3.497697772842e-10       9.882336917495e-13      -1.715766340747e-12       8.623206251305e-15       5.423500911913e-14       8.203027792497e-16       1.346044661489e-16 
  540       3.496610612920e-10       9.979925966968e-13      -1.546960188401e-12       8.644986813265e-15       5.387628961314e-14       8.288004606529e-16       1.231145893172e-16 
  541       3.495221831042e-10       1.008438797241e-12      -1.378950464410e-12       8.666610968885e-15       5.352053806623e-14       8.379730400284e-16       1.116912872347e-16 
  542       3.493533793434e-10       1.019570238698e-12      -1.211825430033e-12       8.688076696442e-15       5.316773504723e-14       8.478114586530e-16       1.003350580795e-16 
  543       3.491548932699e-10       1.031384756200e-12      -1.045674446741e-12       8.709381964655e-15       5.281786018001e-14       8.583064452347e-16       8.904639205348e-17 
  544       3.489269748169e-10       1.043880074069e-12      -8.805879808893e-13       8.730524732667e-15       5.247089213789e-14       8.694485148146e-16       7.782577131699e-17 
  545       3.486698806250e-10       1.057053805194e-12      -7.166576083887e-13       8.751502950029e-15       5.212680863800e-14       8.812279676706e-16       6.667366992271e-17 
  546       3.483838740770e-10       1.070903450399e-12      -5.539760193807e-13       8.772314556682e-15       5.178558643568e-14       8.936348882197e-16       5.559055374992e-17 
  547       3.480692253327e-10       1.085426397818e-12      -3.926370229095e-13       8.792957482936e-15       5.144720131884e-14       9.066591439209e-16       4.457688043869e-17 
  548       3.477262113635e-10       1.100619922266e-12      -2.327355515953e-13       8.813429649459e-15       5.111162810232e-14       9.202903841782e-16       3.363309932402e-17 
  549       3.473551159874e-10       1.116481184618e-12      -7.436766630757e-14       8.833728967253e-15       5.077884062233e-14       9.345180392433e-16       2.275965137007e-17 
  550       3.469562299032e-10       1.133007231174e-12       8.236943916202e-14       8.853853337639e-15       5.044881173077e-14       9.493313191185e-16       1.195696910426e-17 
  551       3.465298507259e-10       1.150194993037e-12       2.373774334264e-13       8.873800652240e-15       5.012151328964e-14       9.647192124594e-16       1.225476551512e-18 
  552       3.460762830209e-10       1.168041285486e-12       3.905568428301e-13       8.893568792963e-15       4.979691616539e-14       9.806704854780e-16      -9.434410831609e-18 
  553       3.455958383391e-10       1.186542807346e-12       5.418070467761e-13       8.913155631980e-15       4.947499022334e-14       9.971736808451e-16      -2.002228622271e-17 
  554       3.450888352514e-10       1.205696140364e-12       6.910262730527e-13       8.932559031713e-15       4.915570432204e-14       1.014217116594e-15      -3.053775149941e-17 
  555       3.445555993836e-10       1.225497748580e-12       8.381115931604e-13       8.951776844813e-15       4.883902630763e-14       1.031788885021e-15      -4.098041730512e-17 
  556       3.439964634508e-10       1.245943977702e-12       9.829589176390e-13       8.970806914146e-15       4.852492300823e-14       1.049876851593e-15      -5.134990311493e-17 
  557       3.434117672928e-10       1.267031054476e-12       1.125462991394e-12       8.989647072771e-15       4.821336022836e-14       1.068468653844e-15      -6.164583730140e-17 
  558       3.428018579081e-10       1.288755086063e-12       1.265517389025e-12       9.008295143927e-15       4.790430274324e-14       1.087551700283e-15      -7.186785720037e-17 
  559       3.421670894890e-10       1.311112059407e-12       1.403014510150e-12       9.026748941012e-15       4.759771429323e-14       1.107113169295e-15      -8.201560917682e-17 
  560       3.415078234564e-10       1.334097840614e-12       1.537845574734e-12       9.045006267569e-15       4.729355757820e-14       1.127140008044e-15      -9.208874869066e-17 
  561       3.408244284943e-10       1.357708174319e-12       1.669900618417e-12       9.063064917263e-15       4.699179425189e-14       1.147618931374e-15      -1.020869403626e-16 
  562       3.401172805848e-10       1.381938683064e-12       1.799068487838e-12       9.080922673868e-15       4.669238491631e-14       1.168536420716e-15      -1.120098580399e-16 
  563       3.393867630426e-10       1.406784866666e-12       1.925236835964e-12       9.098577311247e-15       4.639528911607e-14       1.189878722987e-15      -1.218571848623e-16 
  564       3.386332665497e-10       1.432242101597e-12       2.048292117417e-12       9.116026593336e-15       4.610046533285e-14       1.211631849494e-15      -1.316286133277e-16 
  565       3.378571891907e-10       1.458305640349e-12       2.168119583799e-12       9.133268274125e-15       4.580787097969e-14       1.233781574838e-15      -1.413238453582e-16 
  566       3.370589446998e-10       1.484969827631e-12       2.284617285667e-12       9.150300562689e-15       4.551746889272e-14       1.256315104790e-15      -1.509425079329e-16 
  567       3.362389873688e-10       1.512225728063e-12       2.397738483741e-12       9.167123531454e-15       4.522924700120e-14       1.279226129303e-15      -1.604838974689e-16 
  568       3.353977878488e-10       1.540063436211e-12       2.507450319558e-12       9.183737744129e-15       4.494319915239e-14       1.302509897331e-15      -1.699472289943e-16 
  569       3.345358250330e-10       1.568472853328e-12       2.613719908124e-12       9.200143794085e-15       4.465931865690e-14       1.326161559146e-15      -1.793317200197e-16 
  570       3.336535860940e-10       1.597443686436e-12       2.716514338468e-12       9.216342304519e-15       4.437759828544e-14       1.350176165860e-15      -1.886365905730e-16 
  571       3.327515665223e-10       1.626965447405e-12       2.815800674216e-12       9.232333928604e-15       4.409803026569e-14       1.374548668960e-15      -1.978610632334e-16 
  572       3.318302701637e-10       1.657027452032e-12       2.911545954147e-12       9.248119349649e-15       4.382060627906e-14       1.399273919826e-15      -2.070043631656e-16 
  573       3.308902092571e-10       1.687618819123e-12       3.003717192765e-12       9.263699281254e-15       4.354531745751e-14       1.424346669266e-15      -2.160657181540e-16 
  574       3.299319044722e-10       1.718728469573e-12       3.092281380857e-12       9.279074467466e-15       4.327215438037e-14       1.449761567036e-15      -2.250443586371e-16 
  575       3.289558849478e-10       1.750345125444e-12       3.177205486059e-12       9.294245682936e-15       4.300110707115e-14       1.475513161373e-15      -2.339395177420e-16 
  576       3.279626883290e-10       1.782457309049e-12       3.258456453424e-12       9.309213733075e-15       4.273216499434e-14       1.501595898515e-15      -2.427504313180e-16 
  577       3.269528608054e-10       1.815053342026e-12       3.336001205982e-12       9.323979454210e-15       4.246531705219e-14       1.528004122235e-15      -2.514763379714e-16 
  578       3.259269571488e-10       1.848121344427e-12       3.409806645304e-12       9.338543713740e-15       4.220055158158e-14       1.554732073364e-15      -2.601164790995e-16 
  579       3.248855407510e-10       1.881649233789e-12       3.479839652070e-12       9.352907410293e-15       4.193785635080e-14       1.581773889319e-15      -2.686700989250e-16 
  580       3.238291836615e-10       1.915624724221e-12       3.546067086632e-12       9.367071473882e-15       4.167721855631e-14       1.609123603627e-15      -2.771364445302e-16 
  581       3.227584666255e-10       1.950035325480e-12       3.608455789575e-12       9.381036866062e-15       4.141862481964e-14       1.636775145457e-15      -2.855147658911e-16 
  582       3.216739791216e-10       1.984868342052e-12       3.666972582285e-12       9.394804580084e-15       4.116206118413e-14       1.664722339143e-15      -2.938043159120e-16 
  583       3.205763193995e-10       2.020110872236e-12       3.721584267514e-12       9.408375641053e-15       4.090751311176e-14       1.692958903714e-15      -3.020043504594e-16 
  584       3.194660945181e-10       2.055749807216e-12       3.772257629941e-12       9.421751106085e-15       4.065496547995e-14       1.721478452416e-15      -3.101141283963e-16 
  585       3.183439203831e-10       2.091771830150e-12       3.818959436736e-12       9.434932064462e-15       4.040440257840e-14       1.750274492245e-15      -3.181329116167e-16 
  586       3.172104217847e-10       2.128163415246e-12       3.861656438130e-12       9.447919637787e-15       4.015580810584e-14       1.779340423469e-15      -3.260599650798e-16 
  587       3.160662324356e-10       2.164910826839e-12       3.900315367973e-12       9.460714980145e-15       3.990916516691e-14       1.808669539158e-15      -3.338945568439e-16 
  588       3.149119950088e-10       2.202000118478e-12       3.934902944301e-12       9.473319278252e-15       3.966445626890e-14       1.838255024708e-15      -3.416359581011e-16 
  589       3.137483611753e-10       2.239417132002e-12       3.965385869899e-12       9.485733751619e-15       3.942166331861e-14       1.868089957371e-15      -3.492834432113e-16 
  590       3.125759916419e-10       2.277147496619e-12       3.991730832869e-12       9.497959652702e-15       3.918076761912e-14       1.898167305780e-15      -3.568362897366e-16 
  591       3.113955561893e-10       2.315176627989e-12       4.013904507190e-12       9.509998267062e-15       3.894174986664e-14       1.928479929477e-15      -3.642937784752e-16 
  592       3.102077337093e-10       2.353489727304e-12       4.031873553284e-12       9.521850913520e-15       3.870459014728e-14       1.959020578439e-15      -3.716551934962e-16 
  593       3.090132122433e-10       2.392071780367e-12       4.045604618581e-12       9.533518944313e-15       3.846926793387e-14       1.989781892604e-15      -3.789198221736e-16 
  594       3.078126890196e-10       2.430907556671e-12       4.055064338081e-12       9.545003745251e-15       3.823576208277e-14       2.020756401400e-15      -3.860869552202e-16 
  595       3.066068704914e-10       2.469981608481e-12       4.060219334921e-12       9.556306735873e-15       3.800405083070e-14       2.051936523271e-15      -3.931558867226e-16 
  596       3.053964723747e-10       2.509278269915e-12       4.061036220938e-12       9.567429369603e-15       3.777411179150e-14       2.083314565205e-15      -4.001259141748e-16 
  597       3.041822196858e-10       2.548781656021e-12       4.057481597233e-12       9.578373133906e-15       3.754592195299e-14       2.114882722256e-15      -4.069963385127e-16 
  598       3.029648467796e-10       2.588475661861e-12       4.049522054738e-12       9.589139550446e-15       3.731945767375e-14       2.146633077080e-15      -4.137664641484e-16 
  599       3.017450973867e-10       2.628343961587e-12       4.037124174775e-12       9.599730175239e-15       3.709469467992e-14       2.178557599452e-15      -4.204355990043e-16 
  600       3.005237246520e-10       2.668370007526e-12       4.020254529625e-12       9.610146598813e-15       3.687160806205e-14       2.210648145800e-15      -4.270030545476e-16 
  601       2.993014911718e-10       2.708537029254e-12       3.998879683090e-12       9.620390446360e-15       3.665017227184e-14       2.242896458729e-15      -4.334681458244e-16 
  602       2.980791690323e-10       2.748828032682e-12       3.972966191059e-12       9.630463377899e-15       3.643036111902e-14       2.275294166546e-15      -4.398301914937e-16 
  603       2.968575398466e-10       2.789225799134e-12       3.942480602071e-12       9.640367088423e-15       3.621214776813e-14       2.307832782793e-15      -4.460885138623e-16 
  604       2.956373947933e-10       2.829712884425e-12       3.907389457878e-12       9.650103308065e-15       3.599550473529e-14       2.340503705767e-15      -4.522424389183e-16 
  605       2.944194715212e-10       2.870272476542e-12       3.867670105779e-12       9.659673940073e-15       3.578040794220e-14       2.373298383148e-15      -4.582915056708e-16 
  606       2.932042631208e-10       2.910890993225e-12       3.823343420405e-12       9.669081478106e-15       3.556684899143e-14       2.406208811176e-15      -4.642360996333e-16 
  607       2.919922046275e-10       2.951555545112e-12       3.774441870964e-12       9.678328599297e-15       3.535482318040e-14       2.439227046561e-15      -4.700768346619e-16 
  608       2.907837357557e-10       2.992253082173e-12       3.720998784882e-12       9.687418027538e-15       3.514432546911e-14       2.472345042049e-15      -4.758143451329e-16 
  609       2.895793009154e-10       3.032970393061e-12       3.663048351909e-12       9.696352533681e-15       3.493535047828e-14       2.505554646010e-15      -4.814492860461e-16 
  610       2.883793492292e-10       3.073694104483e-12       3.600625628218e-12       9.705134935741e-15       3.472789248751e-14       2.538847602014e-15      -4.869823331275e-16 
  611       2.871843345501e-10       3.114410680554e-12       3.533766540511e-12       9.713768099092e-15       3.452194543339e-14       2.572215548413e-15      -4.924141829318e-16 
  612       2.859947154780e-10       3.155106422160e-12       3.462507890121e-12       9.722254936675e-15       3.431750290765e-14       2.605650017925e-15      -4.977455529454e-16 
  613       2.848109553772e-10       3.195767466323e-12       3.386887357115e-12       9.730598409197e-15       3.411455815532e-14       2.639142437209e-15      -5.029771816892e-16 
  614       2.836335223932e-10       3.236379785557e-12       3.306943504399e-12       9.738801525331e-15       3.391310407281e-14       2.672684126453e-15      -5.081098288210e-16 
  615       2.824628894704e-10       3.276929187231e-12       3.222715781817e-12       9.746867341916e-15       3.371313320609e-14       2.706266298949e-15      -5.131442752388e-16 
  616       2.812995343686e-10       3.317401312932e-12       3.134244530258e-12       9.754798964164e-15       3.351463774883e-14       2.739880060677e-15      -5.180813231831e-16 
  617       2.801439396808e-10       3.357781637823e-12       3.041570985757e-12       9.762599545856e-15       3.331760954049e-14       2.773516409886e-15      -5.229217963398e-16 
  618       2.789965928496e-10       3.398055470007e-12       2.944737283599e-12       9.770272289547e-15       3.312204006451e-14       2.807166236674e-15      -5.276665399430e-16 
  619       2.778579861850e-10       3.438207949888e-12       2.843786462421e-12       9.777820446763e-15       3.292792044642e-14       2.840820322567e-15      -5.323164208778e-16 
  620       2.767286168812e-10       3.478224049528e-12       2.738762468316e-12       9.785247318209e-15       3.273524145197e-14       2.874469340105e-15      -5.368723277831e-16 
  621       2.756089870338e-10       3.518088572013e-12       2.629710158936e-12       9.792556253962e-15       3.254399348529e-14       2.908103852418e-15      -5.413351711540e-16 
  622       2.744996036571e-10       3.557786150814e-12       2.516675307593e-12       9.799750653681e-15       3.235416658700e-14       2.941714312811e-15      -5.457058834452e-16 
  623       2.734009787009e-10       3.597301249145e-12       2.399704607367e-12       9.806833966802e-15       3.216575043237e-14       2.975291064340e-15      -5.499854191729e-16 
  624       2.723136290681e-10       3.636618159325e-12       2.278845675202e-12       9.813809692741e-15       3.197873432943e-14       3.008824339397e-15      -5.541747550186e-16 
  625       2.712380766312e-10       3.675721002143e-12       2.154147056017e-12       9.820681381097e-15       3.179310721714e-14       3.042304259292e-15      -5.582748899308e-16 
  626       2.701748482503e-10       3.714593726213e-12       2.025658226801e-12       9.827452631854e-15       3.160885766349e-14       3.075720833828e-15      -5.622868452287e-16 
  627       2.691244757894e-10       3.753220107340e-12       1.893429600724e-12       9.834127095578e-15       3.142597386366e-14       3.109063960887e-15      -5.662116647042e-16 
  628       2.680874961341e-10       3.791583747880e-12       1.757512531233e-12       9.840708473623e-15       3.124444363815e-14       3.142323426012e-15      -5.700504147252e-16 
  629       2.670644512085e-10       3.829668076100e-12       1.617959316160e-12       9.847200518328e-15       3.106425443093e-14       3.175488901981e-15      -5.738041843380e-16 
  630       2.660558879925e-10       3.867456345539e-12       1.474823201821e-12       9.853607033224e-15       3.088539330754e-14       3.208549948396e-15      -5.774740853702e-16 
  631       2.650623585388e-10       3.904931634371e-12       1.328158387124e-12       9.859931873231e-15       3.070784695327e-14       3.241496011259e-15      -5.810612525338e-16 
  632       2.640844199898e-10       3.942076844767e-12       1.178020027667e-12       9.866178944859e-15       3.053160167125e-14       3.274316422554e-15      -5.845668435271e-16 
  633       2.631226345956e-10       3.978874702251e-12       1.024464239845e-12       9.872352206414e-15       3.035664338064e-14       3.307000399828e-15      -5.879920391384e-16 
  634       2.621775697300e-10       4.015307755066e-12       8.675481049506e-13       9.878455668194e-15       3.018295761472e-14       3.339537045774e-15      -5.913380433482e-16 
  635       2.612497979086e-10       4.051358373536e-12       7.073296732782e-13       9.884493392694e-15       3.001052951905e-14       3.371915347807e-15      -5.946060834321e-16 
  636       2.603398968053e-10       4.087008749420e-12       5.438679682263e-13       9.890469494805e-15       2.983934384959e-14       3.404124177652e-15      -5.977974100636e-16 
  637       2.594484492699e-10       4.122240895284e-12       3.772229904013e-13       9.896388142017e-15       2.966938497088e-14       3.436152290917e-15      -6.009132974167e-16 
  638       2.585760433449e-10       4.157036643851e-12       2.074557217201e-13       9.902253554621e-15       2.950063685410e-14       3.467988326680e-15      -6.039550432691e-16 
  639       2.577232722828e-10       4.191377647371e-12       3.462812951337e-14       9.908070005907e-15       2.933308307529e-14       3.499620807068e-15      -6.069239691043e-16 
  640       2.568907345633e-10       4.225245376978e-12      -1.411968293715e-13       9.913841822370e-15       2.916670681340e-14       3.531038136837e-15      -6.098214202149e-16 
  641       2.560790339102e-10       4.258621122049e-12      -3.199552044675e-13       9.919573383907e-15       2.900149084852e-14       3.562228602953e-15      -6.126487658051e-16 
  642       2.552887793090e-10       4.291485989572e-12      -5.015820475845e-13       9.925269124021e-15       2.883741755994e-14       3.593180374176e-15      -6.154073990936e-16 
  643       2.545205850234e-10       4.323820903500e-12      -6.860114087066e-13       9.930933530023e-15       2.867446892431e-14       3.623881500637e-15      -6.180987374162e-16 
  644       2.537749850421e-10       4.355608663619e-12      -8.731750922648e-13       9.936570851381e-15       2.851262907749e-14       3.654321801596e-15      -6.207238197334e-16 
  645       2.530521742572e-10       4.386840174575e-12      -1.062998903363e-12       9.942184217125e-15       2.835189206735e-14       3.684498576469e-15      -6.232820889442e-16 
  646       2.523522614624e-10       4.417508356549e-12      -1.255406308490e-12       9.947776498870e-15       2.819225427274e-14       3.714411022213e-15      -6.257725822190e-16 
  647       2.516753543857e-10       4.447606098469e-12      -1.450319663001e-12       9.953350600971e-15       2.803371185451e-14       3.744058356979e-15      -6.281943310864e-16 
  648       2.510215596822e-10       4.477126257968e-12      -1.647660206655e-12       9.958909460641e-15       2.787626075442e-14       3.773439820240e-15      -6.305463614198e-16 
  649       2.503909829267e-10       4.506061661340e-12      -1.847348059156e-12       9.964456048071e-15       2.771989669402e-14       3.802554672914e-15      -6.328276934239e-16 
  650       2.497837286052e-10       4.534405103499e-12      -2.049302215691e-12       9.969993366543e-15       2.756461517353e-14       3.831402197491e-15      -6.350373416208e-16 
  651       2.491999001086e-10       4.562149347930e-12      -2.253440542467e-12       9.975524452548e-15       2.741041147068e-14       3.859981698161e-15      -6.371743148368e-16 
  652       2.486395997239e-10       4.589287126648e-12      -2.459679772253e-12       9.981052375905e-15       2.725728063963e-14       3.888292500942e-15      -6.392376161888e-16 
  653       2.481029286276e-10       4.615811140155e-12      -2.667935499915e-12       9.986580239876e-15       2.710521750983e-14       3.916333953800e-15      -6.412262430708e-16 
  654       2.475899868774e-10       4.641714057394e-12      -2.878122177960e-12       9.992111181286e-15       2.695421668489e-14       3.944105426783e-15      -6.431391871400e-16 
  655       2.471008734052e-10       4.666988515706e-12      -3.090153112069e-12       9.997648370635e-15       2.680427254148e-14       3.971606312143e-15      -6.449754343038e-16 
  656       2.466356860090e-10       4.691627120789e-12      -3.303940456639e-12       1.000319501222e-14       2.665537922817e-14       3.998836024462e-15      -6.467339647058e-16 
  657       2.461945213457e-10       4.715622446646e-12      -3.519395210324e-12       1.000875434425e-14       2.650753066433e-14       4.025794000781e-15      -6.484137527124e-16 
  658       2.457774749234e-10       4.738967035553e-12      -3.736427211568e-12       1.001432963896e-14       2.636072053903e-14       4.052479700726e-15      -6.500137668993e-16 
  659       2.453846410937e-10       4.761653398004e-12      -3.954945134149e-12       1.001992420273e-14       2.621494230986e-14       4.078892606633e-15      -6.515329700382e-16 
  660       2.450161130445e-10       4.783674012674e-12      -4.174856482715e-12       1.002554137622e-14       2.607018920187e-14       4.105032223673e-15      -6.529703190825e-16 
  661       2.446719827917e-10       4.805021326372e-12      -4.396067588325e-12       1.003118453445e-14       2.592645420638e-14       4.130898079984e-15      -6.543247651547e-16 
  662       2.443523411725e-10       4.825687753999e-12      -4.618483603986e-12       1.003685708695e-14       2.578373007992e-14       4.156489726791e-15      -6.555952535320e-16 
  663       2.440572778372e-10       4.845665678504e-12      -4.842008500191e-12       1.004256247784e-14       2.564200934307e-14       4.181806738536e-15      -6.567807236333e-16 
  664       2.437868812419e-10       4.864947450838e-12      -5.066545060461e-12       1.004830418601e-14       2.550128427935e-14       4.206848713006e-15      -6.578801090057e-16 
  665       2.435412386407e-10       4.883525389911e-12      -5.291994876882e-12       1.005408572518e-14       2.536154693409e-14       4.231615271453e-15      -6.588923373105e-16 
  666       2.433204360783e-10       4.901391782552e-12      -5.518258345644e-12       1.005991064403e-14       2.522278911331e-14       4.256106058729e-15      -6.598163303099e-16 
  667       2.431245583826e-10       4.918538883458e-12      -5.745234662578e-12       1.006578252632e-14       2.508500238260e-14       4.280320743404e-15      -6.606510038535e-16 
  668       2.429536891567e-10       4.934958915157e-12      -5.972821818698e-12       1.007170499102e-14       2.494817806599e-14       4.304259017898e-15      -6.613952678649e-16 
  669       2.428079107715e-10       4.950644067961e-12      -6.200916595739e-12       1.007768169243e-14       2.481230724484e-14       4.327920598606e-15      -6.620480263276e-16 
  670       2.426873043582e-10       4.965586499920e-12      -6.429414561694e-12       1.008371632025e-14       2.467738075670e-14       4.351305226025e-15      -6.626081772721e-16 
  671       2.425919498007e-10       4.979778336782e-12      -6.658210066354e-12       1.008981259975e-14       2.454338919421e-14       4.374412664878e-15      -6.630746127621e-16 
  672       2.425219257279e-10       4.993211671949e-12      -6.887196236848e-12       1.009597429188e-14       2.441032290393e-14       4.397242704242e-15      -6.634462188807e-16 
  673       2.424773095064e-10       5.005878566429e-12      -7.116264973179e-12       1.010220519336e-14       2.427817198527e-14       4.419795157676e-15      -6.637218757171e-16 
  674       2.424581772325e-10       5.017771048798e-12      -7.345306943768e-12       1.010850913680e-14       2.414692628936e-14       4.442069863345e-15      -6.639004573533e-16 
  675       2.424646037251e-10       5.028881115150e-12      -7.574211580984e-12       1.011488999085e-14       2.401657541789e-14       4.464066684146e-15      -6.639808318500e-16 
  676       2.424966625175e-10       5.039200729059e-12      -7.802867076693e-12       1.012135166030e-14       2.388710872202e-14       4.485785507838e-15      -6.639618612334e-16 
  677       2.425544258506e-10       5.048721821530e-12      -8.031160377790e-12       1.012789808618e-14       2.375851530123e-14       4.507226247164e-15      -6.638424014817e-16 
  678       2.426379646646e-10       5.057436290959e-12      -8.258977181739e-12       1.013453324588e-14       2.363078400225e-14       4.528388839980e-15      -6.636213025113e-16 
  679       2.427473485921e-10       5.065336003089e-12      -8.486201932115e-12       1.014126115330e-14       2.350390341787e-14       4.549273249383e-15      -6.632974081636e-16 
  680       2.428826459497e-10       5.072412790960e-12      -8.712717814138e-12       1.014808585894e-14       2.337786188584e-14       4.569879463833e-15      -6.628695561910e-16 
  681       2.430439237313e-10       5.078658454876e-12      -8.938406750216e-12       1.015501145001e-14       2.325264748780e-14       4.590207497283e-15      -6.623365782438e-16 
  682       2.432312475998e-10       5.084064762351e-12      -9.163149395483e-12       1.016204205057e-14       2.312824804805e-14       4.610257389302e-15      -6.616972998563e-16 
  683       2.434446275415e-10       5.088625460863e-12      -9.386833852572e-12       1.016918128648e-14       2.300465281877e-14       4.630028908149e-15      -6.609510513196e-16 
  684       2.436838535701e-10       5.092342363337e-12      -9.609382029131e-12       1.017643066761e-14       2.288185757694e-14       4.649520652767e-15      -6.600992122941e-16 
  685       2.439486565002e-10       5.095219392473e-12      -9.830723834103e-12       1.018379117132e-14       2.275985963396e-14       4.668730931865e-15      -6.591437001409e-16 
  686       2.442387619474e-10       5.097260580189e-12      -1.005078850722e-11       1.019126377447e-14       2.263865615857e-14       4.687658059295e-15      -6.580864621390e-16 
  687       2.445538903062e-10       5.098470068094e-12      -1.026950461678e-11       1.019884945343e-14       2.251824417616e-14       4.706300354099e-15      -6.569294756028e-16 
  688       2.448937567288e-10       5.098852107961e-12      -1.048680005742e-11       1.020654918401e-14       2.239862056807e-14       4.724656140560e-15      -6.556747480001e-16 
  689       2.452580711032e-10       5.098411062201e-12      -1.070260204792e-11       1.021436394149e-14       2.227978207091e-14       4.742723748250e-15      -6.543243170694e-16 
  690       2.456465380321e-10       5.097151404335e-12      -1.091683712894e-11       1.022229470055e-14       2.216172527589e-14       4.760501512083e-15      -6.528802509378e-16 
  691       2.460588568111e-10       5.095077719468e-12      -1.112943116083e-11       1.023034243529e-14       2.204444662810e-14       4.777987772364e-15      -6.513446482387e-16 
  692       2.464947214073e-10       5.092194704762e-12      -1.134030932140e-11       1.023850811919e-14       2.192794242581e-14       4.795180874840e-15      -6.497196382295e-16 
  693       2.469538204374e-10       5.088507169908e-12      -1.154939610369e-11       1.024679272508e-14       2.181220881983e-14       4.812079170746e-15      -6.480073809090e-16 
  694       2.474358371469e-10       5.084020037603e-12      -1.175661531378e-11       1.025519722516e-14       2.169724181278e-14       4.828681016862e-15      -6.462100671355e-16 
  695       2.479404493876e-10       5.078738344016e-12      -1.196189006851e-11       1.026372259092e-14       2.158303725840e-14       4.844984775556e-15      -6.443299187440e-16 
  696       2.484673295969e-10       5.072667239269e-12      -1.216514279332e-11       1.027236979317e-14       2.146959086088e-14       4.860988814840e-15      -6.423691886646e-16 
  697       2.490161447760e-10       5.065811987906e-12      -1.236629521999e-11       1.028113980201e-14       2.135689817417e-14       4.876691508417e-15      -6.403301610392e-16 
  698       2.495865564681e-10       5.058177969366e-12      -1.256526838443e-11       1.029003358678e-14       2.124495460126e-14       4.892091235730e-15      -6.382151513402e-16 
  699       2.501782207371e-10       5.049770678458e-12      -1.276198262447e-11       1.029905211607e-14       2.113375539353e-14       4.907186382017e-15      -6.360265064873e-16 
  700       2.507907881460e-10       5.040595725833e-12      -1.295635757761e-11       1.030819635770e-14       2.102329565003e-14       4.921975338354e-15      -6.337666049660e-16 
  701       2.514239037356e-10       5.030658838455e-12      -1.314831217882e-11       1.031746727868e-14       2.091357031681e-14       4.936456501713e-15      -6.314378569444e-16 
  702       2.520772070026e-10       5.019965860081e-12      -1.333776465833e-11       1.032686584519e-14       2.080457418620e-14       4.950628275005e-15      -6.290427043918e-16 
  703       2.527503318781e-10       5.008522751726e-12      -1.352463253937e-11       1.033639302259e-14       2.069630189617e-14       4.964489067136e-15      -6.265836211956e-16 
  704       2.534429067065e-10       4.996335592141e-12      -1.370883263599e-11       1.034604977537e-14       2.058874792959e-14       4.978037293051e-15      -6.240631132794e-16 
  705       2.541545542233e-10       4.983410578285e-12      -1.389028105080e-11       1.035583706712e-14       2.048190661357e-14       4.991271373790e-15      -6.214837187207e-16 
  706       2.548848915342e-10       4.969754025799e-12      -1.406889317279e-11       1.036575586057e-14       2.037577211875e-14       5.004189736535e-15      -6.188480078684e-16 
  707       2.556335300932e-10       4.955372369476e-12      -1.424458367507e-11       1.037580711748e-14       2.027033845865e-14       5.016790814662e-15      -6.161585834605e-16 
  708       2.564000756810e-10       4.940272163740e-12      -1.441726651268e-11       1.038599179870e-14       2.016559948892e-14       5.029073047786e-15      -6.134180807418e-16 
  709       2.571841283836e-10       4.924460083112e-12      -1.458685492034e-11       1.039631086410e-14       2.006154890669e-14       5.041034881819e-15      -6.106291675819e-16 
  710       2.579852825711e-10       4.907942922688e-12      -1.475326141024e-11       1.040676527257e-14       1.995818024989e-14       5.052674769014e-15      -6.077945445924e-16 
  711       2.588031268755e-10       4.890727598613e-12      -1.491639776983e-11       1.041735598201e-14       1.985548689652e-14       5.063991168017e-15      -6.049169452447e-16 
  712       2.596372441695e-10       4.872821148549e-12      -1.507617505959e-11       1.042808394928e-14       1.975346206399e-14       5.074982543919e-15      -6.019991359879e-16 
  713       2.604872115452e-10       4.854230732154e-12      -1.523250361080e-11       1.043895013019e-14       1.965209880841e-14       5.085647368302e-15      -5.990439163663e-16 
  714       2.613526002920e-10       4.834963631550e-12      -1.538529302333e-11       1.044995547949e-14       1.955139002393e-14       5.095984119294e-15      -5.960541191372e-16 
  715       2.622329758757e-10       4.815027251801e-12      -1.553445216342e-11       1.046110095087e-14       1.945132844203e-14       5.105991281613e-15      -5.930326103884e-16 
  716       2.631278979165e-10       4.794429121382e-12      -1.567988916145e-11       1.047238749687e-14       1.935190663083e-14       5.115667346625e-15      -5.899822896562e-16 
  717       2.640369201676e-10       4.773176892654e-12      -1.582151140970e-11       1.048381606893e-14       1.925311699438e-14       5.125010812386e-15      -5.869060900425e-16 
  718       2.649595904936e-10       4.751278342338e-12      -1.595922556019e-11       1.049538761735e-14       1.915495177202e-14       5.134020183700e-15      -5.838069783333e-16 
  719       2.658954508492e-10       4.728741371986e-12      -1.609293752239e-11       1.050710309123e-14       1.905740303766e-14       5.142693972160e-15      -5.806879551156e-16 
  720       2.668440372575e-10       4.705574008458e-12      -1.622255246103e-11       1.051896343852e-14       1.896046269908e-14       5.151030696207e-15      -5.775520548957e-16 
  721       2.678048797883e-10       4.681784404390e-12      -1.634797479388e-11       1.053096960595e-14       1.886412249725e-14       5.159028881176e-15      -5.744023462163e-16 
  722       2.687775085335e-10       4.657381526172e-12      -1.646912125833e-11       1.054312210943e-14       1.876837511194e-14       5.166687180509e-15      -5.712412900496e-16 
  723       2.697614717081e-10       4.632377232154e-12      -1.658596040518e-11       1.055541973586e-14       1.867321750434e-14       5.174004741991e-15      -5.680688005177e-16 
  724       2.707563178718e-10       4.606784237357e-12      -1.669847389818e-11       1.056786081508e-14       1.857864764059e-14       5.180980849012e-15      -5.648841452333e-16 
  725       2.717615899458e-10       4.580615430399e-12      -1.680664351829e-11       1.058044364694e-14       1.848466339116e-14       5.187614800153e-15      -5.616865834466e-16 
  726       2.727768251926e-10       4.553883874128e-12      -1.691045116445e-11       1.059316650116e-14       1.839126253041e-14       5.193905909258e-15      -5.584753660159e-16 
  727       2.738015551953e-10       4.526602806253e-12      -1.700987885433e-11       1.060602761728e-14       1.829844273619e-14       5.199853505520e-15      -5.552497353772e-16 
  728       2.748353058383e-10       4.498785639978e-12      -1.710490872519e-11       1.061902520445e-14       1.820620158937e-14       5.205456933552e-15      -5.520089255150e-16 
  729       2.758775972863e-10       4.470445964628e-12      -1.719552303459e-11       1.063215744140e-14       1.811453657338e-14       5.210715553471e-15      -5.487521619322e-16 
  730       2.769279439648e-10       4.441597546283e-12      -1.728170416119e-11       1.064542247624e-14       1.802344507387e-14       5.215628740969e-15      -5.454786616202e-16 
  731       2.779858545395e-10       4.412254328411e-12      -1.736343460557e-11       1.065881842642e-14       1.793292437816e-14       5.220195887398e-15      -5.421876330288e-16 
  732       2.790508318964e-10       4.382430432497e-12      -1.744069699096e-11       1.067234337852e-14       1.784297167488e-14       5.224416399843e-15      -5.388782760371e-16 
  733       2.801223731216e-10       4.352140158672e-12      -1.751347406407e-11       1.068599538822e-14       1.775358405351e-14       5.228289701202e-15      -5.355497819229e-16 
  734       2.811999694809e-10       4.321397986350e-12      -1.758174869582e-11       1.069977248012e-14       1.766475850394e-14       5.231815230265e-15      -5.322013333333e-16 
  735       2.822831064002e-10       4.290218574854e-12      -1.764550388219e-11       1.071367264766e-14       1.757649191605e-14       5.234992441788e-15      -5.288321042549e-16 
  736       2.833712634445e-10       4.258616764050e-12      -1.770472274493e-11       1.072769385296e-14       1.748878107925e-14       5.237820806575e-15      -5.254412599834e-16 
  737       2.844639142987e-10       4.226607574977e-12      -1.775938853242e-11       1.074183402675e-14       1.740162268207e-14       5.240299811556e-15      -5.220279570945e-16 
  738       2.855605267467e-10       4.194206210478e-12      -1.780948462036e-11       1.075609106821e-14       1.731501331171e-14       5.242428959862e-15      -5.185913434136e-16 
  739       2.866605626516e-10       4.161428055834e-12      -1.785499451266e-11       1.077046284485e-14       1.722894945361e-14       5.244207770904e-15      -5.151305579861e-16 
  740       2.877634779352e-10       4.128288679391e-12      -1.789590184212e-11       1.078494719244e-14       1.714342749100e-14       5.245635780453e-15      -5.116447310475e-16 
  741       2.888687225586e-10       4.094803833193e-12      -1.793219037128e-11       1.079954191484e-14       1.705844370450e-14       5.246712540715e-15      -5.081329839937e-16 
  742       2.899757405011e-10       4.060989453615e-12      -1.796384399320e-11       1.081424478389e-14       1.697399427164e-14       5.247437620412e-15      -5.045944293509e-16 
  743       2.910839697407e-10       4.026861661991e-12      -1.799084673219e-11       1.082905353932e-14       1.689007526644e-14       5.247810604856e-15      -5.010281707462e-16 
  744       2.921928422335e-10       3.992436765248e-12      -1.801318274465e-11       1.084396588858e-14       1.680668265901e-14       5.247831096032e-15      -4.974333028771e-16 
  745       2.933017838941e-10       3.957731256535e-12      -1.803083631983e-11       1.085897950679e-14       1.672381231505e-14       5.247498712671e-15      -4.938089114823e-16 
  746       2.944102145748e-10       3.922761815857e-12      -1.804379188061e-11       1.087409203654e-14       1.664145999547e-14       5.246813090332e-15      -4.901540733117e-16 
  747       2.955175480458e-10       3.887545310701e-12      -1.805203398429e-11       1.088930108784e-14       1.655962135592e-14       5.245773881478e-15      -4.864678560962e-16 
  748       2.966231919753e-10       3.852098796675e-12      -1.805554732336e-11       1.090460423797e-14       1.647829194638e-14       5.244380755552e-15      -4.827493185182e-16 
  749       2.977265479086e-10       3.816439518132e-12      -1.805431672631e-11       1.091999903135e-14       1.639746721070e-14       5.242633399061e-15      -4.789975101819e-16 
  750       2.988270112485e-10       3.780584908804e-12      -1.804832715837e-11       1.093548297946e-14       1.631714248618e-14       5.240531515647e-15      -4.752114715830e-16 
  751       2.999239712353e-10       3.744552592435e-12      -1.803756372235e-11       1.095105356066e-14       1.623731300314e-14       5.238074826168e-15      -4.713902340792e-16 
  752       3.010168109260e-10       3.708360383409e-12      -1.802201165936e-11       1.096670822014e-14       1.615797388445e-14       5.235263068779e-15      -4.675328198603e-16 
  753       3.021049071746e-10       3.672026287384e-12      -1.800165634963e-11       1.098244436976e-14       1.607912014513e-14       5.232095999005e-15      -4.636382419183e-16 
  754       3.031876306120e-10       3.635568501920e-12      -1.797648331331e-11       1.099825938792e-14       1.600074669192e-14       5.228573389819e-15      -4.597055040175e-16 
  755       3.042643456254e-10       3.599005417113e-12      -1.794647821120e-11       1.101415061948e-14       1.592284832282e-14       5.224695031727e-15      -4.557336006649e-16 
  756       3.053344103388e-10       3.562355616226e-12      -1.791162684557e-11       1.103011537561e-14       1.584541972663e-14       5.220460732835e-15      -4.517215170801e-16 
  757       3.063971765921e-10       3.525637876319e-12      -1.787191516094e-11       1.104615093368e-14       1.576845548260e-14       5.215870318938e-15      -4.476682291658e-16 
  758       3.074519899216e-10       3.488871168880e-12      -1.782732924485e-11       1.106225453715e-14       1.569195005990e-14       5.210923633590e-15      -4.435727034774e-16 
  759       3.084981895394e-10       3.452074660459e-12      -1.777785532866e-11       1.107842339544e-14       1.561589781724e-14       5.205620538186e-15      -4.394338971936e-16 
  760       3.095351083133e-10       3.415267713294e-12      -1.772347978832e-11       1.109465468381e-14       1.554029300242e-14       5.199960912037e-15      -4.352507580867e-16 
  761       3.105621293520e-10       3.378468806574e-12      -1.766419857685e-11       1.111094549415e-14       1.546513050403e-14       5.193945383772e-15      -4.310225933680e-16 
  762       3.115788569892e-10       3.341692276250e-12      -1.760004571855e-11       1.112729268663e-14       1.539040812319e-14       5.187577540750e-15      -4.267501840415e-16 
  763       3.125849490374e-10       3.304951513978e-12      -1.753106536258e-11       1.114369303496e-14       1.531612434451e-14       5.180861762152e-15      -4.224346918531e-16 
  764       3.135800604706e-10       3.268260041234e-12      -1.745730240346e-11       1.116014327511e-14       1.524227758761e-14       5.173802491732e-15      -4.180772923964e-16 
  765       3.145638434165e-10       3.231631509725e-12      -1.737880248379e-11       1.117664010517e-14       1.516886620681e-14       5.166404238039e-15      -4.136791751591e-16 
  766       3.155359471477e-10       3.195079701793e-12      -1.729561199701e-11       1.119318018525e-14       1.509588849090e-14       5.158671574653e-15      -4.092415435696e-16 
  767       3.164960180735e-10       3.158618530828e-12      -1.720777809013e-11       1.120976013730e-14       1.502334266282e-14       5.150609140409e-15      -4.047656150434e-16 
  768       3.174436997314e-10       3.122262041671e-12      -1.711534866644e-11       1.122637654504e-14       1.495122687941e-14       5.142221639630e-15      -4.002526210298e-16 
  769       3.183786327784e-10       3.086024411027e-12      -1.701837238829e-11       1.124302595377e-14       1.487953923111e-14       5.133513842355e-15      -3.957038070581e-16 
  770       3.193004549829e-10       3.049919947868e-12      -1.691689867978e-11       1.125970487031e-14       1.480827774168e-14       5.124490584568e-15      -3.911204327842e-16 
  771       3.202088012160e-10       3.013963093841e-12      -1.681097772950e-11       1.127640976279e-14       1.473744036792e-14       5.115156768428e-15      -3.865037720374e-16 
  772       3.211033034432e-10       2.978168423681e-12      -1.670066049330e-11       1.129313706058e-14       1.466702499942e-14       5.105517362496e-15      -3.818551128664e-16 
  773       3.219835907160e-10       2.942550645614e-12      -1.658599869700e-11       1.130988315416e-14       1.459702945824e-14       5.095577401970e-15      -3.771757575861e-16 
  774       3.228492891633e-10       2.907124601764e-12      -1.646704483910e-11       1.132664439494e-14       1.452745149863e-14       5.085341988906e-15      -3.724670228239e-16 
  775       3.237000219830e-10       2.871905268568e-12      -1.634385219358e-11       1.134341709520e-14       1.445828880680e-14       5.074816292454e-15      -3.677302395667e-16 
  776       3.245354094337e-10       2.836907757174e-12      -1.621647481256e-11       1.136019752789e-14       1.438953900059e-14       5.064005549086e-15      -3.629667532065e-16 
  777       3.253550688261e-10       2.802147313856e-12      -1.608496752908e-11       1.137698192657e-14       1.432119962919e-14       5.052915062824e-15      -3.581779235878e-16 
  778       3.261586145145e-10       2.767639320421e-12      -1.594938595984e-11       1.139376648521e-14       1.425326817290e-14       5.041550205467e-15      -3.533651250536e-16 
  779       3.269456578886e-10       2.733399294612e-12      -1.580978650789e-11       1.141054735814e-14       1.418574204281e-14       5.029916416826e-15      -3.485297464919e-16 
  780       3.277158073648e-10       2.699442890523e-12      -1.566622636542e-11       1.142732065985e-14       1.411861858055e-14       5.018019204950e-15      -3.436731913824e-16 
  781       3.284686683780e-10       2.665785899000e-12      -1.551876351646e-11       1.144408246489e-14       1.405189505799e-14       5.005864146355e-15      -3.387968778429e-16 
  782       3.292038433729e-10       2.632444248054e-12      -1.536745673962e-11       1.146082880774e-14       1.398556867695e-14       4.993456886252e-15      -3.339022386757e-16 
  783       3.299209317956e-10       2.599434003267e-12      -1.521236561081e-11       1.147755568269e-14       1.391963656897e-14       4.980803138783e-15      -3.289907214142e-16 
  784       3.306195300856e-10       2.566771368197e-12      -1.505355050603e-11       1.149425904369e-14       1.385409579496e-14       4.967908687240e-15      -3.240637883696e-16 
  785       3.312992316665e-10       2.534472684792e-12      -1.489107260402e-11       1.151093480425e-14       1.378894334497e-14       4.954779384304e-15      -3.191229166768e-16 
  786       3.319596269385e-10       2.502554433792e-12      -1.472499388909e-11       1.152757883727e-14       1.372417613792e-14       4.941421152267e-15      -3.141695983415e-16 
  787       3.326003032691e-10       2.471033235140e-12      -1.455537715376e-11       1.154418697493e-14       1.365979102125e-14       4.927839983268e-15      -3.092053402864e-16 
  788       3.332208449855e-10       2.439925848389e-12      -1.438228600156e-11       1.156075500859e-14       1.359578477073e-14       4.914041939516e-15      -3.042316643979e-16 
  789       3.338208333653e-10       2.409249173110e-12      -1.420578484976e-11       1.157727868862e-14       1.353215409011e-14       4.900033153522e-15      -2.992501075722e-16 
  790       3.343998466287e-10       2.379020249300e-12      -1.402593893206e-11       1.159375372428e-14       1.346889561087e-14       4.885819828330e-15      -2.942622217622e-16 
  791       3.349574599298e-10       2.349256257788e-12      -1.384281430137e-11       1.161017578360e-14       1.340600589194e-14       4.871408237742e-15      -2.892695740239e-16 
  792       3.354932453481e-10       2.319974520646e-12      -1.365647783252e-11       1.162654049325e-14       1.334348141942e-14       4.856804726554e-15      -2.842737465628e-16 
  793       3.360067718803e-10       2.291192501595e-12      -1.346699722501e-11       1.164284343840e-14       1.328131860629e-14       4.842015710778e-15      -2.792763367802e-16 
  794       3.364976054315e-10       2.262927806413e-12      -1.327444100573e-11       1.165908016260e-14       1.321951379214e-14       4.827047677875e-15      -2.742789573203e-16 
  795       3.369653088071e-10       2.235198183342e-12      -1.307887853172e-11       1.167524616765e-14       1.315806324288e-14       4.811907186984e-15      -2.692832361162e-16 
  796       3.374094417042e-10       2.208021523499e-12      -1.288037999285e-11       1.169133691347e-14       1.309696315048e-14       4.796600869152e-15      -2.642908164364e-16 
  797       3.378295607030e-10       2.181415861279e-12      -1.267901641463e-11       1.170734781798e-14       1.303620963266e-14       4.781135427562e-15      -2.593033569315e-16 
  798       3.382252192587e-10       2.155399374768e-12      -1.247485966088e-11       1.172327425694e-14       1.297579873264e-14       4.765517637763e-15      -2.543225316807e-16 
  799       3.385959676929e-10       2.129990386145e-12      -1.226798243650e-11       1.173911156385e-14       1.291572641884e-14       4.749754347898e-15      -2.493500302380e-16 
  800       3.389414230559e-10       2.105205163212e-12      -1.205845873492e-11       1.175485538578e-14       1.285598909792e-14       4.733851331837e-15      -2.443872996534e-16 
  801       3.392614801290e-10       2.081051279169e-12      -1.184636518394e-11       1.177050275827e-14       1.279658516476e-14       4.717809825170e-15      -2.394347652821e-16 
  802       3.395561042543e-10       2.057534132524e-12      -1.163177972984e-11       1.178605104978e-14       1.273751348018e-14       4.701629926484e-15      -2.344925958547e-16 
  803       3.398252618169e-10       2.034659135008e-12      -1.141478119772e-11       1.180149760742e-14       1.267877286005e-14       4.685311738752e-15      -2.295609602138e-16 
  804       3.400689202500e-10       2.012431711564e-12      -1.119544929430e-11       1.181683975693e-14       1.262036207506e-14       4.668855369347e-15      -2.246400273119e-16 
  805       3.402870480391e-10       1.990857300344e-12      -1.097386461077e-11       1.183207480256e-14       1.256227985054e-14       4.652260930057e-15      -2.197299662097e-16 
  806       3.404796147268e-10       1.969941352708e-12      -1.075010862554e-11       1.184720002706e-14       1.250452486631e-14       4.635528537098e-15      -2.148309460743e-16 
  807       3.406465909174e-10       1.949689333219e-12      -1.052426370713e-11       1.186221269159e-14       1.244709575647e-14       4.618658311132e-15      -2.099431361771e-16 
  808       3.407879482817e-10       1.930106719636e-12      -1.029641311696e-11       1.187711003565e-14       1.238999110921e-14       4.601650377277e-15      -2.050667058925e-16 
  809       3.409036595614e-10       1.911199002914e-12      -1.006664101214e-11       1.189188927705e-14       1.233320946666e-14       4.584504865124e-15      -2.002018246954e-16 
  810       3.409936985739e-10       1.892971687200e-12      -9.835032448346e-12       1.190654761180e-14       1.227674932465e-14       4.567221908751e-15      -1.953486621599e-16 
  811       3.410580402169e-10       1.875430289825e-12      -9.601673382575e-12       1.192108221411e-14       1.222060913260e-14       4.549801646739e-15      -1.905073879575e-16 
  812       3.410966604732e-10       1.858580341305e-12      -9.366650676013e-12       1.193549023626e-14       1.216478729326e-14       4.532244222182e-15      -1.856781718548e-16 
  813       3.411095364148e-10       1.842427385333e-12      -9.130052096826e-12       1.194976880858e-14       1.210928216258e-14       4.514549782709e-15      -1.808611837121e-16 
  814       3.410966462083e-10       1.826976978777e-12      -8.891966322987e-12       1.196391503938e-14       1.205409204951e-14       4.496718480489e-15      -1.760565934813e-16 
  815       3.410579691189e-10       1.812234691678e-12      -8.652482945092e-12       1.197792601489e-14       1.199921521581e-14       4.478750472255e-15      -1.712645712046e-16 
  816       3.409934855155e-10       1.798206107242e-12      -8.411692469175e-12       1.199179879917e-14       1.194464987587e-14       4.460645919312e-15      -1.664852870117e-16 
  817       3.409031768751e-10       1.784896821839e-12      -8.169686319532e-12       1.200553043408e-14       1.189039419652e-14       4.442404987553e-15      -1.617189111192e-16 
  818       3.407870257874e-10       1.772312444997e-12      -7.926556841533e-12       1.201911793922e-14       1.183644629686e-14       4.424027847475e-15      -1.569656138276e-16 
  819       3.406450159596e-10       1.760458599399e-12      -7.682397304442e-12       1.203255831184e-14       1.178280424808e-14       4.405514674192e-15      -1.522255655204e-16 
  820       3.404771322208e-10       1.749340920883e-12      -7.437301904238e-12       1.204584852677e-14       1.172946607324e-14       4.386865647451e-15      -1.474989366616e-16 
  821       3.402833605271e-10       1.738965058429e-12      -7.191365766426e-12       1.205898553642e-14       1.167642974713e-14       4.368080951643e-15      -1.427858977945e-16 
  822       3.400636879656e-10       1.729336674164e-12      -6.944684948862e-12       1.207196627064e-14       1.162369319607e-14       4.349160775824e-15      -1.380866195392e-16 
  823       3.398181027598e-10       1.720461443353e-12      -6.697356444566e-12       1.208478763672e-14       1.157125429770e-14       4.330105313721e-15      -1.334012725914e-16 
  824       3.395465942733e-10       1.712345054396e-12      -6.449478184541e-12       1.209744651928e-14       1.151911088084e-14       4.310914763754e-15      -1.287300277202e-16 
  825       3.392491530156e-10       1.704993208828e-12      -6.201149040593e-12       1.210993978022e-14       1.146726072529e-14       4.291589329047e-15      -1.240730557663e-16 
  826       3.389257706454e-10       1.698411621307e-12      -5.952468828146e-12       1.212226425870e-14       1.141570156162e-14       4.272129217443e-15      -1.194305276404e-16 
  827       3.385764399766e-10       1.692606019617e-12      -5.703538309061e-12       1.213441677101e-14       1.136443107103e-14       4.252534641516e-15      -1.148026143210e-16 
  828       3.382011549819e-10       1.687582144662e-12      -5.454459194454e-12       1.214639411055e-14       1.131344688514e-14       4.232805818592e-15      -1.101894868530e-16 
  829       3.377999107979e-10       1.683345750461e-12      -5.205334147513e-12       1.215819304776e-14       1.126274658579e-14       4.212942970756e-15      -1.055913163457e-16 
  830       3.373727037298e-10       1.679902604147e-12      -4.956266786319e-12       1.216981033005e-14       1.121232770491e-14       4.192946324871e-15      -1.010082739709e-16 
  831       3.369195312556e-10       1.677258485957e-12      -4.707361686659e-12       1.218124268175e-14       1.116218772428e-14       4.172816112593e-15      -9.644053096096e-17 
  832       3.364403920315e-10       1.675419189236e-12      -4.458724384846e-12       1.219248680401e-14       1.111232407537e-14       4.152552570381e-15      -9.188825860738e-17 
  833       3.359352858956e-10       1.674390520427e-12      -4.210461380539e-12       1.220353937481e-14       1.106273413916e-14       4.132155939517e-15      -8.735162825866e-17 
  834       3.354042138735e-10       1.674178299070e-12      -3.962680139557e-12       1.221439704881e-14       1.101341524596e-14       4.111626466117e-15      -8.283081131853e-17 
  835       3.348471781821e-10       1.674788357796e-12      -3.715489096701e-12       1.222505645738e-14       1.096436467519e-14       4.090964401145e-15      -7.832597924420e-17 
  836       3.342641822348e-10       1.676226542326e-12      -3.468997658567e-12       1.223551420843e-14       1.091557965526e-14       4.070170000430e-15      -7.383730354445e-17 
  837       3.336552306459e-10       1.678498711465e-12      -3.223316206369e-12       1.224576688646e-14       1.086705736332e-14       4.049243524680e-15      -6.936495577788e-17 
  838       3.330203292353e-10       1.681610737098e-12      -2.978556098752e-12       1.225581105240e-14       1.081879492513e-14       4.028185239496e-15      -6.490910755103e-17 
  839       3.323595277011e-10       1.685566536073e-12      -2.734821362671e-12       1.226564377010e-14       1.077078977177e-14       4.006995748186e-15      -6.046999511913e-17 
  840       3.316730484417e-10       1.690362128331e-12      -2.492183601862e-12       1.227526419569e-14       1.072304071717e-14       3.985676996540e-15      -5.604811442395e-17 
  841       3.309611599838e-10       1.695991475400e-12      -2.250706657463e-12       1.228467201572e-14       1.067554689898e-14       3.964231285563e-15      -5.164402944521e-17 
  842       3.302241345296e-10       1.702448438809e-12      -2.010454881800e-12       1.229386692322e-14       1.062830742320e-14       3.942660940333e-15      -4.725830791469e-17 
  843       3.294622479685e-10       1.709726779744e-12      -1.771493139790e-12       1.230284861768e-14       1.058132136407e-14       3.920968310066e-15      -4.289152132536e-17 
  844       3.286757798892e-10       1.717820158713e-12      -1.533886810346e-12       1.231161680515e-14       1.053458776394e-14       3.899155768193e-15      -3.854424494060e-17 
  845       3.278650135915e-10       1.726722135203e-12      -1.297701787776e-12       1.232017119821e-14       1.048810563316e-14       3.877225712426e-15      -3.421705780337e-17 
  846       3.270302360982e-10       1.736426167343e-12      -1.063004483189e-12       1.232851151602e-14       1.044187394992e-14       3.855180564834e-15      -2.991054274533e-17 
  847       3.261717381670e-10       1.746925611564e-12      -8.298618258930e-13       1.233663748435e-14       1.039589166017e-14       3.833022771912e-15      -2.562528639610e-17 
  848       3.252898143025e-10       1.758213722263e-12      -5.983412648032e-13       1.234454883558e-14       1.035015767747e-14       3.810754804649e-15      -2.136187919238e-17 
  849       3.243847627680e-10       1.770283651460e-12      -3.685107698404e-13       1.235224530878e-14       1.030467088287e-14       3.788379158606e-15      -1.712091538714e-17 
  850       3.234568855974e-10       1.783128448460e-12      -1.404388333353e-13       1.235972664967e-14       1.025943012482e-14       3.765898353981e-15      -1.290299305878e-17 
  851       3.225064886072e-10       1.796741059516e-12       8.580552856923e-14       1.236699261070e-14       1.021443421899e-14       3.743314935684e-15      -8.708714120365e-18 
  852       3.215338814084e-10       1.811114327488e-12       3.101527745159e-13       1.237404295106e-14       1.016968194819e-14       3.720631473404e-15      -4.538684328715e-18 
  853       3.205393774182e-10       1.826240991503e-12       5.325328365299e-13       1.238087743669e-14       1.012517206222e-14       3.697850561685e-15      -3.935132936456e-19 
  854       3.195232938723e-10       1.842113686620e-12       7.528751186168e-13       1.238749584035e-14       1.008090327778e-14       3.674974819996e-15       3.726185512884e-18 
  855       3.184859518364e-10       1.858724943485e-12       9.711084953598e-13       1.239389794159e-14       1.003687427831e-14       3.652006892799e-15       7.819794747586e-18 
  856       3.174276762183e-10       1.876067187999e-12       1.187161310517e-12       1.240008352682e-14       9.993083713900e-15       3.628949449622e-15       1.188669318667e-17 
  857       3.163487957799e-10       1.894132740973e-12       1.400961375619e-12       1.240605238931e-14       9.949530201134e-15       3.605805185133e-15       1.592625571668e-17 
  858       3.152496431487e-10       1.912913817791e-12       1.612435968567e-12       1.241180432926e-14       9.906212322993e-15       3.582576819206e-15       1.993785332529e-17 
  859       3.141305548303e-10       1.932402528073e-12       1.821511832228e-12       1.241733915377e-14       9.863128628723e-15       3.559267096996e-15       2.392085309216e-17 
  860       3.129918712198e-10       1.952590875331e-12       2.028115173035e-12       1.242265667691e-14       9.820277633710e-15       3.535878789009e-15       2.787461817974e-17 
  861       3.118339366141e-10       1.973470756637e-12       2.232171659584e-12       1.242775671971e-14       9.777657819357e-15       3.512414691173e-15       3.179850782408e-17 
  862       3.106570992235e-10       1.995033962277e-12       2.433606421228e-12       1.243263911023e-14       9.735267632966e-15       3.488877624909e-15       3.569187732571e-17 
  863       3.094617111836e-10       2.017272175415e-12       2.632344046680e-12       1.243730368356e-14       9.693105487610e-15       3.465270437201e-15       3.955407804040e-17 
  864       3.082481285674e-10       2.040176971757e-12       2.828308582605e-12       1.244175028185e-14       9.651169762011e-15       3.441596000672e-15       4.338445737003e-17 
  865       3.070167113973e-10       2.063739819205e-12       3.021423532222e-12       1.244597875433e-14       9.609458800418e-15       3.417857213649e-15       4.718235875338e-17 
  866       3.057678236567e-10       2.087952077525e-12       3.211611853899e-12       1.244998895737e-14       9.567970912483e-15       3.394057000237e-15       5.094712165697e-17 
  867       3.045018333019e-10       2.112804998002e-12       3.398795959750e-12       1.245378075446e-14       9.526704373138e-15       3.370198310391e-15       5.467808156591e-17 
  868       3.032191122743e-10       2.138289723106e-12       3.582897714234e-12       1.245735401627e-14       9.485657422472e-15       3.346284119986e-15       5.837456997467e-17 
  869       3.019200365121e-10       2.164397286149e-12       3.763838432750e-12       1.246070862067e-14       9.444828265610e-15       3.322317430887e-15       6.203591437794e-17 
  870       3.006049859623e-10       2.191118610949e-12       3.941538880239e-12       1.246384445274e-14       9.404215072586e-15       3.298301271024e-15       6.566143826146e-17 
  871       2.992743445926e-10       2.218444511489e-12       4.115919269776e-12       1.246676140484e-14       9.363815978223e-15       3.274238694459e-15       6.925046109281e-17 
  872       2.979285004031e-10       2.246365691579e-12       4.286899261171e-12       1.246945937657e-14       9.323629082008e-15       3.250132781459e-15       7.280229831228e-17 
  873       2.965678454385e-10       2.274872744516e-12       4.454397959566e-12       1.247193827487e-14       9.283652447971e-15       3.225986638566e-15       7.631626132364e-17 
  874       2.951927757998e-10       2.303956152744e-12       4.618333914031e-12       1.247419801399e-14       9.243884104560e-15       3.201803398671e-15       7.979165748502e-17 
  875       2.938036916564e-10       2.333606287520e-12       4.778625116163e-12       1.247623851555e-14       9.204322044518e-15       3.177586221083e-15       8.322779009969e-17 
  876       2.924009972578e-10       2.363813408569e-12       4.935188998681e-12       1.247805970856e-14       9.164964224762e-15       3.153338291599e-15       8.662395840692e-17 
  877       2.909851009455e-10       2.394567663747e-12       5.087942434028e-12       1.247966152942e-14       9.125808566259e-15       3.129062822578e-15       8.997945757276e-17 
  878       2.895564105901e-10       2.425858529358e-12       5.236813492295e-12       1.248104428638e-14       9.086853205077e-15       3.104763154880e-15       9.329377260619e-17 
  879       2.881153197936e-10       2.457673121587e-12       5.381776932111e-12       1.248220975928e-14       9.048097250371e-15       3.080443065411e-15       9.656716365964e-17 
  880       2.866622214812e-10       2.489997856318e-12       5.522819297078e-12       1.248316011814e-14       9.009540038756e-15       3.056106464832e-15       9.980009044203e-17 
  881       2.851975124668e-10       2.522819005510e-12       5.659927210350e-12       1.248389756049e-14       8.971180884192e-15       3.031757296241e-15       1.029930191964e-16 
  882       2.837215934639e-10       2.556122696767e-12       5.793087375055e-12       1.248442431146e-14       8.933019077899e-15       3.007399535261e-15       1.061464227210e-16 
  883       2.822348690971e-10       2.589894912919e-12       5.922286574723e-12       1.248474262387e-14       8.895053888271e-15       2.983037190124e-15       1.092607803901e-16 
  884       2.807377479131e-10       2.624121491590e-12       6.047511673711e-12       1.248485477833e-14       8.857284560797e-15       2.958674301760e-15       1.123365781751e-16 
  885       2.792306423921e-10       2.658788124774e-12       6.168749617631e-12       1.248476308328e-14       8.819710317969e-15       2.934314943885e-15       1.153743086654e-16 
  886       2.777139689586e-10       2.693880358411e-12       6.285987433772e-12       1.248446987511e-14       8.782330359206e-15       2.909963223085e-15       1.183744710896e-16 
  887       2.761881479932e-10       2.729383591956e-12       6.399212231531e-12       1.248397751824e-14       8.745143860766e-15       2.885623278906e-15       1.213375713362e-16 
  888       2.746536038432e-10       2.765283077959e-12       6.508411202833e-12       1.248328840518e-14       8.708149975662e-15       2.861299283938e-15       1.242641219746e-16 
  889       2.731107648341e-10       2.801563921634e-12       6.613571622562e-12       1.248240495666e-14       8.671347833579e-15       2.836995443904e-15       1.271546422763e-16 
  890       2.715600632809e-10       2.838211080436e-12       6.714680848984e-12       1.248132962164e-14       8.634736540788e-15       2.812715997749e-15       1.300096582358e-16 
  891       2.700019354989e-10       2.875209363634e-12       6.811726324173e-12       1.248006487748e-14       8.598315180068e-15       2.788465217722e-15       1.328297025915e-16 
  892       2.684368218153e-10       2.912543431883e-12       6.904695574438e-12       1.247861322996e-14       8.562082810612e-15       2.764247409466e-15       1.356153148465e-16 
  893       2.668651665801e-10       2.950197796804e-12       6.993576210749e-12       1.247697721339e-14       8.526038467952e-15       2.740066912106e-15       1.383670412901e-16 
  894       2.652874181776e-10       2.988156820550e-12       7.078355929162e-12       1.247515939068e-14       8.490181163872e-15       2.715928098333e-15       1.410854350183e-16 
  895       2.637040290373e-10       3.026404715386e-12       7.159022511244e-12       1.247316235344e-14       8.454509886320e-15       2.691835374493e-15       1.437710559548e-16 
  896       2.621154556450e-10       3.064925543261e-12       7.235563824501e-12       1.247098872206e-14       8.419023599331e-15       2.667793180674e-15       1.464244708723e-16 
  897       2.605221585546e-10       3.103703215380e-12       7.307967822802e-12       1.246864114577e-14       8.383721242937e-15       2.643805990794e-15       1.490462534133e-16 
  898       2.589246023987e-10       3.142721491781e-12       7.376222546807e-12       1.246612230278e-14       8.348601733089e-15       2.619878312683e-15       1.516369841110e-16 
  899       2.573232558999e-10       3.181963980909e-12       7.440316124392e-12       1.246343490030e-14       8.313663961565e-15       2.596014688177e-15       1.541972504103e-16 
  900       2.557185918822e-10       3.221414139188e-12       7.500236771071e-12       1.246058167464e-14       8.278906795894e-15       2.572219693200e-15       1.567276466890e-16 
  901       2.541110872821e-10       3.261055270595e-12       7.555972790429e-12       1.245756539133e-14       8.244329079266e-15       2.548497937853e-15       1.592287742783e-16 
  902       2.525012231597e-10       3.300870526235e-12       7.607512574543e-12       1.245438884516e-14       8.209929630452e-15       2.524854066501e-15       1.617012414844e-16 
  903       2.508894847100e-10       3.340842903915e-12       7.654844604409e-12       1.245105486030e-14       8.175707243719e-15       2.501292757859e-15       1.641456636089e-16 
  904       2.492763612740e-10       3.380955247719e-12       7.697957450367e-12       1.244756629035e-14       8.141660688742e-15       2.477818725079e-15       1.665626629703e-16 
  905       2.476623463500e-10       3.421190247580e-12       7.736839772530e-12       1.244392601843e-14       8.107788710528e-15       2.454436715839e-15       1.689528689244e-16 
  906       2.460479376048e-10       3.461530438852e-12       7.771480321206e-12       1.244013695730e-14       8.074090029323e-15       2.431151512427e-15       1.713169178857e-16 
  907       2.444336368848e-10       3.501958201892e-12       7.801867937325e-12       1.243620204940e-14       8.040563340536e-15       2.407967931832e-15       1.736554533485e-16 
  908       2.428199502272e-10       3.542455761623e-12       7.827991552869e-12       1.243212426694e-14       8.007207314650e-15       2.384890825826e-15       1.759691259073e-16 
  909       2.412073878713e-10       3.583005187119e-12       7.849840191289e-12       1.242790661201e-14       7.974020597137e-15       2.361925081056e-15       1.782585932783e-16 
  910       2.395964642695e-10       3.623588391169e-12       7.867402967940e-12       1.242355211665e-14       7.941001808381e-15       2.339075619125e-15       1.805245203201e-16 
  911       2.379876980989e-10       3.664187129859e-12       7.880669090503e-12       1.241906384291e-14       7.908149543586e-15       2.316347396686e-15       1.827675790549e-16 
  912       2.363816122718e-10       3.704783002141e-12       7.889627859409e-12       1.241444488297e-14       7.875462372695e-15       2.293745405525e-15       1.849884486892e-16 
  913       2.347787339476e-10       3.745357449409e-12       7.894268668268e-12       1.240969835921e-14       7.842938840309e-15       2.271274672647e-15       1.871878156351e-16 
  914       2.331795945437e-10       3.785891755072e-12       7.894581004293e-12       1.240482742428e-14       7.810577465598e-15       2.248940260366e-15       1.893663735310e-16 
  915       2.315847297465e-10       3.826367044130e-12       7.890554448728e-12       1.239983526121e-14       7.778376742220e-15       2.226747266390e-15       1.915248232626e-16 
  916       2.299946795230e-10       3.866764282745e-12       7.882178677270e-12       1.239472508345e-14       7.746335138235e-15       2.204700823909e-15       1.936638729841e-16 
  917       2.284099443946e-10       3.907065419726e-12       7.869451761970e-12       1.238950012125e-14       7.714451277675e-15       2.182804655164e-15       1.957840026173e-16 
  918       2.268308534737e-10       3.947256831760e-12       7.852405220914e-12       1.238416358004e-14       7.682724488577e-15       2.161056706752e-15       1.978847531987e-16 
  919       2.252576943483e-10       3.987325932189e-12       7.831079368249e-12       1.237871868155e-14       7.651154263504e-15       2.139453444994e-15       1.999654262580e-16 
  920       2.236907566334e-10       4.027260033819e-12       7.805515050475e-12       1.237316867754e-14       7.619740078635e-15       2.117991296036e-15       2.020253183023e-16 
  921       2.221303319757e-10       4.067046348652e-12       7.775753648053e-12       1.236751684994e-14       7.588481393701e-15       2.096666645728e-15       2.040637208029e-16 
  922       2.205767140594e-10       4.106671987623e-12       7.741837077019e-12       1.236176651087e-14       7.557377651929e-15       2.075475839504e-15       2.060799201828e-16 
  923       2.190301986101e-10       4.146123960338e-12       7.703807790586e-12       1.235592100278e-14       7.526428279981e-15       2.054415182266e-15       2.080731978043e-16 
  924       2.174910834006e-10       4.185389174810e-12       7.661708780757e-12       1.234998369848e-14       7.495632687903e-15       2.033480938262e-15       2.100428299563e-16 
  925       2.159596682553e-10       4.224454437197e-12       7.615583579936e-12       1.234395800128e-14       7.464990269059e-15       2.012669330966e-15       2.119880878416e-16 
  926       2.144362550557e-10       4.263306451536e-12       7.565476262534e-12       1.233784734503e-14       7.434500400076e-15       1.991976542962e-15       2.139082375646e-16 
  927       2.129211477447e-10       4.301931819482e-12       7.511431446580e-12       1.233165519418e-14       7.404162440788e-15       1.971398715824e-15       2.158025401183e-16 
  928       2.114146523321e-10       4.340317040046e-12       7.453494295330e-12       1.232538504394e-14       7.373975734175e-15       1.950931949993e-15       2.176702513720e-16 
  929       2.099170768994e-10       4.378448509328e-12       7.391710518876e-12       1.231904042028e-14       7.343939606305e-15       1.930572304663e-15       2.195106220587e-16 
  930       2.084287316046e-10       4.416312520257e-12       7.326126375754e-12       1.231262488007e-14       7.314053366278e-15       1.910315797660e-15       2.213228977621e-16 
  931       2.069499286873e-10       4.453895262325e-12       7.256788674557e-12       1.230614201111e-14       7.284316306165e-15       1.890158405320e-15       2.231063189047e-16 
  932       2.054809824739e-10       4.491182821327e-12       7.183744775540e-12       1.229959543227e-14       7.254727700953e-15       1.870096062373e-15       2.248601207347e-16 
  933       2.040222093820e-10       4.528161179096e-12       7.107042592231e-12       1.229298879353e-14       7.225286808485e-15       1.850124661824e-15       2.265835333133e-16 
  934       2.025739279258e-10       4.564816213238e-12       7.026730593043e-12       1.228632577606e-14       7.195992869401e-15       1.830240054833e-15       2.282757815026e-16 
  935       2.011364587209e-10       4.601133696874e-12       6.942857802876e-12       1.227961009233e-14       7.166845107082e-15       1.810438050592e-15       2.299360849526e-16 
  936       1.997101244892e-10       4.637099298369e-12       6.855473804736e-12       1.227284548618e-14       7.137842727592e-15       1.790714416214e-15       2.315636580889e-16 
  937       1.982952500642e-10       4.672698581077e-12       6.764628741335e-12       1.226603573288e-14       7.108984919616e-15       1.771064876606e-15       2.331577100997e-16 
  938       1.968921623954e-10       4.707917003073e-12       6.670373316706e-12       1.225918463924e-14       7.080270854408e-15       1.751485114354e-15       2.347174449236e-16 
  939       1.955011905538e-10       4.742739916888e-12       6.572758797812e-12       1.225229604370e-14       7.051699685728e-15       1.731970769602e-15       2.362420612368e-16 
  940       1.941226657365e-10       4.777152569252e-12       6.471837016150e-12       1.224537381635e-14       7.023270549784e-15       1.712517439935e-15       2.377307524406e-16 
  941       1.927569212718e-10       4.811140100824e-12       6.367660369369e-12       1.223842185909e-14       6.994982565179e-15       1.693120680255e-15       2.391827066486e-16 
  942       1.914042926242e-10       4.844687545936e-12       6.260281822870e-12       1.223144410567e-14       6.966834832845e-15       1.673776002669e-15       2.405971066746e-16 
  943       1.900651173991e-10       4.877779832321e-12       6.149754911422e-12       1.222444452178e-14       6.938826435993e-15       1.654478876364e-15       2.419731300192e-16 
  944       1.887397353483e-10       4.910401780858e-12       6.036133740768e-12       1.221742710511e-14       6.910956440048e-15       1.635224727490e-15       2.433099488579e-16 
  945       1.874284883744e-10       4.942538105304e-12       5.919472989237e-12       1.221039588548e-14       6.883223892597e-15       1.616008939039e-15       2.446067300285e-16 
  946       1.861317205359e-10       4.974173412032e-12       5.799827909348e-12       1.220335492488e-14       6.855627823324e-15       1.596826850730e-15       2.458626350178e-16 
  947       1.848497780525e-10       5.005292199767e-12       5.677254329426e-12       1.219630831755e-14       6.828167243959e-15       1.577673758884e-15       2.470768199497e-16 
  948       1.835830093095e-10       5.035878859325e-12       5.551808655205e-12       1.218926019011e-14       6.800841148215e-15       1.558544916310e-15       2.482484355726e-16 
  949       1.823317648633e-10       5.065917673347e-12       5.423547871442e-12       1.218221470158e-14       6.773648511730e-15       1.539435532184e-15       2.493766272462e-16 
  950       1.810963974460e-10       5.095392816038e-12       5.292529543524e-12       1.217517604351e-14       6.746588292014e-15       1.520340771927e-15       2.504605349295e-16 
  951       1.798772619706e-10       5.124288352903e-12       5.158811819078e-12       1.216814844002e-14       6.719659428384e-15       1.501255757091e-15       2.514992931680e-16 
  952       1.786747155356e-10       5.152588240482e-12       5.022453429578e-12       1.216113614792e-14       6.692860841911e-15       1.482175565234e-15       2.524920310810e-16 
  953       1.774891174303e-10       5.180276326089e-12       4.883513691958e-12       1.215414345678e-14       6.666191435358e-15       1.463095229807e-15       2.534378723490e-16 
  954       1.763208291399e-10       5.207336347550e-12       4.742052510220e-12       1.214717468900e-14       6.639650093125e-15       1.444009740029e-15       2.543359352016e-16 
  955       1.751702143498e-10       5.233751932935e-12       4.598130377040e-12       1.214023419988e-14       6.613235681190e-15       1.424914040772e-15       2.551853324040e-16 
  956       1.740375851034e-10       5.259508699581e-12       4.451808947028e-12       1.213332601509e-14       6.586947176632e-15       1.405804792564e-15       2.559854340746e-16 
  957       1.729230393624e-10       5.284600586805e-12       4.303152762832e-12       1.212645273671e-14       6.560784058488e-15       1.386685681299e-15       2.567366605589e-16 
  958       1.718266209743e-10       5.309023619407e-12       4.152227558596e-12       1.211961662058e-14       6.534745922752e-15       1.367562189403e-15       2.574397016422e-16 
  959       1.707483732937e-10       5.332773817168e-12       3.999099692384e-12       1.211281993754e-14       6.508832353292e-15       1.348439843173e-15       2.580952548405e-16 
  960       1.696883391801e-10       5.355847194866e-12       3.843836147863e-12       1.210606497343e-14       6.483042921811e-15       1.329324212892e-15       2.587040254218e-16 
  961       1.686465609956e-10       5.378239762284e-12       3.686504535990e-12       1.209935402912e-14       6.457377187807e-15       1.310220912937e-15       2.592667264285e-16 
  962       1.676230806028e-10       5.399947524225e-12       3.527173096696e-12       1.209268942055e-14       6.431834698525e-15       1.291135601893e-15       2.597840786990e-16 
  963       1.666179393629e-10       5.420966480524e-12       3.365910700569e-12       1.208607347879e-14       6.406414988926e-15       1.272073982662e-15       2.602568108895e-16 
  964       1.656311781337e-10       5.441292626056e-12       3.202786850537e-12       1.207950855002e-14       6.381117581637e-15       1.253041802579e-15       2.606856594964e-16 
  965       1.646628372668e-10       5.460921950754e-12       3.037871683555e-12       1.207299699562e-14       6.355941986916e-15       1.234044853521e-15       2.610713688774e-16 
  966       1.637129566064e-10       5.479850439619e-12       2.871235972289e-12       1.206654119216e-14       6.330887702606e-15       1.215088972016e-15       2.614146912740e-16 
  967       1.627815754866e-10       5.498074072728e-12       2.702951126797e-12       1.206014353147e-14       6.305954214098e-15       1.196180039361e-15       2.617163868329e-16 
  968       1.618687327296e-10       5.515588825255e-12       2.533089196218e-12       1.205380642064e-14       6.281140994287e-15       1.177323981728e-15       2.619772236286e-16 
  969       1.609744666433e-10       5.532390667472e-12       2.361722870453e-12       1.204753228210e-14       6.256447503533e-15       1.158526770278e-15       2.621979776842e-16 
  970       1.600988150195e-10       5.548475564771e-12       2.188925481849e-12       1.204132355359e-14       6.231873189618e-15       1.139794421273e-15       2.623794329944e-16 
  971       1.592418151316e-10       5.563839477670e-12       2.014771006885e-12       1.203518268825e-14       6.207417487706e-15       1.121132996188e-15       2.625223815466e-16 
  972       1.584035037327e-10       5.578478361828e-12       1.839334067855e-12       1.202911215463e-14       6.183079820303e-15       1.102548601819e-15       2.626276233430e-16 
  973       1.575839170531e-10       5.592388168056e-12       1.662689934553e-12       1.202311443673e-14       6.158859597213e-15       1.084047390401e-15       2.626959664226e-16 
  974       1.567830907987e-10       5.605564842328e-12       1.484914525958e-12       1.201719203404e-14       6.134756215498e-15       1.065635559713e-15       2.627282268831e-16 
  975       1.560010601486e-10       5.618004325797e-12       1.306084411915e-12       1.201134746154e-14       6.110769059438e-15       1.047319353194e-15       2.627252289024e-16 
  976       1.552378597529e-10       5.629702554803e-12       1.126276814823e-12       1.200558324980e-14       6.086897500490e-15       1.029105060055e-15       2.626878047609e-16 
  977       1.544935237310e-10       5.640655460886e-12       9.455696113175e-13       1.199990194493e-14       6.063140897244e-15       1.010999015386e-15       2.626167948634e-16 
  978       1.537680856691e-10       5.650858970799e-12       7.640413339537e-13       1.199430610869e-14       6.039498595386e-15       9.930076002723e-16       2.625130477603e-16 
  979       1.530615786181e-10       5.660309006522e-12       5.817711728928e-13       1.198879831848e-14       6.015969927655e-15       9.751372419053e-16       2.623774201705e-16 
  980       1.523740350919e-10       5.669001485270e-12       3.988389775852e-13       1.198338116740e-14       5.992554213798e-15       9.573944136925e-16       2.622107770025e-16 
  981       1.517054870648e-10       5.676932319506e-12       2.153252584548e-13       1.197805726425e-14       5.969250760537e-15       9.397856353702e-16       2.620139913765e-16 
  982       1.510559659699e-10       5.684097416957e-12       3.131118858311e-14       1.197282923361e-14       5.946058861520e-15       9.223174731151e-16       2.617879446464e-16 
  983       1.504255026965e-10       5.690492680621e-12      -1.531213946062e-13       1.196769971582e-14       5.922977797287e-15       9.049965396561e-16       2.615335264215e-16 
  984       1.498141275883e-10       5.696114008783e-12      -3.378899876632e-13       1.196267136708e-14       5.900006835221e-15       8.878294943857e-16       2.612516345885e-16 
  985       1.492218704412e-10       5.700957295024e-12      -5.229114194277e-13       1.195774685941e-14       5.877145229513e-15       8.708230434718e-16       2.609431753334e-16 
  986       1.486487605012e-10       5.705018428237e-12      -7.081018493447e-13       1.195292888074e-14       5.854392221121e-15       8.539839399690e-16       2.606090631631e-16 
  987       1.480948264624e-10       5.708293292634e-12      -8.933767657803e-13       1.194822013493e-14       5.831747037723e-15       8.373189839309e-16       2.602502209279e-16 
  988       1.475600964648e-10       5.710777767763e-12      -1.078650984337e-12       1.194362334180e-14       5.809208893681e-15       8.208350225214e-16       2.598675798424e-16 
  989       1.470445980920e-10       5.712467728516e-12      -1.263838646171e-12       1.193914123715e-14       5.786776990001e-15       8.045389501261e-16       2.594620795085e-16 
  990       1.465483583695e-10       5.713359045144e-12      -1.448853216306e-12       1.193477657282e-14       5.764450514286e-15       7.884377084646e-16       2.590346679364e-16 
  991       1.460714037624e-10       5.713447583270e-12      -1.633607481950e-12       1.193053211671e-14       5.742228640700e-15       7.725382867015e-16       2.585863015668e-16 
  992       1.456137601732e-10       5.712729203896e-12      -1.818013550812e-12       1.192641065281e-14       5.720110529926e-15       7.568477215584e-16       2.581179452929e-16 
  993       1.451754529399e-10       5.711199763420e-12      -2.001982849414e-12       1.192241498125e-14       5.698095329121e-15       7.413730974258e-16       2.576305724821e-16 
  994       1.447565068338e-10       5.708855113648e-12      -2.185426121412e-12       1.191854791833e-14       5.676182171882e-15       7.261215464739e-16       2.571251649979e-16 
  995       1.443569120269e-10       5.705692876241e-12      -2.368260102205e-12       1.191481182550e-14       5.654370274300e-15       7.110985833196e-16       2.566025536751e-16 
  996       1.439765214524e-10       5.701717794581e-12      -2.550427653499e-12       1.191120718880e-14       5.632659224779e-15       6.963030820182e-16       2.560629371362e-16 
  997       1.436151519334e-10       5.696936460496e-12      -2.731877920975e-12       1.190773401864e-14       5.611048698389e-15       6.817322255561e-16       2.555063559544e-16 
  998       1.432726180705e-10       5.691355547170e-12      -2.912559683909e-12       1.190439231895e-14       5.589538361129e-15       6.673831645210e-16       2.549328515631e-16 
  999       1.429487322355e-10       5.684981809373e-12      -3.092421354303e-12       1.190118208710e-14       5.568127869889e-15       6.532530170121e-16       2.543424662579e-16 
 1000       1.426433045653e-10       5.677822083685e-12      -3.271410976006e-12       1.189810331396e-14       5.546816872424e-15       6.393388685500e-16       2.537352431996e-16 
 1001       1.423561429553e-10       5.669883288721e-12      -3.449476223837e-12       1.189515598379e-14       5.525605007326e-15       6.256377719868e-16       2.531112264163e-16 
 1002       1.420870530538e-10       5.661172425364e-12      -3.626564402713e-12       1.189234007426e-14       5.504491903992e-15       6.121467474159e-16       2.524704608062e-16 
 1003       1.418358382551e-10       5.651696576987e-12      -3.802622446767e-12       1.188965555646e-14       5.483477182595e-15       5.988627820823e-16       2.518129921405e-16 
 1004       1.416022996939e-10       5.641462909683e-12      -3.977596918481e-12       1.188710239481e-14       5.462560454056e-15       5.857828302923e-16       2.511388670652e-16 
 1005       1.413862362385e-10       5.630478672490e-12      -4.151434007801e-12       1.188468054706e-14       5.441741320012e-15       5.729038133237e-16       2.504481331043e-16 
 1006       1.411874444851e-10       5.618751197618e-12      -4.324079531267e-12       1.188238996431e-14       5.421019372790e-15       5.602226193356e-16       2.497408386620e-16 
 1007       1.410057187511e-10       5.606287900677e-12      -4.495478931137e-12       1.188023059091e-14       5.400394195374e-15       5.477361032786e-16       2.490170330256e-16 
 1008       1.408408510693e-10       5.593096280905e-12      -4.665577274508e-12       1.187820236453e-14       5.379865361376e-15       5.354410868046e-16       2.482767663675e-16 
 1009       1.406926311814e-10       5.579183921390e-12      -4.834319252442e-12       1.187630521604e-14       5.359432435011e-15       5.233343581769e-16       2.475200897485e-16 
 1010       1.405608465318e-10       5.564558489305e-12      -5.001649179090e-12       1.187453906955e-14       5.339094971061e-15       5.114126721804e-16       2.467470551196e-16 
 1011       1.404452822616e-10       5.549227736126e-12      -5.167510990818e-12       1.187290384239e-14       5.318852514850e-15       4.996727500310e-16       2.459577153252e-16 
 1012       1.403457212019e-10       5.533199497868e-12      -5.331848245328e-12       1.187139944503e-14       5.298704602211e-15       4.881112792863e-16       2.451521241052e-16 
 1013       1.402619438683e-10       5.516481695303e-12      -5.494604120784e-12       1.187002578114e-14       5.278650759462e-15       4.767249137551e-16       2.443303360978e-16 
 1014       1.401937284539e-10       5.499082334195e-12      -5.655721414935e-12       1.186878274748e-14       5.258690503371e-15       4.655102734075e-16       2.434924068420e-16 
 1015       1.401408508236e-10       5.481009505521e-12      -5.815142544242e-12       1.186767023394e-14       5.238823341128e-15       4.544639442853e-16       2.426383927801e-16 
 1016       1.401030845078e-10       5.462271385702e-12      -5.972809543000e-12       1.186668812350e-14       5.219048770317e-15       4.435824784111e-16       2.417683512604e-16 
 1017       1.400802006959e-10       5.442876236826e-12      -6.128664062460e-12       1.186583629219e-14       5.199366278886e-15       4.328623936994e-16       2.408823405396e-16 
 1018       1.400719682303e-10       5.422832406881e-12      -6.282647369957e-12       1.186511460909e-14       5.179775345116e-15       4.223001738656e-16       2.399804197853e-16 
 1019       1.400781536002e-10       5.402148329974e-12      -6.434700348035e-12       1.186452293630e-14       5.160275437595e-15       4.118922683367e-16       2.390626490790e-16 
 1020       1.400985209354e-10       5.380832526566e-12      -6.584763493566e-12       1.186406112890e-14       5.140866015184e-15       4.016350921609e-16       2.381290894181e-16 
 1021       1.401328319998e-10       5.358893603693e-12      -6.732776916877e-12       1.186372903496e-14       5.121546526989e-15       3.915250259178e-16       2.371798027187e-16 
 1022       1.401808461855e-10       5.336340255195e-12      -6.878680340878e-12       1.186352649549e-14       5.102316412336e-15       3.815584156282e-16       2.362148518182e-16 
 1023       1.402423205064e-10       5.313181261944e-12      -7.022413100178e-12       1.186345334441e-14       5.083175100733e-15       3.717315726643e-16       2.352343004778e-16 
 1024       1.403170095920e-10       5.289425492071e-12      -7.163914140216e-12       1.186350940858e-14       5.064122011848e-15       3.620407736595e-16       2.342382133852e-16 
 1025       1.404046656813e-10       5.265081901191e-12      -7.303122016384e-12       1.186369450771e-14       5.045156555477e-15       3.524822604187e-16       2.332266561569e-16 
 1026       1.405050386163e-10       5.240159532630e-12      -7.439974893148e-12       1.186400845437e-14       5.026278131513e-15       3.430522398278e-16       2.321996953408e-16 
 1027       1.406178758361e-10       5.214667517655e-12      -7.574410543175e-12       1.186445105397e-14       5.007486129918e-15       3.337468837643e-16       2.311573984191e-16 
 1028       1.407429223704e-10       5.188615075698e-12      -7.706366346456e-12       1.186502210474e-14       4.988779930695e-15       3.245623290068e-16       2.300998338103e-16 
 1029       1.408799208335e-10       5.162011514584e-12      -7.835779289432e-12       1.186572139769e-14       4.970158903854e-15       3.154946771450e-16       2.290270708724e-16 
 1030       1.410286114180e-10       5.134866230759e-12      -7.962585964115e-12       1.186654871659e-14       4.951622409387e-15       3.065399944902e-16       2.279391799048e-16 
 1031       1.411887318885e-10       5.107188709514e-12      -8.086722567216e-12       1.186750383796e-14       4.933169797236e-15       2.976943119849e-16       2.268362321513e-16 
 1032       1.413600175752e-10       5.078988525216e-12      -8.208124899265e-12       1.186858653104e-14       4.914800407267e-15       2.889536251125e-16       2.257182998026e-16 
 1033       1.415422013684e-10       5.050275341532e-12      -8.326728363740e-12       1.186979655776e-14       4.896513569234e-15       2.803138938082e-16       2.245854559988e-16 
 1034       1.417350146225e-10       5.021059360248e-12      -8.442477370958e-12       1.187113338033e-14       4.878308676585e-15       2.717715537597e-16       2.234377635215e-16 
 1035       1.419381898981e-10       4.991352674222e-12      -8.555353697047e-12       1.187259527949e-14       4.860185409061e-15       2.633250584064e-16       2.222752406913e-16 
 1036       1.421514582467e-10       4.961167933994e-12      -8.665348523904e-12       1.187418022373e-14       4.842143513180e-15       2.549733585478e-16       2.210978949935e-16 
 1037       1.423745482968e-10       4.930517901210e-12      -8.772453070928e-12       1.187588616055e-14       4.824182728675e-15       2.467153928945e-16       2.199057343462e-16 
 1038       1.426071862481e-10       4.899415448897e-12      -8.876658595201e-12       1.187771101636e-14       4.806302788468e-15       2.385500880357e-16       2.186987671017e-16 
 1039       1.428490958651e-10       4.867873561739e-12      -8.977956391666e-12       1.187965269646e-14       4.788503418653e-15       2.304763584062e-16       2.174770020478e-16 
 1040       1.430999984711e-10       4.835905336356e-12      -9.076337793306e-12       1.188170908495e-14       4.770784338473e-15       2.224931062543e-16       2.162404484088e-16 
 1041       1.433596129422e-10       4.803523981582e-12      -9.171794171322e-12       1.188387804473e-14       4.753145260299e-15       2.145992216085e-16       2.149891158470e-16 
 1042       1.436276557008e-10       4.770742818739e-12      -9.264316935314e-12       1.188615741735e-14       4.735585889608e-15       2.067935822454e-16       2.137230144640e-16 
 1043       1.439038407099e-10       4.737575281916e-12      -9.353897533457e-12       1.188854502306e-14       4.718105924963e-15       1.990750536565e-16       2.124421548019e-16 
 1044       1.441878794667e-10       4.704034918249e-12      -9.440527452679e-12       1.189103866069e-14       4.700705057993e-15       1.914424890160e-16       2.111465478447e-16 
 1045       1.444794809966e-10       4.670135388193e-12      -9.524198218845e-12       1.189363610760e-14       4.683382973367e-15       1.838947291480e-16       2.098362050195e-16 
 1046       1.447783518471e-10       4.635890465805e-12      -9.604901396929e-12       1.189633511965e-14       4.666139348778e-15       1.764306024936e-16       2.085111381978e-16 
 1047       1.450841960815e-10       4.601314039016e-12      -9.682628591199e-12       1.189913343111e-14       4.648973854919e-15       1.690489250785e-16       2.071713596968e-16 
 1048       1.453967152731e-10       4.566420109911e-12      -9.757371445391e-12       1.190202875465e-14       4.631886155463e-15       1.617485004803e-16       2.058168822807e-16 
 1049       1.457156084987e-10       4.531222795007e-12      -9.829121642890e-12       1.190501878122e-14       4.614875907042e-15       1.545281197958e-16       2.044477191621e-16 
 1050       1.460405723328e-10       4.495736325528e-12      -9.897870906908e-12       1.190810118007e-14       4.597942759224e-15       1.473865616083e-16       2.030638840030e-16 
 1051       1.463713008412e-10       4.459975047685e-12      -9.963611000663e-12       1.191127359864e-14       4.581086354492e-15       1.403225919548e-16       2.016653909164e-16 
 1052       1.467074855751e-10       4.423953422949e-12      -1.002633372756e-11       1.191453366251e-14       4.564306328226e-15       1.333349642939e-16       2.002522544673e-16 
 1053       1.470488155650e-10       4.387686028333e-12      -1.008603093136e-11       1.191787897536e-14       4.547602308678e-15       1.264224194723e-16       1.988244896744e-16 
 1054       1.473949773142e-10       4.351187556667e-12      -1.014269449637e-11       1.192130711891e-14       4.530973916952e-15       1.195836856930e-16       1.973821120108e-16 
 1055       1.477456547934e-10       4.314472816877e-12      -1.019631634763e-11       1.192481565288e-14       4.514420766985e-15       1.128174784817e-16       1.959251374060e-16 
 1056       1.481005294336e-10       4.277556734257e-12      -1.024688845106e-11       1.192840211489e-14       4.497942465522e-15       1.061225006552e-16       1.944535822464e-16 
 1057       1.484592801209e-10       4.240454350753e-12      -1.029440281368e-11       1.193206402045e-14       4.481538612098e-15       9.949744228773e-17       1.929674633775e-16 
 1058       1.488215831898e-10       4.203180825237e-12      -1.033885148373e-11       1.193579886287e-14       4.465208799013e-15       9.294098067904e-17       1.914667981041e-16 
 1059       1.491871124174e-10       4.165751433785e-12      -1.038022655094e-11       1.193960411324e-14       4.448952611316e-15       8.645178032129e-17       1.899516041928e-16 
 1060       1.495555390170e-10       4.128181569951e-12      -1.041852014660e-11       1.194347722034e-14       4.432769626780e-15       8.002849286658e-17       1.884218998721e-16 
 1061       1.499265316322e-10       4.090486745052e-12      -1.045372444383e-11       1.194741561061e-14       4.416659415882e-15       7.366975709423e-17       1.868777038348e-16 
 1062       1.502997563307e-10       4.052682588436e-12      -1.048583165771e-11       1.195141668806e-14       4.400621541782e-15       6.737419887812e-17       1.853190352383e-16 
 1063       1.506748765982e-10       4.014784847767e-12      -1.051483404548e-11       1.195547783427e-14       4.384655560299e-15       6.114043115403e-17       1.837459137066e-16 
 1064       1.510515533323e-10       3.976809389296e-12      -1.054072390668e-11       1.195959640828e-14       4.368761019896e-15       5.496705388699e-17       1.821583593313e-16 
 1065       1.514294448360e-10       3.938772198143e-12      -1.056349358339e-11       1.196376974655e-14       4.352937461652e-15       4.885265403859e-17       1.805563926729e-16 
 1066       1.518082068124e-10       3.900689378574e-12      -1.058313546038e-11       1.196799516295e-14       4.337184419246e-15       4.279580553434e-17       1.789400347619e-16 
 1067       1.521874923579e-10       3.862577154274e-12      -1.059964196525e-11       1.197226994861e-14       4.321501418931e-15       3.679506923100e-17       1.773093071008e-16 
 1068       1.525669519560e-10       3.824451868628e-12      -1.061300556867e-11       1.197659137195e-14       4.305887979519e-15       3.084899288391e-17       1.756642316644e-16 
 1069       1.529462334719e-10       3.786329984997e-12      -1.062321878455e-11       1.198095667860e-14       4.290343612352e-15       2.495611111432e-17       1.740048309018e-16 
 1070       1.533249821456e-10       3.748228086998e-12      -1.063027417016e-11       1.198536309132e-14       4.274867821288e-15       1.911494537674e-17       1.723311277375e-16 
 1071       1.537028405863e-10       3.710162878777e-12      -1.063416432638e-11       1.198980780997e-14       4.259460102676e-15       1.332400392627e-17       1.706431455725e-16 
 1072       1.540794487659e-10       3.672151185287e-12      -1.063488189784e-11       1.199428801144e-14       4.244119945335e-15       7.581781785948e-18       1.689409082859e-16 
 1073       1.544544733476e-10       3.634208910147e-12      -1.063242617373e-11       1.199880089193e-14       4.228846883025e-15       1.887592038297e-18       1.672245248276e-16 
 1074       1.548276961201e-10       3.596347893103e-12      -1.062682298829e-11       1.200334379448e-14       4.213640652682e-15      -3.755927838393e-18       1.654944442556e-16 
 1075       1.551989267554e-10       3.558579010327e-12      -1.061810509161e-11       1.200791408304e-14       4.198501038295e-15      -9.345288242994e-18       1.637512041741e-16 
 1076       1.555679735803e-10       3.520913213122e-12      -1.060630557454e-11       1.201250910031e-14       4.183427818595e-15      -1.487697562713e-17       1.619953464669e-16 
 1077       1.559346435737e-10       3.483361528093e-12      -1.059145786948e-11       1.201712616761e-14       4.168420767036e-15      -2.034745244128e-17       1.602274173074e-16 
 1078       1.562987423630e-10       3.445935057318e-12      -1.057359575127e-11       1.202176258490e-14       4.153479651787e-15      -2.575315708086e-17       1.584479671689e-16 
 1079       1.566600742215e-10       3.408644978510e-12      -1.055275333809e-11       1.202641563067e-14       4.138604235706e-15      -3.109050383234e-17       1.566575508345e-16 
 1080       1.570184420650e-10       3.371502545195e-12      -1.052896509226e-11       1.203108256196e-14       4.123794276334e-15      -3.635588281935e-17       1.548567274075e-16 
 1081       1.573736474491e-10       3.334519086873e-12      -1.050226582117e-11       1.203576061423e-14       4.109049525873e-15      -4.154565994871e-17       1.530460603209e-16 
 1082       1.577254905658e-10       3.297706009189e-12      -1.047269067809e-11       1.204044700135e-14       4.094369731172e-15      -4.665617685665e-17       1.512261173482e-16 
 1083       1.580737702406e-10       3.261074794104e-12      -1.044027516309e-11       1.204513891556e-14       4.079754633711e-15      -5.168375085477e-17       1.493974706131e-16 
 1084       1.584182839293e-10       3.224637000061e-12      -1.040505512387e-11       1.204983352739e-14       4.065203969586e-15      -5.662467487624e-17       1.475606965996e-16 
 1085       1.587588277151e-10       3.188404262155e-12      -1.036706675662e-11       1.205452798562e-14       4.050717469493e-15      -6.147521742186e-17       1.457163761623e-16 
 1086       1.590951963055e-10       3.152388292301e-12      -1.032634660694e-11       1.205921941724e-14       4.036294858713e-15      -6.623162250615e-17       1.438650945363e-16 
 1087       1.594271830290e-10       3.116600879405e-12      -1.028293157062e-11       1.206390492738e-14       4.021935857094e-15      -7.089010960346e-17       1.420074413473e-16 
 1088       1.597545798325e-10       3.081053889528e-12      -1.023685889461e-11       1.206858159927e-14       4.007640179037e-15      -7.544687359407e-17       1.401440106220e-16 
 1089       1.600771772776e-10       3.045759266060e-12      -1.018816617777e-11       1.207324649419e-14       3.993407533480e-15      -7.989808471028e-17       1.382754007977e-16 
 1090       1.603947645382e-10       3.010729029886e-12      -1.013689137184e-11       1.207789665140e-14       3.979237623883e-15      -8.423988848250e-17       1.364022147329e-16 
 1091       1.607071293970e-10       2.975975279552e-12      -1.008307278226e-11       1.208252908813e-14       3.965130148210e-15      -8.846840568536e-17       1.345250597169e-16 
 1092       1.610140582425e-10       2.941510191442e-12      -1.002674906900e-11       1.208714079948e-14       3.951084798915e-15      -9.257973228383e-17       1.326445474806e-16 
 1093       1.613153360661e-10       2.907346019938e-12      -9.967959247516e-12       1.209172875839e-14       3.937101262928e-15      -9.656993937926e-17       1.307612942056e-16 
 1094       1.616107464587e-10       2.873495097592e-12      -9.906742689529e-12       1.209628991560e-14       3.923179221634e-15      -1.004350731555e-16       1.288759205353e-16 
 1095       1.619000716081e-10       2.839969835297e-12      -9.843139123940e-12       1.210082119959e-14       3.909318350863e-15      -1.041711548251e-16       1.269890515844e-16 
 1096       1.621830922955e-10       2.806782722453e-12      -9.777188637681e-12       1.210531951652e-14       3.895518320869e-15      -1.077741805752e-16       1.251013169492e-16 
 1097       1.624595878927e-10       2.773946327135e-12      -9.708931676582e-12       1.210978175019e-14       3.881778796321e-15      -1.112401215139e-16       1.232133507176e-16 
 1098       1.627293363590e-10       2.741473296266e-12      -9.638409046238e-12       1.211420476198e-14       3.868099436280e-15      -1.145649236159e-16       1.213257914792e-16 
 1099       1.629921142379e-10       2.709376355780e-12      -9.565661912876e-12       1.211858539080e-14       3.854479894187e-15      -1.177445076692e-16       1.194392823357e-16 
 1100       1.632476966543e-10       2.677668310794e-12      -9.490731804219e-12       1.212292045306e-14       3.840919817848e-15      -1.207747692208e-16       1.175544709104e-16 
 1101       1.634958573115e-10       2.646362045779e-12      -9.413660610352e-12       1.212720674258e-14       3.827418849416e-15      -1.236515785229e-16       1.156720093590e-16 
 1102       1.637363684877e-10       2.615470524723e-12      -9.334490584592e-12       1.213144103056e-14       3.813976625376e-15      -1.263707804789e-16       1.137925543791e-16 
 1103       1.639690010334e-10       2.585006791303e-12      -9.253264344349e-12       1.213562006555e-14       3.800592776531e-15      -1.289281945897e-16       1.119167672206e-16 
 1104       1.641935243681e-10       2.554983969057e-12      -9.170024871994e-12       1.213974057336e-14       3.787266927983e-15      -1.313196148997e-16       1.100453136958e-16 
 1105       1.644097064772e-10       2.525415261544e-12      -9.084815515727e-12       1.214379925701e-14       3.773998699120e-15      -1.335408099429e-16       1.081788641895e-16 
 1106       1.646173139091e-10       2.496313952522e-12      -8.997679990440e-12       1.214779279673e-14       3.760787703600e-15      -1.355875226887e-16       1.063180936688e-16 
 1107       1.648161117720e-10       2.467693406110e-12      -8.908662378584e-12       1.215171784985e-14       3.747633549333e-15      -1.374554704887e-16       1.044636816938e-16 
 1108       1.650058637309e-10       2.439567066963e-12      -8.817807131037e-12       1.215557105077e-14       3.734535838468e-15      -1.391403450221e-16       1.026163124269e-16 
 1109       1.651863320045e-10       2.411948460432e-12      -8.725159067967e-12       1.215934901092e-14       3.721494167376e-15      -1.406378122422e-16       1.007766746437e-16 
 1110       1.653572773620e-10       2.384851192742e-12      -8.630763379702e-12       1.216304831870e-14       3.708508126634e-15      -1.419435123223e-16       9.894546174255e-17 
 1111       1.655184591205e-10       2.358288951156e-12      -8.534665627591e-12       1.216666553942e-14       3.695577301009e-15      -1.430530596019e-16       9.712337175494e-17 
 1112       1.656696724347e-10       2.332273692897e-12      -8.436912289291e-12       1.217019753474e-14       3.682701312635e-15      -1.439636099536e-16       9.531095349423e-17 
 1113       1.658108607114e-10       2.306810185530e-12      -8.337552400722e-12       1.217364242574e-14       3.669879951184e-15      -1.446785855449e-16       9.350814276851e-17 
 1114       1.659420046666e-10       2.281901395171e-12      -8.236635937407e-12       1.217699864238e-14       3.657113045376e-15      -1.452030120569e-16       9.171472009329e-17 
 1115       1.660630851662e-10       2.257550291220e-12      -8.134213272931e-12       1.218026460519e-14       3.644400419925e-15      -1.455419569929e-16       8.993046399510e-17 
 1116       1.661740832271e-10       2.233759846355e-12      -8.030335179863e-12       1.218343872521e-14       3.631741895534e-15      -1.457005297757e-16       8.815515100673e-17 
 1117       1.662749800172e-10       2.210533036527e-12      -7.925052830666e-12       1.218651940400e-14       3.619137288880e-15      -1.456838818463e-16       8.638855566236e-17 
 1118       1.663657568563e-10       2.187872840947e-12      -7.818417798627e-12       1.218950503359e-14       3.606586412603e-15      -1.454972067615e-16       8.463045049279e-17 
 1119       1.664463952166e-10       2.165782242085e-12      -7.710482058766e-12       1.219239399650e-14       3.594089075295e-15      -1.451457402922e-16       8.288060602057e-17 
 1120       1.665168767230e-10       2.144264225661e-12      -7.601297988762e-12       1.219518466567e-14       3.581645081487e-15      -1.446347605214e-16       8.113879075519e-17 
 1121       1.665771831542e-10       2.123321780637e-12      -7.490918369867e-12       1.219787540448e-14       3.569254231639e-15      -1.439695879425e-16       7.940477118829e-17 
 1122       1.666272964426e-10       2.102957899212e-12      -7.379396387828e-12       1.220046456670e-14       3.556916322129e-15      -1.431555855570e-16       7.767831178884e-17 
 1123       1.666671986751e-10       2.083175576814e-12      -7.266785633804e-12       1.220295049652e-14       3.544631145240e-15      -1.421981589728e-16       7.595917499826e-17 
 1124       1.666968720940e-10       2.063977812095e-12      -7.153140105285e-12       1.220533152844e-14       3.532398489148e-15      -1.411027565021e-16       7.424712122567e-17 
 1125       1.667162990969e-10       2.045367606919e-12      -7.038514207014e-12       1.220760598736e-14       3.520218137911e-15      -1.398748692597e-16       7.254190884304e-17 
 1126       1.667254622378e-10       2.027347966362e-12      -6.922962751899e-12       1.220977218846e-14       3.508089871459e-15      -1.385200312611e-16       7.084329418037e-17 
 1127       1.667243442274e-10       2.009921898700e-12      -6.806540961940e-12       1.221182843725e-14       3.496013465580e-15      -1.370438195202e-16       6.915103152087e-17 
 1128       1.667129279337e-10       1.993092415405e-12      -6.689304469142e-12       1.221377302951e-14       3.483988691912e-15      -1.354518541476e-16       6.746487309616e-17 
 1129       1.666911963824e-10       1.976862531135e-12      -6.571309316436e-12       1.221560425128e-14       3.472015317926e-15      -1.337497984488e-16       6.578456908142e-17 
 1130       1.666591327578e-10       1.961235263732e-12      -6.452611958596e-12       1.221732037886e-14       3.460093106919e-15      -1.319433590221e-16       6.410986759058e-17 
 1131       1.666167204029e-10       1.946213634209e-12      -6.333269263164e-12       1.221891967875e-14       3.448221818002e-15      -1.300382858567e-16       6.244051467152e-17 
 1132       1.665639428203e-10       1.931800666749e-12      -6.213338511358e-12       1.222040040766e-14       3.436401206085e-15      -1.280403724308e-16       6.077625430123e-17 
 1133       1.665007836727e-10       1.917999388694e-12      -6.092877399003e-12       1.222176081249e-14       3.424631021870e-15      -1.259554558097e-16       5.911682838099e-17 
 1134       1.664272267832e-10       1.904812830540e-12      -5.971944037441e-12       1.222299913030e-14       3.412911011836e-15      -1.237894167436e-16       5.746197673155e-17 
 1135       1.663432561361e-10       1.892244025929e-12      -5.850596954452e-12       1.222411358827e-14       3.401240918229e-15      -1.215481797662e-16       5.581143708833e-17 
 1136       1.662488558776e-10       1.880296011644e-12      -5.728895095175e-12       1.222510240373e-14       3.389620479051e-15      -1.192377132923e-16       5.416494509658e-17 
 1137       1.661440103157e-10       1.868971827599e-12      -5.606897823027e-12       1.222596378409e-14       3.378049428048e-15      -1.168640297160e-16       5.252223430658e-17 
 1138       1.660287039214e-10       1.858274516837e-12      -5.484664920618e-12       1.222669592685e-14       3.366527494695e-15      -1.144331855090e-16       5.088303616877e-17 
 1139       1.659029213292e-10       1.848207125516e-12      -5.362256590672e-12       1.222729701955e-14       3.355054404191e-15      -1.119512813182e-16       4.924708002901e-17 
 1140       1.657666473370e-10       1.838772702910e-12      -5.239733456949e-12       1.222776523980e-14       3.343629877443e-15      -1.094244620644e-16       4.761409312368e-17 
 1141       1.656198669076e-10       1.829974301397e-12      -5.117156565158e-12       1.222809875521e-14       3.332253631056e-15      -1.068589170397e-16       4.598380057494e-17 
 1142       1.654625651685e-10       1.821814976451e-12      -4.994587383880e-12       1.222829572339e-14       3.320925377318e-15      -1.042608800060e-16       4.435592538582e-17 
 1143       1.652947274128e-10       1.814297786642e-12      -4.872087805486e-12       1.222835429192e-14       3.309644824194e-15      -1.016366292931e-16       4.273018843548e-17 
 1144       1.651163390995e-10       1.807425793621e-12      -4.749720147053e-12       1.222827259837e-14       3.298411675312e-15      -9.899248789640e-17       4.110630847436e-17 
 1145       1.649273858545e-10       1.801202062119e-12      -4.627547151290e-12       1.222804877021e-14       3.287225629950e-15      -9.633482357538e-17       3.948400211933e-17 
 1146       1.647278534706e-10       1.795629659936e-12      -4.505631987447e-12       1.222768092484e-14       3.276086383026e-15      -9.367004895142e-17       3.786298384893e-17 
 1147       1.645177279084e-10       1.790711657937e-12      -4.384038252243e-12       1.222716716958e-14       3.264993625087e-15      -9.100462160597e-17       3.624296599850e-17 
 1148       1.642969952969e-10       1.786451130045e-12      -4.262829970778e-12       1.222650560158e-14       3.253947042295e-15      -8.834504417858e-17       3.462365875538e-17 
 1149       1.640656419336e-10       1.782851153232e-12      -4.142071597457e-12       1.222569430790e-14       3.242946316417e-15      -8.569786446501e-17       3.300477015411e-17 
 1150       1.638236542857e-10       1.779914807513e-12      -4.021828016904e-12       1.222473136539e-14       3.231991124816e-15      -8.306967551527e-17       3.138600607157e-17 
 1151       1.635710428427e-10       1.777643689118e-12      -3.902159563408e-12       1.222361522309e-14       3.221081172656e-15      -8.046570097598e-17       2.976716421622e-17 
 1152       1.633079140065e-10       1.776033429341e-12      -3.783107008152e-12       1.222234585454e-14       3.210216290010e-15      -7.788553125491e-17       2.814841741195e-17 
 1153       1.630343991158e-10       1.775078118780e-12      -3.664706383187e-12       1.222092362005e-14       3.199396335962e-15      -7.532733341224e-17       2.653003390161e-17 
 1154       1.627506306783e-10       1.774771788854e-12      -3.546993946086e-12       1.221934888567e-14       3.188621166494e-15      -7.278926097604e-17       2.491228368283e-17 
 1155       1.624567423737e-10       1.775108411665e-12      -3.430006180415e-12       1.221762202320e-14       3.177890634473e-15      -7.026945391236e-17       2.329543851177e-17 
 1156       1.621528690566e-10       1.776081899853e-12      -3.313779796201e-12       1.221574341024e-14       3.167204589644e-15      -6.776603859524e-17       2.167977190674e-17 
 1157       1.618391467588e-10       1.777686106456e-12      -3.198351730397e-12       1.221371343015e-14       3.156562878622e-15      -6.527712777673e-17       2.006555915194e-17 
 1158       1.615157126924e-10       1.779914824770e-12      -3.083759147353e-12       1.221153247214e-14       3.145965344881e-15      -6.280082055694e-17       1.845307730114e-17 
 1159       1.611827052522e-10       1.782761788206e-12      -2.970039439282e-12       1.220920093121e-14       3.135411828747e-15      -6.033520235408e-17       1.684260518132e-17 
 1160       1.608402640186e-10       1.786220670147e-12      -2.857230226730e-12       1.220671920818e-14       3.124902167392e-15      -5.787834487448e-17       1.523442339642e-17 
 1161       1.604885297602e-10       1.790285083812e-12      -2.745369359042e-12       1.220408770976e-14       3.114436194818e-15      -5.542830608263e-17       1.362881433100e-17 
 1162       1.601276444367e-10       1.794948582109e-12      -2.634494914833e-12       1.220130684849e-14       3.104013741858e-15      -5.298313017122e-17       1.202606215391e-17 
 1163       1.597577512012e-10       1.800204657495e-12      -2.524645202451e-12       1.219837704280e-14       3.093634636159e-15      -5.054084753115e-17       1.042645282199e-17 
 1164       1.593789944033e-10       1.806046741836e-12      -2.415858760451e-12       1.219529871700e-14       3.083298702176e-15      -4.809947472161e-17       8.830274083786e-18 
 1165       1.589915195918e-10       1.812468206265e-12      -2.308174358057e-12       1.219207230133e-14       3.073005761168e-15      -4.565701444006e-17       7.237815483180e-18 
 1166       1.585954735171e-10       1.819462361039e-12      -2.201630995635e-12       1.218869823192e-14       3.062755631182e-15      -4.321145549230e-17       5.649368363121e-18 
 1167       1.581910041342e-10       1.827022455400e-12      -2.096267905160e-12       1.218517695086e-14       3.052548127049e-15      -4.076077276250e-17       4.065225869296e-18 
 1168       1.577782606051e-10       1.835141677431e-12      -1.992124550681e-12       1.218150890617e-14       3.042383060374e-15      -3.830292718321e-17       2.485682953817e-18 
 1169       1.573573933019e-10       1.843813153918e-12      -1.889240628791e-12       1.217769455184e-14       3.032260239528e-15      -3.583586570544e-17       9.110363789119e-19 
 1170       1.569285538094e-10       1.853029950204e-12      -1.787656069098e-12       1.217373434784e-14       3.022179469637e-15      -3.335752126863e-17      -6.584152793947e-19 
 1171       1.564918949273e-10       1.862785070051e-12      -1.687411034688e-12       1.216962876012e-14       3.012140552579e-15      -3.086581277075e-17      -2.222371627589e-18 
 1172       1.560475706738e-10       1.873071455499e-12      -1.588545922595e-12       1.216537826064e-14       3.002143286967e-15      -2.835864503828e-17      -3.780530450985e-18 
 1173       1.555957362875e-10       1.883881986720e-12      -1.491101364269e-12       1.216098332740e-14       2.992187468149e-15      -2.583390879630e-17      -5.332587710034e-18 
 1174       1.551365482307e-10       1.895209481883e-12      -1.395118226046e-12       1.215644444441e-14       2.982272888193e-15      -2.328948063846e-17      -6.878237536642e-18 
 1175       1.546701641915e-10       1.907046697006e-12      -1.300637609613e-12       1.215176210174e-14       2.972399335881e-15      -2.072322299706e-17      -8.417172230479e-18 
 1176       1.541967430873e-10       1.919386325819e-12      -1.207700852477e-12       1.214693679550e-14       2.962566596700e-15      -1.813298411307e-17      -9.949082255296e-18 
 1177       1.537164450666e-10       1.932220999624e-12      -1.116349528434e-12       1.214196902792e-14       2.952774452835e-15      -1.551659800615e-17      -1.147365623523e-17 
 1178       1.532294315125e-10       1.945543287146e-12      -1.026625448036e-12       1.213685930728e-14       2.943022683157e-15      -1.287188444473e-17      -1.299058095114e-17 
 1179       1.527358650450e-10       1.959345694400e-12      -9.385706590587e-13       1.213160814800e-14       2.933311063217e-15      -1.019664891598e-17      -1.449954133688e-17 
 1180       1.522359095236e-10       1.973620664544e-12      -8.522274469719e-13       1.212621607058e-14       2.923639365236e-15      -7.488682595890e-18      -1.600022047565e-17 
 1181       1.517297300504e-10       1.988360577742e-12      -7.676383354040e-13       1.212068360170e-14       2.914007358096e-15      -4.745762319287e-18      -1.749229959630e-17 
 1182       1.512174929726e-10       2.003557751016e-12      -6.848460866124e-13       1.211501127415e-14       2.904414807335e-15      -1.965650549874e-18      -1.897545806961e-17 
 1183       1.506993658850e-10       2.019204438112e-12      -6.038937019510e-13       1.210919962690e-14       2.894861475134e-15       8.539046497403e-19      -2.044937340468e-17 
 1184       1.501755176332e-10       2.035292829355e-12      -5.248244223379e-13       1.210324920511e-14       2.885347120308e-15       3.715169648003e-18      -2.191372124514e-17 
 1185       1.496461183157e-10       2.051815051506e-12      -4.476817287237e-13       1.209716056010e-14       2.875871498303e-15       6.620425274386e-18      -2.336817536555e-17 
 1186       1.491113392871e-10       2.068763167622e-12      -3.725093425596e-13       1.209093424942e-14       2.866434361181e-15       9.571966849352e-18      -2.481240766768e-17 
 1187       1.485713531608e-10       2.086129176918e-12      -2.993512262652e-13       1.208457083683e-14       2.857035457616e-15       1.257210421432e-17      -2.624608817681e-17 
 1188       1.480263338111e-10       2.103905014619e-12      -2.282515836964e-13       1.207807089233e-14       2.847674532881e-15       1.562316176163e-17      -2.766888503807e-17 
 1189       1.474764563768e-10       2.122082551824e-12      -1.592548606138e-13       1.207143499216e-14       2.838351328844e-15       1.872747846450e-17      -2.908046451273e-17 
 1190       1.469218973107e-10       2.140653238133e-12      -9.239878915843e-14       1.206466393637e-14       2.829065608365e-15       2.188682879924e-17      -3.048052596727e-17 
 1191       1.463628345259e-10       2.159607025014e-12      -2.769342681692e-14       1.205775940434e-14       2.819817228847e-15       2.510067766545e-17      -3.186890731836e-17 
 1192       1.457994472569e-10       2.178933428934e-12       3.485813906888e-14       1.205072330732e-14       2.810606069570e-15       2.836790409130e-17      -3.324548087571e-17 
 1193       1.452319160152e-10       2.198621887213e-12       9.525285878298e-14       1.204355757167e-14       2.801432007361e-15       3.168737837810e-17      -3.461011846604e-17 
 1194       1.446604225916e-10       2.218661757856e-12       1.534877203561e-13       1.203626413888e-14       2.792294916587e-15       3.505796208119e-17      -3.596269143235e-17 
 1195       1.440851500592e-10       2.239042319375e-12       2.095597496866e-13       1.202884496565e-14       2.783194669147e-15       3.847850799097e-17      -3.730307063324e-17 
 1196       1.435062827761e-10       2.259752770627e-12       2.634660106615e-13       1.202130202383e-14       2.774131134465e-15       4.194786011374e-17      -3.863112644214e-17 
 1197       1.429240063877e-10       2.280782230632e-12       3.152036052773e-13       1.201363730054e-14       2.765104179485e-15       4.546485365269e-17      -3.994672874663e-17 
 1198       1.423385078303e-10       2.302119738408e-12       3.647696737608e-13       1.200585279816e-14       2.756113668665e-15       4.902831498880e-17      -4.124974694767e-17 
 1199       1.417499753329e-10       2.323754252799e-12       4.121613946906e-13       1.199795053438e-14       2.747159463967e-15       5.263706166180e-17      -4.254004995890e-17 
 1200       1.411585984204e-10       2.345674652298e-12       4.573759851171e-13       1.198993254221e-14       2.738241424855e-15       5.628990235109e-17      -4.381750620593e-17 
 1201       1.405645679160e-10       2.367869734882e-12       5.004107006845e-13       1.198180087005e-14       2.729359408285e-15       5.998563685669e-17      -4.508198362560e-17 
 1202       1.399680759445e-10       2.390328217836e-12       5.412628357507e-13       1.197355758167e-14       2.720513268699e-15       6.372305608013e-17      -4.633334966522e-17 
 1203       1.393693159341e-10       2.413038737584e-12       5.799297235092e-13       1.196520475631e-14       2.711702858019e-15       6.750094200544e-17      -4.757147128193e-17 
 1204       1.387684826201e-10       2.435989849514e-12       6.164087361092e-13       1.195674448864e-14       2.702928025643e-15       7.131806768005e-17      -4.879621494191e-17 
 1205       1.381657720469e-10       2.459170027810e-12       6.506972847771e-13       1.194817888884e-14       2.694188618433e-15       7.517319719573e-17      -5.000744661965e-17 
 1206       1.375613815708e-10       2.482567665276e-12       6.827928199373e-13       1.193951008265e-14       2.685484480713e-15       7.906508566953e-17      -5.120503179729e-17 
 1207       1.369555098632e-10       2.506171073171e-12       7.126928313328e-13       1.193074021133e-14       2.676815454258e-15       8.299247922471e-17      -5.238883546382e-17 
 1208       1.363483569128e-10       2.529968481029e-12       7.403948481468e-13       1.192187143176e-14       2.668181378293e-15       8.695411497167e-17      -5.355872211442e-17 
 1209       1.357401240284e-10       2.553948036493e-12       7.658964391228e-13       1.191290591645e-14       2.659582089483e-15       9.094872098887e-17      -5.471455574970e-17 
 1210       1.351310138418e-10       2.578097805143e-12       7.891952126863e-13       1.190384585356e-14       2.651017421927e-15       9.497501630380e-17      -5.585619987496e-17 
 1211       1.345212303103e-10       2.602405770322e-12       8.102888170654e-13       1.189469344696e-14       2.642487207150e-15       9.903171087391e-17      -5.698351749953e-17 
 1212       1.339109787197e-10       2.626859832965e-12       8.291749404117e-13       1.188545091623e-14       2.633991274099e-15       1.031175055675e-16      -5.809637113598e-17 
 1213       1.333004656866e-10       2.651447811428e-12       8.458513109211e-13       1.187612049674e-14       2.625529449136e-15       1.072310921446e-16      -5.919462279942e-17 
 1214       1.326898991615e-10       2.676157441317e-12       8.603156969552e-13       1.186670443961e-14       2.617101556029e-15       1.113711532383e-16      -6.027813400678e-17 
 1215       1.320794884312e-10       2.700976375313e-12       8.725659071619e-13       1.185720501182e-14       2.608707415948e-15       1.155363623349e-16      -6.134676577611e-17 
 1216       1.314694441219e-10       2.725892183005e-12       8.825997905963e-13       1.184762449620e-14       2.600346847459e-15       1.197253837556e-16      -6.240037862578e-17 
 1217       1.308599782014e-10       2.750892350714e-12       8.904152368417e-13       1.183796519147e-14       2.592019666513e-15       1.239368726373e-16      -6.343883257385e-17 
 1218       1.302513039822e-10       2.775964281326e-12       8.960101761307e-13       1.182822941225e-14       2.583725686444e-15       1.281694749129e-16      -6.446198713728e-17 
 1219       1.296436361242e-10       2.801095294114e-12       8.993825794660e-13       1.181841948917e-14       2.575464717962e-15       1.324218272932e-16      -6.546970133123e-17 
 1220       1.290371906371e-10       2.826272624571e-12       9.005304587411e-13       1.180853776879e-14       2.567236569144e-15       1.366925572471e-16      -6.646183366833e-17 
 1221       1.284321848834e-10       2.851483424240e-12       8.994518668617e-13       1.179858661374e-14       2.559041045429e-15       1.409802829827e-16      -6.743824215797e-17 
 1222       1.278288375810e-10       2.876714760535e-12       8.961448978664e-13       1.178856840266e-14       2.550877949610e-15       1.452836134286e-16      -6.839878430556e-17 
 1223       1.272273688061e-10       2.901953616577e-12       8.906076870474e-13       1.177848553033e-14       2.542747081830e-15       1.496011482143e-16      -6.934331711180e-17 
 1224       1.266279999955e-10       2.927186891018e-12       8.828384110720e-13       1.176834040760e-14       2.534648239575e-15       1.539314776515e-16      -7.027169707199e-17 
 1225       1.260309539497e-10       2.952401397869e-12       8.728352881031e-13       1.175813546150e-14       2.526581217663e-15       1.582731827149e-16      -7.118378017527e-17 
 1226       1.254364548356e-10       2.977583866332e-12       8.605965779200e-13       1.174787313524e-14       2.518545808245e-15       1.626248350231e-16      -7.207942190390e-17 
 1227       1.248447281887e-10       3.002720940625e-12       8.461205820399e-13       1.173755588825e-14       2.510541800790e-15       1.669849968196e-16      -7.295847723256e-17 
 1228       1.242560009166e-10       3.027799179811e-12       8.294056438383e-13       1.172718619620e-14       2.502568982087e-15       1.713522209538e-16      -7.382080062760e-17 
 1229       1.236704820671e-10       3.052805908011e-12       8.104549168636e-13       1.171676649771e-14       2.494627157052e-15       1.757251125444e-16      -7.466628462693e-17 
 1230       1.230883048796e-10       3.077731776449e-12       7.892907316132e-13       1.170629903358e-14       2.486716211456e-15       1.801025148113e-16      -7.549497608333e-17 
 1231       1.225095840498e-10       3.102568231540e-12       7.659403998775e-13       1.169578600571e-14       2.478836049934e-15       1.844833254162e-16      -7.630696130230e-17 
 1232       1.219344349029e-10       3.127306667166e-12       7.404314625468e-13       1.168522963028e-14       2.470986575226e-15       1.888664349663e-16      -7.710232758923e-17 
 1233       1.213629733943e-10       3.151938424567e-12       7.127916901098e-13       1.167463213781e-14       2.463167688170e-15       1.932507270001e-16      -7.788116325171e-17 
 1234       1.207953161109e-10       3.176454792243e-12       6.830490831537e-13       1.166399577314e-14       2.455379287702e-15       1.976350779732e-16      -7.864355760190e-17 
 1235       1.202315802727e-10       3.200847005846e-12       6.512318728634e-13       1.165332279551e-14       2.447621270845e-15       2.020183572445e-16      -7.938960095887e-17 
 1236       1.196718837332e-10       3.225106248077e-12       6.173685215211e-13       1.164261547857e-14       2.439893532710e-15       2.063994270612e-16      -8.011938465091e-17 
 1237       1.191163449814e-10       3.249223648584e-12       5.814877230054e-13       1.163187611038e-14       2.432195966487e-15       2.107771425456e-16      -8.083300101789e-17 
 1238       1.185650831423e-10       3.273190283851e-12       5.436184032911e-13       1.162110699347e-14       2.424528463442e-15       2.151503516801e-16      -8.153054341359e-17 
 1239       1.180182179787e-10       3.296997177102e-12       5.037897209487e-13       1.161031044488e-14       2.416890912910e-15       2.195178952937e-16      -8.221210620805e-17 
 1240       1.174758698918e-10       3.320635298193e-12       4.620310676434e-13       1.159948879616e-14       2.409283202293e-15       2.238786070475e-16      -8.287778478989e-17 
 1241       1.169381599228e-10       3.344095563507e-12       4.183720686350e-13       1.158864439339e-14       2.401705217055e-15       2.282313134203e-16      -8.352767556866e-17 
 1242       1.164052097539e-10       3.367368835851e-12       3.728425832770e-13       1.157777959725e-14       2.394156840711e-15       2.325748336951e-16      -8.416187597718e-17 
 1243       1.158771417096e-10       3.390445924351e-12       3.254727055165e-13       1.156689678302e-14       2.386637954833e-15       2.369079799441e-16      -8.478048447389e-17 
 1244       1.153540787577e-10       3.413317584350e-12       2.762927643929e-13       1.155599834061e-14       2.379148439034e-15       2.412295570152e-16      -8.538360054514e-17 
 1245       1.148361445107e-10       3.435974517301e-12       2.253333245384e-13       1.154508667458e-14       2.371688170970e-15       2.455383625177e-16      -8.597132470760e-17 
 1246       1.143234632268e-10       3.458407370665e-12       1.726251866762e-13       1.153416420421e-14       2.364257026334e-15       2.498331868078e-16      -8.654375851054e-17 
 1247       1.138161598113e-10       3.480606737805e-12       1.181993881212e-13       1.152323336348e-14       2.356854878848e-15       2.541128129746e-16      -8.710100453820e-17 
 1248       1.133143598175e-10       3.502563157883e-12       6.208720327832e-14       1.151229660111e-14       2.349481600261e-15       2.583760168262e-16      -8.764316641211e-17 
 1249       1.128181894480e-10       3.524267115757e-12       4.320144142819e-15       1.150135638061e-14       2.342137060345e-15       2.626215668752e-16      -8.817034879345e-17 
 1250       1.123277755563e-10       3.545709041872e-12      -5.507003920077e-14       1.149041518029e-14       2.334821126886e-15       2.668482243246e-16      -8.868265738536e-17 
 1251       1.118432456470e-10       3.566879312163e-12      -1.160513580790e-13       1.147947549330e-14       2.327533665682e-15       2.710547430536e-16      -8.918019893530e-17 
 1252       1.113647278781e-10       3.587768247944e-12      -1.785915847301e-13       1.146853982764e-14       2.320274540540e-15       2.752398696038e-16      -8.966308123740e-17 
 1253       1.108923510615e-10       3.608366115808e-12      -2.426582518045e-13       1.145761070620e-14       2.313043613264e-15       2.794023431644e-16      -9.013141313475e-17 
 1254       1.104262446643e-10       3.628663127522e-12      -3.082186518655e-13       1.144669066681e-14       2.305840743659e-15       2.835408955585e-16      -9.058530452181e-17 
 1255       1.099665388100e-10       3.648649439921e-12      -3.752398368897e-13       1.143578226220e-14       2.298665789521e-15       2.876542512288e-16      -9.102486634667e-17 
 1256       1.095133642800e-10       3.668315154807e-12      -4.436886177676e-13       1.142488806013e-14       2.291518606631e-15       2.917411272233e-16      -9.145021061345e-17 
 1257       1.090668525142e-10       3.687650318841e-12      -5.135315638041e-13       1.141401064333e-14       2.284399048753e-15       2.958002331815e-16      -9.186145038461e-17 
 1258       1.086271356126e-10       3.706644923442e-12      -5.847350022191e-13       1.140315260958e-14       2.277306967628e-15       2.998302713196e-16      -9.225869978329e-17 
 1259       1.081943463365e-10       3.725288904682e-12      -6.572650176481e-13       1.139231657170e-14       2.270242212970e-15       3.038299364171e-16      -9.264207399567e-17 
 1260       1.077686181095e-10       3.743572143181e-12      -7.310874516428e-13       1.138150515761e-14       2.263204632460e-15       3.077979158020e-16      -9.301168927327e-17 
 1261       1.073500850186e-10       3.761484464003e-12      -8.061679021714e-13       1.137072101036e-14       2.256194071739e-15       3.117328893370e-16      -9.336766293533e-17 
 1262       1.069388818157e-10       3.779015636552e-12      -8.824717231194e-13       1.135996678813e-14       2.249210374409e-15       3.156335294050e-16      -9.371011337112e-17 
 1263       1.065351439187e-10       3.796155374469e-12      -9.599640237901e-13       1.134924516428e-14       2.242253382022e-15       3.194985008954e-16      -9.403916004228e-17 
 1264       1.061390074123e-10       3.812893335525e-12      -1.038609668405e-12       1.133855882737e-14       2.235322934079e-15       3.233264611894e-16      -9.435492348517e-17 
 1265       1.057506090497e-10       3.829219121519e-12      -1.118373275605e-12       1.132791048120e-14       2.228418868021e-15       3.271160601464e-16      -9.465752531321e-17 
 1266       1.053700862536e-10       3.845122278175e-12      -1.199219217949e-12       1.131730284482e-14       2.221541019230e-15       3.308659400891e-16      -9.494708821922e-17 
 1267       1.049975771173e-10       3.860592295034e-12      -1.281111621418e-12       1.130673865257e-14       2.214689221020e-15       3.345747357902e-16      -9.522373597774e-17 
 1268       1.046331961172e-10       3.875620050792e-12      -1.364014120733e-12       1.129622039265e-14       2.207863320002e-15       3.382414087906e-16      -9.548758660950e-17 
 1269       1.042769609418e-10       3.890202167750e-12      -1.447889123242e-12       1.128574951943e-14       2.201063222391e-15       3.418662546039e-16      -9.573873178382e-17 
 1270       1.039288648217e-10       3.904336707360e-12      -1.532698535552e-12       1.127532723209e-14       2.194288848226e-15       3.454499070967e-16      -9.597725718339e-17 
 1271       1.035889007405e-10       3.918021729342e-12      -1.618404006425e-12       1.126495473532e-14       2.187540116041e-15       3.489930052192e-16      -9.620324932243e-17 
 1272       1.032570614349e-10       3.931255291695e-12      -1.704966926259e-12       1.125463323926e-14       2.180816942863e-15       3.524961930167e-16      -9.641679554850e-17 
 1273       1.029333393936e-10       3.944035450690e-12      -1.792348426569e-12       1.124436395957e-14       2.174119244210e-15       3.559601196397e-16      -9.661798404435e-17 
 1274       1.026177268571e-10       3.956360260883e-12      -1.880509379471e-12       1.123414811741e-14       2.167446934082e-15       3.593854393549e-16      -9.680690382974e-17 
 1275       1.023102158165e-10       3.968227775113e-12      -1.969410397164e-12       1.122398693944e-14       2.160799924963e-15       3.627728115561e-16      -9.698364476326e-17 
 1276       1.020107980133e-10       3.979636044506e-12      -2.059011831412e-12       1.121388165786e-14       2.154178127814e-15       3.661229007747e-16      -9.714829754418e-17 
 1277       1.017194649386e-10       3.990583118482e-12      -2.149273773025e-12       1.120383351040e-14       2.147581452071e-15       3.694363766908e-16      -9.730095371427e-17 
 1278       1.014362078327e-10       4.001067044756e-12      -2.240156051344e-12       1.119384374030e-14       2.141009805638e-15       3.727139141435e-16      -9.744170565960e-17 
 1279       1.011610176841e-10       4.011085869341e-12      -2.331618233724e-12       1.118391359639e-14       2.134463094888e-15       3.759561931422e-16      -9.757064661243e-17 
 1280       1.008938852291e-10       4.020637636555e-12      -2.423619625010e-12       1.117404433304e-14       2.127941224654e-15       3.791638988769e-16      -9.768787065298e-17 
 1281       1.006348009513e-10       4.029720389019e-12      -2.516119267028e-12       1.116423721019e-14       2.121444098230e-15       3.823377217294e-16      -9.779347271129e-17 
 1282       1.003837550807e-10       4.038332167667e-12      -2.609075938060e-12       1.115449349334e-14       2.114971617364e-15       3.854783572834e-16      -9.788754856902e-17 
 1283       1.001407375932e-10       4.046471011744e-12      -2.702448152332e-12       1.114481445360e-14       2.108523682256e-15       3.885865063362e-16      -9.797019486133e-17 
 1284       9.990573820989e-11       4.054134958814e-12      -2.796194159492e-12       1.113520136766e-14       2.102100191553e-15       3.916628749086e-16      -9.804150907866e-17 
 1285       9.967874639666e-11       4.061322044761e-12      -2.890271944095e-12       1.112565551782e-14       2.095701042347e-15       3.947081742560e-16      -9.810158956858e-17 
 1286       9.945975136330e-11       4.068030303793e-12      -2.984639225085e-12       1.111617819198e-14       2.089326130169e-15       3.977231208794e-16      -9.815053553760e-17 
 1287       9.924874206303e-11       4.074257768446e-12      -3.079253455276e-12       1.110677068367e-14       2.082975348986e-15       4.007084365359e-16      -9.818844705303e-17 
 1288       9.904570719180e-11       4.080002469590e-12      -3.174071820836e-12       1.109743429205e-14       2.076648591197e-15       4.036648482492e-16      -9.821542504480e-17 
 1289       9.885063518770e-11       4.085262436425e-12      -3.269051240767e-12       1.108817032191e-14       2.070345747633e-15       4.065930883211e-16      -9.823157130725e-17 
 1290       9.866351423033e-11       4.090035696495e-12      -3.364148366390e-12       1.107898008371e-14       2.064066707545e-15       4.094938943416e-16      -9.823698850101e-17 
 1291       9.848433224017e-11       4.094320275684e-12      -3.459319580827e-12       1.106986489354e-14       2.057811358610e-15       4.123680091999e-16      -9.823178015481e-17 
 1292       9.831307687792e-11       4.098114198221e-12      -3.554520998481e-12       1.106082607318e-14       2.051579586919e-15       4.152161810951e-16      -9.821605066730e-17 
 1293       9.814973554395e-11       4.101415486686e-12      -3.649708464522e-12       1.105186495006e-14       2.045371276978e-15       4.180391635472e-16      -9.818990530888e-17 
 1294       9.799429537758e-11       4.104222162012e-12      -3.744837554364e-12       1.104298285731e-14       2.039186311703e-15       4.208377154075e-16      -9.815345022354e-17 
 1295       9.784674325652e-11       4.106532243490e-12      -3.839863573154e-12       1.103418113375e-14       2.033024572416e-15       4.236126008697e-16      -9.810679243068e-17 
 1296       9.770706579623e-11       4.108343748768e-12      -3.934741555250e-12       1.102546112390e-14       2.026885938840e-15       4.263645894804e-16      -9.805003982695e-17 
 1297       9.757524934928e-11       4.109654693862e-12      -4.029426263702e-12       1.101682417799e-14       2.020770289098e-15       4.290944561501e-16      -9.798330118805e-17 
 1298       9.745128000471e-11       4.110463093152e-12      -4.123872189740e-12       1.100827165198e-14       2.014677499708e-15       4.318029811637e-16      -9.790668617059e-17 
 1299       9.733514358745e-11       4.110766959393e-12      -4.218033552252e-12       1.099980490754e-14       2.008607445579e-15       4.344909501915e-16      -9.782030531391e-17 
 1300       9.722682565764e-11       4.110564303711e-12      -4.311864297265e-12       1.099142531208e-14       2.002560000006e-15       4.371591542998e-16      -9.772427004190e-17 
 1301       9.712631151004e-11       4.109853135614e-12      -4.405318097433e-12       1.098313423878e-14       1.996535034667e-15       4.398083899618e-16      -9.761869266484e-17 
 1302       9.703358617340e-11       4.108631462989e-12      -4.498348351514e-12       1.097493306656e-14       1.990532419623e-15       4.424394590682e-16      -9.750368638121e-17 
 1303       9.694863440979e-11       4.106897292111e-12      -4.590908183855e-12       1.096682318009e-14       1.984552023307e-15       4.450531689381e-16      -9.737936527954e-17 
 1304       9.687144071405e-11       4.104648627642e-12      -4.682950443874e-12       1.095880596983e-14       1.978593712527e-15       4.476503323298e-16      -9.724584434024e-17 
 1305       9.680198931309e-11       4.101883472640e-12      -4.774427705541e-12       1.095088283203e-14       1.972657352457e-15       4.502317674513e-16      -9.710323943739e-17 
 1306       9.674026416530e-11       4.098599828556e-12      -4.865292266863e-12       1.094305516871e-14       1.966742806639e-15       4.527982979715e-16      -9.695166734062e-17 
 1307       9.668623412804e-11       4.094796857991e-12      -4.955499922686e-12       1.093532409317e-14       1.960849949457e-15       4.553505191465e-16      -9.679123366862e-17 
 1308       9.663980827976e-11       4.090478387177e-12      -5.045021330337e-12       1.092768954272e-14       1.954978703747e-15       4.578880933157e-16      -9.662199659862e-17 
 1309       9.660088009686e-11       4.085649442680e-12      -5.133830770099e-12       1.092015115603e-14       1.949129003603e-15       4.604104465465e-16      -9.644400275455e-17 
 1310       9.656934223851e-11       4.080315092294e-12      -5.221902383163e-12       1.091270856676e-14       1.943300781929e-15       4.629170017972e-16      -9.625729921955e-17 
 1311       9.654508654505e-11       4.074480445126e-12      -5.309210171382e-12       1.090536140352e-14       1.937493970434e-15       4.654071789122e-16      -9.606193353693e-17 
 1312       9.652800403625e-11       4.068150651681e-12      -5.395727997015e-12       1.089810928988e-14       1.931708499632e-15       4.678803946153e-16      -9.585795371112e-17 
 1313       9.651798490970e-11       4.061330903948e-12      -5.481429582472e-12       1.089095184438e-14       1.925944298837e-15       4.703360625051e-16      -9.564540820869e-17 
 1314       9.651491853912e-11       4.054026435482e-12      -5.566288510069e-12       1.088388868047e-14       1.920201296160e-15       4.727735930485e-16      -9.542434595933e-17 
 1315       9.651869347268e-11       4.046242521493e-12      -5.650278221765e-12       1.087691940654e-14       1.914479418509e-15       4.751923935754e-16      -9.519481635681e-17 
 1316       9.652919743137e-11       4.037984478931e-12      -5.733372018918e-12       1.087004362587e-14       1.908778591580e-15       4.775918682734e-16      -9.495686926000e-17 
 1317       9.654631730726e-11       4.029257666568e-12      -5.815543062027e-12       1.086326093665e-14       1.903098739862e-15       4.799714181812e-16      -9.471055499380e-17 
 1318       9.656993916192e-11       4.020067485086e-12      -5.896764370481e-12       1.085657093197e-14       1.897439786628e-15       4.823304411840e-16      -9.445592435019e-17 
 1319       9.659994822470e-11       4.010419377162e-12      -5.977008822305e-12       1.084997319978e-14       1.891801653934e-15       4.846683320072e-16      -9.419302858914e-17 
 1320       9.663622889106e-11       4.000318827553e-12      -6.056249153910e-12       1.084346732289e-14       1.886184262618e-15       4.869844822108e-16      -9.392191943965e-17 
 1321       9.667866472093e-11       3.989771363179e-12      -6.134457959837e-12       1.083705287899e-14       1.880587532293e-15       4.892782801841e-16      -9.364264910071e-17 
 1322       9.672713843700e-11       3.978782553213e-12      -6.211607692507e-12       1.083072944057e-14       1.875011381349e-15       4.915491111396e-16      -9.335527024229e-17 
 1323       9.678153192311e-11       3.967358009161e-12      -6.287670661964e-12       1.082449657499e-14       1.869455726946e-15       4.937963571077e-16      -9.305983600631e-17 
 1324       9.684172622254e-11       3.955503384951e-12      -6.362619035628e-12       1.081835384440e-14       1.863920485013e-15       4.960193969307e-16      -9.275640000762e-17 
 1325       9.690760153633e-11       3.943224377017e-12      -6.436424838037e-12       1.081230080577e-14       1.858405570245e-15       4.982176062577e-16      -9.244501633503e-17 
 1326       9.697903722166e-11       3.930526724382e-12      -6.509059950599e-12       1.080633701085e-14       1.852910896101e-15       5.003903575383e-16      -9.212573955222e-17 
 1327       9.705591179016e-11       3.917416208747e-12      -6.580496111333e-12       1.080046200619e-14       1.847436374798e-15       5.025370200173e-16      -9.179862469878e-17 
 1328       9.713810290620e-11       3.903898654575e-12      -6.650704914624e-12       1.079467533310e-14       1.841981917311e-15       5.046569597290e-16      -9.146372729117e-17 
 1329       9.722548738531e-11       3.889979929176e-12      -6.719657810962e-12       1.078897652764e-14       1.836547433370e-15       5.067495394916e-16      -9.112110332370e-17 
 1330       9.731794119242e-11       3.875665942789e-12      -6.787326106696e-12       1.078336512064e-14       1.831132831456e-15       5.088141189014e-16      -9.077080926951e-17 
 1331       9.741533944026e-11       3.860962648674e-12      -6.853680963777e-12       1.077784063764e-14       1.825738018798e-15       5.108500543272e-16      -9.041290208159e-17 
 1332       9.751755638766e-11       3.845876043191e-12      -6.918693399508e-12       1.077240259893e-14       1.820362901370e-15       5.128566989049e-16      -9.004743919372e-17 
 1333       9.762446543788e-11       3.830412165888e-12      -6.982334286288e-12       1.076705051950e-14       1.815007383890e-15       5.148334025313e-16      -8.967447852145e-17 
 1334       9.773593913695e-11       3.814577099587e-12      -7.044574351363e-12       1.076178390902e-14       1.809671369816e-15       5.167795118589e-16      -8.929407846312e-17 
 1335       9.785184917201e-11       3.798376970467e-12      -7.105384176570e-12       1.075660227189e-14       1.804354761342e-15       5.186943702902e-16      -8.890629790083e-17 
 1336       9.797206636964e-11       3.781817948151e-12      -7.164734198086e-12       1.075150510716e-14       1.799057459395e-15       5.205773179719e-16      -8.851119620140e-17 
 1337       9.809646069417e-11       3.764906245789e-12      -7.222594706174e-12       1.074649190854e-14       1.793779363635e-15       5.224276917892e-16      -8.810883321737e-17 
 1338       9.822490124603e-11       3.747648120148e-12      -7.278935844932e-12       1.074156216441e-14       1.788520372449e-15       5.242448253604e-16      -8.769926928798e-17 
 1339       9.835725626009e-11       3.730049871690e-12      -7.333727612039e-12       1.073671535779e-14       1.783280382951e-15       5.260280490311e-16      -8.728256524018e-17 
 1340       9.849339310398e-11       3.712117844664e-12      -7.386939858501e-12       1.073195096632e-14       1.778059290974e-15       5.277766898683e-16      -8.685878238956e-17 
 1341       9.863317827641e-11       3.693858427188e-12      -7.438542288401e-12       1.072726846227e-14       1.772856991075e-15       5.294900716554e-16      -8.642798254137e-17 
 1342       9.877647740554e-11       3.675278051335e-12      -7.488504458644e-12       1.072266731251e-14       1.767673376524e-15       5.311675148857e-16      -8.599022799149e-17 
 1343       9.892315524726e-11       3.656383193216e-12      -7.536795778705e-12       1.071814697851e-14       1.762508339305e-15       5.328083367575e-16      -8.554558152743e-17 
 1344       9.907307568358e-11       3.637180373068e-12      -7.583385510376e-12       1.071370691631e-14       1.757361770116e-15       5.344118511680e-16      -8.509410642928e-17 
 1345       9.922610172090e-11       3.617676155341e-12      -7.628242767514e-12       1.070934657654e-14       1.752233558359e-15       5.359773687079e-16      -8.463586647073e-17 
 1346       9.938209685300e-11       3.597877416188e-12      -7.671341637657e-12       1.070506524925e-14       1.747123602056e-15       5.375041946917e-16      -8.417093076007e-17 
 1347       9.954092916937e-11       3.577792148969e-12      -7.712676608272e-12       1.070086159674e-14       1.742031837696e-15       5.389916232387e-16      -8.369938831888e-17 
 1348       9.970246728815e-11       3.557428667673e-12      -7.752247307583e-12       1.069673411562e-14       1.736958210704e-15       5.404389431164e-16      -8.322133366368e-17 
 1349       9.986657899404e-11       3.536795340398e-12      -7.790053397995e-12       1.069268129150e-14       1.731902665556e-15       5.418454396931e-16      -8.273686198155e-17 
 1350       1.000331312367e-10       3.515900589459e-12      -7.826094576181e-12       1.068870159893e-14       1.726865145776e-15       5.432103949316e-16      -8.224606913144e-17 
 1351       1.002019901292e-10       3.494752891489e-12      -7.860370573165e-12       1.068479350140e-14       1.721845593935e-15       5.445330873841e-16      -8.174905164547e-17 
 1352       1.003730209463e-10       3.473360777542e-12      -7.892881154408e-12       1.068095545132e-14       1.716843951648e-15       5.458127921856e-16      -8.124590673024e-17 
 1353       1.005460881231e-10       3.451732833195e-12      -7.923626119899e-12       1.067718588999e-14       1.711860159570e-15       5.470487810488e-16      -8.073673226812e-17 
 1354       1.007210552534e-10       3.429877698654e-12      -7.952605304235e-12       1.067348324756e-14       1.706894157399e-15       5.482403222578e-16      -8.022162681857e-17 
 1355       1.008977850880e-10       3.407804068852e-12      -7.979818576712e-12       1.066984594307e-14       1.701945883868e-15       5.493866806627e-16      -7.970068961943e-17 
 1356       1.010761395331e-10       3.385520693556e-12      -8.005265841408e-12       1.066627238433e-14       1.697015276744e-15       5.504871176738e-16      -7.917402058822e-17 
 1357       1.012559796489e-10       3.363036377470e-12      -8.028947037272e-12       1.066276096799e-14       1.692102272829e-15       5.515408912553e-16      -7.864172032347e-17 
 1358       1.014371656481e-10       3.340359980335e-12      -8.050862138208e-12       1.065931007948e-14       1.687206807956e-15       5.525472559203e-16      -7.810389010598e-17 
 1359       1.016195568939e-10       3.317500417034e-12      -8.071011153163e-12       1.065591809297e-14       1.682328816983e-15       5.535054627244e-16      -7.756063190016e-17 
 1360       1.018030118989e-10       3.294466657693e-12      -8.089394126210e-12       1.065258337137e-14       1.677468233798e-15       5.544147592602e-16      -7.701204835533e-17 
 1361       1.019873883231e-10       3.271267727788e-12      -8.106011136638e-12       1.064930426633e-14       1.672624991311e-15       5.552743896515e-16      -7.645824280699e-17 
 1362       1.021725429726e-10       3.247912708244e-12      -8.120862299037e-12       1.064607911817e-14       1.667799021453e-15       5.560835945473e-16      -7.589931927817e-17 
 1363       1.023583317982e-10       3.224410735538e-12      -8.133947763383e-12       1.064290625589e-14       1.662990255175e-15       5.568416111163e-16      -7.533538248070e-17 
 1364       1.025446098932e-10       3.200771001804e-12      -8.145267715124e-12       1.063978399712e-14       1.658198622447e-15       5.575476730411e-16      -7.476653781653e-17 
 1365       1.027312314924e-10       3.177002754936e-12      -8.154822375270e-12       1.063671064815e-14       1.653424052251e-15       5.582010105122e-16      -7.419289137901e-17 
 1366       1.029180499703e-10       3.153115298689e-12      -8.162612000474e-12       1.063368450385e-14       1.648666472584e-15       5.588008502223e-16      -7.361454995424e-17 
 1367       1.031049178395e-10       3.129117992783e-12      -8.168636883122e-12       1.063070384769e-14       1.643925810451e-15       5.593464153605e-16      -7.303162102230e-17 
 1368       1.032916867491e-10       3.105020253006e-12      -8.172897351416e-12       1.062776695169e-14       1.639201991868e-15       5.598369256069e-16      -7.244421275865e-17 
 1369       1.034782074835e-10       3.080831551316e-12      -8.175393769465e-12       1.062487207641e-14       1.634494941855e-15       5.602715971261e-16      -7.185243403533e-17 
 1370       1.036643299601e-10       3.056561415946e-12      -8.176126537366e-12       1.062201747093e-14       1.629804584437e-15       5.606496425620e-16      -7.125639442235e-17 
 1371       1.038499032283e-10       3.032219431505e-12      -8.175096091292e-12       1.061920137283e-14       1.625130842639e-15       5.609702710317e-16      -7.065620418894e-17 
 1372       1.040347754679e-10       3.007815239080e-12      -8.172302903582e-12       1.061642200815e-14       1.620473638486e-15       5.612326881200e-16      -7.005197430486e-17 
 1373       1.042187939871e-10       2.983358536342e-12      -8.167747482820e-12       1.061367759141e-14       1.615832893000e-15       5.614360958732e-16      -6.944381644175e-17 
 1374       1.044018052214e-10       2.958859077649e-12      -8.161430373927e-12       1.061096632552e-14       1.611208526199e-15       5.615796927939e-16      -6.883184297435e-17 
 1375       1.045836547317e-10       2.934326674143e-12      -8.153352158244e-12       1.060828640183e-14       1.606600457092e-15       5.616626738346e-16      -6.821616698188e-17 
 1376       1.047641872030e-10       2.909771193860e-12      -8.143513453623e-12       1.060563600006e-14       1.602008603678e-15       5.616842303923e-16      -6.759690224930e-17 
 1377       1.049432464425e-10       2.885202561831e-12      -8.131914914505e-12       1.060301328830e-14       1.597432882945e-15       5.616435503025e-16      -6.697416326863e-17 
 1378       1.051206753783e-10       2.860630760182e-12      -8.118557232013e-12       1.060041642298e-14       1.592873210867e-15       5.615398178338e-16      -6.634806524026e-17 
 1379       1.052963160576e-10       2.836065828239e-12      -8.103441134038e-12       1.059784354884e-14       1.588329502400e-15       5.613722136817e-16      -6.571872407422e-17 
 1380       1.054700096453e-10       2.811517862633e-12      -8.086567385320e-12       1.059529279893e-14       1.583801671484e-15       5.611399149628e-16      -6.508625639152e-17 
 1381       1.056415964223e-10       2.786997017399e-12      -8.067936787539e-12       1.059276229458e-14       1.579289631036e-15       5.608420952094e-16      -6.445077952545e-17 
 1382       1.058109157841e-10       2.762513504080e-12      -8.047550179400e-12       1.059025014536e-14       1.574793292950e-15       5.604779243634e-16      -6.381241152284e-17 
 1383       1.059778062389e-10       2.738077591833e-12      -8.025408436719e-12       1.058775444907e-14       1.570312568095e-15       5.600465687707e-16      -6.317127114543e-17 
 1384       1.061421054065e-10       2.713699607528e-12      -8.001512472508e-12       1.058527329175e-14       1.565847366313e-15       5.595471911752e-16      -6.252747787112e-17 
 1385       1.063036642310e-10       2.689389276428e-12      -7.975866682651e-12       1.058280480267e-14       1.561397604350e-15       5.589794936876e-16      -6.188113893703e-17 
 1386       1.064623897877e-10       2.665153736396e-12      -7.948489322557e-12       1.058034732030e-14       1.556963229755e-15       5.583453529745e-16      -6.123231031630e-17 
 1387       1.066182029256e-10       2.640999502926e-12      -7.919402240238e-12       1.057789922807e-14       1.552544197229e-15       5.576472023227e-16      -6.058103533185e-17 
 1388       1.067710240923e-10       2.616933126727e-12      -7.888627440961e-12       1.057545889944e-14       1.548140460712e-15       5.568874902593e-16      -5.992735757776e-17 
 1389       1.069207733337e-10       2.592961193784e-12      -7.856187087556e-12       1.057302469791e-14       1.543751973382e-15       5.560686805802e-16      -5.927132091978e-17 
 1390       1.070673702933e-10       2.569090325420e-12      -7.822103500709e-12       1.057059497697e-14       1.539378687652e-15       5.551932523776e-16      -5.861296949579e-17 
 1391       1.072107342112e-10       2.545327178360e-12      -7.786399159273e-12       1.056816808008e-14       1.535020555171e-15       5.542637000690e-16      -5.795234771633e-17 
 1392       1.073507839239e-10       2.521678444787e-12      -7.749096700561e-12       1.056574234067e-14       1.530677526816e-15       5.532825334245e-16      -5.728950026506e-17 
 1393       1.074874378632e-10       2.498150852411e-12      -7.710218920654e-12       1.056331608211e-14       1.526349552699e-15       5.522522775959e-16      -5.662447209929e-17 
 1394       1.076206140556e-10       2.474751164524e-12      -7.669788774697e-12       1.056088761771e-14       1.522036582158e-15       5.511754731439e-16      -5.595730845043e-17 
 1395       1.077502301219e-10       2.451486180067e-12      -7.627829377207e-12       1.055845525067e-14       1.517738563758e-15       5.500546760669e-16      -5.528805482452e-17 
 1396       1.078762032761e-10       2.428362733689e-12      -7.584364002368e-12       1.055601727409e-14       1.513455445290e-15       5.488924578289e-16      -5.461675700269e-17 
 1397       1.079984503249e-10       2.405387695809e-12      -7.539416084338e-12       1.055357197091e-14       1.509187173769e-15       5.476914053879e-16      -5.394346104171e-17 
 1398       1.081168876671e-10       2.382567972677e-12      -7.493009217547e-12       1.055111761397e-14       1.504933695430e-15       5.464541212238e-16      -5.326821327439e-17 
 1399       1.082314312927e-10       2.359910506437e-12      -7.445167157001e-12       1.054865246589e-14       1.500694955729e-15       5.451832233664e-16      -5.259106031018e-17 
 1400       1.083419967825e-10       2.337422275189e-12      -7.395913818582e-12       1.054617477915e-14       1.496470899340e-15       5.438813454242e-16      -5.191204903558e-17 
 1401       1.084484993069e-10       2.315110293049e-12      -7.345273279351e-12       1.054368279599e-14       1.492261470153e-15       5.425511366119e-16      -5.123122661468e-17 
 1402       1.085508536260e-10       2.292981610213e-12      -7.293269777846e-12       1.054117474846e-14       1.488066611275e-15       5.411952617789e-16      -5.054864048962e-17 
 1403       1.086489740881e-10       2.271043313017e-12      -7.239927714391e-12       1.053864885832e-14       1.483886265022e-15       5.398164014374e-16      -4.986433838112e-17 
 1404       1.087427746295e-10       2.249302523996e-12      -7.185271651388e-12       1.053610333712e-14       1.479720372926e-15       5.384172517906e-16      -4.917836828894e-17 
 1405       1.088321687737e-10       2.227766401954e-12      -7.129326313627e-12       1.053353638611e-14       1.475568875724e-15       5.370005247606e-16      -4.849077849240e-17 
 1406       1.089170696306e-10       2.206442142017e-12      -7.072116588583e-12       1.053094619623e-14       1.471431713363e-15       5.355689480170e-16      -4.780161755085e-17 
 1407       1.089973898961e-10       2.185336975698e-12      -7.013667526719e-12       1.052833094813e-14       1.467308824997e-15       5.341252650047e-16      -4.711093430419e-17 
 1408       1.090730418510e-10       2.164458170962e-12      -6.954004341786e-12       1.052568881211e-14       1.463200148982e-15       5.326722349721e-16      -4.641877787331e-17 
 1409       1.091439373606e-10       2.143813032280e-12      -6.893152411128e-12       1.052301794811e-14       1.459105622877e-15       5.312126329995e-16      -4.572519766067e-17 
 1410       1.092099878740e-10       2.123408900699e-12      -6.831137275980e-12       1.052031650572e-14       1.455025183444e-15       5.297492500271e-16      -4.503024335071e-17 
 1411       1.092711044232e-10       2.103253153899e-12      -6.767984641773e-12       1.051758262413e-14       1.450958766642e-15       5.282848928829e-16      -4.433396491039e-17 
 1412       1.093271976228e-10       2.083353206255e-12      -6.703720378431e-12       1.051481443210e-14       1.446906307626e-15       5.268223843114e-16      -4.363641258965e-17 
 1413       1.093781776687e-10       2.063716508899e-12      -6.638370520678e-12       1.051201004800e-14       1.442867740751e-15       5.253645630014e-16      -4.293763692195e-17 
 1414       1.094239543381e-10       2.044350549784e-12      -6.571961268335e-12       1.050916757974e-14       1.438842999561e-15       5.239142836142e-16      -4.223768872473e-17 
 1415       1.094644369883e-10       2.025262853742e-12      -6.504518986624e-12       1.050628512475e-14       1.434832016794e-15       5.224744168117e-16      -4.153661909989e-17 
 1416       1.094995345565e-10       2.006460982549e-12      -6.436070206471e-12       1.050336077000e-14       1.430834724380e-15       5.210478492848e-16      -4.083447943432e-17 
 1417       1.095291555583e-10       1.987952534983e-12      -6.366641624803e-12       1.050039259194e-14       1.426851053436e-15       5.196374837814e-16      -4.013132140038e-17 
 1418       1.095532080880e-10       1.969745146890e-12      -6.296260104854e-12       1.049737865652e-14       1.422880934265e-15       5.182462391346e-16      -3.942719695637e-17 
 1419       1.095715998173e-10       1.951846491243e-12      -6.224952676464e-12       1.049431701914e-14       1.418924296356e-15       5.168770502906e-16      -3.872215834707e-17 
 1420       1.095842379945e-10       1.934264278203e-12      -6.152746536382e-12       1.049120572464e-14       1.414981068381e-15       5.155328683373e-16      -3.801625810417e-17 
 1421       1.095910294443e-10       1.917006255184e-12      -6.079669048567e-12       1.048804280729e-14       1.411051178196e-15       5.142166605323e-16      -3.730954904684e-17 
 1422       1.095918805669e-10       1.900080206912e-12      -6.005747744491e-12       1.048482629078e-14       1.407134552832e-15       5.129314103308e-16      -3.660208428214e-17 
 1423       1.095866973371e-10       1.883493955486e-12      -5.931010323437e-12       1.048155418815e-14       1.403231118504e-15       5.116801174141e-16      -3.589391720558e-17 
 1424       1.095754025567e-10       1.867254259591e-12      -5.855484785014e-12       1.047822470895e-14       1.399340807079e-15       5.104648569228e-16      -3.518510536375e-17 
 1425       1.095579878060e-10       1.851363499631e-12      -5.779199827568e-12       1.047483688281e-14       1.395463575602e-15       5.092839465296e-16      -3.447572208467e-17 
 1426       1.095344620241e-10       1.835822958671e-12      -5.702184454462e-12       1.047138994219e-14       1.391599386971e-15       5.081347503285e-16      -3.376584496788e-17 
 1427       1.095048343053e-10       1.820633920202e-12      -5.624467842545e-12       1.046788311587e-14       1.387748203474e-15       5.070146169618e-16      -3.305555203380e-17 
 1428       1.094691138992e-10       1.805797668131e-12      -5.546079342464e-12       1.046431562894e-14       1.383909986789e-15       5.059208795930e-16      -3.234492172450e-17 
 1429       1.094273102111e-10       1.791315486783e-12      -5.467048478970e-12       1.046068670277e-14       1.380084697979e-15       5.048508558790e-16      -3.163403290438e-17 
 1430       1.093794328022e-10       1.777188660895e-12      -5.387404951232e-12       1.045699555505e-14       1.376272297495e-15       5.038018479431e-16      -3.092296486090e-17 
 1431       1.093254913902e-10       1.763418475612e-12      -5.307178633141e-12       1.045324139973e-14       1.372472745173e-15       5.027711423469e-16      -3.021179730534e-17 
 1432       1.092654958492e-10       1.750006216487e-12      -5.226399573625e-12       1.044942344706e-14       1.368686000231e-15       5.017560100634e-16      -2.950061037346e-17 
 1433       1.091994562105e-10       1.736953169473e-12      -5.145097996953e-12       1.044554090356e-14       1.364912021271e-15       5.007537064490e-16      -2.878948462627e-17 
 1434       1.091273826627e-10       1.724260620923e-12      -5.063304303050e-12       1.044159297201e-14       1.361150766273e-15       4.997614712166e-16      -2.807850105072e-17 
 1435       1.090492855519e-10       1.711929857585e-12      -4.981049067800e-12       1.043757885147e-14       1.357402192599e-15       4.987765284077e-16      -2.736774106045e-17 
 1436       1.089651753824e-10       1.699962166600e-12      -4.898363043362e-12       1.043349773722e-14       1.353666256987e-15       4.977960863648e-16      -2.665728649649e-17 
 1437       1.088750628167e-10       1.688358835496e-12      -4.815277158475e-12       1.042934882083e-14       1.349942915552e-15       4.968173377046e-16      -2.594721962800e-17 
 1438       1.087789586759e-10       1.677121152189e-12      -4.731822518769e-12       1.042513129008e-14       1.346232123784e-15       4.958374592899e-16      -2.523762315295e-17 
 1439       1.086768739402e-10       1.666250404974e-12      -4.648030407073e-12       1.042084432902e-14       1.342533836549e-15       4.948536122021e-16      -2.452858019892e-17 
 1440       1.085688197490e-10       1.655747882525e-12      -4.563932283727e-12       1.041648711789e-14       1.338848008082e-15       4.938629417142e-16      -2.382017432372e-17 
 1441       1.084548074014e-10       1.645614873894e-12      -4.479559786891e-12       1.041205883319e-14       1.335174591991e-15       4.928625772630e-16      -2.311248951621e-17 
 1442       1.083348483564e-10       1.635852668501e-12      -4.394944732850e-12       1.040755864761e-14       1.331513541255e-15       4.918496324217e-16      -2.240561019695e-17 
 1443       1.082089542335e-10       1.626462556137e-12      -4.310119116330e-12       1.040298573008e-14       1.327864808219e-15       4.908212048723e-16      -2.169962121896e-17 
 1444       1.080771368126e-10       1.617445826955e-12      -4.225115110803e-12       1.039833924570e-14       1.324228344597e-15       4.897743763784e-16      -2.099460786843e-17 
 1445       1.079394080347e-10       1.608803771473e-12      -4.139965068797e-12       1.039361835581e-14       1.320604101466e-15       4.887062127575e-16      -2.029065586544e-17 
 1446       1.077957800020e-10       1.600537680564e-12      -4.054701522208e-12       1.038882221790e-14       1.316992029271e-15       4.876137638534e-16      -1.958785136468e-17 
 1447       1.076462649784e-10       1.592648845458e-12      -3.969357182605e-12       1.038394998568e-14       1.313392077818e-15       4.864940635092e-16      -1.888628095618e-17 
 1448       1.074908753897e-10       1.585138557734e-12      -3.883964941544e-12       1.037900080902e-14       1.309804196274e-15       4.853441295393e-16      -1.818603166602e-17 
 1449       1.073296238242e-10       1.578008109322e-12      -3.798557870875e-12       1.037397383397e-14       1.306228333167e-15       4.841609637023e-16      -1.748719095707e-17 
 1450       1.071625230324e-10       1.571258792494e-12      -3.713169223051e-12       1.036886820276e-14       1.302664436385e-15       4.829415516732e-16      -1.678984672968e-17 
 1451       1.069895859283e-10       1.564891899863e-12      -3.627832431437e-12       1.036368305376e-14       1.299112453171e-15       4.816828630163e-16      -1.609408732245e-17 
 1452       1.068108255886e-10       1.558908724381e-12      -3.542581110625e-12       1.035841752150e-14       1.295572330126e-15       4.803818511573e-16      -1.540000151290e-17 
 1453       1.066262552540e-10       1.553310559335e-12      -3.457449056733e-12       1.035307073667e-14       1.292044013206e-15       4.790354533564e-16      -1.470767851822e-17 
 1454       1.064358883292e-10       1.548098698340e-12      -3.372470247725e-12       1.034764182609e-14       1.288527447720e-15       4.776405906801e-16      -1.401720799598e-17 
 1455       1.062397383828e-10       1.543274435342e-12      -3.287678843715e-12       1.034212991273e-14       1.285022578328e-15       4.761941679743e-16      -1.332868004488e-17 
 1456       1.060378191484e-10       1.538839064608e-12      -3.203109187275e-12       1.033653411567e-14       1.281529349042e-15       4.746930738365e-16      -1.264218520543e-17 
 1457       1.058301445242e-10       1.534793880728e-12      -3.118795803749e-12       1.033085355014e-14       1.278047703224e-15       4.731341805885e-16      -1.195781446069e-17 
 1458       1.056167285741e-10       1.531140178607e-12      -3.034773401560e-12       1.032508732745e-14       1.274577583582e-15       4.715143442489e-16      -1.127565923701e-17 
 1459       1.053975855271e-10       1.527879253467e-12      -2.951076872517e-12       1.031923455507e-14       1.271118932172e-15       4.698304045056e-16      -1.059581140470e-17 
 1460       1.051727297784e-10       1.525012400838e-12      -2.867741292131e-12       1.031329433653e-14       1.267671690396e-15       4.680791846882e-16      -9.918363278837e-18 
 1461       1.049421758896e-10       1.522540916558e-12      -2.784801919916e-12       1.030726577148e-14       1.264235798998e-15       4.662574917407e-16      -9.243407619889e-18 
 1462       1.047059385886e-10       1.520466096768e-12      -2.702294199706e-12       1.030114795565e-14       1.260811198066e-15       4.643621161940e-16      -8.571037634506e-18 
 1463       1.044640431910e-10       1.518788364174e-12      -2.620250998793e-12       1.029494020321e-14       1.257397832111e-15       4.623907509547e-16      -7.901339369151e-18 
 1464       1.042165569756e-10       1.517504637267e-12      -2.538694294542e-12       1.028864271613e-14       1.253995665374e-15       4.603447577750e-16      -7.234368806448e-18 
 1465       1.039635581232e-10       1.516610934799e-12      -2.457643405284e-12       1.028225592149e-14       1.250604666666e-15       4.582264283845e-16      -6.570174541308e-18 
 1466       1.037051253249e-10       1.516103247074e-12      -2.377117744094e-12       1.027578024974e-14       1.247224804307e-15       4.560380682076e-16      -5.908805367506e-18 
 1467       1.034413377837e-10       1.515977535898e-12      -2.297136818951e-12       1.026921613472e-14       1.243856046117e-15       4.537819963877e-16      -5.250310277981e-18 
 1468       1.031722752149e-10       1.516229734529e-12      -2.217720232887e-12       1.026256401365e-14       1.240498359420e-15       4.514605458105e-16      -4.594738465129e-18 
 1469       1.028980178471e-10       1.516855747622e-12      -2.138887684144e-12       1.025582432718e-14       1.237151711039e-15       4.490760631287e-16      -3.942139321097e-18 
 1470       1.026186464233e-10       1.517851451177e-12      -2.060658966330e-12       1.024899751932e-14       1.233816067300e-15       4.466309087858e-16      -3.292562438083e-18 
 1471       1.023342422017e-10       1.519212692487e-12      -1.983053968573e-12       1.024208403752e-14       1.230491394026e-15       4.441274570399e-16      -2.646057608626e-18 
 1472       1.020448869566e-10       1.520935290088e-12      -1.906092675672e-12       1.023508433263e-14       1.227177656537e-15       4.415680959879e-16      -2.002674825905e-18 
 1473       1.017506629793e-10       1.523015033701e-12      -1.829795168259e-12       1.022799885895e-14       1.223874819651e-15       4.389552275895e-16      -1.362464284032e-18 
 1474       1.014516530791e-10       1.525447684185e-12      -1.754181622947e-12       1.022082807416e-14       1.220582847683e-15       4.362912676912e-16      -7.254763783504e-19 
 1475       1.011479405840e-10       1.528228973483e-12      -1.679272312489e-12       1.021357243942e-14       1.217301704441e-15       4.335786460500e-16      -9.176170572752e-20 
 1476       1.008396093421e-10       1.531354604568e-12      -1.605087605929e-12       1.020623241931e-14       1.214031353225e-15       4.308198063581e-16       5.386289351485e-19 
 1477       1.005267437219e-10       1.534820251393e-12      -1.531647968760e-12       1.019880848186e-14       1.210771756832e-15       4.280172062661e-16       1.165644543474e-18 
 1478       1.002094286136e-10       1.538621558837e-12      -1.458973963079e-12       1.019130109855e-14       1.207522877545e-15       4.251733174075e-16       1.789233916032e-18 
 1479       9.988774942990e-11       1.542754142654e-12      -1.387086247738e-12       1.018371074432e-14       1.204284677142e-15       4.222906254226e-16       2.409345646903e-18 
 1480       9.956179210707e-11       1.547213589420e-12      -1.316005578501e-12       1.017603789759e-14       1.201057116888e-15       4.193716299823e-16       3.025928127161e-18 
 1481       9.923164310559e-11       1.551995456480e-12      -1.245752808201e-12       1.016828304023e-14       1.197840157536e-15       4.164188448125e-16       3.638929544584e-18 
 1482       9.889738941126e-11       1.557095271895e-12      -1.176348886889e-12       1.016044665760e-14       1.194633759326e-15       4.134347977178e-16       4.248297883360e-18 
 1483       9.855911853605e-11       1.562508534393e-12      -1.107814861996e-12       1.015252923855e-14       1.191437881986e-15       4.104220306055e-16       4.853980923783e-18 
 1484       9.821691851905e-11       1.568230713315e-12      -1.040171878480e-12       1.014453127539e-14       1.188252484726e-15       4.073830995098e-16       5.455926241969e-18 
 1485       9.787087792733e-11       1.574257248559e-12      -9.734411789873e-13       1.013645326397e-14       1.185077526244e-15       4.043205746155e-16       6.054081209550e-18 
 1486       9.752108585691e-11       1.580583550534e-12      -9.076441040034e-13       1.012829570361e-14       1.181912964715e-15       4.012370402824e-16       6.648392993387e-18 
 1487       9.716763193366e-11       1.587205000103e-12      -8.428020920089e-13       1.012005909716e-14       1.178758757802e-15       3.981350950689e-16       7.238808555270e-18 
 1488       9.681060631419e-11       1.594116948532e-12      -7.789366796339e-13       1.011174395096e-14       1.175614862643e-15       3.950173517563e-16       7.825274651623e-18 
 1489       9.645009968680e-11       1.601314717438e-12      -7.160695018133e-13       1.010335077489e-14       1.172481235860e-15       3.918864373728e-16       8.407737833209e-18 
 1490       9.608620327235e-11       1.608793598737e-12      -6.542222919408e-13       1.009488008236e-14       1.169357833552e-15       3.887449932170e-16       8.986144444837e-18 
 1491       9.571900882525e-11       1.616548854591e-12      -5.934168820243e-13       1.008633239030e-14       1.166244611293e-15       3.855956748828e-16       9.560440625062e-18 
 1492       9.534860863428e-11       1.624575717354e-12      -5.336752028399e-13       1.007770821919e-14       1.163141524138e-15       3.824411522825e-16       1.013057230589e-17 
 1493       9.497509552358e-11       1.632869389523e-12      -4.750192840872e-13       1.006900809304e-14       1.160048526614e-15       3.792841096713e-16       1.069648521250e-17 
 1494       9.459856285354e-11       1.641425043684e-12      -4.174712545439e-13       1.006023253945e-14       1.156965572722e-15       3.761272456714e-16       1.125812486290e-17 
 1495       9.421910452170e-11       1.650237822460e-12      -3.610533422202e-13       1.005138208953e-14       1.153892615938e-15       3.729732732955e-16       1.181543656770e-17 
 1496       9.383681496369e-11       1.659302838456e-12      -3.057878745139e-13       1.004245727798e-14       1.150829609210e-15       3.698249199714e-16       1.236836542977e-17 
 1497       9.345178915412e-11       1.668615174212e-12      -2.516972783650e-13       1.003345864307e-14       1.147776504955e-15       3.666849275654e-16       1.291685634394e-17 
 1498       9.306412260753e-11       1.678169882145e-12      -1.988040804101e-13       1.002438672664e-14       1.144733255061e-15       3.635560524069e-16       1.346085399674e-17 
 1499       9.267391137925e-11       1.687961984501e-12      -1.471309071377e-13       1.001524207413e-14       1.141699810886e-15       3.604410653119e-16       1.400030286609e-17 
 1500       9.228125206638e-11       1.697986473300e-12      -9.670048504252e-14       1.000602523454e-14       1.138676123254e-15       3.573427516073e-16       1.453514722097e-17 
 1501       9.188624180867e-11       1.708238310285e-12      -4.753564078028e-14       9.996736760495e-15       1.135662142456e-15       3.542639111548e-16       1.506533112118e-17 
 1502       9.148897763973e-11       1.718712225510e-12       3.444020496603e-16       9.987377320060e-15       1.132657822396e-15       3.512068772674e-16       1.559080395317e-17 
 1503       9.108955453206e-11       1.729402111067e-12       4.693517231614e-14       9.977948033564e-15       1.129663133072e-15       3.481720682850e-16       1.611153709713e-17 
 1504       9.068806733482e-11       1.740301621352e-12       9.223591021115e-14       9.968450140090e-15       1.126678048213e-15       3.451594219419e-16       1.662750742164e-17 
 1505       9.028461142265e-11       1.751404373823e-12       1.362458737724e-13       9.958884885925e-15       1.123702541142e-15       3.421688751921e-16       1.713869176223e-17 
 1506       8.987928269659e-11       1.762703948938e-12       1.789643389258e-13       9.949253524568e-15       1.120736584780e-15       3.392003642084e-16       1.764506692136e-17 
 1507       8.947217758497e-11       1.774193890094e-12       2.203905995269e-13       9.939557316749e-15       1.117780151637e-15       3.362538243803e-16       1.814660966842e-17 
 1508       8.906339304422e-11       1.785867703559e-12       2.605239674039e-13       9.929797530436e-15       1.114833213819e-15       3.333291903128e-16       1.864329673978e-17 
 1509       8.865302655982e-11       1.797718858416e-12       2.993637723992e-13       9.919975440847e-15       1.111895743022e-15       3.304263958247e-16       1.913510483873e-17 
 1510       8.824117614715e-11       1.809740786492e-12       3.369093624116e-13       9.910092330467e-15       1.108967710534e-15       3.275453739469e-16       1.962201063549e-17 
 1511       8.782794035238e-11       1.821926882302e-12       3.731601034386e-13       9.900149489055e-15       1.106049087233e-15       3.246860569210e-16       2.010399076723e-17 
 1512       8.741341825334e-11       1.834270502981e-12       4.081153796185e-13       9.890148213659e-15       1.103139843585e-15       3.218483761977e-16       2.058102183806e-17 
 1513       8.699770946041e-11       1.846764968224e-12       4.417745932726e-13       9.880089808627e-15       1.100239949645e-15       3.190322624353e-16       2.105308041902e-17 
 1514       8.658091411740e-11       1.859403560221e-12       4.741371649470e-13       9.869975585617e-15       1.097349375056e-15       3.162376454978e-16       2.152014304810e-17 
 1515       8.616313290243e-11       1.872179523595e-12       5.052025334553e-13       9.859806863616e-15       1.094468089047e-15       3.134644544537e-16       2.198218623020e-17 
 1516       8.574446702879e-11       1.885086065338e-12       5.349701559202e-13       9.849584968944e-15       1.091596060434e-15       3.107126175743e-16       2.243918643718e-17 
 1517       8.532501824587e-11       1.898116354749e-12       5.634395078160e-13       9.839311235271e-15       1.088733257617e-15       3.079820623320e-16       2.289112010781e-17 
 1518       8.490488883999e-11       1.911263523372e-12       5.906100830104e-13       9.828987003628e-15       1.085879648579e-15       3.052727153991e-16       2.333796364780e-17 
 1519       8.448418163529e-11       1.924520664929e-12       6.164813938072e-13       9.818613622417e-15       1.083035200889e-15       3.025845026457e-16       2.377969342979e-17 
 1520       8.406299999465e-11       1.937880835260e-12       6.410529709878e-13       9.808192447429e-15       1.080199881695e-15       2.999173491384e-16       2.421628579335e-17 
 1521       8.364144782051e-11       1.951337052261e-12       6.643243638537e-13       9.797724841849e-15       1.077373657730e-15       2.972711791390e-16       2.464771704497e-17 
 1522       8.321962955580e-11       1.964882295818e-12       6.862951402685e-13       9.787212176271e-15       1.074556495305e-15       2.946459161025e-16       2.507396345808e-17 
 1523       8.279765018479e-11       1.978509507745e-12       7.069648867003e-13       9.776655828714e-15       1.071748360312e-15       2.920414826755e-16       2.549500127302e-17 
 1524       8.237561523400e-11       1.992211591722e-12       7.263332082635e-13       9.766057184626e-15       1.068949218222e-15       2.894578006952e-16       2.591080669707e-17 
 1525       8.195363077305e-11       2.005981413231e-12       7.443997287609e-13       9.755417636905e-15       1.066159034083e-15       2.868947911871e-16       2.632135590442e-17 
 1526       8.153180341555e-11       2.019811799493e-12       7.611640907264e-13       9.744738585903e-15       1.063377772522e-15       2.843523743639e-16       2.672662503619e-17 
 1527       8.111024031999e-11       2.033695539404e-12       7.766259554665e-13       9.734021439446e-15       1.060605397742e-15       2.818304696239e-16       2.712659020041e-17 
 1528       8.068904919061e-11       2.047625383475e-12       7.907850031027e-13       9.723267612839e-15       1.057841873520e-15       2.793289955492e-16       2.752122747204e-17 
 1529       8.026833827830e-11       2.061594043764e-12       8.036409326138e-13       9.712478528882e-15       1.055087163209e-15       2.768478699042e-16       2.791051289297e-17 
 1530       7.984821638144e-11       2.075594193820e-12       8.151934618776e-13       9.701655617881e-15       1.052341229736e-15       2.743870096343e-16       2.829442247197e-17 
 1531       7.942879284682e-11       2.089618468612e-12       8.254423277136e-13       9.690800317662e-15       1.049604035601e-15       2.719463308640e-16       2.867293218476e-17 
 1532       7.901017757051e-11       2.103659464472e-12       8.343872859247e-13       9.679914073581e-15       1.046875542874e-15       2.695257488953e-16       2.904601797397e-17 
 1533       7.859248099873e-11       2.117709739029e-12       8.420281113394e-13       9.668998338536e-15       1.044155713199e-15       2.671251782065e-16       2.941365574913e-17 
 1534       7.817581412874e-11       2.131761811146e-12       8.483645978543e-13       9.658054572979e-15       1.041444507790e-15       2.647445324502e-16       2.977582138670e-17 
 1535       7.776028850971e-11       2.145808160858e-12       8.533965584757e-13       9.647084244932e-15       1.038741887429e-15       2.623837244522e-16       3.013249073003e-17 
 1536       7.734601624362e-11       2.159841229309e-12       8.571238253620e-13       9.636088829994e-15       1.036047812469e-15       2.600426662093e-16       3.048363958941e-17 
 1537       7.693310998612e-11       2.173853418688e-12       8.595462498661e-13       9.625069811355e-15       1.033362242828e-15       2.577212688883e-16       3.082924374202e-17 
 1538       7.652168294741e-11       2.187837092168e-12       8.606637025771e-13       9.614028679809e-15       1.030685137993e-15       2.554194428243e-16       3.116927893194e-17 
 1539       7.611184889317e-11       2.201784573838e-12       8.604760733626e-13       9.602966933767e-15       1.028016457017e-15       2.531370975188e-16       3.150372087019e-17 
 1540       7.570372214534e-11       2.215688148647e-12       8.589832714109e-13       9.591886079264e-15       1.025356158517e-15       2.508741416385e-16       3.183254523466e-17 
 1541       7.529740805868e-11       2.229540552459e-12       8.561877528180e-13       9.580787586228e-15       1.022704204060e-15       2.486303882835e-16       3.215573306880e-17 
 1542       7.489297434937e-11       2.243336447458e-12       8.521021295068e-13       9.569672756785e-15       1.020060568339e-15       2.464052698120e-16       3.247328703353e-17 
 1543       7.449047949598e-11       2.257070960627e-12       8.467416326186e-13       9.558542855723e-15       1.017425229092e-15       2.441981203053e-16       3.278521530961e-17 
 1544       7.408998223957e-11       2.270739194852e-12       8.401215916918e-13       9.547399154141e-15       1.014798163723e-15       2.420082700463e-16       3.309152621321e-17 
 1545       7.369154158407e-11       2.284336228888e-12       8.322574348322e-13       9.536242929460e-15       1.012179349304e-15       2.398350455127e-16       3.339222819622e-17 
 1546       7.329521679674e-11       2.297857117317e-12       8.231646888825e-13       9.525075465429e-15       1.009568762571e-15       2.376777693711e-16       3.368732984652e-17 
 1547       7.290106740852e-11       2.311296890512e-12       8.128589795920e-13       9.513898052138e-15       1.006966379928e-15       2.355357604703e-16       3.397683988826e-17 
 1548       7.250915321443e-11       2.324650554601e-12       8.013560317868e-13       9.502711986026e-15       1.004372177443e-15       2.334083338350e-16       3.426076718211e-17 
 1549       7.211953427401e-11       2.337913091422e-12       7.886716695390e-13       9.491518569894e-15       1.001786130846e-15       2.312948006596e-16       3.453912072552e-17 
 1550       7.173227091166e-11       2.351079458491e-12       7.748218163371e-13       9.480319112911e-15       9.992082155332e-16       2.291944683015e-16       3.481190965306e-17 
 1551       7.134742371710e-11       2.364144588961e-12       7.598224952552e-13       9.469114930625e-15       9.966384065619e-16       2.271066402754e-16       3.507914323659e-17 
 1552       7.096505354574e-11       2.377103391583e-12       7.436898291232e-13       9.457907344976e-15       9.940766786518e-16       2.250306162461e-16       3.534083088563e-17 
 1553       7.058522151906e-11       2.389950750669e-12       7.264400406965e-13       9.446697684302e-15       9.915230061840e-16       2.229656920230e-16       3.559698214756e-17 
 1554       7.020798902505e-11       2.402681526055e-12       7.080894528255e-13       9.435487283351e-15       9.889773632000e-16       2.209111595528e-16       3.584760670792e-17 
 1555       6.983341771859e-11       2.415290553059e-12       6.886544886257e-13       9.424277483290e-15       9.864397234016e-16       2.188663069142e-16       3.609271439069e-17 
 1556       6.946156952183e-11       2.427772642447e-12       6.681516716475e-13       9.413069631716e-15       9.839100601497e-16       2.168304183107e-16       3.633231515855e-17 
 1557       6.909250662463e-11       2.440122580390e-12       6.465976260456e-13       9.401865082664e-15       9.813883464636e-16       2.148027740645e-16       3.656641911315e-17 
 1558       6.872629148493e-11       2.452335128429e-12       6.240090767492e-13       9.390665196619e-15       9.788745550209e-16       2.127826506105e-16       3.679503649539e-17 
 1559       6.836298682916e-11       2.464405023438e-12       6.004028496317e-13       9.379471340525e-15       9.763686581561e-16       2.107693204893e-16       3.701817768567e-17 
 1560       6.800265565264e-11       2.476326977581e-12       5.757958716801e-13       9.368284887795e-15       9.738706278604e-16       2.087620523414e-16       3.723585320418e-17 
 1561       6.764536121997e-11       2.488095678277e-12       5.502051711653e-13       9.357107218321e-15       9.713804357808e-16       2.067601109006e-16       3.744807371120e-17 
 1562       6.729116706545e-11       2.499705788161e-12       5.236478778117e-13       9.345939718484e-15       9.688980532195e-16       2.047627569876e-16       3.765485000730e-17 
 1563       6.694013699345e-11       2.511151945046e-12       4.961412229667e-13       9.334783781162e-15       9.664234511332e-16       2.027692475038e-16       3.785619303367e-17 
 1564       6.659233507882e-11       2.522428761885e-12       4.677025397710e-13       9.323640805745e-15       9.639566001324e-16       2.007788354247e-16       3.805211387238e-17 
 1565       6.624782566733e-11       2.533530826731e-12       4.383492633279e-13       9.312512198137e-15       9.614974704805e-16       1.987907697940e-16       3.824262374663e-17 
 1566       6.590667337601e-11       2.544452702699e-12       4.080989308734e-13       9.301399370775e-15       9.590460320938e-16       1.968042957167e-16       3.842773402105e-17 
 1567       6.556894309356e-11       2.555188927931e-12       3.769691819457e-13       9.290303742632e-15       9.566022545400e-16       1.948186543531e-16       3.860745620194e-17 
 1568       6.523469998079e-11       2.565734015552e-12       3.449777585552e-13       9.279226739229e-15       9.541661070378e-16       1.928330829124e-16       3.878180193758e-17 
 1569       6.490400947098e-11       2.576082453638e-12       3.121425053544e-13       9.268169792647e-15       9.517375584567e-16       1.908468146461e-16       3.895078301847e-17 
 1570       6.457693727030e-11       2.586228705173e-12       2.784813698073e-13       9.257134341533e-15       9.493165773156e-16       1.888590788420e-16       3.911441137761e-17 
 1571       6.425354935820e-11       2.596167208011e-12       2.440124023594e-13       9.246121831114e-15       9.469031317823e-16       1.868691008176e-16       3.927269909078e-17 
 1572       6.393391198780e-11       2.605892374841e-12       2.087537566075e-13       9.235133713205e-15       9.444971896733e-16       1.848761019138e-16       3.942565837681e-17 
 1573       6.361809168631e-11       2.615398593146e-12       1.727236894695e-13       9.224171446216e-15       9.420987184524e-16       1.828792994886e-16       3.957330159783e-17 
 1574       6.330615525544e-11       2.624680225166e-12       1.359405613541e-13       9.213236495168e-15       9.397076852307e-16       1.808779069108e-16       3.971564125958e-17 
 1575       6.299816977173e-11       2.633731607856e-12       9.842283633045e-14       9.202330331699e-15       9.373240567652e-16       1.788711335534e-16       3.985269001164e-17 
 1576       6.269420258706e-11       2.642547052855e-12       6.018908229830e-14       9.191454434074e-15       9.349477994589e-16       1.768581847875e-16       3.998446064773e-17 
 1577       6.239432132894e-11       2.651120846441e-12       2.125797115744e-14       9.180610287196e-15       9.325788793593e-16       1.748382619758e-16       4.011096610598e-17 
 1578       6.209859390099e-11       2.659447249496e-12      -1.835172102235e-14       9.169799382615e-15       9.302172621586e-16       1.728105624661e-16       4.023221946918e-17 
 1579       6.180708848329e-11       2.667520497465e-12      -5.862111383160e-14       9.159023218539e-15       9.278629131922e-16       1.707742795856e-16       4.034823396508e-17 
 1580       6.151986189393e-11       2.675335606416e-12      -9.953103517514e-14       9.148283149393e-15       9.255158002026e-16       1.687288183781e-16       4.045902437636e-17 
 1581       6.123692455487e-11       2.682890799448e-12      -1.410614576785e-13       9.137579932953e-15       9.231759016594e-16       1.666744450166e-16       4.056461128441e-17 
 1582       6.095827520253e-11       2.690185102669e-12      -1.831920567254e-13       9.126914179040e-15       9.208431985146e-16       1.646116433911e-16       4.066501686536e-17 
 1583       6.068391249702e-11       2.697217541143e-12      -2.259023969819e-13       9.116286499591e-15       9.185176714454e-16       1.625408999139e-16       4.076026348431e-17 
 1584       6.041383502199e-11       2.703987138888e-12      -2.691719322173e-13       9.105697508660e-15       9.161993008534e-16       1.604627035237e-16       4.085037369566e-17 
 1585       6.014804128448e-11       2.710492918878e-12      -3.129800051256e-13       9.095147822427e-15       9.138880668640e-16       1.583775456894e-16       4.093537024344e-17 
 1586       5.988652971478e-11       2.716733903045e-12      -3.573058471467e-13       9.084638059192e-15       9.115839493260e-16       1.562859204142e-16       4.101527606164e-17 
 1587       5.962929866622e-11       2.722709112274e-12      -4.021285782877e-13       9.074168839384e-15       9.092869278109e-16       1.541883242396e-16       4.109011427458e-17 
 1588       5.937634641505e-11       2.728417566408e-12      -4.474272069440e-13       9.063740785562e-15       9.069969816124e-16       1.520852562494e-16       4.115990819721e-17 
 1589       5.912767116027e-11       2.733858284250e-12      -4.931806297205e-13       9.053354522418e-15       9.047140897460e-16       1.499772180739e-16       4.122468133549e-17 
 1590       5.888327102347e-11       2.739030283557e-12      -5.393676312528e-13       9.043010676777e-15       9.024382309483e-16       1.478647138936e-16       4.128445738668e-17 
 1591       5.864314404867e-11       2.743932581047e-12      -5.859668840288e-13       9.032709877604e-15       9.001693836763e-16       1.457482504434e-16       4.133926023975e-17 
 1592       5.840728820216e-11       2.748564192394e-12      -6.329569482094e-13       9.022452756003e-15       8.979075261071e-16       1.436283370164e-16       4.138911397563e-17 
 1593       5.817570137234e-11       2.752924132232e-12      -6.803162714502e-13       9.012239945221e-15       8.956526361374e-16       1.415054854683e-16       4.143404286763e-17 
 1594       5.794838136956e-11       2.757011414156e-12      -7.280231887222e-13       9.002072080654e-15       8.934046913827e-16       1.393802102212e-16       4.147407138173e-17 
 1595       5.772532592597e-11       2.760825050719e-12      -7.760559221336e-13       8.991949799843e-15       8.911636691767e-16       1.372530282672e-16       4.150922417695e-17 
 1596       5.750653269533e-11       2.764364053434e-12      -8.243925807506e-13       8.981873742481e-15       8.889295465713e-16       1.351244591733e-16       4.153952610565e-17 
 1597       5.729199925290e-11       2.767627432775e-12      -8.730111604190e-13       8.971844550417e-15       8.867023003354e-16       1.329950250845e-16       4.156500221391e-17 
 1598       5.708172309524e-11       2.770614198179e-12      -9.218895435849e-13       8.961862867655e-15       8.844819069545e-16       1.308652507284e-16       4.158567774186e-17 
 1599       5.687570164005e-11       2.773323358041e-12      -9.710054991165e-13       8.951929340357e-15       8.822683426306e-16       1.287356634190e-16       4.160157812398e-17 
 1600       5.667393222605e-11       2.775753919721e-12      -1.020336682125e-12       8.942044616851e-15       8.800615832810e-16       1.266067930608e-16       4.161272898951e-17 
 1601       5.647641211278e-11       2.777904889540e-12      -1.069860633786e-12       8.932209347626e-15       8.778616045382e-16       1.244791721524e-16       4.161915616273e-17 
 1602       5.628313848044e-11       2.779775272781e-12      -1.119554781160e-12       8.922424185340e-15       8.756683817492e-16       1.223533357914e-16       4.162088566331e-17 
 1603       5.609410842977e-11       2.781364073692e-12      -1.169396437015e-12       8.912689784822e-15       8.734818899751e-16       1.202298216773e-16       4.161794370667e-17 
 1604       5.590931898186e-11       2.782670295483e-12      -1.219362799647e-12       8.903006803071e-15       8.713021039900e-16       1.181091701164e-16       4.161035670432e-17 
 1605       5.572876707797e-11       2.783692940329e-12      -1.269430952701e-12       8.893375899265e-15       8.691289982812e-16       1.159919240254e-16       4.159815126417e-17 
 1606       5.555244957943e-11       2.784431009369e-12      -1.319577864992e-12       8.883797734757e-15       8.669625470483e-16       1.138786289355e-16       4.158135419089e-17 
 1607       5.538036326742e-11       2.784883502707e-12      -1.369780390327e-12       8.874272973083e-15       8.648027242025e-16       1.117698329961e-16       4.155999248624e-17 
 1608       5.521250484285e-11       2.785049419411e-12      -1.420015267326e-12       8.864802279961e-15       8.626495033663e-16       1.096660869796e-16       4.153409334943e-17 
 1609       5.504887092619e-11       2.784927757518e-12      -1.470259119244e-12       8.855386323298e-15       8.605028578727e-16       1.075679442845e-16       4.150368417744e-17 
 1610       5.488945805729e-11       2.784517514027e-12      -1.520488453789e-12       8.846025773187e-15       8.583627607650e-16       1.054759609400e-16       4.146879256534e-17 
 1611       5.473426269526e-11       2.783817684906e-12      -1.570679662947e-12       8.836721301913e-15       8.562291847960e-16       1.033906956097e-16       4.142944630668e-17 
 1612       5.458328121827e-11       2.782827265090e-12      -1.620809022803e-12       8.827473583958e-15       8.541021024274e-16       1.013127095959e-16       4.138567339380e-17 
 1613       5.443650992341e-11       2.781545248481e-12      -1.670852693360e-12       8.818283295997e-15       8.519814858294e-16       9.924256684322e-17       4.133750201815e-17 
 1614       5.429394502654e-11       2.779970627947e-12      -1.720786718359e-12       8.809151116908e-15       8.498673068801e-16       9.718083394307e-17       4.128496057068e-17 
 1615       5.415558266211e-11       2.778102395328e-12      -1.770587025106e-12       8.800077727770e-15       8.477595371650e-16       9.512808013723e-17       4.122807764211e-17 
 1616       5.402141888302e-11       2.775939541429e-12      -1.820229424289e-12       8.791063811868e-15       8.456581479763e-16       9.308487732211e-17       4.116688202335e-17 
 1617       5.389144966042e-11       2.773481056026e-12      -1.869689609797e-12       8.782110054692e-15       8.435631103125e-16       9.105180005269e-17       4.110140270578e-17 
 1618       5.376567088362e-11       2.770725927863e-12      -1.918943158549e-12       8.773217143946e-15       8.414743948779e-16       8.902942554653e-17       4.103166888159e-17 
 1619       5.364407106605e-11       2.767673793097e-12      -1.967967367429e-12       8.764385610969e-15       8.393919743683e-16       8.701838229545e-17       4.095771070129e-17 
 1620       5.352660939160e-11       2.764326887026e-12      -2.016746782644e-12       8.755615353439e-15       8.373158303535e-16       8.501949637294e-17       4.087956155285e-17 
 1621       5.341323746962e-11       2.760688109996e-12      -2.065267719978e-12       8.746906108363e-15       8.352459464565e-16       8.303364645679e-17       4.079725580381e-17 
 1622       5.330390661019e-11       2.756760380591e-12      -2.113516432109e-12       8.738257610260e-15       8.331823060712e-16       8.106171534763e-17       4.071082804638e-17 
 1623       5.319856782372e-11       2.752546635661e-12      -2.161479108515e-12       8.729669591151e-15       8.311248923629e-16       7.910458997518e-17       4.062031309783e-17 
 1624       5.309717182037e-11       2.748049830356e-12      -2.209141875380e-12       8.721141780558e-15       8.290736882673e-16       7.716316140446e-17       4.052574600086e-17 
 1625       5.299966900958e-11       2.743272938154e-12      -2.256490795498e-12       8.712673905501e-15       8.270286764900e-16       7.523832484205e-17       4.042716202396e-17 
 1626       5.290600949959e-11       2.738218950888e-12      -2.303511868180e-12       8.704265690488e-15       8.249898395066e-16       7.333097964229e-17       4.032459666180e-17 
 1627       5.281614309697e-11       2.732890878783e-12      -2.350191029157e-12       8.695916857517e-15       8.229571595616e-16       7.144202931354e-17       4.021808563561e-17 
 1628       5.273001930606e-11       2.727291750480e-12      -2.396514150485e-12       8.687627126067e-15       8.209306186684e-16       6.957238152438e-17       4.010766489353e-17 
 1629       5.264758732853e-11       2.721424613067e-12      -2.442467040455e-12       8.679396213093e-15       8.189101986087e-16       6.772294810989e-17       3.999337061100e-17 
 1630       5.256879606287e-11       2.715292532113e-12      -2.488035443492e-12       8.671223833025e-15       8.168958809321e-16       6.589464507784e-17       3.987523919114e-17 
 1631       5.249359410390e-11       2.708898591693e-12      -2.533205040064e-12       8.663109697761e-15       8.148876469554e-16       6.408839261493e-17       3.975330726509e-17 
 1632       5.242192974228e-11       2.702245894424e-12      -2.577961446587e-12       8.655053516663e-15       8.128854777627e-16       6.230511509307e-17       3.962761169243e-17 
 1633       5.235375096399e-11       2.695337561487e-12      -2.622290215331e-12       8.647054996553e-15       8.108893542042e-16       6.054574107552e-17       3.949818956153e-17 
 1634       5.228900544989e-11       2.688176732665e-12      -2.666176834320e-12       8.639113841705e-15       8.088992568966e-16       5.881120332322e-17       3.936507818992e-17 
 1635       5.222764057516e-11       2.680766566368e-12      -2.709606727246e-12       8.631229753848e-15       8.069151662220e-16       5.710243880095e-17       3.922831512467e-17 
 1636       5.216960340887e-11       2.673110239667e-12      -2.752565253367e-12       8.623402432152e-15       8.049370623276e-16       5.542038868360e-17       3.908793814276e-17 
 1637       5.211484071343e-11       2.665210948319e-12      -2.795037707415e-12       8.615631573231e-15       8.029649251256e-16       5.376599836240e-17       3.894398525148e-17 
 1638       5.206329894416e-11       2.657071906802e-12      -2.837009319501e-12       8.607916871134e-15       8.009987342923e-16       5.214021745114e-17       3.879649468874e-17 
 1639       5.201492424873e-11       2.648696348343e-12      -2.878465255023e-12       8.600258017343e-15       7.990384692679e-16       5.054399979242e-17       3.864550492353e-17 
 1640       5.196966246671e-11       2.640087524948e-12      -2.919390614566e-12       8.592654700767e-15       7.970841092559e-16       4.897830346384e-17       3.849105465623e-17 
 1641       5.192745912906e-11       2.631248707431e-12      -2.959770433810e-12       8.585106607739e-15       7.951356332229e-16       4.744409078429e-17       3.833318281899e-17 
 1642       5.188825945765e-11       2.622183185447e-12      -2.999589683437e-12       8.577613422007e-15       7.931930198980e-16       4.594232832016e-17       3.817192857613e-17 
 1643       5.185200836475e-11       2.612894267521e-12      -3.038833269034e-12       8.570174824736e-15       7.912562477721e-16       4.447398689155e-17       3.800733132451e-17 
 1644       5.181865045256e-11       2.603385281075e-12      -3.077486030998e-12       8.562790494500e-15       7.893252950981e-16       4.304004157853e-17       3.783943069387e-17 
 1645       5.178813001266e-11       2.593659572464e-12      -3.115532744443e-12       8.555460107275e-15       7.874001398897e-16       4.164147172736e-17       3.766826654726e-17 
 1646       5.176039102561e-11       2.583720506999e-12      -3.152958119104e-12       8.548183336439e-15       7.854807599217e-16       4.027926095674e-17       3.749387898135e-17 
 1647       5.173537716038e-11       2.573571468984e-12      -3.189746799244e-12       8.540959852766e-15       7.835671327287e-16       3.895439716401e-17       3.731630832687e-17 
 1648       5.171303177387e-11       2.563215861741e-12      -3.225883363555e-12       8.533789324419e-15       7.816592356056e-16       3.766787253140e-17       3.713559514892e-17 
 1649       5.169329791044e-11       2.552657107643e-12      -3.261352325070e-12       8.526671416949e-15       7.797570456063e-16       3.642068353229e-17       3.695178024739e-17 
 1650       5.167611830141e-11       2.541898648142e-12      -3.296138131062e-12       8.519605793287e-15       7.778605395439e-16       3.521383093739e-17       3.676490465730e-17 
 1651       5.166143536455e-11       2.530943943802e-12      -3.330225162952e-12       8.512592113744e-15       7.759696939899e-16       3.404831982100e-17       3.657500964923e-17 
 1652       5.164919120361e-11       2.519796474326e-12      -3.363597736217e-12       8.505630036001e-15       7.740844852737e-16       3.292515956726e-17       3.638213672962e-17 
 1653       5.163932760780e-11       2.508459738586e-12      -3.396240100287e-12       8.498719215108e-15       7.722048894826e-16       3.184536387634e-17       3.618632764119e-17 
 1654       5.163178605132e-11       2.496937254658e-12      -3.428136438461e-12       8.491859303479e-15       7.703308824607e-16       3.080995077072e-17       3.598762436331e-17 
 1655       5.162650769286e-11       2.485232559846e-12      -3.459270867805e-12       8.485049950885e-15       7.684624398090e-16       2.981994260138e-17       3.578606911235e-17 
 1656       5.162343337510e-11       2.473349210713e-12      -3.489627439057e-12       8.478290804454e-15       7.665995368848e-16       2.887636605406e-17       3.558170434209e-17 
 1657       5.162250362421e-11       2.461290783118e-12      -3.519190136539e-12       8.471581508662e-15       7.647421488010e-16       2.798025215548e-17       3.537457274408e-17 
 1658       5.162365868693e-11       2.449061033796e-12      -3.547945405807e-12       8.464921626037e-15       7.628902523174e-16       2.713220897754e-17       3.516471659899e-17 
 1659       5.162683864304e-11       2.436664386644e-12      -3.575889761216e-12       8.458310398505e-15       7.610438315314e-16       2.633113561388e-17       3.495217582388e-17 
 1660       5.163198329285e-11       2.424105450786e-12      -3.603022245300e-12       8.451746983926e-15       7.592028722367e-16       2.557549686765e-17       3.473698990843e-17 
 1661       5.163903211933e-11       2.411388859450e-12      -3.629341907130e-12       8.445230535195e-15       7.573673600357e-16       2.486374951119e-17       3.451919856278e-17 
 1662       5.164792428754e-11       2.398519269995e-12      -3.654847802323e-12       8.438760200226e-15       7.555372803393e-16       2.419434227363e-17       3.429884171785e-17 
 1663       5.165859864419e-11       2.385501363956e-12      -3.679538993067e-12       8.432335121950e-15       7.537126183666e-16       2.356571582847e-17       3.407595952567e-17 
 1664       5.167099371714e-11       2.372339847074e-12      -3.703414548128e-12       8.425954438305e-15       7.518933591445e-16       2.297630278115e-17       3.385059235974e-17 
 1665       5.168504771487e-11       2.359039449339e-12      -3.726473542871e-12       8.419617282229e-15       7.500794875074e-16       2.242452765669e-17       3.362278081539e-17 
 1666       5.170069852604e-11       2.345604925025e-12      -3.748715059272e-12       8.413322781648e-15       7.482709880967e-16       2.190880688723e-17       3.339256571009e-17 
 1667       5.171788371899e-11       2.332041052727e-12      -3.770138185938e-12       8.407070059473e-15       7.464678453605e-16       2.142754879967e-17       3.315998808383e-17 
 1668       5.173654054120e-11       2.318352635396e-12      -3.790742018116e-12       8.400858233590e-15       7.446700435533e-16       2.097915360322e-17       3.292508919945e-17 
 1669       5.175660591887e-11       2.304544500382e-12      -3.810525657716e-12       8.394686416852e-15       7.428775667355e-16       2.056201337699e-17       3.268791054299e-17 
 1670       5.177801645636e-11       2.290621499464e-12      -3.829488213320e-12       8.388553717070e-15       7.410903987733e-16       2.017451205764e-17       3.244849382401e-17 
 1671       5.180070843575e-11       2.276588508892e-12      -3.847628800203e-12       8.382459237005e-15       7.393085233379e-16       1.981502542688e-17       3.220688097599e-17 
 1672       5.182461781631e-11       2.262450429424e-12      -3.864946540344e-12       8.376402074364e-15       7.375319239055e-16       1.948192109913e-17       3.196311415662e-17 
 1673       5.184968023405e-11       2.248212186359e-12      -3.881440562445e-12       8.370381321786e-15       7.357605837568e-16       1.917355850911e-17       3.171723574819e-17 
 1674       5.187583100120e-11       2.233878729580e-12      -3.897110001943e-12       8.364396066836e-15       7.339944859769e-16       1.888828889936e-17       3.146928835789e-17 
 1675       5.190300510569e-11       2.219455033586e-12      -3.911954001031e-12       8.358445392002e-15       7.322336134543e-16       1.862445530794e-17       3.121931481819e-17 
 1676       5.193113721075e-11       2.204946097532e-12      -3.925971708667e-12       8.352528374679e-15       7.304779488812e-16       1.838039255591e-17       3.096735818720e-17 
 1677       5.196016165430e-11       2.190356945265e-12      -3.939162280595e-12       8.346644087165e-15       7.287274747527e-16       1.815442723500e-17       3.071346174895e-17 
 1678       5.199001244855e-11       2.175692625363e-12      -3.951524879358e-12       8.340791596654e-15       7.269821733668e-16       1.794487769518e-17       3.045766901381e-17 
 1679       5.202062327949e-11       2.160958211168e-12      -3.963058674313e-12       8.334969965225e-15       7.252420268238e-16       1.775005403221e-17       3.020002371878e-17 
 1680       5.205192750634e-11       2.146158800828e-12      -3.973762841648e-12       8.329178249839e-15       7.235070170257e-16       1.756825807530e-17       2.994056982787e-17 
 1681       5.208385816115e-11       2.131299517332e-12      -3.983636564398e-12       8.323415502323e-15       7.217771256766e-16       1.739778337466e-17       2.967935153244e-17 
 1682       5.211634794822e-11       2.116385508546e-12      -3.992679032457e-12       8.317680769370e-15       7.200523342814e-16       1.723691518907e-17       2.941641325152e-17 
 1683       5.214932924369e-11       2.101421947251e-12      -4.000889442600e-12       8.311973092526e-15       7.183326241461e-16       1.708393047352e-17       2.915179963219e-17 
 1684       5.218273409497e-11       2.086414031181e-12      -4.008266998491e-12       8.306291508184e-15       7.166179763773e-16       1.693709786679e-17       2.888555554992e-17 
 1685       5.221649422031e-11       2.071366983060e-12      -4.014810910704e-12       8.300635047575e-15       7.149083718816e-16       1.679467767901e-17       2.861772610887e-17 
 1686       5.225054100828e-11       2.056286050639e-12      -4.020520396738e-12       8.295002736762e-15       7.132037913654e-16       1.665492187926e-17       2.834835664230e-17 
 1687       5.228480551727e-11       2.041176506729e-12      -4.025394681029e-12       8.289393596628e-15       7.115042153346e-16       1.651607408320e-17       2.807749271288e-17 
 1688       5.231921847504e-11       2.026043649248e-12      -4.029432994969e-12       8.283806642872e-15       7.098096240942e-16       1.637636954060e-17       2.780518011305e-17 
 1689       5.235371027816e-11       2.010892801246e-12      -4.032634576922e-12       8.278240885999e-15       7.081199977478e-16       1.623403512300e-17       2.753146486535e-17 
 1690       5.238821099158e-11       1.995729310953e-12      -4.034998672235e-12       8.272695331313e-15       7.064353161975e-16       1.608728931122e-17       2.725639322277e-17 
 1691       5.242265034813e-11       1.980558551808e-12      -4.036524533259e-12       8.267168978908e-15       7.047555591431e-16       1.593434218303e-17       2.698001166911e-17 
 1692       5.245695774799e-11       1.965385922501e-12      -4.037211419362e-12       8.261660823659e-15       7.030807060823e-16       1.577339540069e-17       2.670236691930e-17 
 1693       5.249106225822e-11       1.950216847009e-12      -4.037058596944e-12       8.256169855218e-15       7.014107363100e-16       1.560264219855e-17       2.642350591977e-17 
 1694       5.252489261229e-11       1.935056774631e-12      -4.036065339454e-12       8.250695058000e-15       6.997456289177e-16       1.542026737066e-17       2.614347584879e-17 
 1695       5.255837720956e-11       1.919911180028e-12      -4.034230927403e-12       8.245235411182e-15       6.980853627939e-16       1.522444725833e-17       2.586232411681e-17 
 1696       5.259144411480e-11       1.904785563258e-12      -4.031554648384e-12       8.239789888688e-15       6.964299166228e-16       1.501334973776e-17       2.558009836679e-17 
 1697       5.262402693495e-11       1.889685125469e-12      -4.028037555414e-12       8.234357489121e-15       6.947792704728e-16       1.478558975529e-17       2.529684378719e-17 
 1698       5.265608250583e-11       1.874613792830e-12      -4.023687758511e-12       8.228937325844e-15       6.931334105751e-16       1.454160025319e-17       2.501259502472e-17 
 1699       5.268757335694e-11       1.859575184255e-12      -4.018515178777e-12       8.223528537658e-15       6.914923245854e-16       1.428227303910e-17       2.472738420254e-17 
 1700       5.271846184782e-11       1.844572935013e-12      -4.012529794289e-12       8.218130258931e-15       6.898559999989e-16       1.400850431771e-17       2.444124360153e-17 
 1701       5.274871016778e-11       1.829610696749e-12      -4.005741640192e-12       8.212741619590e-15       6.882244241504e-16       1.372119469734e-17       2.415420566056e-17 
 1702       5.277828033563e-11       1.814692137510e-12      -3.998160808790e-12       8.207361745117e-15       6.865975842138e-16       1.342124919646e-17       2.386630297670e-17 
 1703       5.280713419952e-11       1.799820941766e-12      -3.989797449628e-12       8.201989756537e-15       6.849754672018e-16       1.310957725031e-17       2.357756830546e-17 
 1704       5.283523343657e-11       1.785000810434e-12      -3.980661769589e-12       8.196624770418e-15       6.833580599657e-16       1.278709271739e-17       2.328803456102e-17 
 1705       5.286253955274e-11       1.770235460906e-12      -3.970764032977e-12       8.191265898858e-15       6.817453491947e-16       1.245471388611e-17       2.299773481647e-17 
 1706       5.288901388250e-11       1.755528627066e-12      -3.960114561608e-12       8.185912249484e-15       6.801373214165e-16       1.211336348128e-17       2.270670230405e-17 
 1707       5.291461758864e-11       1.740884059317e-12      -3.948723734898e-12       8.180562925438e-15       6.785339629958e-16       1.176396867069e-17       2.241497041534e-17 
 1708       5.293931166196e-11       1.726305524607e-12      -3.936601989951e-12       8.175217025378e-15       6.769352601352e-16       1.140746107170e-17       2.212257270158e-17 
 1709       5.296305692110e-11       1.711796806446e-12      -3.923759821653e-12       8.169873643467e-15       6.753411988739e-16       1.104477675778e-17       2.182954287382e-17 
 1710       5.298581401223e-11       1.697361704937e-12      -3.910207782752e-12       8.164531869364e-15       6.737517650881e-16       1.067685626505e-17       2.153591480317e-17 
 1711       5.300754340883e-11       1.683004036795e-12      -3.895956483954e-12       8.159190788223e-15       6.721669444904e-16       1.030464459888e-17       2.124172252109e-17 
 1712       5.302820541144e-11       1.668727635373e-12      -3.881016594008e-12       8.153849480683e-15       6.705867226294e-16       9.929091240460e-18       2.094700021956e-17 
 1713       5.304776014741e-11       1.654536350682e-12      -3.865398839799e-12       8.148507022861e-15       6.690110848897e-16       9.551150153303e-18       2.065178225132e-17 
 1714       5.306616757068e-11       1.640434049419e-12      -3.849114006430e-12       8.143162486345e-15       6.674400164913e-16       9.171779789865e-18       2.035610313015e-17 
 1715       5.308338746146e-11       1.626424614990e-12      -3.832172937317e-12       8.137814938189e-15       6.658735024897e-16       8.791943098080e-18       2.005999753106e-17 
 1716       5.309937942608e-11       1.612511947531e-12      -3.814586534274e-12       8.132463440904e-15       6.643115277751e-16       8.412607527929e-18       1.976350029053e-17 
 1717       5.311410289667e-11       1.598699963931e-12      -3.796365757605e-12       8.127107052455e-15       6.627540770725e-16       8.034745038001e-18       1.946664640677e-17 
 1718       5.312751713094e-11       1.584992597863e-12      -3.777521626191e-12       8.121744826247e-15       6.612011349412e-16       7.659332102056e-18       1.916947103992e-17 
 1719       5.313958121193e-11       1.571393799797e-12      -3.758065217575e-12       8.116375811128e-15       6.596526857746e-16       7.287349715585e-18       1.887200951229e-17 
 1720       5.315025404778e-11       1.557907537032e-12      -3.738007668060e-12       8.110999051373e-15       6.581087137997e-16       6.919783402373e-18       1.857429730863e-17 
 1721       5.315949437143e-11       1.544537793715e-12      -3.717360172788e-12       8.105613586684e-15       6.565692030772e-16       6.557623221062e-18       1.827637007630e-17 
 1722       5.316726074046e-11       1.531288570868e-12      -3.696133985836e-12       8.100218452179e-15       6.550341375009e-16       6.201863771712e-18       1.797826362557e-17 
 1723       5.317351153675e-11       1.518163886408e-12      -3.674340420301e-12       8.094812678387e-15       6.535035007973e-16       5.853504202362e-18       1.768001392980e-17 
 1724       5.317820496629e-11       1.505167775174e-12      -3.651990848388e-12       8.089395291241e-15       6.519772765257e-16       5.513548215597e-18       1.738165712571e-17 
 1725       5.318129905894e-11       1.492304288948e-12      -3.629096701503e-12       8.083965312072e-15       6.504554480776e-16       5.183004075103e-18       1.708322951359e-17 
 1726       5.318275166814e-11       1.479577496481e-12      -3.605669470337e-12       8.078521757599e-15       6.489379986763e-16       4.862884612235e-18       1.678476755755e-17 
 1727       5.318252047068e-11       1.466991483513e-12      -3.581720704961e-12       8.073063639928e-15       6.474249113771e-16       4.554207232574e-18       1.648630788576e-17 
 1728       5.318056296647e-11       1.454550352801e-12      -3.557262014905e-12       8.067589966539e-15       6.459161690664e-16       4.257993922493e-18       1.618788729064e-17 
 1729       5.317683647828e-11       1.442258224141e-12      -3.532305069258e-12       8.062099740283e-15       6.444117544618e-16       3.975271255719e-18       1.588954272915e-17 
 1730       5.317129815151e-11       1.430119234390e-12      -3.506861596748e-12       8.056591959375e-15       6.429116501118e-16       3.707070399891e-18       1.559131132298e-17 
 1731       5.316390495389e-11       1.418137537491e-12      -3.480943385836e-12       8.051065617385e-15       6.414158383951e-16       3.454427123127e-18       1.529323035881e-17 
 1732       5.315461367530e-11       1.406317304496e-12      -3.454562284802e-12       8.045519703234e-15       6.399243015208e-16       3.218381800584e-18       1.499533728856e-17 
 1733       5.314338092749e-11       1.394662723593e-12      -3.427730201835e-12       8.039953201186e-15       6.384370215279e-16       2.999979421018e-18       1.469766972954e-17 
 1734       5.313016314383e-11       1.383178000123e-12      -3.400459105122e-12       8.034365090840e-15       6.369539802849e-16       2.800269593349e-18       1.440026546481e-17 
 1735       5.311491657908e-11       1.371867356609e-12      -3.372761022935e-12       8.028754347125e-15       6.354751594897e-16       2.620306553222e-18       1.410316244329e-17 
 1736       5.309760470473e-11       1.360734463649e-12      -3.344648235809e-12       8.023120046959e-15       6.340005420077e-16       2.460935149418e-18       1.380639643393e-17 
 1737       5.307822046381e-11       1.349780727302e-12      -3.316133854653e-12       8.017461690217e-15       6.325301159001e-16       2.322146817420e-18       1.350999396580e-17 
 1738       5.305676420319e-11       1.339006987314e-12      -3.287231247690e-12       8.011778881457e-15       6.310638704290e-16       2.203718190665e-18       1.321397932893e-17 
 1739       5.303323629502e-11       1.328414084936e-12      -3.257953848902e-12       8.006071223493e-15       6.296017947219e-16       2.105424626030e-18       1.291837691521e-17 
 1740       5.300763713680e-11       1.318002862930e-12      -3.228315158135e-12       8.000338317392e-15       6.281438777711e-16       2.027040201880e-18       1.262321121850e-17 
 1741       5.297996715141e-11       1.307774165565e-12      -3.198328741188e-12       7.994579762478e-15       6.266901084335e-16       1.968337716110e-18       1.232850683480e-17 
 1742       5.295022678716e-11       1.297728838619e-12      -3.168008229914e-12       7.988795156320e-15       6.252404754306e-16       1.929088684195e-18       1.203428846238e-17 
 1743       5.291841651784e-11       1.287867729382e-12      -3.137367322314e-12       7.982984094738e-15       6.237949673482e-16       1.909063337228e-18       1.174058090193e-17 
 1744       5.288453684278e-11       1.278191686656e-12      -3.106419782636e-12       7.977146171795e-15       6.223535726359e-16       1.908030619971e-18       1.144740905666e-17 
 1745       5.284858828687e-11       1.268701560756e-12      -3.075179441469e-12       7.971280979796e-15       6.209162796071e-16       1.925758188898e-18       1.115479793252e-17 
 1746       5.281057140064e-11       1.259398203508e-12      -3.043660195840e-12       7.965388109287e-15       6.194830764388e-16       1.962012410239e-18       1.086277263824e-17 
 1747       5.277048676027e-11       1.250282468257e-12      -3.011876009310e-12       7.959467149051e-15       6.180539511709e-16       2.016558358027e-18       1.057135838555e-17 
 1748       5.272833496767e-11       1.241355209861e-12      -2.979840912073e-12       7.953517686105e-15       6.166288917067e-16       2.089159812141e-18       1.028058048930e-17 
 1749       5.268411665051e-11       1.232617284695e-12      -2.947569001049e-12       7.947539305699e-15       6.152078858119e-16       2.179579256354e-18       9.990464367561e-18 
 1750       5.263783246228e-11       1.224069550652e-12      -2.915074439984e-12       7.941531591311e-15       6.137909211151e-16       2.287577876374e-18       9.701035541827e-18 
 1751       5.258948308233e-11       1.215712867144e-12      -2.882371459542e-12       7.935494124648e-15       6.123779851067e-16       2.412915557893e-18       9.412319637110e-18 
 1752       5.253906921590e-11       1.207548095101e-12      -2.849474357406e-12       7.929426485640e-15       6.109690651394e-16       2.555350884629e-18       9.124342382095e-18 
 1753       5.248659159420e-11       1.199576096977e-12      -2.816397498370e-12       7.923328252440e-15       6.095641484278e-16       2.714641136374e-18       8.837129609285e-18 
 1754       5.243205097443e-11       1.191797736743e-12      -2.783155314439e-12       7.917199001421e-15       6.081632220476e-16       2.890542287036e-18       8.550707255132e-18 
 1755       5.237544813987e-11       1.184213879897e-12      -2.749762304924e-12       7.911038307172e-15       6.067662729362e-16       3.082809002687e-18       8.265101360186e-18 
 1756       5.231678389984e-11       1.176825393458e-12      -2.716233036540e-12       7.904845742496e-15       6.053732878918e-16       3.291194639605e-18       7.980338069227e-18 
 1757       5.225605908987e-11       1.169633145969e-12      -2.682582143498e-12       7.898620878408e-15       6.039842535736e-16       3.515451242322e-18       7.696443631414e-18 
 1758       5.219327457162e-11       1.162638007502e-12      -2.648824327607e-12       7.892363284134e-15       6.025991565010e-16       3.755329541667e-18       7.413444400416e-18 
 1759       5.212843123303e-11       1.155840849651e-12      -2.614974358367e-12       7.886072527106e-15       6.012179830541e-16       4.010578952812e-18       7.131366834560e-18 
 1760       5.206152998832e-11       1.149242545540e-12      -2.581047073066e-12       7.879748172959e-15       5.998407194727e-16       4.280947573317e-18       6.850237496967e-18 
 1761       5.199257177802e-11       1.142843969822e-12      -2.547057376876e-12       7.873389785530e-15       5.984673518568e-16       4.566182181174e-18       6.570083055693e-18 
 1762       5.192155756906e-11       1.136645998678e-12      -2.513020242952e-12       7.866996926858e-15       5.970978661658e-16       4.866028232855e-18       6.290930283872e-18 
 1763       5.184848835481e-11       1.130649509820e-12      -2.478950712525e-12       7.860569157175e-15       5.957322482182e-16       5.180229861352e-18       6.012806059851e-18 
 1764       5.177336515508e-11       1.124855382491e-12      -2.444863895002e-12       7.854106034910e-15       5.943704836919e-16       5.508529874229e-18       5.735737367336e-18 
 1765       5.169618901623e-11       1.119264497467e-12      -2.410774968057e-12       7.847607116681e-15       5.930125581236e-16       5.850669751659e-18       5.459751295527e-18 
 1766       5.161696101118e-11       1.113877737057e-12      -2.376699177734e-12       7.841071957297e-15       5.916584569084e-16       6.206389644476e-18       5.184875039262e-18 
 1767       5.153568223948e-11       1.108695985105e-12      -2.342651838539e-12       7.834500109753e-15       5.903081652999e-16       6.575428372217e-18       4.911135899158e-18 
 1768       5.145235382732e-11       1.103720126989e-12      -2.308648333537e-12       7.827891125229e-15       5.889616684098e-16       6.957523421166e-18       4.638561281746e-18 
 1769       5.136697692764e-11       1.098951049625e-12      -2.274704114452e-12       7.821244553084e-15       5.876189512077e-16       7.352410942402e-18       4.367178699616e-18 
 1770       5.127955272009e-11       1.094389641464e-12      -2.240834701756e-12       7.814559940858e-15       5.862799985207e-16       7.759825749840e-18       4.097015771558e-18 
 1771       5.119008241118e-11       1.090036792498e-12      -2.207055684774e-12       7.807836834268e-15       5.849447950334e-16       8.179501318283e-18       3.828100222696e-18 
 1772       5.109856723423e-11       1.085893394255e-12      -2.173382721775e-12       7.801074777203e-15       5.836133252874e-16       8.611169781457e-18       3.560459884637e-18 
 1773       5.100500844948e-11       1.081960339807e-12      -2.139831540069e-12       7.794273311723e-15       5.822855736813e-16       9.054561930066e-18       3.294122695604e-18 
 1774       5.090940734413e-11       1.078238523765e-12      -2.106417936105e-12       7.787431978060e-15       5.809615244702e-16       9.509407209831e-18       3.029116700580e-18 
 1775       5.081176992284e-11       1.074728376751e-12      -2.073156597469e-12       7.780550428054e-15       5.796411629241e-16       9.975445575832e-18       2.765463741355e-18 
 1776       5.071212102147e-11       1.071428464618e-12      -2.040057558061e-12       7.773628766505e-15       5.783244788129e-16       1.045246316632e-17       2.503160469522e-18 
 1777       5.061049030981e-11       1.068336877684e-12      -2.007129713887e-12       7.766667212636e-15       5.770114629495e-16       1.094025691909e-17       2.242197177234e-18 
 1778       5.050690761188e-11       1.065451695198e-12      -1.974381998556e-12       7.759665986900e-15       5.757021060337e-16       1.143862274041e-17       1.982564092989e-18 
 1779       5.040140290615e-11       1.062770985324e-12      -1.941823383330e-12       7.752625310984e-15       5.743963986524e-16       1.194735550348e-17       1.724251381531e-18 
 1780       5.029400632577e-11       1.060292805124e-12      -1.909462877179e-12       7.745545407814e-15       5.730943312789e-16       1.246624904694e-17       1.467249143747e-18 
 1781       5.018474815881e-11       1.058015200541e-12      -1.877309526829e-12       7.738426501552e-15       5.717958942732e-16       1.299509617339e-17       1.211547416571e-18 
 1782       5.007365884846e-11       1.055936206382e-12      -1.845372416815e-12       7.731268817597e-15       5.705010778814e-16       1.353368864785e-17       9.571361728817e-19 
 1783       4.996076899326e-11       1.054053846302e-12      -1.813660669533e-12       7.724072582594e-15       5.692098722356e-16       1.408181719628e-17       7.040053214015e-19 
 1784       4.984610934737e-11       1.052366132787e-12      -1.782183445292e-12       7.716838024430e-15       5.679222673538e-16       1.463927150408e-17       4.521447065994e-19 
 1785       4.972971082072e-11       1.050871067138e-12      -1.750949942363e-12       7.709565372234e-15       5.666382531397e-16       1.520584021455e-17       2.015441085891e-19 
 1786       4.961160447930e-11       1.049566639450e-12      -1.719969397036e-12       7.702254856385e-15       5.653578193824e-16       1.578131092744e-17      -4.780675696989e-20 
 1787       4.949182154536e-11       1.048450828604e-12      -1.689251083663e-12       7.694906708510e-15       5.640809557562e-16       1.636547019741e-17      -2.959182389730e-19 
 1788       4.937039339763e-11       1.047521602240e-12      -1.658804314718e-12       7.687521161486e-15       5.628076518206e-16       1.695810353254e-17      -5.428007509701e-19 
 1789       4.924735157157e-11       1.046776916748e-12      -1.628638440845e-12       7.680098449442e-15       5.615378970197e-16       1.755899539280e-17      -7.884647712652e-19 
 1790       4.912272775957e-11       1.046214717248e-12      -1.598762850909e-12       7.672638807761e-15       5.602716806825e-16       1.816792918859e-17      -1.032920843017e-18 
 1791       4.899655381119e-11       1.045832937572e-12      -1.569186972047e-12       7.665142473082e-15       5.590089920223e-16       1.878468727922e-17      -1.276179574338e-18 
 1792       4.886886173337e-11       1.045629500253e-12      -1.539920269723e-12       7.657609683301e-15       5.577498201366e-16       1.940905097138e-17      -1.518251638396e-18 
 1793       4.873968369069e-11       1.045602316499e-12      -1.510972247778e-12       7.650040677573e-15       5.564941540071e-16       2.004080051767e-17      -1.759147773512e-18 
 1794       4.860905200556e-11       1.045749286186e-12      -1.482352448478e-12       7.642435696316e-15       5.552419824992e-16       2.067971511509e-17      -1.998878783260e-18 
 1795       4.847699915846e-11       1.046068297833e-12      -1.454070452572e-12       7.634794981209e-15       5.539932943620e-16       2.132557290351e-17      -2.237455536570e-18 
 1796       4.834355778817e-11       1.046557228593e-12      -1.426135879338e-12       7.627118775196e-15       5.527480782282e-16       2.197815096421e-17      -2.474888967826e-18 
 1797       4.820876069199e-11       1.047213944229e-12      -1.398558386637e-12       7.619407322487e-15       5.515063226133e-16       2.263722531834e-17      -2.711190076963e-18 
 1798       4.807264082596e-11       1.048036299102e-12      -1.371347670966e-12       7.611660868562e-15       5.502680159164e-16       2.330257092543e-17      -2.946369929573e-18 
 1799       4.793523130512e-11       1.049022136152e-12      -1.344513467506e-12       7.603879660170e-15       5.490331464191e-16       2.397396168188e-17      -3.180439657000e-18 
 1800       4.779656540369e-11       1.050169286882e-12      -1.318065550177e-12       7.596063945330e-15       5.478017022856e-16       2.465117041949e-17      -3.413410456443e-18 
 1801       4.765667655530e-11       1.051475571344e-12      -1.292013731688e-12       7.588213973338e-15       5.465736715628e-16       2.533396890389e-17      -3.645293591051e-18 
 1802       4.751559835327e-11       1.052938798116e-12      -1.266367863588e-12       7.580329994762e-15       5.453490421796e-16       2.602212783311e-17      -3.876100390032e-18 
 1803       4.737336455076e-11       1.054556764290e-12      -1.241137836318e-12       7.572412261450e-15       5.441278019471e-16       2.671541683601e-17      -4.105842248742e-18 
 1804       4.723000906105e-11       1.056327255454e-12      -1.216333579265e-12       7.564461026527e-15       5.429099385582e-16       2.741360447083e-17      -4.334530628794e-18 
 1805       4.708556595777e-11       1.058248045677e-12      -1.191965060809e-12       7.556476544399e-15       5.416954395874e-16       2.811645822365e-17      -4.562177058153e-18 
 1806       4.694006947506e-11       1.060316897488e-12      -1.168042288378e-12       7.548459070755e-15       5.404842924905e-16       2.882374450692e-17      -4.788793131237e-18 
 1807       4.679355400787e-11       1.062531561864e-12      -1.144575308499e-12       7.540408862569e-15       5.392764846050e-16       2.953522865792e-17      -5.014390509016e-18 
 1808       4.664605411217e-11       1.064889778210e-12      -1.121574206850e-12       7.532326178099e-15       5.380720031489e-16       3.025067493727e-17      -5.238980919117e-18 
 1809       4.649760450512e-11       1.067389274343e-12      -1.099049108308e-12       7.524211276893e-15       5.368708352213e-16       3.096984652744e-17      -5.462576155914e-18 
 1810       4.634824006538e-11       1.070027766478e-12      -1.077010177006e-12       7.516064419787e-15       5.356729678021e-16       3.169250553125e-17      -5.685188080640e-18 
 1811       4.619799583328e-11       1.072802959205e-12      -1.055467616382e-12       7.507885868909e-15       5.344783877512e-16       3.241841297032e-17      -5.906828621476e-18 
 1812       4.604690701105e-11       1.075712545479e-12      -1.034431669228e-12       7.499675887681e-15       5.332870818092e-16       3.314732878361e-17      -6.127509773658e-18 
 1813       4.589500896306e-11       1.078754206601e-12      -1.013912617747e-12       7.491434740819e-15       5.320990365964e-16       3.387901182593e-17      -6.347243599576e-18 
 1814       4.574233728353e-11       1.081925478943e-12      -9.939191286513e-13       7.483162751980e-15       5.309142395257e-16       3.461324191885e-17      -6.566032106195e-18 
 1815       4.558892799962e-11       1.085223352998e-12      -9.744532737749e-13       7.474860477203e-15       5.297326815471e-16       3.534988620122e-17      -6.783836787856e-18 
 1816       4.543481737044e-11       1.088644671062e-12      -9.555154693959e-13       7.466528532871e-15       5.285543544252e-16       3.608883331092e-17      -7.000608837977e-18 
 1817       4.528004181992e-11       1.092186260178e-12      -9.371061275316e-13       7.458167538195e-15       5.273792498276e-16       3.682997138031e-17      -7.216299249158e-18 
 1818       4.512463793704e-11       1.095844932113e-12      -9.192256559288e-13       7.449778115224e-15       5.262073593254e-16       3.757318803549e-17      -7.430858812912e-18 
 1819       4.496864247606e-11       1.099617483338e-12      -9.018744580558e-13       7.441360888842e-15       5.250386743925e-16       3.831837039565e-17      -7.644238119393e-18 
 1820       4.481209235677e-11       1.103500695001e-12      -8.850529330934e-13       7.432916486777e-15       5.238731864062e-16       3.906540507234e-17      -7.856387557131e-18 
 1821       4.465502466468e-11       1.107491332912e-12      -8.687614759258e-13       7.424445539601e-15       5.227108866462e-16       3.981417816875e-17      -8.067257312760e-18 
 1822       4.449747665130e-11       1.111586147519e-12      -8.530004771325e-13       7.415948680738e-15       5.215517662948e-16       4.056457527907e-17      -8.276797370752e-18 
 1823       4.433948573431e-11       1.115781873885e-12      -8.377703229790e-13       7.407426546465e-15       5.203958164368e-16       4.131648148774e-17      -8.484957513143e-18 
 1824       4.418108949784e-11       1.120075231667e-12      -8.230713954085e-13       7.398879775915e-15       5.192430280594e-16       4.206978136874e-17      -8.691687319270e-18 
 1825       4.402232569266e-11       1.124462925095e-12      -8.089040720328e-13       7.390309011085e-15       5.180933920517e-16       4.282435898495e-17      -8.896936165498e-18 
 1826       4.386323223642e-11       1.128941642952e-12      -7.952687261238e-13       7.381714896836e-15       5.169468992048e-16       4.358009788739e-17      -9.100653224951e-18 
 1827       4.370384721391e-11       1.133508058549e-12      -7.821657266047e-13       7.373098080897e-15       5.158035402114e-16       4.433688111458e-17      -9.302787467246e-18 
 1828       4.354420887723e-11       1.138158829704e-12      -7.695954380413e-13       7.364459213872e-15       5.146633056662e-16       4.509459119175e-17      -9.503287658220e-18 
 1829       4.338435564606e-11       1.142890598725e-12      -7.575582206332e-13       7.355798949242e-15       5.135261860648e-16       4.585311013026e-17      -9.702102359664e-18 
 1830       4.322432610788e-11       1.147699992381e-12      -7.460544302050e-13       7.347117943369e-15       5.123921718044e-16       4.661231942677e-17      -9.899179929053e-18 
 1831       4.306415901821e-11       1.152583621886e-12      -7.350844181977e-13       7.338416855497e-15       5.112612531833e-16       4.737210006266e-17      -1.009446851928e-17 
 1832       4.290389330079e-11       1.157538082877e-12      -7.246485316600e-13       7.329696347763e-15       5.101334204004e-16       4.813233250324e-17      -1.028791607837e-17 
 1833       4.274356804786e-11       1.162559955388e-12      -7.147471132393e-13       7.320957085194e-15       5.090086635558e-16       4.889289669711e-17      -1.047947034925e-17 
 1834       4.258322252039e-11       1.167645803835e-12      -7.053805011733e-13       7.312199735713e-15       5.078869726499e-16       4.965367207542e-17      -1.066907886943e-17 
 1835       4.242289614826e-11       1.172792176987e-12      -6.965490292811e-13       7.303424970145e-15       5.067683375835e-16       5.041453755119e-17      -1.085668897078e-17 
 1836       4.226262853053e-11       1.177995607951e-12      -6.882530269544e-13       7.294633462217e-15       5.056527481578e-16       5.117537151862e-17      -1.104224777921e-17 
 1837       4.210245943566e-11       1.183252614148e-12      -6.804928191488e-13       7.285825888567e-15       5.045401940740e-16       5.193605185234e-17      -1.122570221447e-17 
 1838       4.194242880173e-11       1.188559697289e-12      -6.732687263751e-13       7.277002928744e-15       5.034306649333e-16       5.269645590680e-17      -1.140699898982e-17 
 1839       4.178257673666e-11       1.193913343356e-12      -6.665810646906e-13       7.268165265210e-15       5.023241502366e-16       5.345646051546e-17      -1.158608461177e-17 
 1840       4.162294351848e-11       1.199310022582e-12      -6.604301456905e-13       7.259313583352e-15       5.012206393843e-16       5.421594199019e-17      -1.176290537985e-17 
 1841       4.146356959551e-11       1.204746189424e-12      -6.548162764986e-13       7.250448571476e-15       5.001201216763e-16       5.497477612052e-17      -1.193740738630e-17 
 1842       4.130449558661e-11       1.210218282547e-12      -6.497397597593e-13       7.241570920817e-15       4.990225863119e-16       5.573283817292e-17      -1.210953651582e-17 
 1843       4.114576228141e-11       1.215722724800e-12      -6.452008936283e-13       7.232681325543e-15       4.979280223892e-16       5.649000289016e-17      -1.227923844529e-17 
 1844       4.098741064052e-11       1.221255923194e-12      -6.411999717642e-13       7.223780482756e-15       4.968364189054e-16       5.724614449055e-17      -1.244645864353e-17 
 1845       4.082948179580e-11       1.226814268880e-12      -6.377372833196e-13       7.214869092496e-15       4.957477647564e-16       5.800113666730e-17      -1.261114237097e-17 
 1846       4.067201705055e-11       1.232394137129e-12      -6.348131129323e-13       7.205947857749e-15       4.946620487367e-16       5.875485258775e-17      -1.277323467946e-17 
 1847       4.051505787974e-11       1.237991887311e-12      -6.324277407168e-13       7.197017484445e-15       4.935792595392e-16       5.950716489274e-17      -1.293268041193e-17 
 1848       4.035864593025e-11       1.243603862870e-12      -6.305814422554e-13       7.188078681466e-15       4.924993857551e-16       6.025794569586e-17      -1.308942420216e-17 
 1849       4.020282302111e-11       1.249226391305e-12      -6.292744885895e-13       7.179132160651e-15       4.914224158736e-16       6.100706658278e-17      -1.324341047453e-17 
 1850       4.004763114371e-11       1.254855784150e-12      -6.285071462109e-13       7.170178636793e-15       4.903483382818e-16       6.175439861052e-17      -1.339458344368e-17 
 1851       3.989311246202e-11       1.260488336948e-12      -6.282796770529e-13       7.161218827652e-15       4.892771412647e-16       6.249981230678e-17      -1.354288711431e-17 
 1852       3.973930931285e-11       1.266120329232e-12      -6.285923384819e-13       7.152253453951e-15       4.882088130047e-16       6.324317766924e-17      -1.368826528088e-17 
 1853       3.958626061782e-11       1.271748234709e-12      -6.294442287908e-13       7.143283220075e-15       4.871433424191e-16       6.398436527640e-17      -1.383067250594e-17 
 1854       3.943399108789e-11       1.277369353669e-12      -6.308298137307e-13       7.134308755977e-15       4.860807216791e-16       6.472324963118e-17      -1.397010715046e-17 
 1855       3.928252193406e-11       1.282981185528e-12      -6.327423725297e-13       7.125330674817e-15       4.850209437103e-16       6.545970584234e-17      -1.410657860381e-17 
 1856       3.913187444792e-11       1.288581219060e-12      -6.351751498516e-13       7.116349592238e-15       4.839640013569e-16       6.619360851468e-17      -1.424009632900e-17 
 1857       3.898207000179e-11       1.294166932383e-12      -6.381213557466e-13       7.107366126365e-15       4.829098873817e-16       6.692483174833e-17      -1.437066986273e-17 
 1858       3.883313004878e-11       1.299735792945e-12      -6.415741656021e-13       7.098380897812e-15       4.818585944657e-16       6.765324913814e-17      -1.449830881559e-17 
 1859       3.868507612295e-11       1.305285257513e-12      -6.455267200938e-13       7.089394529683e-15       4.808101152082e-16       6.837873377297e-17      -1.462302287209e-17 
 1860       3.853792983937e-11       1.310812772152e-12      -6.499721251367e-13       7.080407647574e-15       4.797644421266e-16       6.910115823507e-17      -1.474482179084e-17 
 1861       3.839171289422e-11       1.316315772216e-12      -6.549034518359e-13       7.071420879580e-15       4.787215676564e-16       6.982039459941e-17      -1.486371540463e-17 
 1862       3.824644706493e-11       1.321791682333e-12      -6.603137364374e-13       7.062434856295e-15       4.776814841507e-16       7.053631443298e-17      -1.497971362055e-17 
 1863       3.810215421025e-11       1.327237916388e-12      -6.661959802796e-13       7.053450210816e-15       4.766441838804e-16       7.124878879419e-17      -1.509282642009e-17 
 1864       3.795885627038e-11       1.332651877513e-12      -6.725431497435e-13       7.044467578748e-15       4.756096590339e-16       7.195768823216e-17      -1.520306385931e-17 
 1865       3.781657526703e-11       1.338030958069e-12      -6.793481762041e-13       7.035487598205e-15       4.745779017171e-16       7.266288278610e-17      -1.531043606887e-17 
 1866       3.767533330359e-11       1.343372539633e-12      -6.866039559814e-13       7.026510909811e-15       4.735489039529e-16       7.336424198460e-17      -1.541495325423e-17 
 1867       3.753515256515e-11       1.348673992985e-12      -6.943033502908e-13       7.017538156712e-15       4.725226576817e-16       7.406163484502e-17      -1.551662569569e-17 
 1868       3.739605531868e-11       1.353932678092e-12      -7.024391851949e-13       7.008569984567e-15       4.714991547606e-16       7.475492987279e-17      -1.561546374857e-17 
 1869       3.725806391308e-11       1.359145944095e-12      -7.110042515535e-13       6.999607041563e-15       4.704783869636e-16       7.544399506076e-17      -1.571147784328e-17 
 1870       3.712120077932e-11       1.364311129293e-12      -7.199913049752e-13       6.990649978409e-15       4.694603459817e-16       7.612869788857e-17      -1.580467848543e-17 
 1871       3.698548843050e-11       1.369425561132e-12      -7.293930657681e-13       6.981699448345e-15       4.684450234221e-16       7.680890532193e-17      -1.589507625600e-17 
 1872       3.685094946202e-11       1.374486556186e-12      -7.392022188907e-13       6.972756107142e-15       4.674324108085e-16       7.748448381200e-17      -1.598268181137e-17 
 1873       3.671760655160e-11       1.379491420147e-12      -7.494114139029e-13       6.963820613107e-15       4.664224995812e-16       7.815529929474e-17      -1.606750588353e-17 
 1874       3.658548245944e-11       1.384437447810e-12      -7.600132649169e-13       6.954893627086e-15       4.654152810964e-16       7.882121719021e-17      -1.614955928010e-17 
 1875       3.645460002833e-11       1.389321923057e-12      -7.710003505483e-13       6.945975812465e-15       4.644107466263e-16       7.948210240192e-17      -1.622885288453e-17 
 1876       3.632498218369e-11       1.394142118842e-12      -7.823652138668e-13       6.937067835178e-15       4.634088873591e-16       8.013781931620e-17      -1.630539765615e-17 
 1877       3.619665193375e-11       1.398895297181e-12      -7.941003623473e-13       6.928170363704e-15       4.624096943988e-16       8.078823180150e-17      -1.637920463031e-17 
 1878       3.606963236960e-11       1.403578709133e-12      -8.061982678206e-13       6.919284069076e-15       4.614131587649e-16       8.143320320775e-17      -1.645028491851e-17 
 1879       3.594394666531e-11       1.408189594791e-12      -8.186513664247e-13       6.910409624880e-15       4.604192713925e-16       8.207259636569e-17      -1.651864970847e-17 
 1880       3.581961807804e-11       1.412725183261e-12      -8.314520585556e-13       6.901547707261e-15       4.594280231318e-16       8.270627358621e-17      -1.658431026430e-17 
 1881       3.569666994814e-11       1.417182692653e-12      -8.445927088180e-13       6.892698994925e-15       4.584394047484e-16       8.333409665970e-17      -1.664727792658e-17 
 1882       3.557512569922e-11       1.421559330066e-12      -8.580656459765e-13       6.883864169141e-15       4.574534069230e-16       8.395592685539e-17      -1.670756411247e-17 
 1883       3.545500883833e-11       1.425852291572e-12      -8.718631629066e-13       6.875043913747e-15       4.564700202511e-16       8.457162492065e-17      -1.676518031584e-17 
 1884       3.533634295599e-11       1.430058762201e-12      -8.859775165452e-13       6.866238915151e-15       4.554892352430e-16       8.518105108038e-17      -1.682013810738e-17 
 1885       3.521915172630e-11       1.434175915931e-12      -9.004009278422e-13       6.857449862336e-15       4.545110423237e-16       8.578406503632e-17      -1.687244913473e-17 
 1886       3.510345890709e-11       1.438200915670e-12      -9.151255817109e-13       6.848677446859e-15       4.535354318326e-16       8.638052596641e-17      -1.692212512256e-17 
 1887       3.498928833998e-11       1.442130913244e-12      -9.301436269790e-13       6.839922362862e-15       4.525623940238e-16       8.697029252409e-17      -1.696917787271e-17 
 1888       3.487666395052e-11       1.445963049378e-12      -9.454471763399e-13       6.831185307067e-15       4.515919190651e-16       8.755322283770e-17      -1.701361926429e-17 
 1889       3.476560974823e-11       1.449694453690e-12      -9.610283063031e-13       6.822466978784e-15       4.506239970389e-16       8.812917450974e-17      -1.705546125382e-17 
 1890       3.465614982679e-11       1.453322244669e-12      -9.768790571457e-13       6.813768079913e-15       4.496586179413e-16       8.869800461629e-17      -1.709471587532e-17 
 1891       3.454830836405e-11       1.456843529664e-12      -9.929914328629e-13       6.805089314947e-15       4.486957716822e-16       8.925956970630e-17      -1.713139524042e-17 
 1892       3.444210509148e-11       1.460255785053e-12      -1.009357268449e-12       6.796431319932e-15       4.477354487681e-16       8.981375673785e-17      -1.716551249736e-17 
 1893       3.433754166369e-11       1.463557999985e-12      -1.025967830719e-12       6.787794448738e-15       4.467776423554e-16       9.036057614995e-17      -1.719708471576e-17 
 1894       3.423461518362e-11       1.466749541454e-12      -1.042814214301e-12       6.779178985141e-15       4.458223462127e-16       9.090006950937e-17      -1.722613002440e-17 
 1895       3.413332272372e-11       1.469829774922e-12      -1.059887473971e-12       6.770585213718e-15       4.448695540390e-16       9.143227863943e-17      -1.725266665448e-17 
 1896       3.403366132583e-11       1.472798064313e-12      -1.077178624605e-12       6.762013419845e-15       4.439192594641e-16       9.195724562037e-17      -1.727671293982e-17 
 1897       3.393562800118e-11       1.475653772015e-12      -1.094678641120e-12       6.753463889704e-15       4.429714560479e-16       9.247501278977e-17      -1.729828731697e-17 
 1898       3.383921973032e-11       1.478396258877e-12      -1.112378458424e-12       6.744936910275e-15       4.420261372807e-16       9.298562274286e-17      -1.731740832539e-17 
 1899       3.374443346308e-11       1.481024884208e-12      -1.130268971357e-12       6.736432769345e-15       4.410832965831e-16       9.348911833295e-17      -1.733409460755e-17 
 1900       3.365126611853e-11       1.483539005775e-12      -1.148341034647e-12       6.727951755504e-15       4.401429273055e-16       9.398554267179e-17      -1.734836490912e-17 
 1901       3.355971458488e-11       1.485937979802e-12      -1.166585462846e-12       6.719494158149e-15       4.392050227284e-16       9.447493912992e-17      -1.736023807910e-17 
 1902       3.346977571952e-11       1.488221160968e-12      -1.184993030284e-12       6.711060267481e-15       4.382695760621e-16       9.495735133708e-17      -1.736973306996e-17 
 1903       3.338144634888e-11       1.490387902406e-12      -1.203554471013e-12       6.702650374510e-15       4.373365804466e-16       9.543282318258e-17      -1.737686893779e-17 
 1904       3.329472326845e-11       1.492437555700e-12      -1.222260478753e-12       6.694264771052e-15       4.364060289514e-16       9.590139881565e-17      -1.738166484247e-17 
 1905       3.320960324270e-11       1.494369470887e-12      -1.241101706837e-12       6.685903749732e-15       4.354779145756e-16       9.636312264583e-17      -1.738414004778e-17 
 1906       3.312608300501e-11       1.496182996451e-12      -1.260068768163e-12       6.677567603986e-15       4.345522302475e-16       9.681803934338e-17      -1.738431392155e-17 
 1907       3.304415925768e-11       1.497877479325e-12      -1.279152235133e-12       6.669256628059e-15       4.336289688248e-16       9.726619383958e-17      -1.738220593586e-17 
 1908       3.296382867183e-11       1.499452264887e-12      -1.298342639607e-12       6.660971117007e-15       4.327081230943e-16       9.770763132718e-17      -1.737783566709e-17 
 1909       3.288508788738e-11       1.500906696960e-12      -1.317630472842e-12       6.652711366699e-15       4.317896857717e-16       9.814239726074e-17      -1.737122279618e-17 
 1910       3.280793351296e-11       1.502240117810e-12      -1.337006185447e-12       6.644477673816e-15       4.308736495018e-16       9.857053735700e-17      -1.736238710869e-17 
 1911       3.273236212594e-11       1.503451868145e-12      -1.356460187321e-12       6.636270335853e-15       4.299600068580e-16       9.899209759527e-17      -1.735134849496e-17 
 1912       3.265837027230e-11       1.504541287114e-12      -1.375982847604e-12       6.628089651119e-15       4.290487503425e-16       9.940712421782e-17      -1.733812695031e-17 
 1913       3.258595446661e-11       1.505507712301e-12      -1.395564494624e-12       6.619935918739e-15       4.281398723859e-16       9.981566373020e-17      -1.732274257512e-17 
 1914       3.251511119200e-11       1.506350479731e-12      -1.415195415842e-12       6.611809438654e-15       4.272333653475e-16       1.002177629017e-16      -1.730521557502e-17 
 1915       3.244583690010e-11       1.507068923863e-12      -1.434865857798e-12       6.603710511621e-15       4.263292215145e-16       1.006134687656e-16      -1.728556626102e-17 
 1916       3.237812801097e-11       1.507662377589e-12      -1.454566026060e-12       6.595639439216e-15       4.254274331028e-16       1.010028286197e-16      -1.726381504966e-17 
 1917       3.231198091308e-11       1.508130172235e-12      -1.474286085166e-12       6.587596523833e-15       4.245279922560e-16       1.013858900266e-16      -1.723998246314e-17 
 1918       3.224739196325e-11       1.508471637556e-12      -1.494016158576e-12       6.579582068686e-15       4.236308910459e-16       1.017627008141e-16      -1.721408912950e-17 
 1919       3.218435748661e-11       1.508686101739e-12      -1.513746328614e-12       6.571596377809e-15       4.227361214722e-16       1.021333090756e-16      -1.718615578275e-17 
 1920       3.212287377651e-11       1.508772891397e-12      -1.533466636418e-12       6.563639756057e-15       4.218436754621e-16       1.024977631703e-16      -1.715620326300e-17 
 1921       3.206293709455e-11       1.508731331570e-12      -1.553167081883e-12       6.555712509106e-15       4.209535448707e-16       1.028561117238e-16      -1.712425251663e-17 
 1922       3.200454367044e-11       1.508560745724e-12      -1.572837623610e-12       6.547814943457e-15       4.200657214805e-16       1.032084036286e-16      -1.709032459643e-17 
 1923       3.194768970203e-11       1.508260455745e-12      -1.592468178852e-12       6.539947366433e-15       4.191801970013e-16       1.035546880439e-16      -1.705444066174e-17 
 1924       3.189237135521e-11       1.507829781944e-12      -1.612048623459e-12       6.532110086182e-15       4.182969630705e-16       1.038950143967e-16      -1.701662197862e-17 
 1925       3.183858476389e-11       1.507268043052e-12      -1.631568791828e-12       6.524303411677e-15       4.174160112523e-16       1.042294323815e-16      -1.697688991994e-17 
 1926       3.178632602993e-11       1.506574556218e-12      -1.651018476845e-12       6.516527652718e-15       4.165373330383e-16       1.045579919613e-16      -1.693526596560e-17 
 1927       3.173559122310e-11       1.505748637008e-12      -1.670387429835e-12       6.508783119930e-15       4.156609198468e-16       1.048807433674e-16      -1.689177170263e-17 
 1928       3.168637638104e-11       1.504789599405e-12      -1.689665360507e-12       6.501070124767e-15       4.147867630230e-16       1.051977371004e-16      -1.684642882534e-17 
 1929       3.163867750920e-11       1.503696755804e-12      -1.708841936900e-12       6.493388979513e-15       4.139148538389e-16       1.055090239298e-16      -1.679925913549e-17 
 1930       3.159249058080e-11       1.502469417016e-12      -1.727906785331e-12       6.485739997279e-15       4.130451834930e-16       1.058146548950e-16      -1.675028454240e-17 
 1931       3.154780872400e-11       1.501107210731e-12      -1.746850256396e-12       6.478123418110e-15       4.121777437106e-16       1.061146669490e-16      -1.669952872483e-17 
 1932       3.150461376027e-11       1.499611039563e-12      -1.765665729436e-12       6.470539186680e-15       4.113125285493e-16       1.064090397692e-16      -1.664702212998e-17 
 1933       3.146288460180e-11       1.497982130268e-12      -1.784347325429e-12       6.462987172912e-15       4.104495326071e-16       1.066977386200e-16      -1.659279701264e-17 
 1934       3.142260005830e-11       1.496221715938e-12      -1.802889142494e-12       6.455467245722e-15       4.095887504229e-16       1.069807286793e-16      -1.653688577715e-17 
 1935       3.138373883687e-11       1.494331036012e-12      -1.821285255861e-12       6.447979273016e-15       4.087301764767e-16       1.072579750390e-16      -1.647932097761e-17 
 1936       3.134627954185e-11       1.492311336283e-12      -1.839529717842e-12       6.440523121691e-15       4.078738051894e-16       1.075294427040e-16      -1.642013531805e-17 
 1937       3.131020067470e-11       1.490163868907e-12      -1.857616557804e-12       6.433098657631e-15       4.070196309225e-16       1.077950965929e-16      -1.635936165267e-17 
 1938       3.127548063383e-11       1.487889892414e-12      -1.875539782136e-12       6.425705745707e-15       4.061676479786e-16       1.080549015377e-16      -1.629703298599e-17 
 1939       3.124209771449e-11       1.485490671713e-12      -1.893293374225e-12       6.418344249773e-15       4.053178506005e-16       1.083088222835e-16      -1.623318247312e-17 
 1940       3.121003010861e-11       1.482967478105e-12      -1.910871294422e-12       6.411014032668e-15       4.044702329718e-16       1.085568234886e-16      -1.616784341987e-17 
 1941       3.117925590468e-11       1.480321589287e-12      -1.928267480018e-12       6.403714956212e-15       4.036247892163e-16       1.087988697244e-16      -1.610104928302e-17 
 1942       3.114975308761e-11       1.477554289366e-12      -1.945475845213e-12       6.396446881206e-15       4.027815133984e-16       1.090349254753e-16      -1.603283367052e-17 
 1943       3.112149953855e-11       1.474666868863e-12      -1.962490281086e-12       6.389209667429e-15       4.019403995225e-16       1.092649551386e-16      -1.596323034164e-17 
 1944       3.109447303480e-11       1.471660624724e-12      -1.979304655569e-12       6.382003173636e-15       4.011014415332e-16       1.094889230245e-16      -1.589227320720e-17 
 1945       3.106865124967e-11       1.468536860328e-12      -1.995912813414e-12       6.374827257559e-15       4.002646333152e-16       1.097067933558e-16      -1.581999632977e-17 
 1946       3.104401175230e-11       1.465296885497e-12      -2.012308576169e-12       6.367681775903e-15       3.994299686929e-16       1.099185302679e-16      -1.574643392389e-17 
 1947       3.102053200755e-11       1.461942016504e-12      -2.028485742145e-12       6.360566584348e-15       3.985974414310e-16       1.101240978090e-16      -1.567162035621e-17 
 1948       3.099818937586e-11       1.458473576081e-12      -2.044438086390e-12       6.353481537540e-15       3.977670452334e-16       1.103234599396e-16      -1.559559014578e-17 
 1949       3.097696111310e-11       1.454892893428e-12      -2.060159360658e-12       6.346426489100e-15       3.969387737442e-16       1.105165805327e-16      -1.551837796414e-17 
 1950       3.095682437044e-11       1.451201304222e-12      -2.075643293381e-12       6.339401291612e-15       3.961126205466e-16       1.107034233733e-16      -1.544001863562e-17 
 1951       3.093775619421e-11       1.447400150627e-12      -2.090883589642e-12       6.332405796628e-15       3.952885791635e-16       1.108839521591e-16      -1.536054713749e-17 
 1952       3.091973352576e-11       1.443490781300e-12      -2.105873931142e-12       6.325439854667e-15       3.944666430572e-16       1.110581304996e-16      -1.527999860015e-17 
 1953       3.090273320131e-11       1.439474551402e-12      -2.120607976176e-12       6.318503315207e-15       3.936468056291e-16       1.112259219164e-16      -1.519840830738e-17 
 1954       3.088673195182e-11       1.435352822605e-12      -2.135079359598e-12       6.311596026691e-15       3.928290602200e-16       1.113872898431e-16      -1.511581169648e-17 
 1955       3.087170640287e-11       1.431126963104e-12      -2.149281692800e-12       6.304717836519e-15       3.920134001095e-16       1.115421976251e-16      -1.503224435852e-17 
 1956       3.085763307448e-11       1.426798347621e-12      -2.163208563675e-12       6.297868591054e-15       3.911998185164e-16       1.116906085198e-16      -1.494774203851e-17 
 1957       3.084448838100e-11       1.422368357417e-12      -2.176853536596e-12       6.291048135611e-15       3.903883085984e-16       1.118324856959e-16      -1.486234063560e-17 
 1958       3.083224863097e-11       1.417838380299e-12      -2.190210152379e-12       6.284256314463e-15       3.895788634519e-16       1.119677922342e-16      -1.477607620331e-17 
 1959       3.082089002695e-11       1.413209810631e-12      -2.203271928262e-12       6.277492970838e-15       3.887714761119e-16       1.120964911265e-16      -1.468898494968e-17 
 1960       3.081038866543e-11       1.408484049341e-12      -2.216032357870e-12       6.270757946914e-15       3.879661395523e-16       1.122185452766e-16      -1.460110323753e-17 
 1961       3.080072053666e-11       1.403662503928e-12      -2.228484911189e-12       6.264051083820e-15       3.871628466852e-16       1.123339174992e-16      -1.451246758461e-17 
 1962       3.079186152450e-11       1.398746588476e-12      -2.240623034537e-12       6.257372221635e-15       3.863615903614e-16       1.124425705205e-16      -1.442311466382e-17 
 1963       3.078378740632e-11       1.393737723657e-12      -2.252440150535e-12       6.250721199387e-15       3.855623633697e-16       1.125444669778e-16      -1.433308130342e-17 
 1964       3.077647385282e-11       1.388637336744e-12      -2.263929658078e-12       6.244097855048e-15       3.847651584374e-16       1.126395694195e-16      -1.424240448721e-17 
 1965       3.076989642792e-11       1.383446861615e-12      -2.275084932306e-12       6.237502025535e-15       3.839699682297e-16       1.127278403050e-16      -1.415112135473e-17 
 1966       3.076403058860e-11       1.378167738768e-12      -2.285899324574e-12       6.230933546709e-15       3.831767853500e-16       1.128092420048e-16      -1.405926920150e-17 
 1967       3.075885168477e-11       1.372801415326e-12      -2.296366162426e-12       6.224392253372e-15       3.823856023396e-16       1.128837367999e-16      -1.396688547916e-17 
 1968       3.075433495913e-11       1.367349345043e-12      -2.306478749565e-12       6.217877979265e-15       3.815964116776e-16       1.129512868823e-16      -1.387400779570e-17 
 1969       3.075045554705e-11       1.361812988318e-12      -2.316230365820e-12       6.211390557070e-15       3.808092057808e-16       1.130118543546e-16      -1.378067391568e-17 
 1970       3.074718858088e-11       1.356193913445e-12      -2.325615357400e-12       6.204929782033e-15       3.800239775161e-16       1.130654190116e-16      -1.368691767216e-17 
 1971       3.074450950411e-11       1.350494101166e-12      -2.334632416537e-12       6.198495302554e-15       3.792407217418e-16       1.131120318290e-16      -1.359275666901e-17 
 1972       3.074239375932e-11       1.344715642399e-12      -2.343281326147e-12       6.192086728787e-15       3.784594337775e-16       1.131517618720e-16      -1.349820448764e-17 
 1973       3.074081668372e-11       1.338860637208e-12      -2.351561871773e-12       6.185703668927e-15       3.776801088927e-16       1.131846785501e-16      -1.340327476702e-17 
 1974       3.073975350901e-11       1.332931194821e-12      -2.359473841588e-12       6.179345729212e-15       3.769027423065e-16       1.132108516177e-16      -1.330798120377e-17 
 1975       3.073917936129e-11       1.326929433637e-12      -2.367017026404e-12       6.173012513920e-15       3.761273291879e-16       1.132303511744e-16      -1.321233755220e-17 
 1976       3.073906926089e-11       1.320857481239e-12      -2.374191219672e-12       6.166703625364e-15       3.753538646555e-16       1.132432476653e-16      -1.311635762441e-17 
 1977       3.073939812222e-11       1.314717474407e-12      -2.380996217486e-12       6.160418663891e-15       3.745823437774e-16       1.132496118822e-16      -1.302005529036e-17 
 1978       3.074014075368e-11       1.308511559130e-12      -2.387431818596e-12       6.154157227881e-15       3.738127615712e-16       1.132495149632e-16      -1.292344447792e-17 
 1979       3.074127185749e-11       1.302241890616e-12      -2.393497824404e-12       6.147918913739e-15       3.730451130038e-16       1.132430283935e-16      -1.282653917300e-17 
 1980       3.074276602955e-11       1.295910633305e-12      -2.399194038971e-12       6.141703315899e-15       3.722793929916e-16       1.132302240061e-16      -1.272935341954e-17 
 1981       3.074459775935e-11       1.289519960881e-12      -2.404520269027e-12       6.135510026818e-15       3.715155964001e-16       1.132111739819e-16      -1.263190131966e-17 
 1982       3.074674142977e-11       1.283072056284e-12      -2.409476323969e-12       6.129338636970e-15       3.707537180438e-16       1.131859508504e-16      -1.253419703371e-17 
 1983       3.074917131697e-11       1.276569111721e-12      -2.414062015868e-12       6.123188734850e-15       3.699937526867e-16       1.131546274900e-16      -1.243625478031e-17 
 1984       3.075186159029e-11       1.270013328678e-12      -2.418277159477e-12       6.117059906968e-15       3.692356950413e-16       1.131172771285e-16      -1.233808883647e-17 
 1985       3.075478631206e-11       1.263406917933e-12      -2.422121572232e-12       6.110951737845e-15       3.684795397693e-16       1.130739733438e-16      -1.223971353765e-17 
 1986       3.075791943749e-11       1.256752099567e-12      -2.425595074258e-12       6.104863810012e-15       3.677252814812e-16       1.130247900639e-16      -1.214114327782e-17 
 1987       3.076123481453e-11       1.250051102975e-12      -2.428697488374e-12       6.098795704009e-15       3.669729147362e-16       1.129698015679e-16      -1.204239250953e-17 
 1988       3.076470618375e-11       1.243306166880e-12      -2.431428640098e-12       6.092746998377e-15       3.662224340421e-16       1.129090824861e-16      -1.194347574403e-17 
 1989       3.076830717816e-11       1.236519539343e-12      -2.433788357652e-12       6.086717269663e-15       3.654738338555e-16       1.128427078004e-16      -1.184440755127e-17 
 1990       3.077201132312e-11       1.229693477775e-12      -2.435776471965e-12       6.080706092409e-15       3.647271085814e-16       1.127707528450e-16      -1.174520256004e-17 
 1991       3.077579203619e-11       1.222830248950e-12      -2.437392816683e-12       6.074713039156e-15       3.639822525731e-16       1.126932933069e-16      -1.164587545801e-17 
 1992       3.077962262698e-11       1.215932129016e-12      -2.438637228165e-12       6.068737680437e-15       3.632392601324e-16       1.126104052262e-16      -1.154644099181e-17 
 1993       3.078347629703e-11       1.209001403507e-12      -2.439509545496e-12       6.062779584779e-15       3.624981255094e-16       1.125221649966e-16      -1.144691396710e-17 
 1994       3.078732613968e-11       1.202040367355e-12      -2.440009610489e-12       6.056838318694e-15       3.617588429022e-16       1.124286493657e-16      -1.134730924867e-17 
 1995       3.079114513989e-11       1.195051324901e-12      -2.440137267688e-12       6.050913446681e-15       3.610214064573e-16       1.123299354359e-16      -1.124764176045e-17 
 1996       3.079490617418e-11       1.188036589910e-12      -2.439892364375e-12       6.045004531224e-15       3.602858102690e-16       1.122261006644e-16      -1.114792648568e-17 
 1997       3.079858201041e-11       1.180998485577e-12      -2.439274750576e-12       6.039111132784e-15       3.595520483797e-16       1.121172228641e-16      -1.104817846688e-17 
 1998       3.080214530771e-11       1.173939344545e-12      -2.438284279062e-12       6.033232809801e-15       3.588201147795e-16       1.120033802035e-16      -1.094841280600e-17 
 1999       3.080556861631e-11       1.166861508913e-12      -2.436920805355e-12       6.027369118693e-15       3.580900034064e-16       1.118846512077e-16      -1.084864466447e-17 
 2000       3.080882437741e-11       1.159767330249e-12      -2.435184187738e-12       6.021519613845e-15       3.573617081462e-16       1.117611147586e-16      -1.074888926324e-17 
 2001       3.081188492305e-11       1.152659169603e-12      -2.433074287250e-12       6.015683847617e-15       3.566352228321e-16       1.116328500955e-16      -1.064916188292e-17 
 2002       3.081472247598e-11       1.145539397517e-12      -2.430590967701e-12       6.009861370332e-15       3.559105412452e-16       1.114999368154e-16      -1.054947786380e-17 
 2003       3.081730914950e-11       1.138410394036e-12      -2.427734095670e-12       6.004051730280e-15       3.551876571137e-16       1.113624548735e-16      -1.044985260594e-17 
 2004       3.081961694733e-11       1.131274548725e-12      -2.424503540512e-12       5.998254473711e-15       3.544665641134e-16       1.112204845837e-16      -1.035030156926e-17 
 2005       3.082161776351e-11       1.124134260673e-12      -2.420899174364e-12       5.992469144835e-15       3.537472558674e-16       1.110741066192e-16      -1.025084027357e-17 
 2006       3.082328338222e-11       1.116991938514e-12      -2.416920872148e-12       5.986695285819e-15       3.530297259460e-16       1.109234020127e-16      -1.015148429871e-17 
 2007       3.082458547766e-11       1.109850000429e-12      -2.412568511576e-12       5.980932436782e-15       3.523139678667e-16       1.107684521571e-16      -1.005224928456e-17 
 2008       3.082549561391e-11       1.102710874168e-12      -2.407841973156e-12       5.975180135795e-15       3.515999750940e-16       1.106093388057e-16      -9.953150931146e-18 
 2009       3.082598766663e-11       1.095576869248e-12      -2.402741910754e-12       5.969437931877e-15       3.508877415075e-16       1.104461297363e-16      -9.854199957706e-18 
 2010       3.082604510757e-11       1.088449792547e-12      -2.397272069403e-12       5.963705424094e-15       3.501772628099e-16       1.102788356270e-16      -9.755386939611e-18 
 2011       3.082565377287e-11       1.081331329936e-12      -2.391436984391e-12       5.957982222739e-15       3.494685351290e-16       1.101074528669e-16      -9.656697361117e-18 
 2012       3.082479944594e-11       1.074223173839e-12      -2.385241212263e-12       5.952267936356e-15       3.487615545506e-16       1.099319778645e-16      -9.558116646262e-18 
 2013       3.082346785747e-11       1.067127023241e-12      -2.378689330848e-12       5.946562171740e-15       3.480563171183e-16       1.097524070474e-16      -9.459630158791e-18 
 2014       3.082164468529e-11       1.060044583694e-12      -2.371785939288e-12       5.940864533932e-15       3.473528188337e-16       1.095687368628e-16      -9.361223202082e-18 
 2015       3.081931555437e-11       1.052977567328e-12      -2.364535658066e-12       5.935174626216e-15       3.466510556560e-16       1.093809637770e-16      -9.262881019065e-18 
 2016       3.081646603670e-11       1.045927692858e-12      -2.356943129033e-12       5.929492050121e-15       3.459510235022e-16       1.091890842761e-16      -9.164588792149e-18 
 2017       3.081308165129e-11       1.038896685590e-12      -2.349013015436e-12       5.923816405415e-15       3.452527182468e-16       1.089930948654e-16      -9.066331643147e-18 
 2018       3.080914786402e-11       1.031886277433e-12      -2.340750001946e-12       5.918147290103e-15       3.445561357220e-16       1.087929920696e-16      -8.968094633196e-18 
 2019       3.080465008768e-11       1.024898206904e-12      -2.332158794683e-12       5.912484300426e-15       3.438612717175e-16       1.085887724333e-16      -8.869862762684e-18 
 2020       3.079957368182e-11       1.017934219134e-12      -2.323244121249e-12       5.906827030859e-15       3.431681219803e-16       1.083804325203e-16      -8.771620971173e-18 
 2021       3.079390395272e-11       1.010996065885e-12      -2.314010730751e-12       5.901175074108e-15       3.424766822150e-16       1.081679689142e-16      -8.673354137324e-18 
 2022       3.078762615332e-11       1.004085505546e-12      -2.304463393832e-12       5.895528021106e-15       3.417869480831e-16       1.079513782182e-16      -8.575047078818e-18 
 2023       3.078072548319e-11       9.972043031504e-13      -2.294606902695e-12       5.889885461013e-15       3.410989152038e-16       1.077306570553e-16      -8.476684552284e-18 
 2024       3.077318708840e-11       9.903542303806e-13      -2.284446071136e-12       5.884246981215e-15       3.404125791531e-16       1.075058020679e-16      -8.378251253218e-18 
 2025       3.076499606150e-11       9.835370655751e-13      -2.273985734565e-12       5.878612167317e-15       3.397279354644e-16       1.072768099186e-16      -8.279731815910e-18 
 2026       3.075613744146e-11       9.767545937383e-13      -2.263230750040e-12       5.872980603145e-15       3.390449796279e-16       1.070436772895e-16      -8.181110813370e-18 
 2027       3.074659621359e-11       9.700086065477e-13      -2.252185996292e-12       5.867351870742e-15       3.383637070909e-16       1.068064008825e-16      -8.082372757245e-18 
 2028       3.073635730947e-11       9.633009023622e-13      -2.240856373753e-12       5.861725550366e-15       3.376841132575e-16       1.065649774196e-16      -7.983502097752e-18 
 2029       3.072540560690e-11       9.566332862303e-13      -2.229246804581e-12       5.856101220488e-15       3.370061934888e-16       1.063194036426e-16      -7.884483223592e-18 
 2030       3.071372592983e-11       9.500075698976e-13      -2.217362232694e-12       5.850478457789e-15       3.363299431025e-16       1.060696763131e-16      -7.785300461882e-18 
 2031       3.070130304831e-11       9.434255718157e-13      -2.205207623792e-12       5.844856837158e-15       3.356553573731e-16       1.058157922129e-16      -7.685938078076e-18 
 2032       3.068812167840e-11       9.368891171494e-13      -2.192787965387e-12       5.839235931689e-15       3.349824315318e-16       1.055577481436e-16      -7.586380275887e-18 
 2033       3.067416648211e-11       9.304000377854e-13      -2.180108266831e-12       5.833615312683e-15       3.343111607663e-16       1.052955409271e-16      -7.486611197213e-18 
 2034       3.065942206738e-11       9.239601723401e-13      -2.167173559342e-12       5.827994549637e-15       3.336415402207e-16       1.050291674053e-16      -7.386614922062e-18 
 2035       3.064387298794e-11       9.175713661675e-13      -2.153988896035e-12       5.822373210251e-15       3.329735649958e-16       1.047586244401e-16      -7.286375468472e-18 
 2036       3.062750374331e-11       9.112354713677e-13      -2.140559351946e-12       5.816750860421e-15       3.323072301485e-16       1.044839089138e-16      -7.185876792439e-18 
 2037       3.061029877872e-11       9.049543467943e-13      -2.126890024061e-12       5.811127064236e-15       3.316425306923e-16       1.042050177286e-16      -7.085102787839e-18 
 2038       3.059224248502e-11       8.987298580632e-13      -2.112986031346e-12       5.805501383978e-15       3.309794615967e-16       1.039219478073e-16      -6.984037286351e-18 
 2039       3.057331919864e-11       8.925638775602e-13      -2.098852514772e-12       5.799873380119e-15       3.303180177875e-16       1.036346960926e-16      -6.882664057381e-18 
 2040       3.055351320154e-11       8.864582844491e-13      -2.084494637344e-12       5.794242611318e-15       3.296581941466e-16       1.033432595479e-16      -6.780966807991e-18 
 2041       3.053280872109e-11       8.804149646798e-13      -2.069917584126e-12       5.788608634420e-15       3.289999855120e-16       1.030476351567e-16      -6.678929182814e-18 
 2042       3.051118993007e-11       8.744358109965e-13      -2.055126562275e-12       5.782971004452e-15       3.283433866775e-16       1.027478199230e-16      -6.576534763984e-18 
 2043       3.048864094659e-11       8.685227229455e-13      -2.040126801061e-12       5.777329274623e-15       3.276883923930e-16       1.024438108711e-16      -6.473767071061e-18 
 2044       3.046514583398e-11       8.626776068834e-13      -2.024923551901e-12       5.771682996320e-15       3.270349973642e-16       1.021356050459e-16      -6.370609560948e-18 
 2045       3.044068860079e-11       8.569023759854e-13      -2.009522088383e-12       5.766031719105e-15       3.263831962526e-16       1.018231995127e-16      -6.267045627822e-18 
 2046       3.041525320068e-11       8.511989502526e-13      -1.993927706295e-12       5.760374990714e-15       3.257329836754e-16       1.015065913575e-16      -6.163058603056e-18 
 2047       3.038882353238e-11       8.455692565211e-13      -1.978145723654e-12       5.754712357058e-15       3.250843542054e-16       1.011857776867e-16      -6.058631755138e-18 
 2048       3.036138645249e-11       8.400149826336e-13      -1.962181589437e-12       5.749043408427e-15       3.244373026746e-16       1.008607695908e-16      -5.953750594574e-18 
 2049       3.033294083758e-11       8.345368380201e-13      -1.946041210581e-12       5.743367918508e-15       3.237918250871e-16       1.005316341429e-16      -5.848409806721e-18 
 2050       3.030348858672e-11       8.291352878489e-13      -1.929730627376e-12       5.737685706357e-15       3.231479177122e-16       1.001984527007e-16      -5.742606368351e-18 
 2051       3.027303161453e-11       8.238107983835e-13      -1.913255905002e-12       5.731996590280e-15       3.225055767821e-16       9.986130697008e-17      -5.636337247164e-18 
 2052       3.024157185121e-11       8.185638369833e-13      -1.896623133565e-12       5.726300387830e-15       3.218647984913e-16       9.952027900616e-17      -5.529599401778e-18 
 2053       3.020911124250e-11       8.133948721050e-13      -1.879838428117e-12       5.720596915803e-15       3.212255789966e-16       9.917545121336e-17      -5.422389781723e-18 
 2054       3.017565174980e-11       8.083043733033e-13      -1.862907928699e-12       5.714885990242e-15       3.205879144174e-16       9.882690634599e-17      -5.314705327426e-18 
 2055       3.014119535011e-11       8.032928112322e-13      -1.845837800362e-12       5.709167426432e-15       3.199518008351e-16       9.847472750863e-17      -5.206542970203e-18 
 2056       3.010574403608e-11       7.983606576458e-13      -1.828634233204e-12       5.703441038903e-15       3.193172342934e-16       9.811899815663e-17      -5.097899632250e-18 
 2057       3.006929981605e-11       7.935083853997e-13      -1.811303442399e-12       5.697706641423e-15       3.186842107984e-16       9.775980209648e-17      -4.988772226629e-18 
 2058       3.003186471405e-11       7.887364684515e-13      -1.793851668225e-12       5.691964047004e-15       3.180527263181e-16       9.739722348628e-17      -4.879157657261e-18 
 2059       2.999344076982e-11       7.840453818623e-13      -1.776285176101e-12       5.686213067897e-15       3.174227767826e-16       9.703134683620e-17      -4.769052818917e-18 
 2060       2.995403003886e-11       7.794356017973e-13      -1.758610256612e-12       5.680453515591e-15       3.167943580840e-16       9.666225700884e-17      -4.658454597203e-18 
 2061       2.991363459241e-11       7.749076055274e-13      -1.740833225543e-12       5.674685200813e-15       3.161674660763e-16       9.629003921976e-17      -4.547359868554e-18 
 2062       2.987225651750e-11       7.704618714294e-13      -1.722960423908e-12       5.668907933528e-15       3.155420965755e-16       9.591477903784e-17      -4.435765500222e-18 
 2063       2.982989791698e-11       7.660988789880e-13      -1.704998217981e-12       5.663121522934e-15       3.149182453594e-16       9.553656238576e-17      -4.323668350266e-18 
 2064       2.978656090953e-11       7.618191087961e-13      -1.686952999332e-12       5.657325777469e-15       3.142959081675e-16       9.515547554043e-17      -4.211065267543e-18 
 2065       2.974224762965e-11       7.576230425560e-13      -1.668831184847e-12       5.651520504800e-15       3.136750807011e-16       9.477160513341e-17      -4.097953091695e-18 
 2066       2.969696022775e-11       7.535111630807e-13      -1.650639216771e-12       5.645705511829e-15       3.130557586231e-16       9.438503815137e-17      -3.984328653143e-18 
 2067       2.965070087012e-11       7.494839542946e-13      -1.632383562730e-12       5.639880604692e-15       3.124379375581e-16       9.399586193650e-17      -3.870188773071e-18 
 2068       2.960347173895e-11       7.455419012346e-13      -1.614070715765e-12       5.634045588753e-15       3.118216130920e-16       9.360416418696e-17      -3.755530263423e-18 
 2069       2.955527503241e-11       7.416854900513e-13      -1.595707194363e-12       5.628200268607e-15       3.112067807724e-16       9.321003295733e-17      -3.640349926886e-18 
 2070       2.950611296460e-11       7.379152080097e-13      -1.577299542490e-12       5.622344448079e-15       3.105934361084e-16       9.281355665903e-17      -3.524644556884e-18 
 2071       2.945598776562e-11       7.342315434908e-13      -1.558854329616e-12       5.616477930223e-15       3.099815745703e-16       9.241482406075e-17      -3.408410937566e-18 
 2072       2.940490168155e-11       7.306349859920e-13      -1.540378150751e-12       5.610600517318e-15       3.093711915897e-16       9.201392428890e-17      -3.291645843798e-18 
 2073       2.935285697453e-11       7.271260261283e-13      -1.521877626473e-12       5.604712010871e-15       3.087622825596e-16       9.161094682805e-17      -3.174346041150e-18 
 2074       2.929985592274e-11       7.237051556336e-13      -1.503359402962e-12       5.598812211614e-15       3.081548428341e-16       9.120598152137e-17      -3.056508285886e-18 
 2075       2.924590082041e-11       7.203728673615e-13      -1.484830152028e-12       5.592900919502e-15       3.075488677285e-16       9.079911857101e-17      -2.938129324956e-18 
 2076       2.919099397791e-11       7.171296552864e-13      -1.466296571140e-12       5.586977933716e-15       3.069443525192e-16       9.039044853864e-17      -2.819205895984e-18 
 2077       2.913513772168e-11       7.139760145045e-13      -1.447765383463e-12       5.581043052658e-15       3.063412924434e-16       8.998006234579e-17      -2.699734727260e-18 
 2078       2.907833439432e-11       7.109124412347e-13      -1.429243337885e-12       5.575096073951e-15       3.057396826997e-16       8.956805127434e-17      -2.579712537726e-18 
 2079       2.902058635460e-11       7.079394328198e-13      -1.410737209044e-12       5.569136794439e-15       3.051395184473e-16       8.915450696694e-17      -2.459136036970e-18 
 2080       2.896189597745e-11       7.050574877277e-13      -1.392253797369e-12       5.563165010186e-15       3.045407948063e-16       8.873952142745e-17      -2.338001925211e-18 
 2081       2.890226565403e-11       7.022671055519e-13      -1.373799929100e-12       5.557180516475e-15       3.039435068576e-16       8.832318702138e-17      -2.216306893294e-18 
 2082       2.884169779170e-11       6.995687870130e-13      -1.355382456327e-12       5.551183107805e-15       3.033476496429e-16       8.790559647630e-17      -2.094047622678e-18 
 2083       2.878019481409e-11       6.969630339595e-13      -1.337008257013e-12       5.545172577893e-15       3.027532181647e-16       8.748684288232e-17      -1.971220785422e-18 
 2084       2.871775916109e-11       6.944503493691e-13      -1.318684235035e-12       5.539148719671e-15       3.021602073858e-16       8.706701969250e-17      -1.847823044180e-18 
 2085       2.865439328890e-11       6.920312373492e-13      -1.300417320206e-12       5.533111325287e-15       3.015686122299e-16       8.664622072328e-17      -1.723851052190e-18 
 2086       2.859009967001e-11       6.897062031385e-13      -1.282214468307e-12       5.527060186102e-15       3.009784275810e-16       8.622454015495e-17      -1.599301453261e-18 
 2087       2.852488267723e-11       6.874755397558e-13      -1.264082173955e-12       5.520995142516e-15       3.003896486222e-16       8.580205096569e-17      -1.474178468374e-18 
 2088       2.845875425007e-11       6.853386863101e-13      -1.246025005386e-12       5.514916233833e-15       2.998022718529e-16       8.537874006766e-17      -1.348516713667e-18 
 2089       2.839172826812e-11       6.832948651917e-13      -1.228047059451e-12       5.508823549443e-15       2.992162940789e-16       8.495457271687e-17      -1.222358542472e-18 
 2090       2.832381867077e-11       6.813432950113e-13      -1.210152447874e-12       5.502717179096e-15       2.986317120736e-16       8.452951403803e-17      -1.095746473433e-18 
 2091       2.825503945731e-11       6.794831905943e-13      -1.192345297262e-12       5.496597212900e-15       2.980485225788e-16       8.410352902445e-17      -9.687231907065e-19 
 2092       2.818540468697e-11       6.777137629766e-13      -1.174629749132e-12       5.490463741322e-15       2.974667223040e-16       8.367658253782e-17      -8.413315441579e-19 
 2093       2.811492847901e-11       6.760342193992e-13      -1.157009959918e-12       5.484316855187e-15       2.968863079269e-16       8.324863930811e-17      -7.136145495621e-19 
 2094       2.804362501281e-11       6.744437633041e-13      -1.139490100997e-12       5.478156645680e-15       2.963072760930e-16       8.281966393337e-17      -5.856153888014e-19 
 2095       2.797150852791e-11       6.729415943286e-13      -1.122074358702e-12       5.471983204346e-15       2.957296234155e-16       8.238962087961e-17      -4.573774100644e-19 
 2096       2.789859332410e-11       6.715269083010e-13      -1.104766934340e-12       5.465796623091e-15       2.951533464756e-16       8.195847448060e-17      -3.289441280446e-19 
 2097       2.782489376150e-11       6.701988972357e-13      -1.087572044209e-12       5.459596994181e-15       2.945784418220e-16       8.152618893775e-17      -2.003592241395e-19 
 2098       2.775042426064e-11       6.689567493282e-13      -1.070493919619e-12       5.453384410242e-15       2.940049059715e-16       8.109272831993e-17      -7.166654664862e-20 
 2099       2.767519930251e-11       6.677996489503e-13      -1.053536806905e-12       5.447158964265e-15       2.934327354081e-16       8.065805656331e-17       5.708988902704e-20 
 2100       2.759923342865e-11       6.667267766453e-13      -1.036704967444e-12       5.440920749600e-15       2.928619265837e-16       8.022213747124e-17       1.858659001867e-19 
 2101       2.752254124121e-11       6.657373091230e-13      -1.020002677678e-12       5.434669859959e-15       2.922924759177e-16       7.978493471405e-17       3.146171366311e-19 
 2102       2.744513740307e-11       6.648304192553e-13      -1.003434229127e-12       5.428406389420e-15       2.917243797969e-16       7.934641182889e-17       4.432990804635e-19 
 2103       2.736703663783e-11       6.640052760705e-13      -9.870039284048e-13       5.422130432421e-15       2.911576345757e-16       7.890653221963e-17       5.718670458913e-19 
 2104       2.728825372997e-11       6.632610447496e-13      -9.707160972421e-13       5.415842083765e-15       2.905922365758e-16       7.846525915662e-17       7.002761790269e-19 
 2105       2.720880352487e-11       6.625968866203e-13      -9.545750724993e-13       5.409541438619e-15       2.900281820864e-16       7.802255577662e-17       8.284814576896e-19 
 2106       2.712870092891e-11       6.620119591529e-13      -9.385852061856e-13       5.403228592515e-15       2.894654673638e-16       7.757838508256e-17       9.564376912061e-19 
 2107       2.704796090953e-11       6.615054159554e-13      -9.227508654762e-13       5.396903641349e-15       2.889040886318e-16       7.713270994344e-17       1.084099520213e-18 
 2108       2.696659849532e-11       6.610764067682e-13      -9.070764327297e-13       5.390566681382e-15       2.883440420812e-16       7.668549309415e-17       1.211421416455e-18 
 2109       2.688462877605e-11       6.607240774597e-13      -8.915663055056e-13       5.384217809242e-15       2.877853238702e-16       7.623669713531e-17       1.338357682592e-18 
 2110       2.680206690283e-11       6.604475700213e-13      -8.762248965816e-13       5.377857121921e-15       2.872279301240e-16       7.578628453314e-17       1.464862451995e-18 
 2111       2.671892808808e-11       6.602460225625e-13      -8.610566339712e-13       5.371484716779e-15       2.866718569349e-16       7.533421761927e-17       1.590889688548e-18 
 2112       2.663522760568e-11       6.601185693060e-13      -8.460659609408e-13       5.365100691544e-15       2.861171003622e-16       7.488045859057e-17       1.716393186452e-18 
 2113       2.655098079101e-11       6.600643405833e-13      -8.312573360276e-13       5.358705144309e-15       2.855636564322e-16       7.442496950905e-17       1.841326570024e-18 
 2114       2.646620304106e-11       6.600824628290e-13      -8.166352330565e-13       5.352298173535e-15       2.850115211382e-16       7.396771230166e-17       1.965643293501e-18 
 2115       2.638090981444e-11       6.601720585769e-13      -8.022041411577e-13       5.345879878053e-15       2.844606904402e-16       7.350864876013e-17       2.089296640837e-18 
 2116       2.629511663150e-11       6.603322464545e-13      -7.879685647846e-13       5.339450357061e-15       2.839111602653e-16       7.304774054085e-17       2.212239725508e-18 
 2117       2.620883907441e-11       6.605621411783e-13      -7.739330237303e-13       5.333009710127e-15       2.833629265071e-16       7.258494916466e-17       2.334425490310e-18 
 2118       2.612209278722e-11       6.608608535493e-13      -7.601020531458e-13       5.326558037186e-15       2.828159850263e-16       7.212023601673e-17       2.455806707165e-18 
 2119       2.603489347590e-11       6.612274904475e-13      -7.464802035572e-13       5.320095438546e-15       2.822703316499e-16       7.165356234640e-17       2.576335976918e-18 
 2120       2.594725690849e-11       6.616611548277e-13      -7.330720408827e-13       5.313622014884e-15       2.817259621718e-16       7.118488926701e-17       2.695965729139e-18 
 2121       2.585919891511e-11       6.621609457142e-13      -7.198821464507e-13       5.307137867245e-15       2.811828723524e-16       7.071417775574e-17       2.814648221927e-18 
 2122       2.577073538804e-11       6.627259581962e-13      -7.069151170169e-13       5.300643097050e-15       2.806410579188e-16       7.024138865347e-17       2.932335541707e-18 
 2123       2.568188228184e-11       6.633552834230e-13      -6.941755647815e-13       5.294137806087e-15       2.801005145644e-16       6.976648266461e-17       3.048979603035e-18 
 2124       2.559265561338e-11       6.640480085987e-13      -6.816681174070e-13       5.287622096519e-15       2.795612379492e-16       6.928942035694e-17       3.164532148398e-18 
 2125       2.550307146192e-11       6.648032169780e-13      -6.693974180354e-13       5.281096070878e-15       2.790232236994e-16       6.881016216148e-17       3.278944748014e-18 
 2126       2.541314597191e-11       6.656199129846e-13      -6.573674150053e-13       5.274559859319e-15       2.784864676849e-16       6.832869820517e-17       3.392172462802e-18 
 2127       2.532289536121e-11       6.664967970138e-13      -6.455792256218e-13       5.268013701561e-15       2.779509668520e-16       6.784513803391e-17       3.504184861244e-18 
 2128       2.523233591309e-11       6.674324890697e-13      -6.340332577127e-13       5.261457865509e-15       2.774167183958e-16       6.735962150702e-17       3.614955077980e-18 
 2129       2.514148397356e-11       6.684256034941e-13      -6.227299185915e-13       5.254892620057e-15       2.768837194843e-16       6.687228902108e-17       3.724456157431e-18 
 2130       2.505035595145e-11       6.694747489596e-13      -6.116696150564e-13       5.248318235092e-15       2.763519672576e-16       6.638328151053e-17       3.832661053695e-18 
 2131       2.495896831851e-11       6.705785284625e-13      -6.008527533887e-13       5.241734981493e-15       2.758214588284e-16       6.589274044836e-17       3.939542630444e-18 
 2132       2.486733760945e-11       6.717355393164e-13      -5.902797393512e-13       5.235143131130e-15       2.752921912817e-16       6.540080784670e-17       4.045073660826e-18 
 2133       2.477548042205e-11       6.729443731449e-13      -5.799509781871e-13       5.228542956869e-15       2.747641616747e-16       6.490762625747e-17       4.149226827362e-18 
 2134       2.468341341719e-11       6.742036158753e-13      -5.698668746183e-13       5.221934732574e-15       2.742373670372e-16       6.441333877301e-17       4.251974721843e-18 
 2135       2.459115331897e-11       6.755118477312e-13      -5.600278328441e-13       5.215318733104e-15       2.737118043708e-16       6.391808902673e-17       4.353289845231e-18 
 2136       2.449871691475e-11       6.768676432262e-13      -5.504342565399e-13       5.208695234314e-15       2.731874706496e-16       6.342202119372e-17       4.453144607557e-18 
 2137       2.440612105525e-11       6.782695711565e-13      -5.410865488554e-13       5.202064513061e-15       2.726643628198e-16       6.292527999142e-17       4.551511327816e-18 
 2138       2.431338265461e-11       6.797161945947e-13      -5.319851124134e-13       5.195426847201e-15       2.721424777996e-16       6.242801068019e-17       4.648362233871e-18 
 2139       2.422051869043e-11       6.812060708824e-13      -5.231303493086e-13       5.188782515593e-15       2.716218124795e-16       6.193035906403e-17       4.743669462348e-18 
 2140       2.412754620394e-11       6.827377516236e-13      -5.145226611057e-13       5.182131798097e-15       2.711023637219e-16       6.143247149113e-17       4.837405058535e-18 
 2141       2.403448229995e-11       6.843097826781e-13      -5.061624488383e-13       5.175474975576e-15       2.705841283611e-16       6.093449485458e-17       4.929540976281e-18 
 2142       2.394134414705e-11       6.859207041541e-13      -4.980501130073e-13       5.168812329899e-15       2.700671032035e-16       6.043657659294e-17       5.020049077894e-18 
 2143       2.384814897756e-11       6.875690504021e-13      -4.901860535796e-13       5.162144143942e-15       2.695512850273e-16       5.993886469092e-17       5.108901134041e-18 
 2144       2.375491408770e-11       6.892533500072e-13      -4.825706699866e-13       5.155470701585e-15       2.690366705827e-16       5.944150767998e-17       5.196068823642e-18 
 2145       2.366165683764e-11       6.909721257830e-13      -4.752043611227e-13       5.148792287719e-15       2.685232565917e-16       5.894465463900e-17       5.281523733776e-18 
 2146       2.356839465153e-11       6.927238947646e-13      -4.680875253442e-13       5.142109188243e-15       2.680110397481e-16       5.844845519488e-17       5.365237359572e-18 
 2147       2.347514501764e-11       6.945071682015e-13      -4.612205604673e-13       5.135421690067e-15       2.675000167172e-16       5.795305952320e-17       5.447181104113e-18 
 2148       2.338192548837e-11       6.963204515508e-13      -4.546038637671e-13       5.128730081113e-15       2.669901841364e-16       5.745861834884e-17       5.527326278330e-18 
 2149       2.328875368039e-11       6.981622444708e-13      -4.482378319763e-13       5.122034650314e-15       2.664815386146e-16       5.696528294662e-17       5.605644100904e-18 
 2150       2.319564727464e-11       7.000310408135e-13      -4.421228612832e-13       5.115335687619e-15       2.659740767322e-16       5.647320514192e-17       5.682105698163e-18 
 2151       2.310262401649e-11       7.019253286185e-13      -4.362593473308e-13       5.108633483990e-15       2.654677950415e-16       5.598253731135e-17       5.756682103981e-18 
 2152       2.300970171573e-11       7.038435901056e-13      -4.306476852150e-13       5.101928331407e-15       2.649626900659e-16       5.549343238335e-17       5.829344259676e-18 
 2153       2.291689824669e-11       7.057843016680e-13      -4.252882694836e-13       5.095220522867e-15       2.644587583008e-16       5.500604383882e-17       5.900063013907e-18 
 2154       2.282423154833e-11       7.077459338659e-13      -4.201814941344e-13       5.088510352383e-15       2.639559962128e-16       5.452052571179e-17       5.968809122577e-18 
 2155       2.273171962426e-11       7.097269514193e-13      -4.153277526141e-13       5.081798114991e-15       2.634544002398e-16       5.403703259003e-17       6.035553248727e-18 
 2156       2.263938054286e-11       7.117258132010e-13      -4.107274378167e-13       5.075084106745e-15       2.629539667914e-16       5.355571961568e-17       6.100265962436e-18 
 2157       2.254723243734e-11       7.137409722305e-13      -4.063809420821e-13       5.068368624723e-15       2.624546922484e-16       5.307674248591e-17       6.162917740720e-18 
 2158       2.245529350579e-11       7.157708756661e-13      -4.022886571948e-13       5.061651967024e-15       2.619565729628e-16       5.260025745352e-17       6.223478967431e-18 
 2159       2.236358201131e-11       7.178139647992e-13      -3.984509743822e-13       5.054934432772e-15       2.614596052581e-16       5.212642132759e-17       6.281919933152e-18 
 2160       2.227211628203e-11       7.198686750466e-13      -3.948682843136e-13       5.048216322116e-15       2.609637854288e-16       5.165539147413e-17       6.338210835101e-18 
 2161       2.218091471121e-11       7.219334359440e-13      -3.915409770982e-13       5.041497936232e-15       2.604691097406e-16       5.118732581669e-17       6.392321777025e-18 
 2162       2.208999575730e-11       7.240066711392e-13      -3.884694422841e-13       5.034779577322e-15       2.599755744306e-16       5.072238283701e-17       6.444222769101e-18 
 2163       2.199937794404e-11       7.260867983852e-13      -3.856540688570e-13       5.028061548618e-15       2.594831757068e-16       5.026072157563e-17       6.493883727832e-18 
 2164       2.190907986049e-11       7.281722295333e-13      -3.830952452380e-13       5.021344154381e-15       2.589919097481e-16       4.980250163257e-17       6.541274475948e-18 
 2165       2.181911867652e-11       7.302614469174e-13      -3.807928405297e-13       5.014627694162e-15       2.585017729831e-16       4.934784727756e-17       6.586377751925e-18 
 2166       2.172950567790e-11       7.323532330848e-13      -3.787446444199e-13       5.007912445533e-15       2.580127629264e-16       4.889673951436e-17       6.629228334887e-18 
 2167       2.164025070113e-11       7.344464426050e-13      -3.769479167258e-13       5.001198681242e-15       2.575248773479e-16       4.844912328791e-17       6.669874184049e-18 
 2168       2.155136361539e-11       7.365399258147e-13      -3.753999051751e-13       4.994486674944e-15       2.570381139942e-16       4.800494330811e-17       6.708363453348e-18 
 2169       2.146285432257e-11       7.386325288134e-13      -3.740978453910e-13       4.987776701199e-15       2.565524705891e-16       4.756414404960e-17       6.744744491672e-18 
 2170       2.137473275732e-11       7.407230934583e-13      -3.730389608778e-13       4.981069035479e-15       2.560679448334e-16       4.712666975138e-17       6.779065843094e-18 
 2171       2.128700888704e-11       7.428104573592e-13      -3.722204630062e-13       4.974363954165e-15       2.555845344050e-16       4.669246441662e-17       6.811376247102e-18 
 2172       2.119969271198e-11       7.448934538741e-13      -3.716395509981e-13       4.967661734547e-15       2.551022369587e-16       4.626147181233e-17       6.841724638831e-18 
 2173       2.111279426522e-11       7.469709121036e-13      -3.712934119125e-13       4.960962654828e-15       2.546210501259e-16       4.583363546907e-17       6.870160149294e-18 
 2174       2.102632361275e-11       7.490416568868e-13      -3.711792206307e-13       4.954266994125e-15       2.541409715154e-16       4.540889868067e-17       6.896732105612e-18 
 2175       2.094029085347e-11       7.511045087960e-13      -3.712941398411e-13       4.947575032466e-15       2.536619987125e-16       4.498720450399e-17       6.921490031249e-18 
 2176       2.085470611925e-11       7.531582841319e-13      -3.716353200252e-13       4.940887050795e-15       2.531841292794e-16       4.456849575856e-17       6.944483646241e-18 
 2177       2.076957957496e-11       7.552017949186e-13      -3.721998994421e-13       4.934203330971e-15       2.527073607550e-16       4.415271502636e-17       6.965762867426e-18 
 2178       2.068492141852e-11       7.572338488988e-13      -3.729850041148e-13       4.927524155771e-15       2.522316906552e-16       4.373980465149e-17       6.985377808679e-18 
 2179       2.060074188087e-11       7.592532495293e-13      -3.739877478145e-13       4.920849808890e-15       2.517571164723e-16       4.332970673993e-17       7.003378781141e-18 
 2180       2.051705122612e-11       7.612587959754e-13      -3.752052320465e-13       4.914180574938e-15       2.512836356755e-16       4.292236315922e-17       7.019816293450e-18 
 2181       2.043385975149e-11       7.632492831065e-13      -3.766345460353e-13       4.907516739448e-15       2.508112457105e-16       4.251771553819e-17       7.034741051974e-18 
 2182       2.035117778736e-11       7.652235014913e-13      -3.782727667099e-13       4.900858588873e-15       2.503399439998e-16       4.211570526667e-17       7.048203961043e-18 
 2183       2.026901569738e-11       7.671802373924e-13      -3.801169586892e-13       4.894206410586e-15       2.498697279422e-16       4.171627349523e-17       7.060256123176e-18 
 2184       2.018738387839e-11       7.691182727620e-13      -3.821641742671e-13       4.887560492886e-15       2.494005949134e-16       4.131936113485e-17       7.070948839319e-18 
 2185       2.010629276056e-11       7.710363852367e-13      -3.844114533979e-13       4.880921124991e-15       2.489325422652e-16       4.092490885667e-17       7.080333609071e-18 
 2186       2.002575280737e-11       7.729333481327e-13      -3.868558236818e-13       4.874288597046e-15       2.484655673263e-16       4.053285709172e-17       7.088462130917e-18 
 2187       1.994577451566e-11       7.748079304409e-13      -3.894943003498e-13       4.867663200122e-15       2.479996674016e-16       4.014314603059e-17       7.095386302460e-18 
 2188       1.986636841566e-11       7.766588968221e-13      -3.923238862493e-13       4.861045226216e-15       2.475348397724e-16       3.975571562316e-17       7.101158220654e-18 
 2189       1.978754507104e-11       7.784850076021e-13      -3.953415718292e-13       4.854434968252e-15       2.470710816965e-16       3.937050557837e-17       7.105830182031e-18 
 2190       1.970931507892e-11       7.802850187665e-13      -3.985443351253e-13       4.847832720082e-15       2.466083904080e-16       3.898745536384e-17       7.109454682936e-18 
 2191       1.963168906995e-11       7.820576819564e-13      -4.019291417456e-13       4.841238776489e-15       2.461467631172e-16       3.860650420567e-17       7.112084419758e-18 
 2192       1.955467770830e-11       7.838017444631e-13      -4.054929448557e-13       4.834653433185e-15       2.456861970109e-16       3.822759108812e-17       7.113772289158e-18 
 2193       1.947829169173e-11       7.855159492233e-13      -4.092326851638e-13       4.828076986815e-15       2.452266892520e-16       3.785065475332e-17       7.114571388308e-18 
 2194       1.940254175160e-11       7.871990348143e-13      -4.131452909063e-13       4.821509734955e-15       2.447682369796e-16       3.747563370099e-17       7.114535015113e-18 
 2195       1.932743865293e-11       7.888497354492e-13      -4.172276778328e-13       4.814951976115e-15       2.443108373090e-16       3.710246618818e-17       7.113716668448e-18 
 2196       1.925299319440e-11       7.904667809716e-13      -4.214767491918e-13       4.808404009738e-15       2.438544873317e-16       3.673109022896e-17       7.112170048391e-18 
 2197       1.917921620844e-11       7.920488968513e-13      -4.258893957154e-13       4.801866136206e-15       2.433991841153e-16       3.636144359412e-17       7.109949056449e-18 
 2198       1.910611856121e-11       7.935948041791e-13      -4.304624956053e-13       4.795338656833e-15       2.429449247034e-16       3.599346381095e-17       7.107107795792e-18 
 2199       1.903371115269e-11       7.951032196617e-13      -4.351929145176e-13       4.788821873873e-15       2.424917061157e-16       3.562708816288e-17       7.103700571486e-18 
 2200       1.896200491667e-11       7.965728556175e-13      -4.400775055483e-13       4.782316090519e-15       2.420395253480e-16       3.526225368925e-17       7.099781890722e-18 
 2201       1.889101082080e-11       7.980024199709e-13      -4.451131092184e-13       4.775821610900e-15       2.415883793719e-16       3.489889718499e-17       7.095406463050e-18 
 2202       1.882073986664e-11       7.993906162481e-13      -4.502965534595e-13       4.769338740088e-15       2.411382651351e-16       3.453695520036e-17       7.090629200607e-18 
 2203       1.875120308970e-11       8.007361435718e-13      -4.556246535988e-13       4.762867784096e-15       2.406891795611e-16       3.417636404067e-17       7.085505218350e-18 
 2204       1.868240968516e-11       8.020378552236e-13      -4.610941137984e-13       4.756409020123e-15       2.402411196829e-16       3.381707947726e-17       7.080084307739e-18 
 2205       1.861436137154e-11       8.032952354920e-13      -4.667012306867e-13       4.749962607068e-15       2.397940830441e-16       3.345913602418e-17       7.074394317193e-18 
 2206       1.854705798969e-11       8.045079259817e-13      -4.724421877291e-13       4.743528674427e-15       2.393480673006e-16       3.310258805472e-17       7.068457661707e-18 
 2207       1.848049937367e-11       8.056755673335e-13      -4.783131535781e-13       4.737107351989e-15       2.389030700866e-16       3.274749012601e-17       7.062296839467e-18 
 2208       1.841468535069e-11       8.067977992233e-13      -4.843102820568e-13       4.730698769842e-15       2.384590890153e-16       3.239389697925e-17       7.055934431949e-18 
 2209       1.834961574119e-11       8.078742603608e-13      -4.904297121409e-13       4.724303058368e-15       2.380161216783e-16       3.204186353993e-17       7.049393104015e-18 
 2210       1.828529035873e-11       8.089045884891e-13      -4.966675679422e-13       4.717920348248e-15       2.375741656460e-16       3.169144491799e-17       7.042695604003e-18 
 2211       1.822170901004e-11       8.098884203831e-13      -5.030199586912e-13       4.711550770459e-15       2.371332184672e-16       3.134269640807e-17       7.035864763828e-18 
 2212       1.815887149502e-11       8.108253918491e-13      -5.094829787202e-13       4.705194456277e-15       2.366932776693e-16       3.099567348968e-17       7.028923499072e-18 
 2213       1.809677760667e-11       8.117151377235e-13      -5.160527074457e-13       4.698851537274e-15       2.362543407582e-16       3.065043182741e-17       7.021894809082e-18 
 2214       1.803542713115e-11       8.125572918718e-13      -5.227252093517e-13       4.692522145320e-15       2.358164052183e-16       3.030702727114e-17       7.014801777062e-18 
 2215       1.797481984770e-11       8.133514871880e-13      -5.294965339725e-13       4.686206412584e-15       2.353794685125e-16       2.996551585622e-17       7.007667570174e-18 
 2216       1.791495552869e-11       8.140973555931e-13      -5.363627158751e-13       4.679904471533e-15       2.349435280821e-16       2.962595380373e-17       7.000515439623e-18 
 2217       1.785583393958e-11       8.147945280348e-13      -5.433197746429e-13       4.673616454933e-15       2.345085813465e-16       2.928839752059e-17       6.993368720763e-18 
 2218       1.779745483891e-11       8.154426344857e-13      -5.503637148579e-13       4.667342495849e-15       2.340746257040e-16       2.895290359987e-17       6.986250833183e-18 
 2219       1.773981797830e-11       8.160413039433e-13      -5.574905260835e-13       4.661082727644e-15       2.336416585308e-16       2.861952882089e-17       6.979185280807e-18 
 2220       1.768292310243e-11       8.165901644282e-13      -5.646961828481e-13       4.654837283982e-15       2.332096771815e-16       2.828833014950e-17       6.972195651987e-18 
 2221       1.762676994905e-11       8.170888429835e-13      -5.719766446271e-13       4.648606298827e-15       2.327786789891e-16       2.795936473825e-17       6.965305619600e-18 
 2222       1.757135824893e-11       8.175369656739e-13      -5.793278558264e-13       4.642389906440e-15       2.323486612647e-16       2.763268992658e-17       6.958538941138e-18 
 2223       1.751668772588e-11       8.179341575847e-13      -5.867457457647e-13       4.636188241385e-15       2.319196212977e-16       2.730836324104e-17       6.951919458810e-18 
 2224       1.746275809675e-11       8.182800428207e-13      -5.942262286569e-13       4.630001438526e-15       2.314915563556e-16       2.698644239552e-17       6.945471099632e-18 
 2225       1.740956907139e-11       8.185742445051e-13      -6.017652035968e-13       4.623829633027e-15       2.310644636840e-16       2.666698529140e-17       6.939217875521e-18 
 2226       1.735712035265e-11       8.188163847792e-13      -6.093585545396e-13       4.617672960353e-15       2.306383405069e-16       2.635005001776e-17       6.933183883395e-18 
 2227       1.730541163639e-11       8.190060848007e-13      -6.170021502854e-13       4.611531556271e-15       2.302131840260e-16       2.603569485163e-17       6.927393305264e-18 
 2228       1.725444261143e-11       8.191429647430e-13      -6.246918444614e-13       4.605405556848e-15       2.297889914214e-16       2.572397825815e-17       6.921870408326e-18 
 2229       1.720421295958e-11       8.192266437943e-13      -6.324234755052e-13       4.599295098454e-15       2.293657598509e-16       2.541495889077e-17       6.916639545063e-18 
 2230       1.715472235560e-11       8.192567401567e-13      -6.401928666476e-13       4.593200317761e-15       2.289434864506e-16       2.510869559149e-17       6.911725153331e-18 
 2231       1.710597046723e-11       8.192328710451e-13      -6.479958258955e-13       4.587121351743e-15       2.285221683345e-16       2.480524739103e-17       6.907151756465e-18 
 2232       1.705795695511e-11       8.191546526861e-13      -6.558281460143e-13       4.581058337675e-15       2.281018025943e-16       2.450467350902e-17       6.902943963362e-18 
 2233       1.701068147284e-11       8.190217003174e-13      -6.636856045115e-13       4.575011413137e-15       2.276823862999e-16       2.420703335426e-17       6.899126468584e-18 
 2234       1.696414366693e-11       8.188336281865e-13      -6.715639636189e-13       4.568980716010e-15       2.272639164990e-16       2.391238652487e-17       6.895724052453e-18 
 2235       1.691834317682e-11       8.185900495500e-13      -6.794589702761e-13       4.562966384480e-15       2.268463902170e-16       2.362079280850e-17       6.892761581139e-18 
 2236       1.687327963483e-11       8.182905766724e-13      -6.873663561126e-13       4.556968557035e-15       2.264298044573e-16       2.333231218255e-17       6.890264006764e-18 
 2237       1.682895266618e-11       8.179348208252e-13      -6.952818374314e-13       4.550987372467e-15       2.260141562010e-16       2.304700481437e-17       6.888256367488e-18 
 2238       1.678536188897e-11       8.175223922862e-13      -7.032011151915e-13       4.545022969873e-15       2.255994424070e-16       2.276493106145e-17       6.886763787612e-18 
 2239       1.674250691418e-11       8.170529003380e-13      -7.111198749905e-13       4.539075488653e-15       2.251856600119e-16       2.248615147164e-17       6.885811477668e-18 
 2240       1.670038734562e-11       8.165259532677e-13      -7.190337870482e-13       4.533145068512e-15       2.247728059300e-16       2.221072678332e-17       6.885424734515e-18 
 2241       1.665900277999e-11       8.159411583654e-13      -7.269385061888e-13       4.527231849459e-15       2.243608770533e-16       2.193871792565e-17       6.885628941434e-18 
 2242       1.661835280680e-11       8.152981219232e-13      -7.348296718238e-13       4.521335971810e-15       2.239498702512e-16       2.167018601873e-17       6.886449568224e-18 
 2243       1.657843577365e-11       8.145965907176e-13      -7.427031896315e-13       4.515457543703e-15       2.235397825544e-16       2.140517801426e-17       6.887897903365e-18 
 2244       1.653924507311e-11       8.138368774646e-13      -7.505560786365e-13       4.509596543428e-15       2.231306117046e-16       2.114368351452e-17       6.889928148540e-18 
 2245       1.650077283155e-11       8.130194381392e-13      -7.583856296247e-13       4.503752916460e-15       2.227223556080e-16       2.088567767196e-17       6.892480044261e-18 
 2246       1.646301114171e-11       8.121447307474e-13      -7.661891239384e-13       4.497926607886e-15       2.223150121525e-16       2.063113552303e-17       6.895493112129e-18 
 2247       1.642595206258e-11       8.112132153281e-13      -7.739638334663e-13       4.492117562402e-15       2.219085792070e-16       2.038003198801e-17       6.898906654589e-18 
 2248       1.638958761944e-11       8.102253539560e-13      -7.817070206327e-13       4.486325724312e-15       2.215030546221e-16       2.013234187092e-17       6.902659754681e-18 
 2249       1.635390980377e-11       8.091816107438e-13      -7.894159383872e-13       4.480551037528e-15       2.210984362295e-16       1.988803985935e-17       6.906691275801e-18 
 2250       1.631891057323e-11       8.080824518447e-13      -7.970878301945e-13       4.474793445571e-15       2.206947218426e-16       1.964710052431e-17       6.910939861449e-18 
 2251       1.628458185162e-11       8.069283454546e-13      -8.047199300237e-13       4.469052891568e-15       2.202919092558e-16       1.940949832012e-17       6.915343934989e-18 
 2252       1.625091552882e-11       8.057197618148e-13      -8.123094623380e-13       4.463329318253e-15       2.198899962448e-16       1.917520758425e-17       6.919841699402e-18 
 2253       1.621790346079e-11       8.044571732141e-13      -8.198536420842e-13       4.457622667967e-15       2.194889805668e-16       1.894420253720e-17       6.924371137039e-18 
 2254       1.618553746949e-11       8.031410539915e-13      -8.273496746825e-13       4.451932882655e-15       2.190888599600e-16       1.871645728232e-17       6.928870009380e-18 
 2255       1.615380934286e-11       8.017718805386e-13      -8.347947560157e-13       4.446259903869e-15       2.186896321439e-16       1.849194580573e-17       6.933275856783e-18 
 2256       1.612271083478e-11       8.003501313015e-13      -8.421860724191e-13       4.440603672764e-15       2.182912948193e-16       1.827064197613e-17       6.937525998244e-18 
 2257       1.609223366504e-11       7.988762867841e-13      -8.495208006700e-13       4.434964130099e-15       2.178938456679e-16       1.805251954466e-17       6.941557531150e-18 
 2258       1.606236951928e-11       7.973508295496e-13      -8.567961079771e-13       4.429341216238e-15       2.174972823527e-16       1.783755214481e-17       6.945307331032e-18 
 2259       1.603311004894e-11       7.957742442234e-13      -8.640091519705e-13       4.423734871148e-15       2.171016025179e-16       1.762571329223e-17       6.948712051323e-18 
 2260       1.600444687127e-11       7.941470174958e-13      -8.711570806907e-13       4.418145034396e-15       2.167068037886e-16       1.741697638461e-17       6.951708123110e-18 
 2261       1.597637156924e-11       7.924696381234e-13      -8.782370325787e-13       4.412571645153e-15       2.163128837709e-16       1.721131470154e-17       6.954231754889e-18 
 2262       1.594887569153e-11       7.907425969327e-13      -8.852461364652e-13       4.407014642192e-15       2.159198400523e-16       1.700870140436e-17       6.956218932322e-18 
 2263       1.592195075247e-11       7.889663868216e-13      -8.921815115606e-13       4.401473963886e-15       2.155276702008e-16       1.680910953606e-17       6.957605417991e-18 
 2264       1.589558823203e-11       7.871415027623e-13      -8.990402674439e-13       4.395949548208e-15       2.151363717659e-16       1.661251202106e-17       6.958326751149e-18 
 2265       1.586977957574e-11       7.852684418037e-13      -9.058195040531e-13       4.390441332731e-15       2.147459422776e-16       1.641888166516e-17       6.958318247482e-18 
 2266       1.584451619469e-11       7.833477030734e-13      -9.125163116741e-13       4.384949254628e-15       2.143563792471e-16       1.622819115534e-17       6.957514998856e-18 
 2267       1.581978946545e-11       7.813797877806e-13      -9.191277709308e-13       4.379473250671e-15       2.139676801663e-16       1.604041305965e-17       6.955851873078e-18 
 2268       1.579559073007e-11       7.793651992182e-13      -9.256509527742e-13       4.374013257229e-15       2.135798425083e-16       1.585551982705e-17       6.953263513648e-18 
 2269       1.577191129602e-11       7.773044427654e-13      -9.320829184722e-13       4.368569210270e-15       2.131928637267e-16       1.567348378728e-17       6.949684339512e-18 
 2270       1.574874243615e-11       7.751980258898e-13      -9.384207195995e-13       4.363141045359e-15       2.128067412562e-16       1.549427715074e-17       6.945048544820e-18 
 2271       1.572607538864e-11       7.730464581503e-13      -9.446613980266e-13       4.357728697658e-15       2.124214725120e-16       1.531787200830e-17       6.939290098681e-18 
 2272       1.570390135701e-11       7.708502511990e-13      -9.508019859095e-13       4.352332101924e-15       2.120370548904e-16       1.514424033122e-17       6.932342744915e-18 
 2273       1.568221151001e-11       7.686099187841e-13      -9.568395056799e-13       4.346951192511e-15       2.116534857682e-16       1.497335397096e-17       6.924140001808e-18 
 2274       1.566099698162e-11       7.663259767517e-13      -9.627709700338e-13       4.341585903367e-15       2.112707625031e-16       1.480518465907e-17       6.914615161869e-18 
 2275       1.564024887102e-11       7.639989430490e-13      -9.685933819219e-13       4.336236168037e-15       2.108888824333e-16       1.463970400704e-17       6.903701291585e-18 
 2276       1.561995824252e-11       7.616293377258e-13      -9.743037345388e-13       4.330901919657e-15       2.105078428778e-16       1.447688350617e-17       6.891331231172e-18 
 2277       1.560011612555e-11       7.592176829376e-13      -9.798990113124e-13       4.325583090959e-15       2.101276411363e-16       1.431669452741e-17       6.877437594334e-18 
 2278       1.558071351459e-11       7.567645029479e-13      -9.853761858941e-13       4.320279614266e-15       2.097482744890e-16       1.415910832125e-17       6.861952768014e-18 
 2279       1.556174136915e-11       7.542703241304e-13      -9.907322221477e-13       4.314991421496e-15       2.093697401968e-16       1.400409601753e-17       6.844808912154e-18 
 2280       1.554319061373e-11       7.517356749714e-13      -9.959640741394e-13       4.309718444157e-15       2.089920355010e-16       1.385162862537e-17       6.825937959443e-18 
 2281       1.552505213779e-11       7.491610860724e-13      -1.001068686127e-12       4.304460613351e-15       2.086151576236e-16       1.370167703296e-17       6.805271615077e-18 
 2282       1.550731667883e-11       7.465471449252e-13      -1.006043429074e-12       4.299217843669e-15       2.082391039941e-16       1.355422011128e-17       6.782758354219e-18 
 2283       1.548997447098e-11       7.438946606171e-13      -1.010887413268e-12       4.293989984793e-15       2.078638729322e-16       1.340926908212e-17       6.758414534055e-18 
 2284       1.547301559413e-11       7.412045001870e-13      -1.015600184104e-12       4.288776869586e-15       2.074894629697e-16       1.326684330607e-17       6.732273609161e-18 
 2285       1.545643009046e-11       7.384775339527e-13      -1.020181286321e-12       4.283578330160e-15       2.071158726233e-16       1.312696219301e-17       6.704369163719e-18 
 2286       1.544020796446e-11       7.357146355139e-13      -1.024630264006e-12       4.278394197877e-15       2.067431003951e-16       1.298964520211e-17       6.674734911663e-18 
 2287       1.542433918286e-11       7.329166817567e-13      -1.028946660589e-12       4.273224303349e-15       2.063711447723e-16       1.285491184191e-17       6.643404696824e-18 
 2288       1.540881367456e-11       7.300845528565e-13      -1.033130018846e-12       4.268068476432e-15       2.060000042274e-16       1.272278167033e-17       6.610412493078e-18 
 2289       1.539362133067e-11       7.272191322820e-13      -1.037179880899e-12       4.262926546232e-15       2.056296772180e-16       1.259327429476e-17       6.575792404491e-18 
 2290       1.537875200436e-11       7.243213067992e-13      -1.041095788214e-12       4.257798341101e-15       2.052601621866e-16       1.246640937208e-17       6.539578665467e-18 
 2291       1.536419551091e-11       7.213919664743e-13      -1.044877281598e-12       4.252683688633e-15       2.048914575610e-16       1.234220660872e-17       6.501805640891e-18 
 2292       1.534994162761e-11       7.184320046781e-13      -1.048523901205e-12       4.247582415669e-15       2.045235617541e-16       1.222068576068e-17       6.462507826280e-18 
 2293       1.533598009376e-11       7.154423180893e-13      -1.052035186532e-12       4.242494348292e-15       2.041564731638e-16       1.210186663363e-17       6.421719847924e-18 
 2294       1.532230061058e-11       7.124238066982e-13      -1.055410676416e-12       4.237419311826e-15       2.037901901730e-16       1.198576908289e-17       6.379476463037e-18 
 2295       1.530889284122e-11       7.093773738105e-13      -1.058649909040e-12       4.232357130839e-15       2.034247111496e-16       1.187241301354e-17       6.335812559900e-18 
 2296       1.529574641066e-11       7.063039260508e-13      -1.061752421926e-12       4.227307629138e-15       2.030600344466e-16       1.176181838041e-17       6.290763158009e-18 
 2297       1.528285090572e-11       7.032043733666e-13      -1.064717751940e-12       4.222270629769e-15       2.026961584020e-16       1.165400518818e-17       6.244363408221e-18 
 2298       1.527019587500e-11       7.000796290313e-13      -1.067545435288e-12       4.217245955018e-15       2.023330813385e-16       1.154899349139e-17       6.196648592901e-18 
 2299       1.525777082882e-11       6.969306096486e-13      -1.070235007519e-12       4.212233426408e-15       2.019708015640e-16       1.144680339450e-17       6.147654126065e-18 
 2300       1.524556523920e-11       6.937582351559e-13      -1.072786003520e-12       4.207232864699e-15       2.016093173713e-16       1.134745505193e-17       6.097415553531e-18 
 2301       1.523356853981e-11       6.905634288279e-13      -1.075197957519e-12       4.202244089887e-15       2.012486270380e-16       1.125096866813e-17       6.045968553062e-18 
 2302       1.522177012592e-11       6.873471172801e-13      -1.077470403086e-12       4.197266921204e-15       2.008887288264e-16       1.115736449758e-17       5.993348934512e-18 
 2303       1.521015935436e-11       6.841102304730e-13      -1.079602873128e-12       4.192301177114e-15       2.005296209841e-16       1.106666284490e-17       5.939592639978e-18 
 2304       1.519872554351e-11       6.808537017153e-13      -1.081594899893e-12       4.187346675318e-15       2.001713017431e-16       1.097888406483e-17       5.884735743936e-18 
 2305       1.518745797321e-11       6.775784676676e-13      -1.083446014965e-12       4.182403232745e-15       1.998137693205e-16       1.089404856234e-17       5.828814453398e-18 
 2306       1.517634588473e-11       6.742854683465e-13      -1.085155749271e-12       4.177470665559e-15       1.994570219181e-16       1.081217679263e-17       5.771865108050e-18 
 2307       1.516537848074e-11       6.709756471277e-13      -1.086723633072e-12       4.172548789153e-15       1.991010577223e-16       1.073328926119e-17       5.713924180404e-18 
 2308       1.515454492529e-11       6.676499507500e-13      -1.088149195968e-12       4.167637418150e-15       1.987458749045e-16       1.065740652387e-17       5.655028275941e-18 
 2309       1.514383434370e-11       6.643093293190e-13      -1.089431966897e-12       4.162736366403e-15       1.983914716207e-16       1.058454918689e-17       5.595214133259e-18 
 2310       1.513323582259e-11       6.609547363105e-13      -1.090571474133e-12       4.157845446992e-15       1.980378460117e-16       1.051473790691e-17       5.534518624218e-18 
 2311       1.512273840978e-11       6.575871285747e-13      -1.091567245288e-12       4.152964472223e-15       1.976849962029e-16       1.044799339107e-17       5.472978754087e-18 
 2312       1.511233111430e-11       6.542074663390e-13      -1.092418807309e-12       4.148093253629e-15       1.973329203043e-16       1.038433639704e-17       5.410631661689e-18 
 2313       1.510200290630e-11       6.508167132126e-13      -1.093125686479e-12       4.143231601971e-15       1.969816164107e-16       1.032378773307e-17       5.347514619552e-18 
 2314       1.509174271705e-11       6.474158361896e-13      -1.093687408417e-12       4.138379327229e-15       1.966310826016e-16       1.026636825802e-17       5.283665034049e-18 
 2315       1.508153943885e-11       6.440058056528e-13      -1.094103498076e-12       4.133536238611e-15       1.962813169408e-16       1.021209888144e-17       5.219120445546e-18 
 2316       1.507138192504e-11       6.405875953776e-13      -1.094373479746e-12       4.128702144547e-15       1.959323174769e-16       1.016100056356e-17       5.153918528553e-18 
 2317       1.506125898992e-11       6.371621825351e-13      -1.094496877049e-12       4.123876852686e-15       1.955840822431e-16       1.011309431541e-17       5.088097091863e-18 
 2318       1.505115940871e-11       6.337305476965e-13      -1.094473212943e-12       4.119060169900e-15       1.952366092570e-16       1.006840119881e-17       5.021694078704e-18 
 2319       1.504107191755e-11       6.302936748362e-13      -1.094302009717e-12       4.114251902282e-15       1.948898965209e-16       1.002694232645e-17       4.954747566883e-18 
 2320       1.503098521339e-11       6.268525513358e-13      -1.093982788997e-12       4.109451855141e-15       1.945439420214e-16       9.988738861899e-18       4.887295768933e-18 
 2321       1.502088877672e-11       6.234081267256e-13      -1.093515404199e-12       4.104659838611e-15       1.941987437914e-16       9.953802519881e-18       4.819375037133e-18 
 2322       1.501077534538e-11       6.199611886173e-13      -1.092901040197e-12       4.099875684499e-15       1.938543000962e-16       9.922107001336e-18       4.751013864535e-18 
 2323       1.500063845625e-11       6.165124859964e-13      -1.092141219965e-12       4.095099229540e-15       1.935106092480e-16       9.893616378244e-18       4.682238846389e-18 
 2324       1.499047162392e-11       6.130627704153e-13      -1.091237472694e-12       4.090330309800e-15       1.931676695451e-16       9.868294576914e-18       4.613076671935e-18 
 2325       1.498026834068e-11       6.096127959964e-13      -1.090191333799e-12       4.085568760675e-15       1.928254792713e-16       9.846105377825e-18       4.543554124498e-18 
 2326       1.497002207649e-11       6.061633194347e-13      -1.089004344928e-12       4.080814416892e-15       1.924840366961e-16       9.827012415456e-18       4.473698081600e-18 
 2327       1.495972627894e-11       6.027151000007e-13      -1.087678053965e-12       4.076067112507e-15       1.921433400746e-16       9.810979178124e-18       4.403535515052e-18 
 2328       1.494937437326e-11       5.992688995428e-13      -1.086214015043e-12       4.071326680906e-15       1.918033876477e-16       9.797969007821e-18       4.333093491064e-18 
 2329       1.493895976226e-11       5.958254824906e-13      -1.084613788547e-12       4.066592954799e-15       1.914641776417e-16       9.787945100046e-18       4.262399170339e-18 
 2330       1.492847582634e-11       5.923856158572e-13      -1.082878941121e-12       4.061865766227e-15       1.911257082685e-16       9.780870503641e-18       4.191479808184e-18 
 2331       1.491791592342e-11       5.889500692421e-13      -1.081011045676e-12       4.057144946554e-15       1.907879777257e-16       9.776708120630e-18       4.120362754602e-18 
 2332       1.490727338897e-11       5.855196148340e-13      -1.079011681399e-12       4.052430326471e-15       1.904509841964e-16       9.775420706048e-18       4.049075454402e-18 
 2333       1.489654153594e-11       5.820950274136e-13      -1.076882433755e-12       4.047721735993e-15       1.901147258492e-16       9.776970867783e-18       3.977645447298e-18 
 2334       1.488571365478e-11       5.786770843561e-13      -1.074624894499e-12       4.043019004461e-15       1.897792008382e-16       9.781321066407e-18       3.906100368007e-18 
 2335       1.487478301337e-11       5.752665656341e-13      -1.072240661681e-12       4.038321960535e-15       1.894444073031e-16       9.788433615013e-18       3.834467946359e-18 
 2336       1.486374285703e-11       5.718642538207e-13      -1.069731339652e-12       4.033630432201e-15       1.891103433688e-16       9.798270679050e-18       3.762776007389e-18 
 2337       1.485258640848e-11       5.684709340914e-13      -1.067098539074e-12       4.028944246765e-15       1.887770071461e-16       9.810794276158e-18       3.691052471450e-18 
 2338       1.484130686781e-11       5.650873942278e-13      -1.064343876923e-12       4.024263230853e-15       1.884443967307e-16       9.825966276004e-18       3.619325354305e-18 
 2339       1.482989741248e-11       5.617144246197e-13      -1.061468976500e-12       4.019587210413e-15       1.881125102042e-16       9.843748400119e-18       3.547622767233e-18 
 2340       1.481835119728e-11       5.583528182681e-13      -1.058475467435e-12       4.014916010711e-15       1.877813456332e-16       9.864102221728e-18       3.475972917132e-18 
 2341       1.480666135431e-11       5.550033707881e-13      -1.055364985696e-12       4.010249456332e-15       1.874509010700e-16       9.886989165593e-18       3.404404106619e-18 
 2342       1.479482099294e-11       5.516668804112e-13      -1.052139173596e-12       4.005587371177e-15       1.871211745521e-16       9.912370507841e-18       3.332944734133e-18 
 2343       1.478282319981e-11       5.483441479886e-13      -1.048799679798e-12       4.000929578467e-15       1.867921641023e-16       9.940207375804e-18       3.261623294036e-18 
 2344       1.477066103880e-11       5.450359769933e-13      -1.045348159324e-12       3.996275900736e-15       1.864638677288e-16       9.970460747854e-18       3.190468376714e-18 
 2345       1.475832755100e-11       5.417431735238e-13      -1.041786273561e-12       3.991626159836e-15       1.861362834252e-16       1.000309145324e-17       3.119508668683e-18 
 2346       1.474581575467e-11       5.384665463057e-13      -1.038115690270e-12       3.986980176932e-15       1.858094091700e-16       1.003806017191e-17       3.048772952684e-18 
 2347       1.473311864526e-11       5.352069066954e-13      -1.034338083589e-12       3.982337772504e-15       1.854832429274e-16       1.007532743436e-17       2.978290107793e-18 
 2348       1.472022919534e-11       5.319650686824e-13      -1.030455134045e-12       3.977698766344e-15       1.851577826466e-16       1.011485362149e-17       2.908089109514e-18 
 2349       1.470714035460e-11       5.287418488921e-13      -1.026468528558e-12       3.973062977556e-15       1.848330262622e-16       1.015659896438e-17       2.838199029890e-18 
 2350       1.469384504984e-11       5.255380665886e-13      -1.022379960447e-12       3.968430224558e-15       1.845089716937e-16       1.020052354419e-17       2.768649037597e-18 
 2351       1.468033618491e-11       5.223545436774e-13      -1.018191129440e-12       3.963800325077e-15       1.841856168461e-16       1.024658729195e-17       2.699468398051e-18 
 2352       1.466660664070e-11       5.191921047084e-13      -1.013903741679e-12       3.959173096149e-15       1.838629596094e-16       1.029474998842e-17       2.630686473509e-18 
 2353       1.465264927513e-11       5.160515768781e-13      -1.009519509730e-12       3.954548354122e-15       1.835409978588e-16       1.034497126390e-17       2.562332723167e-18 
 2354       1.463845692310e-11       5.129337900331e-13      -1.005040152585e-12       3.949925914649e-15       1.832197294546e-16       1.039721059812e-17       2.494436703267e-18 
 2355       1.462402239652e-11       5.098395766720e-13      -1.000467395672e-12       3.945305592695e-15       1.828991522423e-16       1.045142732000e-17       2.427028067196e-18 
 2356       1.460933848419e-11       5.067697719490e-13      -9.958029708642e-13       3.940687202527e-15       1.825792640522e-16       1.050758060754e-17       2.360136565590e-18 
 2357       1.459439795189e-11       5.037252136761e-13      -9.910486164819e-13       3.936070557723e-15       1.822600627002e-16       1.056562948765e-17       2.293792046432e-18 
 2358       1.457919354227e-11       5.007067423258e-13      -9.862060773037e-13       3.931455471164e-15       1.819415459867e-16       1.062553283595e-17       2.228024455158e-18 
 2359       1.456371797485e-11       4.977152010345e-13      -9.812771045720e-13       3.926841755035e-15       1.816237116974e-16       1.068724937664e-17       2.162863834757e-18 
 2360       1.454796509844e-11       4.947513410492e-13      -9.762635431722e-13       3.922229239521e-15       1.813065577187e-16       1.075074333503e-17       2.098336276307e-18 
 2361       1.453193335619e-11       4.918155374237e-13      -9.711675937465e-13       3.917617829023e-15       1.809900823846e-16       1.081600143368e-17       2.034451742926e-18 
 2362       1.451562234194e-11       4.889080715645e-13      -9.659915522204e-13       3.913007446286e-15       1.806742841321e-16       1.088301600140e-17       1.971216170486e-18 
 2363       1.449903164983e-11       4.860292256266e-13      -9.607377227871e-13       3.908398013739e-15       1.803591613854e-16       1.095177933001e-17       1.908635510333e-18 
 2364       1.448216087421e-11       4.831792825142e-13      -9.554084179164e-13       3.903789453492e-15       1.800447125560e-16       1.102228367438e-17       1.846715729302e-18 
 2365       1.446500960971e-11       4.803585258811e-13      -9.500059583636e-13       3.899181687339e-15       1.797309360427e-16       1.109452125231e-17       1.785462809732e-18 
 2366       1.444757745123e-11       4.775672401322e-13      -9.445326731783e-13       3.894574636752e-15       1.794178302315e-16       1.116848424454e-17       1.724882749480e-18 
 2367       1.442986399388e-11       4.748057104231e-13      -9.389908997137e-13       3.889968222886e-15       1.791053934957e-16       1.124416479468e-17       1.664981561938e-18 
 2368       1.441186883307e-11       4.720742226620e-13      -9.333829836352e-13       3.885362366576e-15       1.787936241958e-16       1.132155500920e-17       1.605765276043e-18 
 2369       1.439359156445e-11       4.693730635094e-13      -9.277112789292e-13       3.880756988337e-15       1.784825206796e-16       1.140064695734e-17       1.547239936296e-18 
 2370       1.437503178394e-11       4.667025203797e-13      -9.219781479124e-13       3.876152008364e-15       1.781720812819e-16       1.148143267109e-17       1.489411602776e-18 
 2371       1.435618908771e-11       4.640628814409e-13      -9.161859612404e-13       3.871547346532e-15       1.778623043248e-16       1.156390414517e-17       1.432286351152e-18 
 2372       1.433706307218e-11       4.614544356165e-13      -9.103370979166e-13       3.866942922395e-15       1.775531881176e-16       1.164805333695e-17       1.375870272699e-18 
 2373       1.431765333406e-11       4.588774725853e-13      -9.044339453015e-13       3.862338655185e-15       1.772447309566e-16       1.173387216642e-17       1.320169474316e-18 
 2374       1.429795947030e-11       4.563322827823e-13      -8.984788991211e-13       3.857734463812e-15       1.769369311254e-16       1.182135251617e-17       1.265190078534e-18 
 2375       1.427798107812e-11       4.538191573997e-13      -8.924743634761e-13       3.853130266866e-15       1.766297868946e-16       1.191048623129e-17       1.210938223537e-18 
 2376       1.425771775500e-11       4.513383883876e-13      -8.864227508509e-13       3.848525982612e-15       1.763232965220e-16       1.200126511940e-17       1.157420063173e-18 
 2377       1.423716909870e-11       4.488902684543e-13      -8.803264821222e-13       3.843921528995e-15       1.760174582522e-16       1.209368095055e-17       1.104641766969e-18 
 2378       1.421633470723e-11       4.464750910673e-13      -8.741879865681e-13       3.839316823634e-15       1.757122703173e-16       1.218772545721e-17       1.052609520148e-18 
 2379       1.419521417887e-11       4.440931504543e-13      -8.680097018773e-13       3.834711783828e-15       1.754077309359e-16       1.228339033421e-17       1.001329523640e-18 
 2380       1.417380711216e-11       4.417447416032e-13      -8.617940741572e-13       3.830106326548e-15       1.751038383142e-16       1.238066723870e-17       9.508079941001e-19 
 2381       1.415211310593e-11       4.394301602636e-13      -8.555435579439e-13       3.825500368444e-15       1.748005906450e-16       1.247954779011e-17       9.010511639212e-19 
 2382       1.413013175925e-11       4.371497029468e-13      -8.492606162100e-13       3.820893825841e-15       1.744979861083e-16       1.258002357011e-17       8.520652812491e-19 
 2383       1.410786267148e-11       4.349036669272e-13      -8.429477203744e-13       3.816286614738e-15       1.741960228709e-16       1.268208612256e-17       8.038566099969e-19 
 2384       1.408530544225e-11       4.326923502424e-13      -8.366073503107e-13       3.811678650809e-15       1.738946990868e-16       1.278572695348e-17       7.564314298603e-19 
 2385       1.406245967145e-11       4.305160516943e-13      -8.302419943565e-13       3.807069849404e-15       1.735940128966e-16       1.289093753099e-17       7.097960363316e-19 
 2386       1.403932495925e-11       4.283750708497e-13      -8.238541493219e-13       3.802460125543e-15       1.732939624283e-16       1.299770928526e-17       6.639567407150e-19 
 2387       1.401590090609e-11       4.262697080411e-13      -8.174463204985e-13       3.797849393924e-15       1.729945457963e-16       1.310603360852e-17       6.189198701404e-19 
 2388       1.399218711267e-11       4.242002643673e-13      -8.110210216688e-13       3.793237568916e-15       1.726957611023e-16       1.321590185494e-17       5.746917675789e-19 
 2389       1.396818318001e-11       4.221670416939e-13      -8.045807751143e-13       3.788624564561e-15       1.723976064347e-16       1.332730534066e-17       5.312787918570e-19 
 2390       1.394388870934e-11       4.201703426546e-13      -7.981281116251e-13       3.784010294574e-15       1.721000798687e-16       1.344023534367e-17       4.886873176713e-19 
 2391       1.391930330222e-11       4.182104706515e-13      -7.916655705086e-13       3.779394672341e-15       1.718031794665e-16       1.355468310387e-17       4.469237356033e-19 
 2392       1.389442656046e-11       4.162877298559e-13      -7.851956995981e-13       3.774777610922e-15       1.715069032769e-16       1.367063982291e-17       4.059944521337e-19 
 2393       1.386925808615e-11       4.144024252088e-13      -7.787210552623e-13       3.770159023047e-15       1.712112493359e-16       1.378809666424e-17       3.659058896575e-19 
 2394       1.384379748168e-11       4.125548624221e-13      -7.722442024136e-13       3.765538821116e-15       1.709162156658e-16       1.390704475302e-17       3.266644864986e-19 
 2395       1.381804434968e-11       4.107453479789e-13      -7.657677145176e-13       3.760916917202e-15       1.706218002761e-16       1.402747517609e-17       2.882766969241e-19 
 2396       1.379199829309e-11       4.089741891345e-13      -7.592941736014e-13       3.756293223046e-15       1.703280011628e-16       1.414937898193e-17       2.507489911591e-19 
 2397       1.376565891512e-11       4.072416939168e-13      -7.528261702632e-13       3.751667650061e-15       1.700348163087e-16       1.427274718061e-17       2.140878554016e-19 
 2398       1.373902581927e-11       4.055481711272e-13      -7.463663036805e-13       3.747040109328e-15       1.697422436835e-16       1.439757074375e-17       1.782997918369e-19 
 2399       1.371209941222e-11       4.038938393229e-13      -7.399170186626e-13       3.742410530774e-15       1.694502814115e-16       1.452383477482e-17       1.433851475198e-19 
 2400       1.368488331792e-11       4.022785531546e-13      -7.334801157016e-13       3.737778920831e-15       1.691589282779e-16       1.465150098125e-17       1.093195598329e-19 
 2401       1.365738197824e-11       4.007020753597e-13      -7.270572379487e-13       3.733145305123e-15       1.688681832255e-16       1.478052509527e-17       7.607239781531e-20 
 2402       1.362959985141e-11       3.991641676284e-13      -7.206500339049e-13       3.728509709332e-15       1.685780451874e-16       1.491086269366e-17       4.361292289785e-20 
 2403       1.360154141207e-11       3.976645906021e-13      -7.142601574271e-13       3.723872159188e-15       1.682885130867e-16       1.504246919763e-17       1.191028878919e-20 
 2404       1.357321115127e-11       3.962031038726e-13      -7.078892677332e-13       3.719232680475e-15       1.679995858363e-16       1.517529987261e-17      -1.906645863811e-20 
 2405       1.354461357646e-11       3.947794659804e-13      -7.015390294076e-13       3.714591299030e-15       1.677112623393e-16       1.530930982809e-17      -4.934838146155e-20 
 2406       1.351575321157e-11       3.933934344142e-13      -6.952111124068e-13       3.709948040742e-15       1.674235414888e-16       1.544445401749e-17      -7.896664982269e-20 
 2407       1.348663459696e-11       3.920447656092e-13      -6.889071920650e-13       3.705302931553e-15       1.671364221676e-16       1.558068723798e-17      -1.079525420411e-19 
 2408       1.345726228948e-11       3.907332149459e-13      -6.826289490995e-13       3.700655997457e-15       1.668499032487e-16       1.571796413028e-17      -1.363374447283e-19 
 2409       1.342764086248e-11       3.894585367494e-13      -6.763780696163e-13       3.696007264500e-15       1.665639835950e-16       1.585623917857e-17      -1.641528529017e-19 
 2410       1.339777490582e-11       3.882204842876e-13      -6.701562451156e-13       3.691356758782e-15       1.662786620593e-16       1.599546671025e-17      -1.914303700987e-19 
 2411       1.336766902588e-11       3.870188097707e-13      -6.639651724973e-13       3.686704506455e-15       1.659939374842e-16       1.613560089581e-17      -2.182017084906e-19 
 2412       1.333732784561e-11       3.858532643493e-13      -6.578065540663e-13       3.682050533723e-15       1.657098087023e-16       1.627659574867e-17      -2.444986889964e-19 
 2413       1.330675600450e-11       3.847235981138e-13      -6.516820975385e-13       3.677394866845e-15       1.654262745362e-16       1.641840512501e-17      -2.703532413971e-19 
 2414       1.327595815866e-11       3.836295600929e-13      -6.455935160459e-13       3.672737532130e-15       1.651433337982e-16       1.656098272360e-17      -2.957974044491e-19 
 2415       1.324493898076e-11       3.825708982524e-13      -6.395425281423e-13       3.668078555941e-15       1.648609852905e-16       1.670428208565e-17      -3.208633259990e-19 
 2416       1.321370316012e-11       3.815473594942e-13      -6.335308578088e-13       3.663417964695e-15       1.645792278052e-16       1.684825659462e-17      -3.455832630967e-19 
 2417       1.318225540269e-11       3.805586896552e-13      -6.275602344593e-13       3.658755784860e-15       1.642980601242e-16       1.699285947607e-17      -3.699895821100e-19 
 2418       1.315060043105e-11       3.796046335056e-13      -6.216323929458e-13       3.654092042958e-15       1.640174810192e-16       1.713804379752e-17      -3.941147588383e-19 
 2419       1.311874298448e-11       3.786849347485e-13      -6.157490735645e-13       3.649426765563e-15       1.637374892517e-16       1.728376246824e-17      -4.179913786264e-19 
 2420       1.308668781893e-11       3.777993360180e-13      -6.099120220606e-13       3.644759979303e-15       1.634580835730e-16       1.742996823912e-17      -4.416521364789e-19 
 2421       1.305443970708e-11       3.769475788784e-13      -6.041229896343e-13       3.640091710858e-15       1.631792627243e-16       1.757661370249e-17      -4.651298371738e-19 
 2422       1.302200343831e-11       3.761294038228e-13      -5.983837329463e-13       3.635421986962e-15       1.629010254364e-16       1.772365129195e-17      -4.884573953766e-19 
 2423       1.298938381875e-11       3.753445502724e-13      -5.926960141229e-13       3.630750834403e-15       1.626233704299e-16       1.787103328223e-17      -5.116678357542e-19 
 2424       1.295658567129e-11       3.745927565746e-13      -5.870616007621e-13       3.626078280018e-15       1.623462964153e-16       1.801871178899e-17      -5.347942930891e-19 
 2425       1.292361383560e-11       3.738737600023e-13      -5.814822659386e-13       3.621404350703e-15       1.620698020925e-16       1.816663876871e-17      -5.578700123930e-19 
 2426       1.289047316813e-11       3.731872967527e-13      -5.759597882097e-13       3.616729073402e-15       1.617938861515e-16       1.831476601846e-17      -5.809283490210e-19 
 2427       1.285716854216e-11       3.725331019459e-13      -5.704959516206e-13       3.612052475115e-15       1.615185472716e-16       1.846304517577e-17      -6.040027687855e-19 
 2428       1.282370484779e-11       3.719109096240e-13      -5.650925457099e-13       3.607374582894e-15       1.612437841222e-16       1.861142771849e-17      -6.271268480702e-19 
 2429       1.279008699197e-11       3.713204527495e-13      -5.597513655153e-13       3.602695423846e-15       1.609695953621e-16       1.875986496457e-17      -6.503342739441e-19 
 2430       1.275631989850e-11       3.707614632046e-13      -5.544742115790e-13       3.598015025129e-15       1.606959796399e-16       1.890830807193e-17      -6.736588442754e-19 
 2431       1.272240850809e-11       3.702336717898e-13      -5.492628899532e-13       3.593333413956e-15       1.604229355936e-16       1.905670803829e-17      -6.971344678453e-19 
 2432       1.268835777832e-11       3.697368082224e-13      -5.441192122056e-13       3.588650617592e-15       1.601504618512e-16       1.920501570102e-17      -7.207951644624e-19 
 2433       1.265417268370e-11       3.692706011362e-13      -5.390449954249e-13       3.583966663358e-15       1.598785570301e-16       1.935318173695e-17      -7.446750650762e-19 
 2434       1.261985821569e-11       3.688347780791e-13      -5.340420622266e-13       3.579281578626e-15       1.596072197374e-16       1.950115666220e-17      -7.688084118915e-19 
 2435       1.258541938267e-11       3.684290655131e-13      -5.291122407580e-13       3.574595390821e-15       1.593364485697e-16       1.964889083206e-17      -7.932295584818e-19 
 2436       1.255086121001e-11       3.680531888123e-13      -5.242573647044e-13       3.569908127424e-15       1.590662421132e-16       1.979633444079e-17      -8.179729699039e-19 
 2437       1.251618874007e-11       3.677068722621e-13      -5.194792732937e-13       3.565219815968e-15       1.587965989439e-16       1.994343752145e-17      -8.430732228114e-19 
 2438       1.248140711481e-11       3.673898032987e-13      -5.147795774135e-13       3.560530493899e-15       1.585275177023e-16       2.009015610263e-17      -8.685584546952e-19 
 2439       1.244652182423e-11       3.671015249962e-13      -5.101589564128e-13       3.555840238217e-15       1.582589973209e-16       2.023647071934e-17      -8.944306683841e-19 
 2440       1.241153845948e-11       3.668415429314e-13      -5.056178570880e-13       3.551149136017e-15       1.579910367983e-16       2.038236801293e-17      -9.206853094851e-19 
 2441       1.237646263039e-11       3.666093608826e-13      -5.011567271888e-13       3.546457274636e-15       1.577236351241e-16       2.052783458432e-17      -9.473178064977e-19 
 2442       1.234129996548e-11       3.664044808275e-13      -4.967760154197e-13       3.541764741664e-15       1.574567912788e-16       2.067285699393e-17      -9.743235707952e-19 
 2443       1.230605611203e-11       3.662264029417e-13      -4.924761714403e-13       3.537071624938e-15       1.571905042343e-16       2.081742176164e-17      -1.001697996607e-18 
 2444       1.227073673602e-11       3.660746255962e-13      -4.882576458664e-13       3.532378012544e-15       1.569247729528e-16       2.096151536678e-17      -1.029436461001e-18 
 2445       1.223534752223e-11       3.659486453561e-13      -4.841208902707e-13       3.527683992816e-15       1.566595963881e-16       2.110512424803e-17      -1.057534323863e-18 
 2446       1.219989417421e-11       3.658479569782e-13      -4.800663571835e-13       3.522989654339e-15       1.563949734846e-16       2.124823480346e-17      -1.085986927881e-18 
 2447       1.216438241430e-11       3.657720534095e-13      -4.760945000936e-13       3.518295085946e-15       1.561309031776e-16       2.139083339042e-17      -1.114789598525e-18 
 2448       1.212881798367e-11       3.657204257849e-13      -4.722057734492e-13       3.513600376719e-15       1.558673843936e-16       2.153290632554e-17      -1.143937644032e-18 
 2449       1.209320664233e-11       3.656925634257e-13      -4.684006326584e-13       3.508905615993e-15       1.556044160497e-16       2.167443988466e-17      -1.173426355383e-18 
 2450       1.205755416916e-11       3.656879538374e-13      -4.646795340903e-13       3.504210893351e-15       1.553419970541e-16       2.181542030282e-17      -1.203251006288e-18 
 2451       1.202186636189e-11       3.657060827079e-13      -4.610429350756e-13       3.499516298625e-15       1.550801263058e-16       2.195583377420e-17      -1.233406853168e-18 
 2452       1.198614903717e-11       3.657464339056e-13      -4.574912939075e-13       3.494821921901e-15       1.548188026947e-16       2.209566645211e-17      -1.263889135135e-18 
 2453       1.195040803056e-11       3.658084894776e-13      -4.540250698425e-13       3.490127853514e-15       1.545580251017e-16       2.223490444888e-17      -1.294693073974e-18 
 2454       1.191464919656e-11       3.658917296476e-13      -4.506447231010e-13       3.485434184049e-15       1.542977923982e-16       2.237353383592e-17      -1.325813874126e-18 
 2455       1.187887840862e-11       3.659956328140e-13      -4.473507148683e-13       3.480741004344e-15       1.540381034469e-16       2.251154064358e-17      -1.357246722669e-18 
 2456       1.184310155917e-11       3.661196755482e-13      -4.441435072956e-13       3.476048405490e-15       1.537789571009e-16       2.264891086118e-17      -1.388986789300e-18 
 2457       1.180732455961e-11       3.662633325925e-13      -4.410235635003e-13       3.471356478825e-15       1.535203522045e-16       2.278563043694e-17      -1.421029226317e-18 
 2458       1.177155334039e-11       3.664260768585e-13      -4.379913475670e-13       3.466665315944e-15       1.532622875925e-16       2.292168527794e-17      -1.453369168599e-18 
 2459       1.173579385097e-11       3.666073794246e-13      -4.350473245486e-13       3.461975008691e-15       1.530047620906e-16       2.305706125011e-17      -1.486001733591e-18 
 2460       1.170005205986e-11       3.668067095348e-13      -4.321919604665e-13       3.457285649165e-15       1.527477745154e-16       2.319174417813e-17      -1.518922021281e-18 
 2461       1.166433395465e-11       3.670235345962e-13      -4.294257223120e-13       3.452597329715e-15       1.524913236741e-16       2.332571984545e-17      -1.552125114189e-18 
 2462       1.162864554201e-11       3.672573201777e-13      -4.267490780467e-13       3.447910142946e-15       1.522354083648e-16       2.345897399421e-17      -1.585606077340e-18 
 2463       1.159299284773e-11       3.675075300074e-13      -4.241624966035e-13       3.443224181713e-15       1.519800273762e-16       2.359149232523e-17      -1.619359958253e-18 
 2464       1.155738191671e-11       3.677736259712e-13      -4.216664478872e-13       3.438539539126e-15       1.517251794879e-16       2.372326049795e-17      -1.653381786919e-18 
 2465       1.152181881301e-11       3.680550681109e-13      -4.192614027756e-13       3.433856308549e-15       1.514708634702e-16       2.385426413038e-17      -1.687666575784e-18 
 2466       1.148630961986e-11       3.683513146219e-13      -4.169478331199e-13       3.429174583601e-15       1.512170780839e-16       2.398448879908e-17      -1.722209319731e-18 
 2467       1.145086043967e-11       3.686618218517e-13      -4.147262117460e-13       3.424494458151e-15       1.509638220808e-16       2.411392003914e-17      -1.757004996059e-18 
 2468       1.141547739404e-11       3.689860442978e-13      -4.125970124547e-13       3.419816026327e-15       1.507110942033e-16       2.424254334409e-17      -1.792048564469e-18 
 2469       1.138016662383e-11       3.693234346059e-13      -4.105607100229e-13       3.415139382508e-15       1.504588931842e-16       2.437034416588e-17      -1.827334967045e-18 
 2470       1.134493428910e-11       3.696734435678e-13      -4.086177802044e-13       3.410464621331e-15       1.502072177474e-16       2.449730791485e-17      -1.862859128232e-18 
 2471       1.130978656921e-11       3.700355201198e-13      -4.067686997306e-13       3.405791837685e-15       1.499560666073e-16       2.462341995969e-17      -1.898615954820e-18 
 2472       1.127472966278e-11       3.704091113404e-13      -4.050139463111e-13       3.401121126716e-15       1.497054384688e-16       2.474866562740e-17      -1.934600335929e-18 
 2473       1.123976978774e-11       3.707936624489e-13      -4.033539986349e-13       3.396452583826e-15       1.494553320275e-16       2.487303020322e-17      -1.970807142986e-18 
 2474       1.120491318132e-11       3.711886168030e-13      -4.017893363709e-13       3.391786304672e-15       1.492057459697e-16       2.499649893063e-17      -2.007231229709e-18 
 2475       1.117016610012e-11       3.715934158974e-13      -4.003204401687e-13       3.387122385166e-15       1.489566789724e-16       2.511905701129e-17      -2.043867432087e-18 
 2476       1.113553482008e-11       3.720074993612e-13      -3.989477916597e-13       3.382460921477e-15       1.487081297029e-16       2.524068960501e-17      -2.080710568365e-18 
 2477       1.110102510668e-11       3.724303015566e-13      -3.976715447756e-13       3.377802012593e-15       1.484600966813e-16       2.536138060692e-17      -2.117749179128e-18 
 2478       1.106664062200e-11       3.728612413544e-13      -3.964905375817e-13       3.373145768020e-15       1.482125778654e-16       2.548110897126e-17      -2.154946707166e-18 
 2479       1.103238450826e-11       3.732997322941e-13      -3.954032746036e-13       3.368492300129e-15       1.479655710631e-16       2.559985236581e-17      -2.192260206321e-18 
 2480       1.099825991687e-11       3.737451859761e-13      -3.944082549738e-13       3.363841721597e-15       1.477190740700e-16       2.571758839257e-17      -2.229646591139e-18 
 2481       1.096427000836e-11       3.741970120604e-13      -3.935039724253e-13       3.359194145407e-15       1.474730846697e-16       2.583429458777e-17      -2.267062636728e-18 
 2482       1.093041795247e-11       3.746546182640e-13      -3.926889152868e-13       3.354549684853e-15       1.472276006338e-16       2.594994842173e-17      -2.304464978620e-18 
 2483       1.089670692809e-11       3.751174103594e-13      -3.919615664760e-13       3.349908453534e-15       1.469826197215e-16       2.606452729886e-17      -2.341810112629e-18 
 2484       1.086314012331e-11       3.755847921723e-13      -3.913204034950e-13       3.345270565356e-15       1.467381396798e-16       2.617800855756e-17      -2.379054394709e-18 
 2485       1.082972073541e-11       3.760561655801e-13      -3.907638984241e-13       3.340636134536e-15       1.464941582437e-16       2.629036947014e-17      -2.416154040818e-18 
 2486       1.079645197091e-11       3.765309305090e-13      -3.902905179163e-13       3.336005275598e-15       1.462506731358e-16       2.640158724282e-17      -2.453065126770e-18 
 2487       1.076333704549e-11       3.770084849333e-13      -3.898987231917e-13       3.331378103376e-15       1.460076820666e-16       2.651163901559e-17      -2.489743588101e-18 
 2488       1.073037918410e-11       3.774882248723e-13      -3.895869700318e-13       3.326754733011e-15       1.457651827343e-16       2.662050186220e-17      -2.526145219925e-18 
 2489       1.069758162089e-11       3.779695443890e-13      -3.893537087740e-13       3.322135279955e-15       1.455231728248e-16       2.672815279007e-17      -2.562225676795e-18 
 2490       1.066494759929e-11       3.784518355878e-13      -3.891973843057e-13       3.317519859969e-15       1.452816500119e-16       2.683456874025e-17      -2.597940472562e-18 
 2491       1.063248037194e-11       3.789344886127e-13      -3.891164360591e-13       3.312908589126e-15       1.450406119570e-16       2.693972658732e-17      -2.633244980233e-18 
 2492       1.060018320076e-11       3.794168916455e-13      -3.891092980052e-13       3.308301583805e-15       1.448000563091e-16       2.704360313935e-17      -2.668094431832e-18 
 2493       1.056805935694e-11       3.798984309032e-13      -3.891743986484e-13       3.303698960700e-15       1.445599807050e-16       2.714617513784e-17      -2.702443918257e-18 
 2494       1.053611212094e-11       3.803784906368e-13      -3.893101610205e-13       3.299100836812e-15       1.443203827693e-16       2.724741925763e-17      -2.736248389146e-18 
 2495       1.050434478252e-11       3.808564531288e-13      -3.895150026757e-13       3.294507329457e-15       1.440812601140e-16       2.734731210687e-17      -2.769462652726e-18 
 2496       1.047276064070e-11       3.813316986914e-13      -3.897873356844e-13       3.289918556260e-15       1.438426103389e-16       2.744583022694e-17      -2.802041375681e-18 
 2497       1.044136300385e-11       3.818036056647e-13      -3.901255666278e-13       3.285334635156e-15       1.436044310314e-16       2.754295009237e-17      -2.833939083008e-18 
 2498       1.041015518962e-11       3.822715504143e-13      -3.905280965924e-13       3.280755684396e-15       1.433667197666e-16       2.763864811080e-17      -2.865110157876e-18 
 2499       1.037914052500e-11       3.827349073299e-13      -3.909933211639e-13       3.276181822541e-15       1.431294741070e-16       2.773290062291e-17      -2.895508841488e-18 
 2500       1.034832234629e-11       3.831930488227e-13      -3.915196304222e-13       3.271613168463e-15       1.428926916028e-16       2.782568390235e-17      -2.925089232935e-18 
