# dimensionless total [l(l+1)/2pi] C_l's
# for l=2 to 3000, i.e. number of multipoles equal to 2999
#
# -> if you prefer output in CAMB/HealPix/LensPix units/order, set 'format' to 'camb' in input file
# -> if you don't want to see such a header, set 'headers' to 'no' in input file
# -> for CMB lensing (phi), these are C_l^phi-phi for the lensing potential.
#    Remember the conversion factors:
#    C_l^dd (deflection) = l(l+1) C_l^phi-phi
#    C_l^gg (shear/convergence) = 1/4 (l(l+1))^2 C_l^phi-phi
#
# 1:l     2:TT                     3:EE                     4:TE                     5:BB                     6:phiphi                 7:TPhi                   8:Ephi               
    2       1.384411152618e-10       4.389240942312e-15       3.949575670067e-13       0.000000000000e+00       8.028413694074e-09       4.167091564708e-10      -1.890201307612e-12 
    3       1.301159446309e-10       5.698685082811e-15       4.359932339275e-13       0.000000000000e+00       4.928474047042e-09       2.947016647524e-10      -1.451016968346e-12 
    4       1.226957510355e-10       5.014082888739e-15       4.019122013414e-13       0.000000000000e+00       3.416289704659e-09       2.223315369366e-10      -9.680913266173e-13 
    5       1.173083827871e-10       3.407123218491e-15       3.376306475869e-13       0.000000000000e+00       2.543541924539e-09       1.748877172924e-10      -5.559873637935e-13 
    6       1.136891805459e-10       1.928704945984e-15       2.682766706146e-13       0.000000000000e+00       1.982452095002e-09       1.417343924374e-10      -2.470353932618e-13 
    7       1.114430647935e-10       1.031655528713e-15       2.078185256514e-13       0.000000000000e+00       1.596060335281e-09       1.175355267669e-10      -4.479291028680e-14 
    8       1.101418791749e-10       6.434189764343e-16       1.620661034515e-13       0.000000000000e+00       1.316744796347e-09       9.922903873140e-11       6.362896685043e-14 
    9       1.095657235776e-10       5.078896674581e-16       1.319146796925e-13       0.000000000000e+00       1.107224454814e-09       8.497211338110e-11       9.989559060032e-14 
   10       1.095232155488e-10       4.373466944455e-16       1.154965653440e-13       0.000000000000e+00       9.453094891865e-10       7.366417680117e-11       8.885081483713e-14 
   11       1.098657957899e-10       3.728047395917e-16       1.097146591980e-13       0.000000000000e+00       8.096067226176e-10       6.534518722965e-11       5.434486769674e-14 
   12       1.105647788699e-10       3.256353709713e-16       1.111182034590e-13       0.000000000000e+00       7.075715646161e-10       5.778884676939e-11       1.448984208431e-14 
   13       1.114810986043e-10       3.099887136889e-16       1.166559689849e-13       0.000000000000e+00       6.237814350406e-10       5.148749657069e-11      -1.805525625090e-14 
   14       1.125497281830e-10       3.200899499243e-16       1.241670861913e-13       0.000000000000e+00       5.540493023548e-10       4.603444331602e-11      -3.748274724565e-14 
   15       1.137996860624e-10       3.429307114534e-16       1.322986546642e-13       0.000000000000e+00       4.953426159991e-10       4.145601735609e-11      -4.306754559845e-14 
   16       1.152203967053e-10       3.740080721211e-16       1.403878809699e-13       0.000000000000e+00       4.454162241167e-10       3.758672071035e-11      -3.801851976285e-14 
   17       1.166996425752e-10       4.186803957515e-16       1.483933089452e-13       0.000000000000e+00       4.025786470603e-10       3.423527696299e-11      -2.727038080763e-14 
   18       1.182824731230e-10       4.844127150502e-16       1.565162199379e-13       0.000000000000e+00       3.653947314364e-10       3.123549781041e-11      -1.588430298297e-14 
   19       1.199820672000e-10       5.729371161953e-16       1.650270511576e-13       0.000000000000e+00       3.332645753702e-10       2.857948664294e-11      -6.846548050121e-15 
   20       1.217299623762e-10       6.831161235147e-16       1.741816663279e-13       0.000000000000e+00       3.049647914341e-10       2.624935210552e-11      -2.417258675530e-15 
   21       1.235383942933e-10       8.135235463421e-16       1.839695007437e-13       0.000000000000e+00       2.800506118471e-10       2.422502441820e-11      -2.488441837203e-15 
   22       1.254132382178e-10       9.622939945516e-16       1.942085879920e-13       0.000000000000e+00       2.579222680584e-10       2.244692949809e-11      -5.732591784522e-15 
   23       1.273461793796e-10       1.129540623863e-15       2.045679282755e-13       0.000000000000e+00       2.382836503501e-10       2.086504207840e-11      -1.047138793711e-14 
   24       1.293060923577e-10       1.315743966595e-15       2.146076086358e-13       0.000000000000e+00       2.206865572043e-10       1.941479724400e-11      -1.473697700992e-14 
   25       1.313040765024e-10       1.520684031907e-15       2.239553260595e-13       0.000000000000e+00       2.048924999148e-10       1.808732155270e-11      -1.746092887762e-14 
   26       1.333501948349e-10       1.744108129433e-15       2.322702902999e-13       0.000000000000e+00       1.905926137984e-10       1.688010238074e-11      -1.797664366884e-14 
   27       1.354518293788e-10       1.987626999985e-15       2.394602599179e-13       0.000000000000e+00       1.777128027106e-10       1.579213733754e-11      -1.657581745574e-14 
   28       1.375973834652e-10       2.253720570250e-15       2.455350026542e-13       0.000000000000e+00       1.660969732444e-10       1.480987647103e-11      -1.404387971852e-14 
   29       1.397610531320e-10       2.544961972653e-15       2.505416369645e-13       0.000000000000e+00       1.554630662389e-10       1.390941852653e-11      -1.131989770658e-14 
   30       1.419481952153e-10       2.862714892026e-15       2.545512223456e-13       0.000000000000e+00       1.457524531602e-10       1.308793636752e-11      -8.956846277664e-15 
   31       1.441643468485e-10       3.207920714415e-15       2.576725926192e-13       0.000000000000e+00       1.368930529916e-10       1.234255749789e-11      -7.467337947319e-15 
   32       1.464067056250e-10       3.581424282656e-15       2.600088568377e-13       0.000000000000e+00       1.287447069903e-10       1.166381177432e-11      -7.281338919784e-15 
   33       1.486808788392e-10       3.983991482089e-15       2.614815888712e-13       0.000000000000e+00       1.212630513490e-10       1.104424297782e-11      -8.092013753079e-15 
   34       1.509880707646e-10       4.416280979988e-15       2.619404565811e-13       0.000000000000e+00       1.143818558672e-10       1.047164015695e-11      -9.255220855265e-15 
   35       1.533234622883e-10       4.878912671107e-15       2.612243664791e-13       0.000000000000e+00       1.079987287295e-10       9.931047522293e-12      -1.010504608025e-14 
   36       1.556897323121e-10       5.372754576202e-15       2.592228134436e-13       0.000000000000e+00       1.020971010203e-10       9.421914229864e-12      -1.050354712855e-14 
   37       1.580866543308e-10       5.898727152126e-15       2.558337135632e-13       0.000000000000e+00       9.665846624623e-11       8.946203791807e-12      -1.047496838256e-14 
   38       1.605064966576e-10       6.457724667485e-15       2.509463479433e-13       0.000000000000e+00       9.162549947520e-11       8.503548055931e-12      -1.006204349048e-14 
   39       1.629387063875e-10       7.050578409191e-15       2.444679862013e-13       0.000000000000e+00       8.692273042120e-11       8.091941103954e-12      -9.338138051238e-15 
   40       1.653878233696e-10       7.677936224296e-15       2.364162159160e-13       0.000000000000e+00       8.253575323092e-11       7.710683978712e-12      -8.445010626783e-15 
   41       1.678603388446e-10       8.340338451414e-15       2.268570378331e-13       0.000000000000e+00       7.845303070287e-11       7.358045949581e-12      -7.570438818691e-15 
   42       1.703593654165e-10       9.038244454351e-15       2.158817555443e-13       0.000000000000e+00       7.464226007021e-11       7.030254724770e-12      -6.940971059341e-15 
   43       1.728856261913e-10       9.772088606638e-15       2.035744398962e-13       0.000000000000e+00       7.106231967571e-11       6.722740407628e-12      -6.758638244535e-15 
   44       1.754416983972e-10       1.054248034790e-14       1.898987538530e-13       0.000000000000e+00       6.770769411208e-11       6.434729032473e-12      -6.982009148840e-15 
   45       1.780284471189e-10       1.135005850633e-14       1.747782907096e-13       0.000000000000e+00       6.457495972970e-11       6.165798005164e-12      -7.480779143072e-15 
   46       1.806434807559e-10       1.219543512035e-14       1.581268180401e-13       0.000000000000e+00       6.164944616062e-11       5.914512343073e-12      -8.093663382861e-15 
   47       1.832808551921e-10       1.307919453918e-14       1.398475810729e-13       0.000000000000e+00       5.890435949977e-11       5.678346114694e-12      -8.626566288197e-15 
   48       1.859338551342e-10       1.400184218228e-14       1.198502545475e-13       0.000000000000e+00       5.630902927945e-11       5.454421415031e-12      -8.904063499084e-15 
   49       1.886049555132e-10       1.496363583625e-14       9.810907436608e-14       0.000000000000e+00       5.385844429521e-11       5.242154924472e-12      -8.945279608824e-15 
   50       1.912981598101e-10       1.596470525730e-14       7.461989566152e-14       0.000000000000e+00       5.155053609442e-11       5.041222406880e-12      -8.834443170519e-15 
   51       1.940160326352e-10       1.700509497772e-14       4.938417380751e-14       0.000000000000e+00       4.937738090489e-11       4.850770366863e-12      -8.672770429917e-15 
   52       1.967595608962e-10       1.808476083805e-14       2.240916822562e-14       0.000000000000e+00       4.732478831568e-11       4.669379200388e-12      -8.579354829236e-15 
   53       1.995288984580e-10       1.920362345755e-14      -6.299465048677e-15       0.000000000000e+00       4.537675582500e-11       4.495551159540e-12      -8.660824877664e-15 
   54       2.023261445012e-10       2.036175277022e-14      -3.676260101571e-14       0.000000000000e+00       4.353112406338e-11       4.329406380032e-12      -8.909110337594e-15 
   55       2.051530376340e-10       2.155922489689e-14      -6.900877282203e-14       0.000000000000e+00       4.178723032879e-11       4.171358751843e-12      -9.278937621525e-15 
   56       2.080100354385e-10       2.279606830424e-14      -1.030672343184e-13       0.000000000000e+00       4.014119245417e-11       4.021614768852e-12      -9.716349797498e-15 
   57       2.108962126824e-10       2.407226272426e-14      -1.389680753821e-13       0.000000000000e+00       3.858570150788e-11       3.880158684239e-12      -1.015828659048e-14 
   58       2.138091595303e-10       2.538773807379e-14      -1.767423372393e-13       0.000000000000e+00       3.710981449409e-11       3.746737665892e-12      -1.053216438376e-14 
   59       2.167461941693e-10       2.674232823002e-14      -2.164125315370e-13       0.000000000000e+00       3.570196564368e-11       3.620935451113e-12      -1.077356485200e-14 
   60       2.197085607126e-10       2.813562227592e-14      -2.579613645409e-13       0.000000000000e+00       3.436028772412e-11       3.502446999763e-12      -1.088505167313e-14 
   61       2.226980280100e-10       2.956707673848e-14      -3.013559406730e-13       0.000000000000e+00       3.308432553232e-11       3.390841501402e-12      -1.089029479487e-14 
   62       2.257156048873e-10       3.103605513783e-14      -3.465565144593e-13       0.000000000000e+00       3.187193186356e-11       3.285467881306e-12      -1.081735266761e-14 
   63       2.287614829145e-10       3.254182537628e-14      -3.935162805555e-13       0.000000000000e+00       3.071916931674e-11       3.185442955849e-12      -1.069886609773e-14 
   64       2.318349791734e-10       3.408355712764e-14      -4.421811637731e-13       0.000000000000e+00       2.962021209945e-11       3.089639587882e-12      -1.057225210088e-14 
   65       2.349352266952e-10       3.566037984747e-14      -4.925015564256e-13       0.000000000000e+00       2.856895297621e-11       2.996975727861e-12      -1.047104590957e-14 
   66       2.380635442798e-10       3.727157694803e-14      -5.444708911968e-13       0.000000000000e+00       2.756444023002e-11       2.907379290669e-12      -1.039636037347e-14 
   67       2.412214677387e-10       3.891642820070e-14      -5.980948861274e-13       0.000000000000e+00       2.660642002509e-11       2.821007053433e-12      -1.033971082524e-14 
   68       2.444100108718e-10       4.059415184539e-14      -6.533804400208e-13       0.000000000000e+00       2.569368331238e-11       2.737958436767e-12      -1.029128082673e-14 
   69       2.476296291498e-10       4.230390367542e-14      -7.103357566595e-13       0.000000000000e+00       2.482401533112e-11       2.658272076531e-12      -1.023986841823e-14 
   70       2.508801833955e-10       4.404477612243e-14      -7.689704690220e-13       0.000000000000e+00       2.399414511023e-11       2.581922395599e-12      -1.017283236767e-14 
   71       2.541609034662e-10       4.581579734123e-14      -8.292957634986e-13       0.000000000000e+00       2.319969496986e-11       2.508816175617e-12      -1.007603841987e-14 
   72       2.574709518824e-10       4.761593080212e-14      -8.913156392769e-13       0.000000000000e+00       2.243630624824e-11       2.438827735391e-12      -9.937761158335e-15 
   73       2.608113206755e-10       4.944407601078e-14      -9.549984680987e-13       0.000000000000e+00       2.170337886295e-11       2.371919901757e-12      -9.761376117235e-15 
   74       2.641832347024e-10       5.129906627342e-14      -1.020300174461e-12       0.000000000000e+00       2.100096164160e-11       2.308040171813e-12      -9.555018126545e-15 
   75       2.675875617234e-10       5.317966731345e-14      -1.087172539902e-12       0.000000000000e+00       2.032861645542e-11       2.247081660233e-12      -9.327877500200e-15 
   76       2.710247897810e-10       5.508457636794e-14      -1.155563124821e-12       0.000000000000e+00       1.968539457523e-11       2.188880552461e-12      -9.090236596119e-15 
   77       2.744950045794e-10       5.701242128406e-14      -1.225415190302e-12       0.000000000000e+00       1.906981302742e-11       2.133213557905e-12      -8.853506376220e-15 
   78       2.779978668636e-10       5.896175961558e-14      -1.296667619942e-12       0.000000000000e+00       1.847983094979e-11       2.079795363127e-12      -8.630262966447e-15 
   79       2.815325897991e-10       6.093107771928e-14      -1.369254841665e-12       0.000000000000e+00       1.791282594761e-11       2.028276085040e-12      -8.434284216783e-15 
   80       2.850983576355e-10       6.291882368905e-14      -1.443112624495e-12       0.000000000000e+00       1.736624525571e-11       1.978326513531e-12      -8.277367625978e-15 
   81       2.886957151985e-10       6.492351473260e-14      -1.518196800177e-12       0.000000000000e+00       1.683974147441e-11       1.929916490841e-12      -8.159067268626e-15 
   82       2.923253795409e-10       6.694364688027e-14      -1.594467665376e-12       0.000000000000e+00       1.633336631234e-11       1.883080454342e-12      -8.075232916752e-15 
   83       2.959878058646e-10       6.897766253115e-14      -1.671884425655e-12       0.000000000000e+00       1.584691774801e-11       1.837833034206e-12      -8.021047679227e-15 
   84       2.996831730715e-10       7.102395017610e-14      -1.750405226101e-12       0.000000000000e+00       1.537992888217e-11       1.794168132334e-12      -7.991004957428e-15 
   85       3.034113693154e-10       7.308084412088e-14      -1.829987181935e-12       0.000000000000e+00       1.493165679018e-11       1.752058001277e-12      -7.978885400903e-15 
   86       3.071719775525e-10       7.514662420919e-14      -1.910586409138e-12       0.000000000000e+00       1.450107137434e-11       1.711452323160e-12      -7.977733863034e-15 
   87       3.109642610931e-10       7.721951554581e-14      -1.992158055064e-12       0.000000000000e+00       1.408684421625e-11       1.672277288603e-12      -7.979836356696e-15 
   88       3.147871491525e-10       7.929768821963e-14      -2.074656329060e-12       0.000000000000e+00       1.368733742916e-11       1.634434675648e-12      -7.976697009924e-15 
   89       3.186396132786e-10       8.137928949748e-14      -2.158033031112e-12       0.000000000000e+00       1.330099361050e-11       1.597826729574e-12      -7.960819899406e-15 
   90       3.225218958005e-10       8.346254679669e-14      -2.242232806521e-12       0.000000000000e+00       1.292760010260e-11       1.562437282867e-12      -7.931425112066e-15 
   91       3.264344483595e-10       8.554568043050e-14      -2.327197199790e-12       0.000000000000e+00       1.256720343741e-11       1.528261722533e-12      -7.889591061674e-15 
   92       3.303775497144e-10       8.762687278195e-14      -2.412866098330e-12       0.000000000000e+00       1.221972082423e-11       1.495281794924e-12      -7.836533372187e-15 
   93       3.343512971490e-10       8.970426851342e-14      -2.499177740581e-12       0.000000000000e+00       1.188493501103e-11       1.463465071190e-12      -7.773608872772e-15 
   94       3.383555978787e-10       9.177597477615e-14      -2.586068724130e-12       0.000000000000e+00       1.156248914580e-11       1.432764412733e-12      -7.702319592843e-15 
   95       3.423901604579e-10       9.384006141976e-14      -2.673474013821e-12       0.000000000000e+00       1.125188163787e-11       1.403117436660e-12      -7.624316757089e-15 
   96       3.464544861868e-10       9.589456120184e-14      -2.761326949879e-12       0.000000000000e+00       1.095246101932e-11       1.374445981238e-12      -7.541404780505e-15 
   97       3.505478605187e-10       9.793746999745e-14      -2.849559256025e-12       0.000000000000e+00       1.066342080625e-11       1.346655571347e-12      -7.455545263424e-15 
   98       3.546693444666e-10       9.996674700865e-14      -2.938101047587e-12       0.000000000000e+00       1.038379436014e-11       1.319634883931e-12      -7.368860986549e-15 
   99       3.588180144539e-10       1.019803592801e-13      -3.026881937180e-12       0.000000000000e+00       1.011267638435e-11       1.293281740151e-12      -7.283240628062e-15 
  100       3.629937392018e-10       1.039764219874e-13      -3.115834512850e-12       0.000000000000e+00       9.849934318603e-12       1.267586438066e-12      -7.199080395138e-15 
  101       3.671964974304e-10       1.059530785010e-13      -3.204891369946e-12       0.000000000000e+00       9.595588630059e-12       1.242559285189e-12      -7.116370747765e-15 
  102       3.714261337207e-10       1.079084585902e-13      -3.293984078669e-12       0.000000000000e+00       9.349592806263e-12       1.218204914493e-12      -7.035078941502e-15 
  103       3.756823529337e-10       1.098406791695e-13      -3.383043205491e-12       0.000000000000e+00       9.111830963576e-12       1.194522071396e-12      -6.955148182782e-15 
  104       3.799647146287e-10       1.117478450454e-13      -3.471998334573e-12       0.000000000000e+00       8.882115455612e-12       1.171503400756e-12      -6.876496784206e-15 
  105       3.842726274817e-10       1.136280496628e-13      -3.560778089191e-12       0.000000000000e+00       8.660184481674e-12       1.149135233857e-12      -6.799017319848e-15 
  106       3.886053437042e-10       1.154793758518e-13      -3.649310153153e-12       0.000000000000e+00       8.445699695187e-12       1.127397375397e-12      -6.722575780546e-15 
  107       3.929619534611e-10       1.172998965740e-13      -3.737521292217e-12       0.000000000000e+00       8.238243812138e-12       1.106262890482e-12      -6.647010729209e-15 
  108       3.973413792896e-10       1.190876756693e-13      -3.825337375520e-12       0.000000000000e+00       8.037318219508e-12       1.085697891608e-12      -6.572132456108e-15 
  109       4.017423705176e-10       1.208407686025e-13      -3.912683396987e-12       0.000000000000e+00       7.842340583707e-12       1.065661325659e-12      -6.497722134178e-15 
  110       4.061637189817e-10       1.225572724273e-13      -3.999484284722e-12       0.000000000000e+00       7.652776098013e-12       1.046115401563e-12      -6.423599268804e-15 
  111       4.106049495340e-10       1.242354813455e-13      -4.085667400910e-12       0.000000000000e+00       7.468555446407e-12       1.027058847053e-12      -6.349835670309e-15 
  112       4.150657078704e-10       1.258737525458e-13      -4.171160403423e-12       0.000000000000e+00       7.289706103240e-12       1.008497529214e-12      -6.276567411895e-15 
  113       4.195455437637e-10       1.274704599821e-13      -4.255890515286e-12       0.000000000000e+00       7.116222410003e-12       9.904340870865e-13      -6.203928811531e-15 
  114       4.240439076567e-10       1.290239956038e-13      -4.339784553841e-12       0.000000000000e+00       6.948064497169e-12       9.728678232269e-13      -6.132052258450e-15 
  115       4.285601472555e-10       1.305327705861e-13      -4.422768959917e-12       0.000000000000e+00       6.785157206031e-12       9.557945952762e-13      -6.061068039645e-15 
  116       4.330935041230e-10       1.319952165600e-13      -4.504769826989e-12       0.000000000000e+00       6.627389010547e-12       9.392067075250e-13      -5.991104166368e-15 
  117       4.376431102724e-10       1.334097868430e-13      -4.585712930345e-12       0.000000000000e+00       6.474610939177e-12       9.230928024796e-13      -5.922286200629e-15 
  118       4.422079847605e-10       1.347749576692e-13      -4.665523756251e-12       0.000000000000e+00       6.326635496728e-12       9.074377524278e-13      -5.854737081691e-15 
  119       4.467870302810e-10       1.360892294197e-13      -4.744127531112e-12       0.000000000000e+00       6.183235586191e-12       8.922225510051e-13      -5.788576952566e-15 
  120       4.513790297581e-10       1.373511278526e-13      -4.821449250643e-12       0.000000000000e+00       6.044143430583e-12       8.774242047604e-13      -5.723922986519e-15 
  121       4.559826429401e-10       1.385592053335e-13      -4.897413709028e-12       0.000000000000e+00       5.909049494789e-12       8.630156247223e-13      -5.660889213558e-15 
  122       4.605964029921e-10       1.397120420662e-13      -4.971945528085e-12       0.000000000000e+00       5.777601407404e-12       8.489655179644e-13      -5.599586346936e-15 
  123       4.652188887061e-10       1.408082942744e-13      -5.044969963575e-12       0.000000000000e+00       5.649479988956e-12       8.352451021498e-13      -5.540085176869e-15 
  124       4.698492707857e-10       1.418468423978e-13      -5.116415366875e-12       0.000000000000e+00       5.524639523015e-12       8.218493535722e-13      -5.482302359467e-15 
  125       4.744868221917e-10       1.428266623195e-13      -5.186211062387e-12       0.000000000000e+00       5.403093184533e-12       8.087780071434e-13      -5.426101118943e-15 
  126       4.791307461430e-10       1.437467815214e-13      -5.254286630640e-12       0.000000000000e+00       5.284837939160e-12       7.960288978645e-13      -5.371326049769e-15 
  127       4.837801740922e-10       1.446062806843e-13      -5.320571943570e-12       0.000000000000e+00       5.169854071735e-12       7.835979060740e-13      -5.317802656524e-15 
  128       4.884341637002e-10       1.454042952872e-13      -5.384997199798e-12       0.000000000000e+00       5.058104714789e-12       7.714789026956e-13      -5.265336893752e-15 
  129       4.930916968116e-10       1.461400172076e-13      -5.447492959912e-12       0.000000000000e+00       4.949535377048e-12       7.596636944863e-13      -5.213714705802e-15 
  130       4.977516774300e-10       1.468126963206e-13      -5.507990181742e-12       0.000000000000e+00       4.844073471930e-12       7.481419692841e-13      -5.162701566690e-15 
  131       5.024129296926e-10       1.474216420989e-13      -5.566420255642e-12       0.000000000000e+00       4.741627846045e-12       7.369012412558e-13      -5.112042019943e-15 
  132       5.070741958460e-10       1.479662252126e-13      -5.622715039768e-12       0.000000000000e+00       4.642088307696e-12       7.259267961452e-13      -5.061459218453e-15 
  133       5.117341342205e-10       1.484458791285e-13      -5.676806895355e-12       0.000000000000e+00       4.545325155381e-12       7.152016365211e-13      -5.010654464325e-15 
  134       5.163913172062e-10       1.488601017105e-13      -5.728628722000e-12       0.000000000000e+00       4.451188706290e-12       7.047064270245e-13      -4.959306748732e-15 
  135       5.210442292272e-10       1.492084568184e-13      -5.778113992937e-12       0.000000000000e+00       4.359508824806e-12       6.944194396175e-13      -4.907072291763e-15 
  136       5.256912647173e-10       1.494905759084e-13      -5.825196790319e-12       0.000000000000e+00       4.270094451006e-12       6.843164988304e-13      -4.853584082275e-15 
  137       5.303308689700e-10       1.497061873196e-13      -5.869812538128e-12       0.000000000000e+00       4.182774134476e-12       6.743762739038e-13      -4.798533627992e-15 
  138       5.349619814254e-10       1.498552041685e-13      -5.911900211833e-12       0.000000000000e+00       4.097523367701e-12       6.645968891723e-13      -4.741926727317e-15 
  139       5.395836346288e-10       1.499376486254e-13      -5.951400425343e-12       0.000000000000e+00       4.014349596386e-12       6.549809366991e-13      -4.683853415324e-15 
  140       5.441948143632e-10       1.499536268018e-13      -5.988254793225e-12       0.000000000000e+00       3.933252187131e-12       6.455302629846e-13      -4.624408189377e-15 
  141       5.487944585319e-10       1.499033305267e-13      -6.022405970411e-12       0.000000000000e+00       3.854222216202e-12       6.362459481523e-13      -4.563690070787e-15 
  142       5.533814560402e-10       1.497870391210e-13      -6.053797691909e-12       0.000000000000e+00       3.777242258298e-12       6.271282851339e-13      -4.501802666462e-15 
  143       5.579546456772e-10       1.496051211739e-13      -6.082374812505e-12       0.000000000000e+00       3.702286175320e-12       6.181767588555e-13      -4.438854230563e-15 
  144       5.625128149982e-10       1.493580363175e-13      -6.108083346472e-12       0.000000000000e+00       3.629318905140e-12       6.093900254233e-13      -4.374957726164e-15 
  145       5.670546992064e-10       1.490463370030e-13      -6.130870507277e-12       0.000000000000e+00       3.558296250369e-12       6.007658913088e-13      -4.310230886900e-15 
  146       5.715789800348e-10       1.486706702756e-13      -6.150684747288e-12       0.000000000000e+00       3.489164667127e-12       5.923012925348e-13      -4.244796278628e-15 
  147       5.760842846284e-10       1.482317795501e-13      -6.167475797483e-12       0.000000000000e+00       3.421861053811e-12       5.839922738610e-13      -4.178781361080e-15 
  148       5.805691844261e-10       1.477305063865e-13      -6.181194707150e-12       0.000000000000e+00       3.356312539862e-12       5.758339679697e-13      -4.112318549515e-15 
  149       5.850321940426e-10       1.471677922653e-13      -6.191793883604e-12       0.000000000000e+00       3.292436274538e-12       5.678205746514e-13      -4.045545276381e-15 
  150       5.894717701505e-10       1.465446803627e-13      -6.199227131886e-12       0.000000000000e+00       3.230139215677e-12       5.599453399905e-13      -3.978604052964e-15 
  151       5.938863103622e-10       1.458623173266e-13      -6.203449694472e-12       0.000000000000e+00       3.169317918472e-12       5.522005355510e-13      -3.911642531046e-15 
  152       5.982741521119e-10       1.451219550517e-13      -6.204418290984e-12       0.000000000000e+00       3.109858324234e-12       5.445774375620e-13      -3.844813564557e-15 
  153       6.026336936656e-10       1.443249361151e-13      -6.202091360056e-12       0.000000000000e+00       3.051659337083e-12       5.370684353248e-13      -3.778252045429e-15 
  154       6.069637721585e-10       1.434726448242e-13      -6.196429726686e-12       0.000000000000e+00       2.994706464091e-12       5.296736207258e-13      -3.712002858978e-15 
  155       6.112633187234e-10       1.425665549835e-13      -6.187396072901e-12       0.000000000000e+00       2.939004648166e-12       5.223947742997e-13      -3.646086319280e-15 
  156       6.155312390282e-10       1.416082475035e-13      -6.174954781568e-12       0.000000000000e+00       2.884555005894e-12       5.152332811618e-13      -3.580520737055e-15 
  157       6.197664127799e-10       1.405994120927e-13      -6.159071977126e-12       0.000000000000e+00       2.831354737466e-12       5.081901210373e-13      -3.515322363026e-15 
  158       6.239676932286e-10       1.395418489499e-13      -6.139715566321e-12       0.000000000000e+00       2.779397036593e-12       5.012658582913e-13      -3.450505331293e-15 
  159       6.281339066715e-10       1.384374704567e-13      -6.116855278950e-12       0.000000000000e+00       2.728671000424e-12       4.944606319587e-13      -3.386081602698e-15 
  160       6.322638519568e-10       1.372883028694e-13      -6.090462708590e-12       0.000000000000e+00       2.679161539472e-12       4.877741457730e-13      -3.322060908191e-15 
  161       6.363562999879e-10       1.360964880112e-13      -6.060511353339e-12       0.000000000000e+00       2.630849287525e-12       4.812056581971e-13      -3.258450692201e-15 
  162       6.404099932270e-10       1.348642849649e-13      -6.026976656548e-12       0.000000000000e+00       2.583710511571e-12       4.747539724521e-13      -3.195256055999e-15 
  163       6.444236451991e-10       1.335940717645e-13      -5.989836047566e-12       0.000000000000e+00       2.537717021715e-12       4.684174265474e-13      -3.132479701067e-15 
  164       6.483959399966e-10       1.322883470878e-13      -5.949068982467e-12       0.000000000000e+00       2.492836081099e-12       4.621938833103e-13      -3.070121872468e-15 
  165       6.523255317822e-10       1.309497319485e-13      -5.904656984792e-12       0.000000000000e+00       2.449030315820e-12       4.560807204156e-13      -3.008180302209e-15 
  166       6.562110442940e-10       1.295809713886e-13      -5.856583686285e-12       0.000000000000e+00       2.406257624852e-12       4.500748204152e-13      -2.946650152611e-15 
  167       6.600510703486e-10       1.281849361703e-13      -5.804834867630e-12       0.000000000000e+00       2.364471089963e-12       4.441725607682e-13      -2.885523959674e-15 
  168       6.638441713455e-10       1.267646244685e-13      -5.749398499184e-12       0.000000000000e+00       2.323618885635e-12       4.383698038700e-13      -2.824791576449e-15 
  169       6.675888767709e-10       1.253231635629e-13      -5.690264781718e-12       0.000000000000e+00       2.283644188981e-12       4.326618870824e-13      -2.764440116400e-15 
  170       6.712836837019e-10       1.238638115302e-13      -5.627426187153e-12       0.000000000000e+00       2.244485089671e-12       4.270436127630e-13      -2.704453896774e-15 
  171       6.749271553948e-10       1.223898606989e-13      -5.560876767919e-12       0.000000000000e+00       2.206087112764e-12       4.215103342328e-13      -2.644819117619e-15 
  172       6.785182273147e-10       1.209043354367e-13      -5.490609935146e-12       0.000000000000e+00       2.168442147545e-12       4.160613361628e-13      -2.585538455197e-15 
  173       6.820559257914e-10       1.194102722893e-13      -5.416620572416e-12       0.000000000000e+00       2.131552607119e-12       4.106967182543e-13      -2.526617582532e-15 
  174       6.855392711407e-10       1.179108172319e-13      -5.338905787929e-12       0.000000000000e+00       2.095419069330e-12       4.054163192149e-13      -2.468060506253e-15 
  175       6.889672775721e-10       1.164092269606e-13      -5.257464952260e-12       0.000000000000e+00       2.060040238147e-12       4.002197112596e-13      -2.409869529284e-15 
  176       6.923389530978e-10       1.149088701834e-13      -5.172299736108e-12       0.000000000000e+00       2.025412905042e-12       3.951061946114e-13      -2.352045213535e-15 
  177       6.956532994403e-10       1.134132289120e-13      -5.083414148051e-12       0.000000000000e+00       1.991531910367e-12       3.900747920031e-13      -2.294586342587e-15 
  178       6.989093119409e-10       1.119258997534e-13      -4.990814572295e-12       0.000000000000e+00       1.958390104734e-12       3.851242431776e-13      -2.237489884383e-15 
  179       7.021059794679e-10       1.104505952006e-13      -4.894509806431e-12       0.000000000000e+00       1.925978310400e-12       3.802529993895e-13      -2.180750953917e-15 
  180       7.052422843250e-10       1.089911449248e-13      -4.794511099184e-12       0.000000000000e+00       1.894285282639e-12       3.754592179061e-13      -2.124362775919e-15 
  181       7.083172021590e-10       1.075514970662e-13      -4.690832188167e-12       0.000000000000e+00       1.863297671126e-12       3.707407565082e-13      -2.068316647548e-15 
  182       7.113297018687e-10       1.061357195260e-13      -4.583489337637e-12       0.000000000000e+00       1.832999981317e-12       3.660951679913e-13      -2.012601901080e-15 
  183       7.142787455128e-10       1.047480012571e-13      -4.472501376239e-12       0.000000000000e+00       1.803374535825e-12       3.615196946669e-13      -1.957205866593e-15 
  184       7.171632882180e-10       1.033926535563e-13      -4.357889734769e-12       0.000000000000e+00       1.774401435804e-12       3.570112628631e-13      -1.902113834660e-15 
  185       7.199822780875e-10       1.020741113552e-13      -4.239678483919e-12       0.000000000000e+00       1.746058522326e-12       3.525664774261e-13      -1.847309019034e-15 
  186       7.227346561090e-10       1.007969345117e-13      -4.117894372032e-12       0.000000000000e+00       1.718321337760e-12       3.481816162210e-13      -1.792772519339e-15 
  187       7.254193560633e-10       9.956580910168e-14      -3.992566862855e-12       0.000000000000e+00       1.691163087154e-12       3.438526246331e-13      -1.738483283759e-15 
  188       7.280353044320e-10       9.838554870995e-14      -3.863728173292e-12       0.000000000000e+00       1.664554599612e-12       3.395751100685e-13      -1.684418071725e-15 
  189       7.305814203061e-10       9.726109572210e-14      -3.731413311156e-12       0.000000000000e+00       1.638464289677e-12       3.353443364558e-13      -1.630551416603e-15 
  190       7.330566152944e-10       9.619752261573e-14      -3.595660112922e-12       0.000000000000e+00       1.612858118707e-12       3.311552187466e-13      -1.576855588385e-15 
  191       7.354598658417e-10       9.519982355694e-14      -3.456507070590e-12       0.000000000000e+00       1.587706321814e-12       3.270035350013e-13      -1.523309313804e-15 
  192       7.377904364352e-10       9.427226904094e-14      -3.313986551573e-12       0.000000000000e+00       1.563004232662e-12       3.228896756389e-13      -1.469924744904e-15 
  193       7.400476730027e-10       9.341900521879e-14      -3.168131141749e-12       0.000000000000e+00       1.538752949949e-12       3.188151654728e-13      -1.416722446164e-15 
  194       7.422309321513e-10       9.264425984045e-14      -3.018975840919e-12       0.000000000000e+00       1.514952695946e-12       3.147814699114e-13      -1.363722810377e-15 
  195       7.443395813133e-10       9.195234285995e-14      -2.866558093334e-12       0.000000000000e+00       1.491602800015e-12       3.107899934437e-13      -1.310946050001e-15 
  196       7.463729988906e-10       9.134764704069e-14      -2.710917818208e-12       0.000000000000e+00       1.468701682131e-12       3.068420781245e-13      -1.258412188501e-15 
  197       7.483305744005e-10       9.083464856063e-14      -2.552097440236e-12       0.000000000000e+00       1.446246836395e-12       3.029390020597e-13      -1.206141051694e-15 
  198       7.502117086206e-10       9.041790761758e-14      -2.390141920114e-12       0.000000000000e+00       1.424234814555e-12       2.990819778917e-13      -1.154152259098e-15 
  199       7.520158137340e-10       9.010206903440e-14      -2.225098785055e-12       0.000000000000e+00       1.402661209524e-12       2.952721512846e-13      -1.102465215270e-15 
  200       7.537423134744e-10       8.989186286430e-14      -2.057018159311e-12       0.000000000000e+00       1.381520638898e-12       2.915105994094e-13      -1.051099101160e-15 
  201       7.553906432715e-10       8.979210499603e-14      -1.885952794684e-12       0.000000000000e+00       1.360806728473e-12       2.877983294296e-13      -1.000072865449e-15 
  202       7.569602503961e-10       8.980769775914e-14      -1.711958101051e-12       0.000000000000e+00       1.340512095766e-12       2.841362769863e-13      -9.494052158962e-16 
  203       7.584505941050e-10       8.994363052923e-14      -1.535092176880e-12       0.000000000000e+00       1.320628333532e-12       2.805253046836e-13      -8.991146106856e-16 
  204       7.598611457866e-10       9.020498033319e-14      -1.355415839743e-12       0.000000000000e+00       1.301145993279e-12       2.769662005737e-13      -8.492192497699e-16 
  205       7.611913891057e-10       9.059691245444e-14      -1.172992656844e-12       0.000000000000e+00       1.282054568792e-12       2.734596766426e-13      -7.997370662158e-16 
  206       7.624408201492e-10       9.112468103819e-14      -9.878889755266e-13       0.000000000000e+00       1.263342479646e-12       2.700063672951e-13      -7.506857175488e-16 
  207       7.636089475706e-10       9.179362969665e-14      -8.001739537990e-13       0.000000000000e+00       1.244997054728e-12       2.666068278400e-13      -7.020825770990e-16 
  208       7.646952927355e-10       9.260919211430e-14      -6.099195908491e-13       0.000000000000e+00       1.227004515753e-12       2.632615329759e-13      -6.539447253457e-16 
  209       7.656993898672e-10       9.357689265313e-14      -4.172007575636e-13       0.000000000000e+00       1.209349960781e-12       2.599708752759e-13      -6.062889412628e-16 
  210       7.666207861909e-10       9.470234695787e-14      -2.220952270453e-13       0.000000000000e+00       1.192017347741e-12       2.567351636734e-13      -5.591316936636e-16 
  211       7.674590420799e-10       9.599126256126e-14      -2.468370513145e-14       0.000000000000e+00       1.174989477941e-12       2.535546219472e-13      -5.124891325463e-16 
  212       7.682137312002e-10       9.744943948924e-14       1.749501390881e-13       0.000000000000e+00       1.158247979594e-12       2.504293872067e-13      -4.663770804390e-16 
  213       7.688844808762e-10       9.908243922886e-14       3.767239452564e-13       0.000000000000e+00       1.141776892962e-12       2.473594452962e-13      -4.208083889604e-16 
  214       7.694710959197e-10       1.008945655096e-13       5.805698619342e-13       0.000000000000e+00       1.125573729328e-12       2.443444352981e-13      -3.757848278938e-16 
  215       7.699734434475e-10       1.028898158323e-13       7.864221792564e-13       0.000000000000e+00       1.109639127327e-12       2.413838288947e-13      -3.313046314076e-16 
  216       7.703914136618e-10       1.050722066545e-13       9.942130874689e-13       0.000000000000e+00       1.093973311480e-12       2.384769905922e-13      -2.873650681154e-16 
  217       7.707249201017e-10       1.074457731228e-13       1.203872657738e-12       0.000000000000e+00       1.078576085191e-12       2.356231760400e-13      -2.439624254845e-16 
  218       7.709738998938e-10       1.100145688047e-13       1.415328822958e-12       0.000000000000e+00       1.063446823750e-12       2.328215303501e-13      -2.010919942450e-16 
  219       7.711383140037e-10       1.127826654209e-13       1.628507358561e-12       0.000000000000e+00       1.048584467330e-12       2.300710864159e-13      -1.587480527986e-16 
  220       7.712181474866e-10       1.157541525775e-13       1.843331863328e-12       0.000000000000e+00       1.033987513988e-12       2.273707632321e-13      -1.169238516270e-16 
  221       7.712134097387e-10       1.189331374983e-13       2.059723740192e-12       0.000000000000e+00       1.019654012664e-12       2.247193642131e-13      -7.561159770084e-17 
  222       7.711241347482e-10       1.223237447567e-13       2.277602177051e-12       0.000000000000e+00       1.005581556185e-12       2.221155755131e-13      -3.480243888838e-17 
  223       7.709503813463e-10       1.259301160081e-13       2.496884127578e-12       0.000000000000e+00       9.917672742586e-13       2.195579643447e-13       5.513551635672e-18 
  224       7.706922334583e-10       1.297564097217e-13       2.717484292025e-12       0.000000000000e+00       9.782078264778e-13       2.170449772985e-13       4.534739098148e-17 
  225       7.703498003545e-10       1.338068009132e-13       2.939315098037e-12       0.000000000000e+00       9.648993953190e-13       2.145749386620e-13       8.471120213533e-17 
  226       7.699232169017e-10       1.380854808767e-13       3.162286681456e-12       0.000000000000e+00       9.518376791421e-13       2.121460487394e-13       1.236182295509e-16 
  227       7.694126438137e-10       1.425966569168e-13       3.386306867135e-12       0.000000000000e+00       9.390178851908e-13       2.097563821702e-13       1.620828547405e-16 
  228       7.688182679027e-10       1.473445520807e-13       3.611281149741e-12       0.000000000000e+00       9.264347225920e-13       2.074038862488e-13       2.001206118663e-16 
  229       7.681403023306e-10       1.523334048907e-13       3.837112674570e-12       0.000000000000e+00       9.140823953562e-13       2.050863792437e-13       2.377482033317e-16 
  230       7.673789868593e-10       1.575674690762e-13       4.063702218349e-12       0.000000000000e+00       9.019545953773e-13       2.028015487167e-13       2.749835153724e-16 
  231       7.665345881025e-10       1.630510133056e-13       4.290948170053e-12       0.000000000000e+00       8.900444954323e-13       2.005469498420e-13       3.118456336479e-16 
  232       7.656073997764e-10       1.687883209190e-13       4.518746511706e-12       0.000000000000e+00       8.783447421815e-13       1.983200037257e-13       3.483548588326e-16 
  233       7.645977429510e-10       1.747836896599e-13       4.746990799195e-12       0.000000000000e+00       8.668474491684e-13       1.961179957250e-13       3.845327222069e-16 
  234       7.635059663009e-10       1.810414314077e-13       4.975572143075e-12       0.000000000000e+00       8.555441898194e-13       1.939380737672e-13       4.204020012490e-16 
  235       7.623324463565e-10       1.875658719094e-13       5.204379189381e-12       0.000000000000e+00       8.444259904441e-13       1.917772466692e-13       4.559867352254e-16 
  236       7.610775877550e-10       1.943613505126e-13       5.433298100436e-12       0.000000000000e+00       8.334833232349e-13       1.896323824564e-13       4.913122407830e-16 
  237       7.597418234916e-10       2.014322198966e-13       5.662212535659e-12       0.000000000000e+00       8.227060992671e-13       1.875002066825e-13       5.264051275394e-16 
  238       7.583256094833e-10       2.087824516974e-13       5.891010275036e-12       0.000000000000e+00       8.120856095550e-13       1.853779687826e-13       5.612867129132e-16 
  239       7.568294073767e-10       2.164144274198e-13       6.119603574482e-12       0.000000000000e+00       8.016204931829e-13       1.832654894064e-13       5.959527916796e-16 
  240       7.552537011857e-10       2.243300737547e-13       6.347910006458e-12       0.000000000000e+00       7.913111171680e-13       1.811632338602e-13       6.303926710217e-16 
  241       7.535990031223e-10       2.325312490059e-13       6.575845923070e-12       0.000000000000e+00       7.811576580491e-13       1.790716549575e-13       6.645956627175e-16 
  242       7.518658538364e-10       2.410197419912e-13       6.803326450898e-12       0.000000000000e+00       7.711600989960e-13       1.769911927484e-13       6.985510848058e-16 
  243       7.500548226540e-10       2.497972709423e-13       7.030265485811e-12       0.000000000000e+00       7.613182269191e-13       1.749222742474e-13       7.322482632527e-16 
  244       7.481665078170e-10       2.588654824065e-13       7.256575687792e-12       0.000000000000e+00       7.516316295792e-13       1.728653131623e-13       7.656765336175e-16 
  245       7.462015367217e-10       2.682259501468e-13       7.482168475762e-12       0.000000000000e+00       7.420996926968e-13       1.708207096228e-13       7.988252427185e-16 
  246       7.441605661585e-10       2.778801740429e-13       7.706954022403e-12       0.000000000000e+00       7.327215970620e-13       1.687888499087e-13       8.316837502994e-16 
  247       7.420442825502e-10       2.878295789919e-13       7.930841248974e-12       0.000000000000e+00       7.234963156440e-13       1.667701061788e-13       8.642414306957e-16 
  248       7.398534021916e-10       2.980755138092e-13       8.153737820141e-12       0.000000000000e+00       7.144226107005e-13       1.647648361993e-13       8.964876744999e-16 
  249       7.375886714884e-10       3.086192501288e-13       8.375550138798e-12       0.000000000000e+00       7.054990308878e-13       1.627733830721e-13       9.284118902284e-16 
  250       7.352508671965e-10       3.194619813046e-13       8.596183340882e-12       0.000000000000e+00       6.967239083699e-13       1.607960749641e-13       9.600035059873e-16 
  251       7.328407966605e-10       3.306048213108e-13       8.815541290208e-12       0.000000000000e+00       6.880953559285e-13       1.588332248347e-13       9.912519711384e-16 
  252       7.303592980532e-10       3.420488036427e-13       9.033526573279e-12       0.000000000000e+00       6.796112640722e-13       1.568851301652e-13       1.022146757966e-15 
  253       7.278072406149e-10       3.537948802175e-13       9.250040494116e-12       0.000000000000e+00       6.712692981465e-13       1.549520726869e-13       1.052677363340e-15 
  254       7.251855248918e-10       3.658439202752e-13       9.464983069079e-12       0.000000000000e+00       6.630668954432e-13       1.530343181098e-13       1.082833310389e-15 
  255       7.224950829754e-10       3.781967092788e-13       9.678253021687e-12       0.000000000000e+00       6.550012623102e-13       1.511321158512e-13       1.112604150156e-15 
  256       7.197368787419e-10       3.908539478157e-13       9.889747777443e-12       0.000000000000e+00       6.470693712608e-13       1.492456987639e-13       1.141979463275e-15 
  257       7.169119080906e-10       4.038162504982e-13       1.009936345866e-11       0.000000000000e+00       6.392679580835e-13       1.473752828653e-13       1.170948861630e-15 
  258       7.140211991836e-10       4.170841448641e-13       1.030699487926e-11       0.000000000000e+00       6.315935189515e-13       1.455210670654e-13       1.199501990024e-15 
  259       7.110658126843e-10       4.306580702774e-13       1.051253553964e-11       0.000000000000e+00       6.240423075328e-13       1.436832328957e-13       1.227628527845e-15 
  260       7.080468419969e-10       4.445383768296e-13       1.071587762146e-11       0.000000000000e+00       6.166103320988e-13       1.418619442376e-13       1.255318190729e-15 
  261       7.049654135053e-10       4.587253242396e-13       1.091691198247e-11       0.000000000000e+00       6.092933526350e-13       1.400573470511e-13       1.282560732233e-15 
  262       7.018226868122e-10       4.732190807553e-13       1.111552815134e-11       0.000000000000e+00       6.020868779499e-13       1.382695691030e-13       1.309345945493e-15 
  263       6.986198549780e-10       4.880197220537e-13       1.131161432248e-11       0.000000000000e+00       5.949861627849e-13       1.364987196957e-13       1.335663664896e-15 
  264       6.953581447602e-10       5.031272301419e-13       1.150505735086e-11       0.000000000000e+00       5.879862049238e-13       1.347448893959e-13       1.361503767744e-15 
  265       6.920388168521e-10       5.185414922579e-13       1.169574274685e-11       0.000000000000e+00       5.810817423025e-13       1.330081497628e-13       1.386856175918e-15 
  266       6.886631075539e-10       5.342620397791e-13       1.188356259933e-11       0.000000000000e+00       5.742682506935e-13       1.312885758950e-13       1.411712872652e-15 
  267       6.852320497846e-10       5.502872515080e-13       1.206843983252e-11       0.000000000000e+00       5.675450027259e-13       1.295863159871e-13       1.436074070724e-15 
  268       6.817466428155e-10       5.666151049842e-13       1.225030525625e-11       0.000000000000e+00       5.609121693541e-13       1.279015250216e-13       1.459942382449e-15 
  269       6.782079101032e-10       5.832434310502e-13       1.242908976451e-11       0.000000000000e+00       5.543698330448e-13       1.262343420598e-13       1.483320839786e-15 
  270       6.746168994291e-10       6.001699123127e-13       1.260472434359e-11       0.000000000000e+00       5.479179865770e-13       1.245848900083e-13       1.506212899404e-15 
  271       6.709746830400e-10       6.173920816046e-13       1.277714008033e-11       0.000000000000e+00       5.415565318423e-13       1.229532753864e-13       1.528622447752e-15 
  272       6.672823577879e-10       6.349073204460e-13       1.294626817032e-11       0.000000000000e+00       5.352852786452e-13       1.213395880929e-13       1.550553806133e-15 
  273       6.635410452705e-10       6.527128575055e-13       1.311203992614e-11       0.000000000000e+00       5.291039435030e-13       1.197439011737e-13       1.572011735772e-15 
  274       6.597518919708e-10       6.708057670623e-13       1.327438678556e-11       0.000000000000e+00       5.230121484464e-13       1.181662705882e-13       1.593001442891e-15 
  275       6.559160693974e-10       6.891829674671e-13       1.343324031977e-11       0.000000000000e+00       5.170094198195e-13       1.166067349771e-13       1.613528583775e-15 
  276       6.520347742248e-10       7.078412196039e-13       1.358853224160e-11       0.000000000000e+00       5.110951870798e-13       1.150653154291e-13       1.633599269844e-15 
  277       6.481092284335e-10       7.267771253510e-13       1.374019441372e-11       0.000000000000e+00       5.052687815988e-13       1.135420152480e-13       1.653220072726e-15 
  278       6.441406794496e-10       7.459871260430e-13       1.388815885687e-11       0.000000000000e+00       4.995294354617e-13       1.120368197199e-13       1.672398029328e-15 
  279       6.401304002856e-10       7.654675009321e-13       1.403235775810e-11       0.000000000000e+00       4.938762802683e-13       1.105496958803e-13       1.691140646903e-15 
  280       6.360796896801e-10       7.852143656493e-13       1.417272347893e-11       0.000000000000e+00       4.883083459324e-13       1.090805922811e-13       1.709455908124e-15 
  281       6.319898722379e-10       8.052236706662e-13       1.430918856365e-11       0.000000000000e+00       4.828245594825e-13       1.076294387580e-13       1.727352276155e-15 
  282       6.278622985703e-10       8.254911997561e-13       1.444168574745e-11       0.000000000000e+00       4.774237438621e-13       1.061961461972e-13       1.744838699721e-15 
  283       6.236983454352e-10       8.460125684557e-13       1.457014796471e-11       0.000000000000e+00       4.721046167293e-13       1.047806063025e-13       1.761924618176e-15 
  284       6.194994158769e-10       8.667832225268e-13       1.469450835719e-11       0.000000000000e+00       4.668657892576e-13       1.033826913630e-13       1.778619966581e-15 
  285       6.152669393666e-10       8.877984364171e-13       1.481470028222e-11       0.000000000000e+00       4.617057649358e-13       1.020022540193e-13       1.794935180768e-15 
  286       6.110023719423e-10       9.090533117223e-13       1.493065732097e-11       0.000000000000e+00       4.566229383684e-13       1.006391270314e-13       1.810881202413e-15 
  287       6.067071963489e-10       9.305427756472e-13       1.504231328665e-11       0.000000000000e+00       4.516155940755e-13       9.929312304525e-14       1.826469484109e-15 
  288       6.023829221784e-10       9.522615794672e-13       1.514960223270e-11       0.000000000000e+00       4.466819052933e-13       9.796403436022e-14       1.841711994432e-15 
  289       5.980310860099e-10       9.742042969898e-13       1.525245846105e-11       0.000000000000e+00       4.418199327740e-13       9.665163269595e-14       1.856621223020e-15 
  290       5.936532515498e-10       9.963653230162e-13       1.535081653031e-11       0.000000000000e+00       4.370276235862e-13       9.535566895953e-14       1.871210185633e-15 
  291       5.892510097720e-10       1.018738871803e-12       1.544461126401e-11       0.000000000000e+00       4.323028099152e-13       9.407587301265e-14       1.885492429234e-15 
  292       5.848259790576e-10       1.041318975522e-12       1.553377775878e-11       0.000000000000e+00       4.276432078630e-13       9.281195343860e-14       1.899482037052e-15 
  293       5.803798053356e-10       1.064099482724e-12       1.561825139262e-11       0.000000000000e+00       4.230464162484e-13       9.156359730947e-14       1.913193633660e-15 
  294       5.759141622226e-10       1.087074056799e-12       1.569796783309e-11       0.000000000000e+00       4.185099154075e-13       9.033046995315e-14       1.926642390038e-15 
  295       5.714307511628e-10       1.110236174439e-12       1.577286304550e-11       0.000000000000e+00       4.140310659938e-13       8.911221472052e-14       1.939844028652e-15 
  296       5.669313015685e-10       1.133579124095e-12       1.584287330121e-11       0.000000000000e+00       4.096071077782e-13       8.790845275247e-14       1.952814828518e-15 
  297       5.624174663228e-10       1.157096182000e-12       1.590794171720e-11       0.000000000000e+00       4.052356786325e-13       8.671885563563e-14       1.965568259082e-15 
  298       5.578905023703e-10       1.180781152847e-12       1.596803821059e-11       0.000000000000e+00       4.009164019022e-13       8.554336776176e-14       1.978104690096e-15 
  299       5.533515748409e-10       1.204627852444e-12       1.602314053221e-11       0.000000000000e+00       3.966493740155e-13       8.438199434532e-14       1.990421190389e-15 
  300       5.488018602833e-10       1.228629931239e-12       1.607322783977e-11       0.000000000000e+00       3.924346507763e-13       8.323472937752e-14       2.002514854390e-15 
  301       5.442425466628e-10       1.252780873024e-12       1.611828071486e-11       0.000000000000e+00       3.882722468699e-13       8.210155549228e-14       2.014382802622e-15 
  302       5.396748333601e-10       1.277073993635e-12       1.615828118013e-11       0.000000000000e+00       3.841621353681e-13       8.098244383210e-14       2.026022182210e-15 
  303       5.350999311690e-10       1.301502439655e-12       1.619321271627e-11       0.000000000000e+00       3.801042472350e-13       7.987735391403e-14       2.037430167372e-15 
  304       5.305190622950e-10       1.326059187118e-12       1.622306027916e-11       0.000000000000e+00       3.760984708322e-13       7.878623349557e-14       2.048603959928e-15 
  305       5.259334603535e-10       1.350737040207e-12       1.624781031686e-11       0.000000000000e+00       3.721446514248e-13       7.770901844060e-14       2.059540789794e-15 
  306       5.213443703677e-10       1.375528629962e-12       1.626745078679e-11       0.000000000000e+00       3.682425906862e-13       7.664563258532e-14       2.070237915484e-15 
  307       5.167530487675e-10       1.400426412977e-12       1.628197117269e-11       0.000000000000e+00       3.643920462039e-13       7.559598760413e-14       2.080692624609e-15 
  308       5.121607633869e-10       1.425422670105e-12       1.629136250178e-11       0.000000000000e+00       3.605927309852e-13       7.455998287560e-14       2.090902234380e-15 
  309       5.075687934630e-10       1.450509505159e-12       1.629561736179e-11       0.000000000000e+00       3.568443129625e-13       7.353750534836e-14       2.100864092105e-15 
  310       5.029784296337e-10       1.475678843614e-12       1.629472991806e-11       0.000000000000e+00       3.531464144985e-13       7.252842940705e-14       2.110575575690e-15 
  311       4.983909739363e-10       1.500922431313e-12       1.628869593059e-11       0.000000000000e+00       3.494986118921e-13       7.153261673821e-14       2.120034094139e-15 
  312       4.938077398054e-10       1.526231833162e-12       1.627751277113e-11       0.000000000000e+00       3.459004348838e-13       7.054991619625e-14       2.129237088054e-15 
  313       4.892300520715e-10       1.551598431838e-12       1.626117944023e-11       0.000000000000e+00       3.423513661610e-13       6.958016366933e-14       2.138182030137e-15 
  314       4.846592469588e-10       1.577013426490e-12       1.623969658436e-11       0.000000000000e+00       3.388508408637e-13       6.862318194531e-14       2.146866425685e-15 
  315       4.800966720840e-10       1.602467831439e-12       1.621306651294e-11       0.000000000000e+00       3.353982460897e-13       6.767878057765e-14       2.155287813097e-15 
  316       4.755436864540e-10       1.627952474883e-12       1.618129321543e-11       0.000000000000e+00       3.319929204004e-13       6.674675575136e-14       2.163443764367e-15 
  317       4.710016604643e-10       1.653457997598e-12       1.614438237841e-11       0.000000000000e+00       3.286341533261e-13       6.582689014891e-14       2.171331885590e-15 
  318       4.664719758976e-10       1.678974851640e-12       1.610234140263e-11       0.000000000000e+00       3.253211848716e-13       6.491895281614e-14       2.178949817457e-15 
  319       4.619560259215e-10       1.704493299047e-12       1.605517942012e-11       0.000000000000e+00       3.220532050214e-13       6.402269902822e-14       2.186295235760e-15 
  320       4.574552150869e-10       1.730003410541e-12       1.600290731125e-11       0.000000000000e+00       3.188293532458e-13       6.313787015554e-14       2.193365851888e-15 
  321       4.529709593265e-10       1.755495064232e-12       1.594553772178e-11       0.000000000000e+00       3.156487180054e-13       6.226419352965e-14       2.200159413329e-15 
  322       4.485046859528e-10       1.780957944319e-12       1.588308507996e-11       0.000000000000e+00       3.125103362577e-13       6.140138230915e-14       2.206673704169e-15 
  323       4.440578336562e-10       1.806381539791e-12       1.581556561359e-11       0.000000000000e+00       3.094131929617e-13       6.054913534569e-14       2.212906545594e-15 
  324       4.396318525037e-10       1.831755143130e-12       1.574299736713e-11       0.000000000000e+00       3.063562205839e-13       5.970713704980e-14       2.218855796387e-15 
  325       4.352282039365e-10       1.857067849016e-12       1.566540021870e-11       0.000000000000e+00       3.033382986034e-13       5.887505725689e-14       2.224519353430e-15 
  326       4.308483607690e-10       1.882308553025e-12       1.558279589723e-11       0.000000000000e+00       3.003582530179e-13       5.805255109312e-14       2.229895152207e-15 
  327       4.264938071862e-10       1.907465950332e-12       1.549520799950e-11       0.000000000000e+00       2.974148558487e-13       5.723925884135e-14       2.234981167295e-15 
  328       4.221660387427e-10       1.932528534416e-12       1.540266200719e-11       0.000000000000e+00       2.945068246462e-13       5.643480580707e-14       2.239775412876e-15 
  329       4.178665623604e-10       1.957484595760e-12       1.530518530402e-11       0.000000000000e+00       2.916328219958e-13       5.563880218431e-14       2.244275943226e-15 
  330       4.135968963270e-10       1.982322220551e-12       1.520280719274e-11       0.000000000000e+00       2.887914550231e-13       5.485084292154e-14       2.248480853222e-15 
  331       4.093585702940e-10       2.007029289388e-12       1.509555891229e-11       0.000000000000e+00       2.859812748991e-13       5.407050758765e-14       2.252388278842e-15 
  332       4.051530068505e-10       2.031594360825e-12       1.498347401255e-11       0.000000000000e+00       2.832010473377e-13       5.329744296795e-14       2.255996930349e-15 
  333       4.009811605385e-10       2.056009367260e-12       1.486658946198e-11       0.000000000000e+00       2.804505781336e-13       5.253161510752e-14       2.259307716537e-15 
  334       3.968438630811e-10       2.080267034151e-12       1.474494462173e-11       0.000000000000e+00       2.777299226820e-13       5.177306800435e-14       2.262322192346e-15 
  335       3.927419402568e-10       2.104360005450e-12       1.461858090969e-11       0.000000000000e+00       2.750391180370e-13       5.102184182722e-14       2.265042033641e-15 
  336       3.886762117689e-10       2.128280843262e-12       1.448754181788e-11       0.000000000000e+00       2.723781827111e-13       5.027797287142e-14       2.267469038288e-15 
  337       3.846474911153e-10       2.152022027510e-12       1.435187292999e-11       0.000000000000e+00       2.697471164749e-13       4.954149351444e-14       2.269605127233e-15 
  338       3.806565854586e-10       2.175575955595e-12       1.421162193879e-11       0.000000000000e+00       2.671459001569e-13       4.881243217174e-14       2.271452345583e-15 
  339       3.767042954950e-10       2.198934942061e-12       1.406683866362e-11       0.000000000000e+00       2.645744954430e-13       4.809081325242e-14       2.273012863680e-15 
  340       3.727914153248e-10       2.222091218257e-12       1.391757506783e-11       0.000000000000e+00       2.620328446757e-13       4.737665711497e-14       2.274288978181e-15 
  341       3.689187323216e-10       2.245036931999e-12       1.376388527625e-11       0.000000000000e+00       2.595208706547e-13       4.666998002300e-14       2.275283113139e-15 
  342       3.650870270020e-10       2.267764147233e-12       1.360582559267e-11       0.000000000000e+00       2.570384764355e-13       4.597079410092e-14       2.275997821076e-15 
  343       3.612970728957e-10       2.290264843699e-12       1.344345451728e-11       0.000000000000e+00       2.545855451298e-13       4.527910728971e-14       2.276435784064e-15 
  344       3.575496364148e-10       2.312530916589e-12       1.327683276413e-11       0.000000000000e+00       2.521619397044e-13       4.459492330260e-14       2.276599814806e-15 
  345       3.538454767236e-10       2.334554176217e-12       1.310602327862e-11       0.000000000000e+00       2.497675027816e-13       4.391824158081e-14       2.276492857708e-15 
  346       3.501853456083e-10       2.356326347674e-12       1.293109125493e-11       0.000000000000e+00       2.474020564381e-13       4.324905724927e-14       2.276117989962e-15 
  347       3.465699873468e-10       2.377839070497e-12       1.275210415350e-11       0.000000000000e+00       2.450654020054e-13       4.258736107233e-14       2.275478422624e-15 
  348       3.430001385783e-10       2.399083898327e-12       1.256913171850e-11       0.000000000000e+00       2.427573198685e-13       4.193313940951e-14       2.274577501690e-15 
  349       3.394765281728e-10       2.420052298574e-12       1.238224599525e-11       0.000000000000e+00       2.404775692663e-13       4.128637417117e-14       2.273418709174e-15 
  350       3.359998771013e-10       2.440735652078e-12       1.219152134774e-11       0.000000000000e+00       2.382258880908e-13       4.064704277428e-14       2.272005664191e-15 
  351       3.325708983049e-10       2.461125252776e-12       1.199703447606e-11       0.000000000000e+00       2.360019926870e-13       4.001511809811e-14       2.270342124029e-15 
  352       3.291902965651e-10       2.481212307356e-12       1.179886443386e-11       0.000000000000e+00       2.338055776522e-13       3.939056843998e-14       2.268431985231e-15 
  353       3.258587683729e-10       2.500987934929e-12       1.159709264583e-11       0.000000000000e+00       2.316363156359e-13       3.877335747093e-14       2.266279284672e-15 
  354       3.225770017990e-10       2.520443166687e-12       1.139180292513e-11       0.000000000000e+00       2.294938571394e-13       3.816344419149e-14       2.263888200638e-15 
  355       3.193456763631e-10       2.539568945565e-12       1.118308149089e-11       0.000000000000e+00       2.273778303150e-13       3.756078288739e-14       2.261263053904e-15 
  356       3.161654629039e-10       2.558356125906e-12       1.097101698566e-11       0.000000000000e+00       2.252878407664e-13       3.696532308526e-14       2.258408308811e-15 
  357       3.130370234484e-10       2.576795473120e-12       1.075570049286e-11       0.000000000000e+00       2.232234713477e-13       3.637700950837e-14       2.255328574347e-15 
  358       3.099610110823e-10       2.594877663352e-12       1.053722555424e-11       0.000000000000e+00       2.211842819631e-13       3.579578203234e-14       2.252028605221e-15 
  359       3.069380698189e-10       2.612593283140e-12       1.031568818737e-11       0.000000000000e+00       2.191698093669e-13       3.522157564087e-14       2.248513302945e-15 
  360       3.039688344693e-10       2.629932829080e-12       1.009118690308e-11       0.000000000000e+00       2.171795669625e-13       3.465432038145e-14       2.244787716913e-15 
  361       3.010539305118e-10       2.646886707487e-12       9.863822722906e-12       0.000000000000e+00       2.152130446028e-13       3.409394132108e-14       2.240857045473e-15 
  362       2.981939739620e-10       2.663445234060e-12       9.633699196604e-12       0.000000000000e+00       2.132697083891e-13       3.354035850203e-14       2.236726637013e-15 
  363       2.953895712419e-10       2.679598633542e-12       9.400922419563e-12       0.000000000000e+00       2.113490004712e-13       3.299348689748e-14       2.232401991035e-15 
  364       2.926413190503e-10       2.695337039383e-12       9.165601050286e-12       0.000000000000e+00       2.094503388466e-13       3.245323636733e-14       2.227888759232e-15 
  365       2.899498042317e-10       2.710650493406e-12       8.927846327853e-12       0.000000000000e+00       2.075731171607e-13       3.191951161384e-14       2.223192746571e-15 
  366       2.873156036469e-10       2.725528945465e-12       8.687772089381e-12       0.000000000000e+00       2.057167045060e-13       3.139221213742e-14       2.218319912366e-15 
  367       2.847392840418e-10       2.739962253111e-12       8.445494787487e-12       0.000000000000e+00       2.038804452216e-13       3.087123219231e-14       2.213276371359e-15 
  368       2.822214019177e-10       2.753940181251e-12       8.201133507749e-12       0.000000000000e+00       2.020636586932e-13       3.035646074230e-14       2.208068394800e-15 
  369       2.797625034008e-10       2.767452401815e-12       7.954809986167e-12       0.000000000000e+00       2.002656391528e-13       2.984778141647e-14       2.202702411521e-15 
  370       2.773631241119e-10       2.780488493416e-12       7.706648626630e-12       0.000000000000e+00       1.984856554777e-13       2.934507246491e-14       2.197185009017e-15 
  371       2.750237295453e-10       2.793039232202e-12       7.456767607899e-12       0.000000000000e+00       1.967230839602e-13       2.884823052389e-14       2.191521827279e-15 
  372       2.727445339003e-10       2.805100520772e-12       7.205251785376e-12       0.000000000000e+00       1.949778127505e-13       2.835724302689e-14       2.185714190389e-15 
  373       2.705256739106e-10       2.816669612222e-12       6.952178764007e-12       0.000000000000e+00       1.932498528348e-13       2.787211853810e-14       2.179762345332e-15 
  374       2.683672675137e-10       2.827743833608e-12       6.697627722786e-12       0.000000000000e+00       1.915392064089e-13       2.739286317505e-14       2.173666557464e-15 
  375       2.662694136693e-10       2.838320586731e-12       6.441679424475e-12       0.000000000000e+00       1.898458667936e-13       2.691948058505e-14       2.167427110630e-15 
  376       2.642321921769e-10       2.848397348925e-12       6.184416225316e-12       0.000000000000e+00       1.881698183498e-13       2.645197192157e-14       2.161044307278e-15 
  377       2.622556634940e-10       2.857971673837e-12       5.925922084743e-12       0.000000000000e+00       1.865110363937e-13       2.599033582070e-14       2.154518468573e-15 
  378       2.603398685540e-10       2.867041192216e-12       5.666282575100e-12       0.000000000000e+00       1.848694871122e-13       2.553456837755e-14       2.147849934516e-15 
  379       2.584848285844e-10       2.875603612697e-12       5.405584891355e-12       0.000000000000e+00       1.832451274781e-13       2.508466312269e-14       2.141039064056e-15 
  380       2.566905449242e-10       2.883656722588e-12       5.143917860812e-12       0.000000000000e+00       1.816379051650e-13       2.464061099856e-14       2.134086235210e-15 
  381       2.549569988425e-10       2.891198388653e-12       4.881371952831e-12       0.000000000000e+00       1.800477584631e-13       2.420240033590e-14       2.126991845172e-15 
  382       2.532841513560e-10       2.898226557898e-12       4.618039288536e-12       0.000000000000e+00       1.784746161941e-13       2.377001683016e-14       2.119756310435e-15 
  383       2.516719430473e-10       2.904739258358e-12       4.354013650535e-12       0.000000000000e+00       1.769183976265e-13       2.334344351796e-14       2.112380066903e-15 
  384       2.501202938826e-10       2.910734599879e-12       4.089390492631e-12       0.000000000000e+00       1.753790123908e-13       2.292266075345e-14       2.104863570007e-15 
  385       2.486291030300e-10       2.916210774907e-12       3.824266949540e-12       0.000000000000e+00       1.738563603948e-13       2.250764618479e-14       2.097207294820e-15 
  386       2.471982486770e-10       2.921166059270e-12       3.558741846601e-12       0.000000000000e+00       1.723503317388e-13       2.209837473055e-14       2.089411736174e-15 
  387       2.458275878489e-10       2.925598812965e-12       3.292915709496e-12       0.000000000000e+00       1.708608066309e-13       2.169481855612e-14       2.081477408775e-15 
  388       2.445169562266e-10       2.929507480945e-12       3.026890773960e-12       0.000000000000e+00       1.693876553021e-13       2.129694705016e-14       2.073404847317e-15 
  389       2.432661679644e-10       2.932890593901e-12       2.760770995498e-12       0.000000000000e+00       1.679307379218e-13       2.090472680100e-14       2.065194606599e-15 
  390       2.420750155083e-10       2.935746769048e-12       2.494662059100e-12       0.000000000000e+00       1.664899045127e-13       2.051812157307e-14       2.056847261642e-15 
  391       2.409432694139e-10       2.938074710911e-12       2.228671388953e-12       0.000000000000e+00       1.650649948662e-13       2.013709228333e-14       2.048363407800e-15 
  392       2.398706781640e-10       2.939873212113e-12       1.962908158158e-12       0.000000000000e+00       1.636558384579e-13       1.976159697770e-14       2.039743660880e-15 
  393       2.388569679871e-10       2.941141154154e-12       1.697483298446e-12       0.000000000000e+00       1.622622543624e-13       1.939159080743e-14       2.030988657255e-15 
  394       2.379018426749e-10       2.941877508203e-12       1.432509509886e-12       0.000000000000e+00       1.608840511686e-13       1.902702600560e-14       2.022099053980e-15 
  395       2.370049834006e-10       2.942081335878e-12       1.168101270609e-12       0.000000000000e+00       1.595210268953e-13       1.866785186349e-14       2.013075528909e-15 
  396       2.361660485368e-10       2.941751790034e-12       9.043748465136e-13       0.000000000000e+00       1.581729689061e-13       1.831401470702e-14       2.003918780807e-15 
  397       2.353846734732e-10       2.940888115548e-12       6.414483009877e-13       0.000000000000e+00       1.568396538247e-13       1.796545787317e-14       1.994629529469e-15 
  398       2.346604704351e-10       2.939489650106e-12       3.794415046185e-13       0.000000000000e+00       1.555208474504e-13       1.762212168639e-14       1.985208515835e-15 
  399       2.339930283007e-10       2.937555824982e-12       1.184761449091e-13       0.000000000000e+00       1.542163046728e-13       1.728394343505e-14       1.975656502103e-15 
  400       2.333819124197e-10       2.935086165833e-12      -1.413242640072e-13       0.000000000000e+00       1.529257693875e-13       1.695085734786e-14       1.965974271848e-15 
  401       2.328266644310e-10       2.932080293475e-12      -3.998343716524e-13       0.000000000000e+00       1.516489744113e-13       1.662279457024e-14       1.956162630133e-15 
  402       2.323268020804e-10       2.928537924674e-12      -6.569269814892e-13       0.000000000000e+00       1.503856413972e-13       1.629968314083e-14       1.946222403631e-15 
  403       2.318818190390e-10       2.924458872929e-12      -9.124730412065e-13       0.000000000000e+00       1.491354807498e-13       1.598144796784e-14       1.936154440732e-15 
  404       2.314911847210e-10       2.919843049259e-12      -1.166341633005e-12       0.000000000000e+00       1.478981915406e-13       1.566801080550e-14       1.925959611668e-15 
  405       2.311543441017e-10       2.914690462986e-12      -1.418399963880e-12       0.000000000000e+00       1.466734614230e-13       1.535929023049e-14       1.915638808621e-15 
  406       2.308707175353e-10       2.909001222522e-12      -1.668513355913e-12       0.000000000000e+00       1.454609665478e-13       1.505520161834e-14       1.905192945841e-15 
  407       2.306397005732e-10       2.902775536154e-12      -1.916545236551e-12       0.000000000000e+00       1.442603714783e-13       1.475565711989e-14       1.894622959763e-15 
  408       2.304606637815e-10       2.896013712829e-12      -2.162357128893e-12       0.000000000000e+00       1.430713291056e-13       1.446056563767e-14       1.883929809121e-15 
  409       2.303329525594e-10       2.888716162939e-12      -2.405808641978e-12       0.000000000000e+00       1.418934805638e-13       1.416983280234e-14       1.873114475062e-15 
  410       2.302559295205e-10       2.880884110319e-12      -2.646771755216e-12       0.000000000000e+00       1.407265181711e-13       1.388337542276e-14       1.862178037904e-15 
  411       2.302291036614e-10       2.872521754420e-12      -2.885174248938e-12       0.000000000000e+00       1.395703768830e-13       1.360116544803e-14       1.851121910153e-15 
  412       2.302520054103e-10       2.863634186258e-12      -3.120957793004e-12       0.000000000000e+00       1.384250494534e-13       1.332318751619e-14       1.839947611967e-15 
  413       2.303241443259e-10       2.854226685410e-12      -3.354063792067e-12       0.000000000000e+00       1.372905239819e-13       1.304942460801e-14       1.828656695427e-15 
  414       2.304450089452e-10       2.844304721303e-12      -3.584433386034e-12       0.000000000000e+00       1.361667838734e-13       1.277985803371e-14       1.817250744709e-15 
  415       2.306140666322e-10       2.833873954506e-12      -3.812007450537e-12       0.000000000000e+00       1.350538077989e-13       1.251446741969e-14       1.805731376257e-15 
  416       2.308307634260e-10       2.822940238026e-12      -4.036726597391e-12       0.000000000000e+00       1.339515696547e-13       1.225323069526e-14       1.794100238949e-15 
  417       2.310945238890e-10       2.811509618594e-12      -4.258531175063e-12       0.000000000000e+00       1.328600385234e-13       1.199612407940e-14       1.782359014268e-15 
  418       2.314047509554e-10       2.799588337960e-12      -4.477361269135e-12       0.000000000000e+00       1.317791786336e-13       1.174312206742e-14       1.770509416476e-15 
  419       2.317608257791e-10       2.787182834183e-12      -4.693156702768e-12       0.000000000000e+00       1.307089493199e-13       1.149419741778e-14       1.758553192776e-15 
  420       2.321621075824e-10       2.774299742927e-12      -4.905857037168e-12       0.000000000000e+00       1.296493049835e-13       1.124932113875e-14       1.746492123492e-15 
  421       2.326079335042e-10       2.760945898745e-12      -5.115401572051e-12       0.000000000000e+00       1.286001950516e-13       1.100846247514e-14       1.734328022230e-15 
  422       2.330976184481e-10       2.747128336381e-12      -5.321729346104e-12       0.000000000000e+00       1.275615639384e-13       1.077158889510e-14       1.722062736056e-15 
  423       2.336304549306e-10       2.732854292051e-12      -5.524779137454e-12       0.000000000000e+00       1.265333510044e-13       1.053866607678e-14       1.709698145658e-15 
  424       2.342057129297e-10       2.718131204743e-12      -5.724489464131e-12       0.000000000000e+00       1.255154905171e-13       1.030965789506e-14       1.697236165523e-15 
  425       2.348226397330e-10       2.702966717504e-12      -5.920798584530e-12       0.000000000000e+00       1.245079116108e-13       1.008452640833e-14       1.684678744103e-15 
  426       2.354804597861e-10       2.687368678735e-12      -6.113644497882e-12       0.000000000000e+00       1.235105382467e-13       9.863231845184e-15       1.672027863989e-15 
  427       2.361783745406e-10       2.671345143481e-12      -6.302964944710e-12       0.000000000000e+00       1.225232891735e-13       9.645732591156e-15       1.659285542075e-15 
  428       2.369155623025e-10       2.654904374721e-12      -6.488697407302e-12       0.000000000000e+00       1.215460778868e-13       9.431985175447e-15       1.646453829733e-15 
  429       2.376911780809e-10       2.638054844665e-12      -6.670779110169e-12       0.000000000000e+00       1.205788125898e-13       9.221944257661e-15       1.633534812983e-15 
  430       2.385043534354e-10       2.620805236041e-12      -6.849147020514e-12       0.000000000000e+00       1.196213961531e-13       9.015562614531e-15       1.620530612659e-15 
  431       2.393541963255e-10       2.603164443388e-12      -7.023737848694e-12       0.000000000000e+00       1.186737260750e-13       8.812791126650e-15       1.607443384585e-15 
  432       2.402397909576e-10       2.585141574348e-12      -7.194488048687e-12       0.000000000000e+00       1.177356944415e-13       8.613578765200e-15       1.594275319740e-15 
  433       2.411601976346e-10       2.566745950958e-12      -7.361333818554e-12       0.000000000000e+00       1.168071878865e-13       8.417872578681e-15       1.581028644428e-15 
  434       2.421144526030e-10       2.547987110944e-12      -7.524211100904e-12       0.000000000000e+00       1.158880875518e-13       8.225617679643e-15       1.567705620455e-15 
  435       2.431015679020e-10       2.528874809007e-12      -7.683055583361e-12       0.000000000000e+00       1.149782690475e-13       8.036757231414e-15       1.554308545290e-15 
  436       2.441205312114e-10       2.509419018119e-12      -7.837802699026e-12       0.000000000000e+00       1.140776024117e-13       7.851232434830e-15       1.540839752241e-15 
  437       2.451703057000e-10       2.489629930816e-12      -7.988387626943e-12       0.000000000000e+00       1.131859520711e-13       7.668982514962e-15       1.527301610623e-15 
  438       2.462498298739e-10       2.469517960487e-12      -8.134745292564e-12       0.000000000000e+00       1.123031768007e-13       7.489944707853e-15       1.513696525927e-15 
  439       2.473580174246e-10       2.449093742664e-12      -8.276810368210e-12       0.000000000000e+00       1.114291296841e-13       7.314054247239e-15       1.500026939994e-15 
  440       2.484937570774e-10       2.428368136319e-12      -8.414517273542e-12       0.000000000000e+00       1.105636580737e-13       7.141244351285e-15       1.486295331180e-15 
  441       2.496559124398e-10       2.407352225153e-12      -8.547800176020e-12       0.000000000000e+00       1.097066035506e-13       6.971446209311e-15       1.472504214530e-15 
  442       2.508433218496e-10       2.386057318886e-12      -8.676592991368e-12       0.000000000000e+00       1.088578018851e-13       6.804588968524e-15       1.458656141947e-15 
  443       2.520547982233e-10       2.364494954552e-12      -8.800829384045e-12       0.000000000000e+00       1.080170829963e-13       6.640599720747e-15       1.444753702360e-15 
  444       2.532891289041e-10       2.342676897790e-12      -8.920442767699e-12       0.000000000000e+00       1.071842709127e-13       6.479403489147e-15       1.430799521897e-15 
  445       2.545450755106e-10       2.320615144134e-12      -9.035366305642e-12       0.000000000000e+00       1.063591837321e-13       6.320923214967e-15       1.416796264055e-15 
  446       2.558213737850e-10       2.298321920305e-12      -9.145532911307e-12       0.000000000000e+00       1.055416335816e-13       6.165079744256e-15       1.402746629866e-15 
  447       2.571167334409e-10       2.275809685506e-12      -9.250875248718e-12       0.000000000000e+00       1.047314265780e-13       6.011791814595e-15       1.388653358073e-15 
  448       2.584298380122e-10       2.253091132709e-12      -9.351325732950e-12       0.000000000000e+00       1.039283627878e-13       5.860976041831e-15       1.374519225295e-15 
  449       2.597594680332e-10       2.230178703492e-12      -9.446828325805e-12       0.000000000000e+00       1.031322702545e-13       5.712561904703e-15       1.360346840021e-15 
  450       2.611048752791e-10       2.207083112606e-12      -9.537374342220e-12       0.000000000000e+00       1.023431083752e-13       5.566537259706e-15       1.346138016897e-15 
  451       2.624654203409e-10       2.183814778190e-12      -9.622967803815e-12       0.000000000000e+00       1.015608677919e-13       5.422904273425e-15       1.331894382516e-15 
  452       2.638404503103e-10       2.160384304909e-12      -9.703613755890e-12       0.000000000000e+00       1.007855366071e-13       5.281664553434e-15       1.317617579819e-15 
  453       2.652292987007e-10       2.136802484965e-12      -9.779318274888e-12       0.000000000000e+00       1.000171003640e-13       5.142819143938e-15       1.303309268138e-15 
  454       2.666312853692e-10       2.113080299090e-12      -9.850088475872e-12       0.000000000000e+00       9.925554202701e-14       5.006368521407e-15       1.288971123248e-15 
  455       2.680457164379e-10       2.089228917558e-12      -9.915932519989e-12       0.000000000000e+00       9.850084196199e-14       4.872312590216e-15       1.274604837411e-15 
  456       2.694718842154e-10       2.065259701181e-12      -9.976859621944e-12       0.000000000000e+00       9.775297791672e-14       4.740650678278e-15       1.260212119425e-15 
  457       2.709090671183e-10       2.041184202316e-12      -1.003288005747e-11       0.000000000000e+00       9.701192500117e-14       4.611381532688e-15       1.245794694674e-15 
  458       2.723565295930e-10       2.017014165866e-12      -1.008400517079e-11       0.000000000000e+00       9.627765566787e-14       4.484503315351e-15       1.231354305170e-15 
  459       2.738135220369e-10       1.992761530284e-12      -1.013024738209e-11       0.000000000000e+00       9.555013969227e-14       4.360013598627e-15       1.216892709606e-15 
  460       2.752792807200e-10       1.968438428575e-12      -1.017162019502e-11       0.000000000000e+00       9.482934415308e-14       4.237909360963e-15       1.202411683401e-15 
  461       2.767530277066e-10       1.944057189297e-12      -1.020813820409e-11       0.000000000000e+00       9.411523341267e-14       4.118186982536e-15       1.187913018750e-15 
  462       2.782339707768e-10       1.919630337570e-12      -1.023981710223e-11       0.000000000000e+00       9.340776909735e-14       4.000842240880e-15       1.173398524666e-15 
  463       2.797213033477e-10       1.895170596071e-12      -1.026667368819e-11       0.000000000000e+00       9.270691007780e-14       3.885870306536e-15       1.158870027035e-15 
  464       2.812142043954e-10       1.870690886043e-12      -1.028872587405e-11       0.000000000000e+00       9.201261244937e-14       3.773265738679e-15       1.144329368658e-15 
  465       2.827118383761e-10       1.846204328294e-12      -1.030599269265e-11       0.000000000000e+00       9.132482951246e-14       3.663022480759e-15       1.129778409302e-15 
  466       2.842133551479e-10       1.821724244202e-12      -1.031849430512e-11       0.000000000000e+00       9.064351175286e-14       3.555133856137e-15       1.115219025746e-15 
  467       2.857178898923e-10       1.797264156717e-12      -1.032625200830e-11       0.000000000000e+00       8.996860682212e-14       3.449592563726e-15       1.100653111829e-15 
  468       2.872245630358e-10       1.772837791365e-12      -1.032928824222e-11       0.000000000000e+00       8.930005951790e-14       3.346390673622e-15       1.086082578497e-15 
  469       2.887324801709e-10       1.748459077248e-12      -1.032762659758e-11       0.000000000000e+00       8.863781176430e-14       3.245519622746e-15       1.071509353851e-15 
  470       2.902407319785e-10       1.724142148050e-12      -1.032129182321e-11       0.000000000000e+00       8.798180259224e-14       3.146970210477e-15       1.056935383196e-15 
  471       2.917483941486e-10       1.699901343040e-12      -1.031030983357e-11       0.000000000000e+00       8.733196811982e-14       3.050732594296e-15       1.042362629087e-15 
  472       2.932545273024e-10       1.675751208070e-12      -1.029470771616e-11       0.000000000000e+00       8.668824153265e-14       2.956796285412e-15       1.027793071377e-15 
  473       2.947581769135e-10       1.651706496584e-12      -1.027451373904e-11       0.000000000000e+00       8.605055306423e-14       2.865150144413e-15       1.013228707265e-15 
  474       2.962583732297e-10       1.627782170618e-12      -1.024975735830e-11       0.000000000000e+00       8.541882997625e-14       2.775782376889e-15       9.986715513424e-16 
  475       2.977541311943e-10       1.603993401802e-12      -1.022046922548e-11       0.000000000000e+00       8.479299653904e-14       2.688680529081e-15       9.841236356425e-16 
  476       2.992444503675e-10       1.580355572364e-12      -1.018668119512e-11       0.000000000000e+00       8.417297401181e-14       2.603831483510e-15       9.695870096868e-16 
  477       3.007283148484e-10       1.556884276135e-12      -1.014842633215e-11       0.000000000000e+00       8.355868062312e-14       2.521221454619e-15       9.550637405333e-16 
  478       3.022046931962e-10       1.533595319546e-12      -1.010573891940e-11       0.000000000000e+00       8.295003155112e-14       2.440835984407e-15       9.405559128234e-16 
  479       3.036725383516e-10       1.510504722637e-12      -1.005865446508e-11       0.000000000000e+00       8.234693890399e-14       2.362659938069e-15       9.260656288303e-16 
  480       3.051307875587e-10       1.487628720056e-12      -1.000720971022e-11       0.000000000000e+00       8.174931170026e-14       2.286677499630e-15       9.115950085061e-16 
  481       3.065783622863e-10       1.464983762065e-12      -9.951442636153e-12       0.000000000000e+00       8.115705584917e-14       2.212872167584e-15       8.971461895298e-16 
  482       3.080141681495e-10       1.442586515539e-12      -9.891392472003e-12       0.000000000000e+00       8.057007413101e-14       2.141226750532e-15       8.827213273546e-16 
  483       3.094370948309e-10       1.420453864972e-12      -9.827099702123e-12       0.000000000000e+00       7.998826617750e-14       2.071723362816e-15       8.683225952557e-16 
  484       3.108460160029e-10       1.398602913478e-12      -9.758606073586e-12       0.000000000000e+00       7.941152845211e-14       2.004343420159e-15       8.539521843778e-16 
  485       3.122397892484e-10       1.377050983796e-12      -9.685954603647e-12       0.000000000000e+00       7.883975423045e-14       1.939067635303e-15       8.396123037829e-16 
  486       3.136172559827e-10       1.355815619291e-12      -9.609189587218e-12       0.000000000000e+00       7.827283358061e-14       1.875876013641e-15       8.253051804977e-16 
  487       3.149772413752e-10       1.334914584955e-12      -9.528356604331e-12       0.000000000000e+00       7.771065334350e-14       1.814747848860e-15       8.110330595617e-16 
  488       3.163186979728e-10       1.314364222858e-12      -9.443504795430e-12       0.000000000000e+00       7.715311567252e-14       1.755662289418e-15       7.967979439269e-16 
  489       3.176411414404e-10       1.294174462520e-12      -9.354693746625e-12       0.000000000000e+00       7.660019430040e-14       1.698600065436e-15       7.826008055352e-16 
  490       3.189442276527e-10       1.274353663800e-12      -9.261986824366e-12       0.000000000000e+00       7.605187991060e-14       1.643541804679e-15       7.684423508218e-16 
  491       3.202276101606e-10       1.254910249180e-12      -9.165448934764e-12       0.000000000000e+00       7.550816171946e-14       1.590467462302e-15       7.543232786535e-16 
  492       3.214909401843e-10       1.235852703944e-12      -9.065146532205e-12       0.000000000000e+00       7.496902746578e-14       1.539356316776e-15       7.402442802455e-16 
  493       3.227338666076e-10       1.217189576348e-12      -8.961147627959e-12       0.000000000000e+00       7.443446340057e-14       1.490186965811e-15       7.262060390782e-16 
  494       3.239560359714e-10       1.198929477799e-12      -8.853521798792e-12       0.000000000000e+00       7.390445427673e-14       1.442937322280e-15       7.122092308138e-16 
  495       3.251570924678e-10       1.181081083031e-12      -8.742340195575e-12       0.000000000000e+00       7.337898333872e-14       1.397584610141e-15       6.982545232134e-16 
  496       3.263366779333e-10       1.163653130276e-12      -8.627675551892e-12       0.000000000000e+00       7.285803231224e-14       1.354105360367e-15       6.843425760539e-16 
  497       3.274944318434e-10       1.146654421447e-12      -8.509602192657e-12       0.000000000000e+00       7.234158139396e-14       1.312475406864e-15       6.704740410442e-16 
  498       3.286299913057e-10       1.130093822303e-12      -8.388196042717e-12       0.000000000000e+00       7.182960924115e-14       1.272669882397e-15       6.566495617427e-16 
  499       3.297429910540e-10       1.113980262635e-12      -8.263534635466e-12       0.000000000000e+00       7.132209296141e-14       1.234663214518e-15       6.428697734737e-16 
  500       3.308330634421e-10       1.098322736433e-12      -8.135697121455e-12       0.000000000000e+00       7.081900810234e-14       1.198429121486e-15       6.291353032443e-16 
  501       3.318998384375e-10       1.083130302066e-12      -8.004764277004e-12       0.000000000000e+00       7.032032864122e-14       1.163940608190e-15       6.154467696613e-16 
  502       3.329429436153e-10       1.068412082457e-12      -7.870818512807e-12       0.000000000000e+00       6.982602697472e-14       1.131169962078e-15       6.018047828478e-16 
  503       3.339620041518e-10       1.054177265255e-12      -7.733943882549e-12       0.000000000000e+00       6.933607390857e-14       1.100088749078e-15       5.882099443603e-16 
  504       3.349566428186e-10       1.040435103017e-12      -7.594226091510e-12       0.000000000000e+00       6.885043864724e-14       1.070667809523e-15       5.746628471051e-16 
  505       3.359264799759e-10       1.027194913374e-12      -7.451752505182e-12       0.000000000000e+00       6.836908878363e-14       1.042877254074e-15       5.611640752555e-16 
  506       3.368711335669e-10       1.014466079215e-12      -7.306612157873e-12       0.000000000000e+00       6.789199028878e-14       1.016686459647e-15       5.477142041686e-16 
  507       3.377902191110e-10       1.002258048858e-12      -7.158895761322e-12       0.000000000000e+00       6.741910750154e-14       9.920640653348e-16       5.343138003015e-16 
  508       3.386833496982e-10       9.905803362263e-13      -7.008695713306e-12       0.000000000000e+00       6.695040311824e-14       9.689779683305e-16       5.209634211291e-16 
  509       3.395501359823e-10       9.794425210241e-13      -6.856106106251e-12       0.000000000000e+00       6.648583818240e-14       9.473953198544e-16       5.076636150599e-16 
  510       3.403901861750e-10       9.688542489112e-13      -6.701222735846e-12       0.000000000000e+00       6.602537207443e-14       9.272825210761e-16       4.944149213535e-16 
  511       3.412031060397e-10       9.588252316787e-13      -6.544143109649e-12       0.000000000000e+00       6.556896250126e-14       9.086052190397e-16       4.812178700373e-16 
  512       3.419884988852e-10       9.493652474246e-13      -6.384966455698e-12       0.000000000000e+00       6.511656548610e-14       8.913283025874e-16       4.680729818228e-16 
  513       3.427459655596e-10       9.404841407291e-13      -6.223793731122e-12       0.000000000000e+00       6.466813535808e-14       8.754158982841e-16       4.549807680231e-16 
  514       3.434751044439e-10       9.321918228296e-13      -6.060727630753e-12       0.000000000000e+00       6.422362474193e-14       8.608313663411e-16       4.419417304692e-16 
  515       3.441755114459e-10       9.244982717964e-13      -5.895872595734e-12       0.000000000000e+00       6.378298454770e-14       8.475372965408e-16       4.289563614273e-16 
  516       3.448467799941e-10       9.174135327079e-13      -5.729334822129e-12       0.000000000000e+00       6.334616396044e-14       8.354955041608e-16       4.160251435149e-16 
  517       3.454885010314e-10       9.109477178261e-13      -5.561222269536e-12       0.000000000000e+00       6.291311042986e-14       8.246670258975e-16       4.031485496182e-16 
  518       3.461002630088e-10       9.051110067719e-13      -5.391644669694e-12       0.000000000000e+00       6.248376966006e-14       8.150121157912e-16       3.903270428088e-16 
  519       3.466816518792e-10       8.999136467002e-13      -5.220713535098e-12       0.000000000000e+00       6.205808559916e-14       8.064902411495e-16       3.775610762603e-16 
  520       3.472322510914e-10       8.953659524759e-13      -5.048542167603e-12       0.000000000000e+00       6.163600042904e-14       7.990600784719e-16       3.648510931653e-16 
  521       3.477516415836e-10       8.914783068485e-13      -4.875245667040e-12       0.000000000000e+00       6.121745455500e-14       7.926795093740e-16       3.521975266519e-16 
  522       3.482394017776e-10       8.882611606279e-13      -4.700940939822e-12       0.000000000000e+00       6.080238659547e-14       7.873056165113e-16       3.396007997011e-16 
  523       3.486951075720e-10       8.857250328599e-13      -4.525746707559e-12       0.000000000000e+00       6.039073337165e-14       7.828946795038e-16       3.270613250629e-16 
  524       3.491183323366e-10       8.838805110011e-13      -4.349783515663e-12       0.000000000000e+00       5.998242989725e-14       7.794021708602e-16       3.145795051737e-16 
  525       3.495086469057e-10       8.827382510946e-13      -4.173173741964e-12       0.000000000000e+00       5.957740936814e-14       7.767827519015e-16       3.021557320727e-16 
  526       3.498656195722e-10       8.823089779452e-13      -3.996041605315e-12       0.000000000000e+00       5.917560315206e-14       7.749902686861e-16       2.897903873190e-16 
  527       3.501889124262e-10       8.826016227854e-13      -3.818504564719e-12       0.000000000000e+00       5.877695165816e-14       7.739846548193e-16       2.774838821850e-16 
  528       3.504785733087e-10       8.836176793750e-13      -3.640647238092e-12       0.000000000000e+00       5.838143729670e-14       7.737528577339e-16       2.652367796281e-16 
  529       3.507347519081e-10       8.853566923870e-13      -3.462546780233e-12       0.000000000000e+00       5.798905240919e-14       7.742884822647e-16       2.530496755230e-16 
  530       3.509576041799e-10       8.878181051929e-13      -3.284281432042e-12       0.000000000000e+00       5.759978846531e-14       7.755849349405e-16       2.409231586245e-16 
  531       3.511472923819e-10       8.910012592346e-13      -3.105930525418e-12       0.000000000000e+00       5.721363605721e-14       7.776354228869e-16       2.288578105013e-16 
  532       3.513039851100e-10       8.949053933964e-13      -2.927574488161e-12       0.000000000000e+00       5.683058489397e-14       7.804329527291e-16       2.168542054703e-16 
  533       3.514278573328e-10       8.995296433779e-13      -2.749294848865e-12       0.000000000000e+00       5.645062379593e-14       7.839703294948e-16       2.049129105306e-16 
  534       3.515190904275e-10       9.048730410651e-13      -2.571174241815e-12       0.000000000000e+00       5.607374068907e-14       7.882401555168e-16       1.930344852980e-16 
  535       3.515778722153e-10       9.109345139034e-13      -2.393296411887e-12       0.000000000000e+00       5.569992259940e-14       7.932348293361e-16       1.812194819387e-16 
  536       3.516043969961e-10       9.177128842693e-13      -2.215746219445e-12       0.000000000000e+00       5.532915564735e-14       7.989465446048e-16       1.694684451039e-16 
  537       3.515988655847e-10       9.252068688424e-13      -2.038609645239e-12       0.000000000000e+00       5.496142504211e-14       8.053672889885e-16       1.577819118638e-16 
  538       3.515614853454e-10       9.334150779782e-13      -1.861973795297e-12       0.000000000000e+00       5.459671507607e-14       8.124888430695e-16       1.461604116419e-16 
  539       3.514924702276e-10       9.423360150796e-13      -1.685926905831e-12       0.000000000000e+00       5.423500911913e-14       8.203027792497e-16       1.346044661489e-16 
  540       3.513920408015e-10       9.519680759691e-13      -1.510558348129e-12       0.000000000000e+00       5.387628961314e-14       8.288004606529e-16       1.231145893172e-16 
  541       3.512604242928e-10       9.623095482613e-13      -1.335958633452e-12       0.000000000000e+00       5.352053806623e-14       8.379730400284e-16       1.116912872347e-16 
  542       3.510978546186e-10       9.733586107348e-13      -1.162219417936e-12       0.000000000000e+00       5.316773504723e-14       8.478114586530e-16       1.003350580795e-16 
  543       3.509045724223e-10       9.851133327044e-13      -9.894335074818e-13       0.000000000000e+00       5.281786018001e-14       8.583064452347e-16       8.904639205348e-17 
  544       3.506808251093e-10       9.975716733931e-13      -8.176948626617e-13       0.000000000000e+00       5.247089213789e-14       8.694485148146e-16       7.782577131699e-17 
  545       3.504268668821e-10       1.010731481304e-12      -6.470986036097e-13       0.000000000000e+00       5.212680863800e-14       8.812279676706e-16       6.667366992271e-17 
  546       3.501429587757e-10       1.024590493594e-12      -4.777410149222e-13       0.000000000000e+00       5.178558643568e-14       8.936348882197e-16       5.559055374992e-17 
  547       3.498293686930e-10       1.039146335444e-12      -3.097195505544e-13       0.000000000000e+00       5.144720131884e-14       9.066591439209e-16       4.457688043869e-17 
  548       3.494863714401e-10       1.054396519431e-12      -1.431328387183e-13       0.000000000000e+00       5.111162810232e-14       9.202903841782e-16       3.363309932402e-17 
  549       3.491142487618e-10       1.070338444901e-12       2.191931322043e-14       0.000000000000e+00       5.077884062233e-14       9.345180392433e-16       2.275965137007e-17 
  550       3.487132893764e-10       1.086969397344e-12       1.853359138445e-13       0.000000000000e+00       5.044881173077e-14       9.493313191185e-16       1.195696910426e-17 
  551       3.482837890117e-10       1.104286547760e-12       3.470147827880e-13       0.000000000000e+00       5.012151328964e-14       9.647192124594e-16       1.225476551512e-18 
  552       3.478260504400e-10       1.122286952035e-12       5.068525458388e-13       0.000000000000e+00       4.979691616539e-14       9.806704854780e-16      -9.434410831609e-18 
  553       3.473403835136e-10       1.140967550314e-12       6.647446300411e-13       0.000000000000e+00       4.947499022334e-14       9.971736808451e-16      -2.002228622271e-17 
  554       3.468271051999e-10       1.160325166370e-12       8.205852587980e-13       0.000000000000e+00       4.915570432204e-14       1.014217116594e-15      -3.053775149941e-17 
  555       3.462865396168e-10       1.180356506980e-12       9.742674469742e-13       0.000000000000e+00       4.883902630763e-14       1.031788885021e-15      -4.098041730512e-17 
  556       3.457190180684e-10       1.201058161292e-12       1.125682995999e-12       0.000000000000e+00       4.852492300823e-14       1.049876851593e-15      -5.134990311493e-17 
  557       3.451248790799e-10       1.222426600203e-12       1.274722488966e-12       0.000000000000e+00       4.821336022836e-14       1.068468653844e-15      -6.164583730140e-17 
  558       3.445044684331e-10       1.244458175728e-12       1.421275285742e-12       0.000000000000e+00       4.790430274324e-14       1.087551700283e-15      -7.186785720037e-17 
  559       3.438581392017e-10       1.267149120369e-12       1.565229518063e-12       0.000000000000e+00       4.759771429323e-14       1.107113169295e-15      -8.201560917682e-17 
  560       3.431862517867e-10       1.290495546495e-12       1.706472084640e-12       0.000000000000e+00       4.729355757820e-14       1.127140008044e-15      -9.208874869066e-17 
  561       3.424891739518e-10       1.314493445707e-12       1.844888646260e-12       0.000000000000e+00       4.699179425189e-14       1.147618931374e-15      -1.020869403626e-16 
  562       3.417672808587e-10       1.339138688213e-12       1.980363620891e-12       0.000000000000e+00       4.669238491631e-14       1.168536420716e-15      -1.120098580399e-16 
  563       3.410209551021e-10       1.364427022201e-12       2.112780178784e-12       0.000000000000e+00       4.639528911607e-14       1.189878722987e-15      -1.218571848623e-16 
  564       3.402505867458e-10       1.390354073211e-12       2.242020237571e-12       0.000000000000e+00       4.610046533285e-14       1.211631849494e-15      -1.316286133277e-16 
  565       3.394565733572e-10       1.416915343502e-12       2.367964457375e-12       0.000000000000e+00       4.580787097969e-14       1.233781574838e-15      -1.413238453582e-16 
  566       3.386393305467e-10       1.444105356507e-12       2.490506581386e-12       0.000000000000e+00       4.551746889272e-14       1.256315104790e-15      -1.509425079329e-16 
  567       3.377993238104e-10       1.471915067253e-12       2.609596872934e-12       0.000000000000e+00       4.522924700120e-14       1.279226129303e-15      -1.604838974689e-16 
  568       3.369370375762e-10       1.500334384074e-12       2.725199786232e-12       0.000000000000e+00       4.494319915239e-14       1.302509897331e-15      -1.699472289943e-16 
  569       3.360529648135e-10       1.529353016569e-12       2.837279722477e-12       0.000000000000e+00       4.465931865690e-14       1.326161559146e-15      -1.793317200197e-16 
  570       3.351476070729e-10       1.558960474649e-12       2.945801030320e-12       0.000000000000e+00       4.437759828544e-14       1.350176165860e-15      -1.886365905730e-16 
  571       3.342214745247e-10       1.589146067591e-12       3.050728006330e-12       0.000000000000e+00       4.409803026569e-14       1.374548668960e-15      -1.978610632334e-16 
  572       3.332750859989e-10       1.619898903094e-12       3.152024895459e-12       0.000000000000e+00       4.382060627906e-14       1.399273919826e-15      -2.070043631656e-16 
  573       3.323089690240e-10       1.651207886325e-12       3.249655891515e-12       0.000000000000e+00       4.354531745751e-14       1.424346669266e-15      -2.160657181540e-16 
  574       3.313236598665e-10       1.683061718978e-12       3.343585137621e-12       0.000000000000e+00       4.327215438037e-14       1.449761567036e-15      -2.250443586371e-16 
  575       3.303197035702e-10       1.715448898321e-12       3.433776726686e-12       0.000000000000e+00       4.300110707115e-14       1.475513161373e-15      -2.339395177420e-16 
  576       3.292976539952e-10       1.748357716254e-12       3.520194701871e-12       0.000000000000e+00       4.273216499434e-14       1.501595898515e-15      -2.427504313180e-16 
  577       3.282580738575e-10       1.781776258355e-12       3.602803057056e-12       0.000000000000e+00       4.246531705219e-14       1.528004122235e-15      -2.514763379714e-16 
  578       3.272015347679e-10       1.815692402938e-12       3.681565737306e-12       0.000000000000e+00       4.220055158158e-14       1.554732073364e-15      -2.601164790995e-16 
  579       3.261286172716e-10       1.850093820102e-12       3.756446639338e-12       0.000000000000e+00       4.193785635080e-14       1.581773889319e-15      -2.686700989250e-16 
  580       3.250399108875e-10       1.884967970786e-12       3.827409611986e-12       0.000000000000e+00       4.167721855631e-14       1.609123603627e-15      -2.771364445302e-16 
  581       3.239360141470e-10       1.920302105819e-12       3.894418456672e-12       0.000000000000e+00       4.141862481964e-14       1.636775145457e-15      -2.855147658911e-16 
  582       3.228175346337e-10       1.956083264976e-12       3.957436927868e-12       0.000000000000e+00       4.116206118413e-14       1.664722339143e-15      -2.938043159120e-16 
  583       3.216850890227e-10       1.992298276026e-12       4.016428733564e-12       0.000000000000e+00       4.090751311176e-14       1.692958903714e-15      -3.020043504594e-16 
  584       3.205393031194e-10       2.028933753786e-12       4.071357535738e-12       0.000000000000e+00       4.065496547995e-14       1.721478452416e-15      -3.101141283963e-16 
  585       3.193808118994e-10       2.065976099176e-12       4.122186950817e-12       0.000000000000e+00       4.040440257840e-14       1.750274492245e-15      -3.181329116167e-16 
  586       3.182102595471e-10       2.103411498270e-12       4.168880550149e-12       0.000000000000e+00       4.015580810584e-14       1.779340423469e-15      -3.260599650798e-16 
  587       3.170282994958e-10       2.141225921346e-12       4.211401860465e-12       0.000000000000e+00       3.990916516691e-14       1.808669539158e-15      -3.338945568439e-16 
  588       3.158355944659e-10       2.179405121941e-12       4.249714364349e-12       0.000000000000e+00       3.966445626890e-14       1.838255024708e-15      -3.416359581011e-16 
  589       3.146328165052e-10       2.217934635904e-12       4.283781500705e-12       0.000000000000e+00       3.942166331861e-14       1.868089957371e-15      -3.492834432113e-16 
  590       3.134206470275e-10       2.256799780447e-12       4.313566665221e-12       0.000000000000e+00       3.918076761912e-14       1.898167305780e-15      -3.568362897366e-16 
  591       3.121997768522e-10       2.295985653196e-12       4.339033210836e-12       0.000000000000e+00       3.894174986664e-14       1.928479929477e-15      -3.642937784752e-16 
  592       3.109709062432e-10       2.335477131249e-12       4.360144448209e-12       0.000000000000e+00       3.870459014728e-14       1.959020578439e-15      -3.716551934962e-16 
  593       3.097347449489e-10       2.375258870222e-12       4.376863646185e-12       0.000000000000e+00       3.846926793387e-14       1.989781892604e-15      -3.789198221736e-16 
  594       3.084920122404e-10       2.415315303306e-12       4.389154032260e-12       0.000000000000e+00       3.823576208277e-14       2.020756401400e-15      -3.860869552202e-16 
  595       3.072434369518e-10       2.455630640315e-12       4.396978793048e-12       0.000000000000e+00       3.800405083070e-14       2.051936523271e-15      -3.931558867226e-16 
  596       3.059897575187e-10       2.496188866744e-12       4.400301074750e-12       0.000000000000e+00       3.777411179150e-14       2.083314565205e-15      -4.001259141748e-16 
  597       3.047317220182e-10       2.536973742817e-12       4.399083983618e-12       0.000000000000e+00       3.754592195299e-14       2.114882722256e-15      -4.069963385127e-16 
  598       3.034700882073e-10       2.577968802543e-12       4.393290586423e-12       0.000000000000e+00       3.731945767375e-14       2.146633077080e-15      -4.137664641484e-16 
  599       3.022056235630e-10       2.619157352764e-12       4.382883910922e-12       0.000000000000e+00       3.709469467992e-14       2.178557599452e-15      -4.204355990043e-16 
  600       3.009391053208e-10       2.660522472213e-12       4.367826946322e-12       0.000000000000e+00       3.687160806205e-14       2.210648145800e-15      -4.270030545476e-16 
  601       2.996713205147e-10       2.702047010560e-12       4.348082643753e-12       0.000000000000e+00       3.665017227184e-14       2.242896458729e-15      -4.334681458244e-16 
  602       2.984030660160e-10       2.743713587472e-12       4.323613916725e-12       0.000000000000e+00       3.643036111902e-14       2.275294166546e-15      -4.398301914937e-16 
  603       2.971351485727e-10       2.785504591658e-12       4.294383641605e-12       0.000000000000e+00       3.621214776813e-14       2.307832782793e-15      -4.460885138623e-16 
  604       2.958683848487e-10       2.827402179926e-12       4.260354658076e-12       0.000000000000e+00       3.599550473529e-14       2.340503705767e-15      -4.522424389183e-16 
  605       2.946035377539e-10       2.869389107617e-12       4.221501154823e-12       0.000000000000e+00       3.578040794220e-14       2.373298383148e-15      -4.582915056708e-16 
  606       2.933411236699e-10       2.911451243792e-12       4.177843126752e-12       0.000000000000e+00       3.556684899143e-14       2.406208811176e-15      -4.642360996333e-16 
  607       2.920816006602e-10       2.953575114735e-12       4.129412748396e-12       0.000000000000e+00       3.535482318040e-14       2.439227046561e-15      -4.700768346619e-16 
  608       2.908254317772e-10       2.995747077379e-12       4.076243067979e-12       0.000000000000e+00       3.514432546911e-14       2.472345042049e-15      -4.758143451329e-16 
  609       2.895730850812e-10       3.037953318634e-12       4.018368011614e-12       0.000000000000e+00       3.493535047828e-14       2.505554646010e-15      -4.814492860461e-16 
  610       2.883250336584e-10       3.080179854705e-12       3.955822387490e-12       0.000000000000e+00       3.472789248751e-14       2.538847602014e-15      -4.869823331275e-16 
  611       2.870817556394e-10       3.122412530423e-12       3.888641890068e-12       0.000000000000e+00       3.452194543339e-14       2.572215548413e-15      -4.924141829318e-16 
  612       2.858437342178e-10       3.164637018567e-12       3.816863104276e-12       0.000000000000e+00       3.431750290765e-14       2.605650017925e-15      -4.977455529454e-16 
  613       2.846114576683e-10       3.206838819187e-12       3.740523509699e-12       0.000000000000e+00       3.411455815532e-14       2.639142437209e-15      -5.029771816892e-16 
  614       2.833854193655e-10       3.249003258932e-12       3.659661484772e-12       0.000000000000e+00       3.391310407281e-14       2.672684126453e-15      -5.081098288210e-16 
  615       2.821661178020e-10       3.291115490370e-12       3.574316310975e-12       0.000000000000e+00       3.371313320609e-14       2.706266298949e-15      -5.131442752388e-16 
  616       2.809540566069e-10       3.333160491317e-12       3.484528177026e-12       0.000000000000e+00       3.351463774883e-14       2.739880060677e-15      -5.180813231831e-16 
  617       2.797497445644e-10       3.375123064161e-12       3.390338183075e-12       0.000000000000e+00       3.331760954049e-14       2.773516409886e-15      -5.229217963398e-16 
  618       2.785536956318e-10       3.416987835183e-12       3.291788344891e-12       0.000000000000e+00       3.312204006451e-14       2.807166236674e-15      -5.276665399430e-16 
  619       2.773664289584e-10       3.458739253886e-12       3.188921598066e-12       0.000000000000e+00       3.292792044642e-14       2.840820322567e-15      -5.323164208778e-16 
  620       2.761884689036e-10       3.500361592316e-12       3.081781802196e-12       0.000000000000e+00       3.273524145197e-14       2.874469340105e-15      -5.368723277831e-16 
  621       2.750203450554e-10       3.541838944388e-12       2.970413745085e-12       0.000000000000e+00       3.254399348529e-14       2.908103852418e-15      -5.413351711540e-16 
  622       2.738625922488e-10       3.583155225214e-12       2.854863146930e-12       0.000000000000e+00       3.235416658700e-14       2.941714312811e-15      -5.457058834452e-16 
  623       2.727157505842e-10       3.624294170420e-12       2.735176664518e-12       0.000000000000e+00       3.216575043237e-14       2.975291064340e-15      -5.499854191729e-16 
  624       2.715803654461e-10       3.665239335477e-12       2.611401895418e-12       0.000000000000e+00       3.197873432943e-14       3.008824339397e-15      -5.541747550186e-16 
  625       2.704569875208e-10       3.705974095024e-12       2.483587382177e-12       0.000000000000e+00       3.179310721714e-14       3.042304259292e-15      -5.582748899308e-16 
  626       2.693461728158e-10       3.746481642191e-12       2.351782616508e-12       0.000000000000e+00       3.160885766349e-14       3.075720833828e-15      -5.622868452287e-16 
  627       2.682484826773e-10       3.786744987924e-12       2.216038043486e-12       0.000000000000e+00       3.142597386366e-14       3.109063960887e-15      -5.662116647042e-16 
  628       2.671644838091e-10       3.826746960313e-12       2.076405065742e-12       0.000000000000e+00       3.124444363815e-14       3.142323426012e-15      -5.700504147252e-16 
  629       2.660947482911e-10       3.866470203912e-12       1.932936047654e-12       0.000000000000e+00       3.106425443093e-14       3.175488901981e-15      -5.738041843380e-16 
  630       2.650398535973e-10       3.905897179063e-12       1.785684319543e-12       0.000000000000e+00       3.088539330754e-14       3.208549948396e-15      -5.774740853702e-16 
  631       2.640003826146e-10       3.945010161228e-12       1.634704181861e-12       0.000000000000e+00       3.070784695327e-14       3.241496011259e-15      -5.810612525338e-16 
  632       2.629769236610e-10       3.983791240304e-12       1.480050909391e-12       0.000000000000e+00       3.053160167125e-14       3.274316422554e-15      -5.845668435271e-16 
  633       2.619700705042e-10       4.022222319954e-12       1.321780755433e-12       0.000000000000e+00       3.035664338064e-14       3.307000399828e-15      -5.879920391384e-16 
  634       2.609804223796e-10       4.060285116931e-12       1.159950956004e-12       0.000000000000e+00       3.018295761472e-14       3.339537045774e-15      -5.913380433482e-16 
  635       2.600085840094e-10       4.097961160400e-12       9.946197340246e-13       0.000000000000e+00       3.001052951905e-14       3.371915347807e-15      -5.946060834321e-16 
  636       2.590551656204e-10       4.135231791262e-12       8.258463035176e-13       0.000000000000e+00       2.983934384959e-14       3.404124177652e-15      -5.977974100636e-16 
  637       2.581207829627e-10       4.172078161483e-12       6.536908737976e-13       0.000000000000e+00       2.966938497088e-14       3.436152290917e-15      -6.009132974167e-16 
  638       2.572060573280e-10       4.208481233416e-12       4.782146536657e-13       0.000000000000e+00       2.950063685410e-14       3.467988326680e-15      -6.039550432691e-16 
  639       2.563116155682e-10       4.244421779124e-12       2.994798556019e-13       0.000000000000e+00       2.933308307529e-14       3.499620807068e-15      -6.069239691043e-16 
  640       2.554380901136e-10       4.279880379707e-12       1.175496999587e-13       0.000000000000e+00       2.916670681340e-14       3.531038136837e-15      -6.098214202149e-16 
  641       2.545861189913e-10       4.314837424626e-12      -6.751158084579e-14       0.000000000000e+00       2.900149084852e-14       3.562228602953e-15      -6.126487658051e-16 
  642       2.537563458439e-10       4.349273111027e-12      -2.556387381352e-13       0.000000000000e+00       2.883741755994e-14       3.593180374176e-15      -6.154073990936e-16 
  643       2.529494199477e-10       4.383167443066e-12      -4.467655027813e-13       0.000000000000e+00       2.867446892431e-14       3.623881500637e-15      -6.180987374162e-16 
  644       2.521659073039e-10       4.416502345463e-12      -6.408229165393e-13       0.000000000000e+00       2.851262907749e-14       3.654321801596e-15      -6.207238197334e-16 
  645       2.514060216657e-10       4.449268058044e-12      -8.377342930863e-13       0.000000000000e+00       2.835189206735e-14       3.684498576469e-15      -6.232820889442e-16 
  646       2.506698874608e-10       4.481456884574e-12      -1.037420134659e-12       0.000000000000e+00       2.819225427274e-14       3.714411022213e-15      -6.257725822190e-16 
  647       2.499576281604e-10       4.513061091564e-12      -1.239799781536e-12       0.000000000000e+00       2.803371185451e-14       3.744058356979e-15      -6.281943310864e-16 
  648       2.492693662713e-10       4.544072908205e-12      -1.444791407365e-12       0.000000000000e+00       2.787626075442e-14       3.773439820240e-15      -6.305463614198e-16 
  649       2.486052233295e-10       4.574484526306e-12      -1.652312014488e-12       0.000000000000e+00       2.771989669402e-14       3.802554672914e-15      -6.328276934239e-16 
  650       2.479653198923e-10       4.604288100227e-12      -1.862277429268e-12       0.000000000000e+00       2.756461517353e-14       3.831402197491e-15      -6.350373416208e-16 
  651       2.473497755310e-10       4.633475746813e-12      -2.074602297416e-12       0.000000000000e+00       2.741041147068e-14       3.859981698161e-15      -6.371743148368e-16 
  652       2.467587088242e-10       4.662039545335e-12      -2.289200079313e-12       0.000000000000e+00       2.725728063963e-14       3.888292500942e-15      -6.392376161888e-16 
  653       2.461922373500e-10       4.689971537420e-12      -2.505983045341e-12       0.000000000000e+00       2.710521750983e-14       3.916333953800e-15      -6.412262430708e-16 
  654       2.456504776787e-10       4.717263726988e-12      -2.724862271206e-12       0.000000000000e+00       2.695421668489e-14       3.944105426783e-15      -6.431391871400e-16 
  655       2.451335453661e-10       4.743908080189e-12      -2.945747633266e-12       0.000000000000e+00       2.680427254148e-14       3.971606312143e-15      -6.449754343038e-16 
  656       2.446415549454e-10       4.769896525335e-12      -3.168547803853e-12       0.000000000000e+00       2.665537922817e-14       3.998836024462e-15      -6.467339647058e-16 
  657       2.441746199206e-10       4.795220952839e-12      -3.393170246605e-12       0.000000000000e+00       2.650753066433e-14       4.025794000781e-15      -6.484137527124e-16 
  658       2.437328527591e-10       4.819873215148e-12      -3.619521211788e-12       0.000000000000e+00       2.636072053903e-14       4.052479700726e-15      -6.500137668993e-16 
  659       2.433163648840e-10       4.843845126678e-12      -3.847505731621e-12       0.000000000000e+00       2.621494230986e-14       4.078892606633e-15      -6.515329700382e-16 
  660       2.429252666673e-10       4.867128463752e-12      -4.077027615608e-12       0.000000000000e+00       2.607018920187e-14       4.105032223673e-15      -6.529703190825e-16 
  661       2.425596674224e-10       4.889714964534e-12      -4.307989445856e-12       0.000000000000e+00       2.592645420638e-14       4.130898079984e-15      -6.543247651547e-16 
  662       2.422196753970e-10       4.911596328961e-12      -4.540292572407e-12       0.000000000000e+00       2.578373007992e-14       4.156489726791e-15      -6.555952535320e-16 
  663       2.419053977656e-10       4.932764218686e-12      -4.773837108562e-12       0.000000000000e+00       2.564200934307e-14       4.181806738536e-15      -6.567807236333e-16 
  664       2.416169406222e-10       4.953210257006e-12      -5.008521926207e-12       0.000000000000e+00       2.550128427935e-14       4.206848713006e-15      -6.578801090057e-16 
  665       2.413544089735e-10       4.972926028801e-12      -5.244244651139e-12       0.000000000000e+00       2.536154693409e-14       4.231615271453e-15      -6.588923373105e-16 
  666       2.411179067309e-10       4.991903080467e-12      -5.480901658392e-12       0.000000000000e+00       2.522278911331e-14       4.256106058729e-15      -6.598163303099e-16 
  667       2.409075367038e-10       5.010132919856e-12      -5.718388067563e-12       0.000000000000e+00       2.508500238260e-14       4.280320743404e-15      -6.606510038535e-16 
  668       2.407234005922e-10       5.027607016206e-12      -5.956597738139e-12       0.000000000000e+00       2.494817806599e-14       4.304259017898e-15      -6.613952678649e-16 
  669       2.405655989792e-10       5.044316800079e-12      -6.195423264822e-12       0.000000000000e+00       2.481230724484e-14       4.327920598606e-15      -6.620480263276e-16 
  670       2.404342313239e-10       5.060253663297e-12      -6.434755972854e-12       0.000000000000e+00       2.467738075670e-14       4.351305226025e-15      -6.626081772721e-16 
  671       2.403293959542e-10       5.075408958874e-12      -6.674485913346e-12       0.000000000000e+00       2.454338919421e-14       4.374412664878e-15      -6.630746127621e-16 
  672       2.402511900592e-10       5.089774000958e-12      -6.914501858602e-12       0.000000000000e+00       2.441032290393e-14       4.397242704242e-15      -6.634462188807e-16 
  673       2.401997096825e-10       5.103340064758e-12      -7.154691297444e-12       0.000000000000e+00       2.427817198527e-14       4.419795157676e-15      -6.637218757171e-16 
  674       2.401750497142e-10       5.116098386486e-12      -7.394940430541e-12       0.000000000000e+00       2.414692628936e-14       4.442069863345e-15      -6.639004573533e-16 
  675       2.401773038844e-10       5.128040163288e-12      -7.635134165732e-12       0.000000000000e+00       2.401657541789e-14       4.464066684146e-15      -6.639808318500e-16 
  676       2.402065647551e-10       5.139156553182e-12      -7.875156113355e-12       0.000000000000e+00       2.388710872202e-14       4.485785507838e-15      -6.639618612334e-16 
  677       2.402629237136e-10       5.149438674994e-12      -8.114888581570e-12       0.000000000000e+00       2.375851530123e-14       4.507226247164e-15      -6.638424014817e-16 
  678       2.403464709650e-10       5.158877608290e-12      -8.354212571687e-12       0.000000000000e+00       2.363078400225e-14       4.528388839980e-15      -6.636213025113e-16 
  679       2.404572955248e-10       5.167464393314e-12      -8.593007773492e-12       0.000000000000e+00       2.350390341787e-14       4.549273249383e-15      -6.632974081636e-16 
  680       2.405954852117e-10       5.175190030922e-12      -8.831152560572e-12       0.000000000000e+00       2.337786188584e-14       4.569879463833e-15      -6.628695561910e-16 
  681       2.407611266405e-10       5.182045482519e-12      -9.068523985641e-12       0.000000000000e+00       2.325264748780e-14       4.590207497283e-15      -6.623365782438e-16 
  682       2.409543052144e-10       5.188021669994e-12      -9.304997775868e-12       0.000000000000e+00       2.312824804805e-14       4.610257389302e-15      -6.616972998563e-16 
  683       2.411750466666e-10       5.193111606661e-12      -9.540457119408e-12       0.000000000000e+00       2.300465281877e-14       4.630028908149e-15      -6.609510513196e-16 
  684       2.414231403281e-10       5.197316840148e-12      -9.774819240299e-12       0.000000000000e+00       2.288185757694e-14       4.649520652767e-15      -6.600992122941e-16 
  685       2.416983120726e-10       5.200641146909e-12      -1.000800938158e-11       0.000000000000e+00       2.275985963396e-14       4.668730931865e-15      -6.591437001409e-16 
  686       2.420002824048e-10       5.203088414151e-12      -1.023995206303e-11       0.000000000000e+00       2.263865615857e-14       4.687658059295e-15      -6.580864621390e-16 
  687       2.423287664374e-10       5.204662640323e-12      -1.047057107877e-11       0.000000000000e+00       2.251824417616e-14       4.706300354099e-15      -6.569294756028e-16 
  688       2.426834738694e-10       5.205367935590e-12      -1.069978949485e-11       0.000000000000e+00       2.239862056807e-14       4.724656140560e-15      -6.556747480001e-16 
  689       2.430641089637e-10       5.205208522320e-12      -1.092752964679e-11       0.000000000000e+00       2.227978207091e-14       4.742723748250e-15      -6.543243170694e-16 
  690       2.434703705244e-10       5.204188735570e-12      -1.115371313723e-11       0.000000000000e+00       2.216172527589e-14       4.760501512083e-15      -6.528802509378e-16 
  691       2.439019518751e-10       5.202313023562e-12      -1.137826083346e-11       0.000000000000e+00       2.204444662810e-14       4.777987772364e-15      -6.513446482387e-16 
  692       2.443585408363e-10       5.199585948170e-12      -1.160109286503e-11       0.000000000000e+00       2.192794242581e-14       4.795180874840e-15      -6.497196382295e-16 
  693       2.448398197030e-10       5.196012185402e-12      -1.182212862132e-11       0.000000000000e+00       2.181220881983e-14       4.812079170746e-15      -6.480073809090e-16 
  694       2.453454652226e-10       5.191596525883e-12      -1.204128674915e-11       0.000000000000e+00       2.169724181278e-14       4.828681016862e-15      -6.462100671355e-16 
  695       2.458751485728e-10       5.186343875337e-12      -1.225848515033e-11       0.000000000000e+00       2.158303725840e-14       4.844984775556e-15      -6.443299187440e-16 
  696       2.464285353387e-10       5.180259255069e-12      -1.247364097928e-11       0.000000000000e+00       2.146959086088e-14       4.860988814840e-15      -6.423691886646e-16 
  697       2.470052854911e-10       5.173347802451e-12      -1.268667064058e-11       0.000000000000e+00       2.135689817417e-14       4.876691508417e-15      -6.403301610392e-16 
  698       2.476050533640e-10       5.165614771401e-12      -1.289748978656e-11       0.000000000000e+00       2.124495460126e-14       4.892091235730e-15      -6.382151513402e-16 
  699       2.482274876323e-10       5.157065532868e-12      -1.310601331492e-11       0.000000000000e+00       2.113375539353e-14       4.907186382017e-15      -6.360265064873e-16 
  700       2.488722312894e-10       5.147705575312e-12      -1.331215536627e-11       0.000000000000e+00       2.102329565003e-14       4.921975338354e-15      -6.337666049660e-16 
  701       2.495389216252e-10       5.137540505192e-12      -1.351582932174e-11       0.000000000000e+00       2.091357031681e-14       4.936456501713e-15      -6.314378569444e-16 
  702       2.502271902035e-10       5.126576047444e-12      -1.371694780055e-11       0.000000000000e+00       2.080457418620e-14       4.950628275005e-15      -6.290427043918e-16 
  703       2.509366628400e-10       5.114818045964e-12      -1.391542265759e-11       0.000000000000e+00       2.069630189617e-14       4.964489067136e-15      -6.265836211956e-16 
  704       2.516669595796e-10       5.102272464094e-12      -1.411116498105e-11       0.000000000000e+00       2.058874792959e-14       4.978037293051e-15      -6.240631132794e-16 
  705       2.524176946747e-10       5.088945385103e-12      -1.430408508993e-11       0.000000000000e+00       2.048190661357e-14       4.991271373790e-15      -6.214837187207e-16 
  706       2.531884765623e-10       5.074843012667e-12      -1.449409253168e-11       0.000000000000e+00       2.037577211875e-14       5.004189736535e-15      -6.188480078684e-16 
  707       2.539789078422e-10       5.059971671356e-12      -1.468109607978e-11       0.000000000000e+00       2.027033845865e-14       5.016790814662e-15      -6.161585834605e-16 
  708       2.547885852544e-10       5.044337807115e-12      -1.486500373127e-11       0.000000000000e+00       2.016559948892e-14       5.029073047786e-15      -6.134180807418e-16 
  709       2.556170996568e-10       5.027947987747e-12      -1.504572270442e-11       0.000000000000e+00       2.006154890669e-14       5.041034881819e-15      -6.106291675819e-16 
  710       2.564640360033e-10       5.010808903395e-12      -1.522315943625e-11       0.000000000000e+00       1.995818024989e-14       5.052674769014e-15      -6.077945445924e-16 
  711       2.573289733210e-10       4.992927367024e-12      -1.539721958014e-11       0.000000000000e+00       1.985548689652e-14       5.063991168017e-15      -6.049169452447e-16 
  712       2.582114846883e-10       4.974310314908e-12      -1.556780800339e-11       0.000000000000e+00       1.975346206399e-14       5.074982543919e-15      -6.019991359879e-16 
  713       2.591111372122e-10       4.954964807107e-12      -1.573482878484e-11       0.000000000000e+00       1.965209880841e-14       5.085647368302e-15      -5.990439163663e-16 
  714       2.600274920066e-10       4.934898027953e-12      -1.589818521243e-11       0.000000000000e+00       1.955139002393e-14       5.095984119294e-15      -5.960541191372e-16 
  715       2.609601041695e-10       4.914117286533e-12      -1.605777978080e-11       0.000000000000e+00       1.945132844203e-14       5.105991281613e-15      -5.930326103884e-16 
  716       2.619085227608e-10       4.892630017170e-12      -1.621351418885e-11       0.000000000000e+00       1.935190663083e-14       5.115667346625e-15      -5.899822896562e-16 
  717       2.628722907803e-10       4.870443779908e-12      -1.636528933734e-11       0.000000000000e+00       1.925311699438e-14       5.125010812386e-15      -5.869060900425e-16 
  718       2.638509451451e-10       4.847566260993e-12      -1.651300532649e-11       0.000000000000e+00       1.915495177202e-14       5.134020183700e-15      -5.838069783333e-16 
  719       2.648440166674e-10       4.824005273355e-12      -1.665656145353e-11       0.000000000000e+00       1.905740303766e-14       5.142693972160e-15      -5.806879551156e-16 
  720       2.658510300322e-10       4.799768757093e-12      -1.679585621030e-11       0.000000000000e+00       1.896046269908e-14       5.151030696207e-15      -5.775520548957e-16 
  721       2.668715037751e-10       4.774864779957e-12      -1.693078728085e-11       0.000000000000e+00       1.886412249725e-14       5.159028881176e-15      -5.744023462163e-16 
  722       2.679049541828e-10       4.749302331298e-12      -1.706126522079e-11       0.000000000000e+00       1.876837511194e-14       5.166687180509e-15      -5.712412900496e-16 
  723       2.689509071263e-10       4.723093720550e-12      -1.718725480351e-11       0.000000000000e+00       1.867321750434e-14       5.174004741991e-15      -5.680688005177e-16 
  724       2.700088864226e-10       4.696252228151e-12      -1.730873450433e-11       0.000000000000e+00       1.857864764059e-14       5.180980849012e-15      -5.648841452333e-16 
  725       2.710784099120e-10       4.668791317126e-12      -1.742568289511e-11       0.000000000000e+00       1.848466339116e-14       5.187614800153e-15      -5.616865834466e-16 
  726       2.721589894371e-10       4.640724633756e-12      -1.753807864496e-11       0.000000000000e+00       1.839126253041e-14       5.193905909258e-15      -5.584753660159e-16 
  727       2.732501308210e-10       4.612066008240e-12      -1.764590052098e-11       0.000000000000e+00       1.829844273619e-14       5.199853505520e-15      -5.552497353772e-16 
  728       2.743513338461e-10       4.582829455362e-12      -1.774912738901e-11       0.000000000000e+00       1.820620158937e-14       5.205456933552e-15      -5.520089255150e-16 
  729       2.754620922326e-10       4.553029175152e-12      -1.784773821430e-11       0.000000000000e+00       1.811453657338e-14       5.210715553471e-15      -5.487521619322e-16 
  730       2.765818936174e-10       4.522679553557e-12      -1.794171206230e-11       0.000000000000e+00       1.802344507387e-14       5.215628740969e-15      -5.454786616202e-16 
  731       2.777102195325e-10       4.491795163104e-12      -1.803102809936e-11       0.000000000000e+00       1.793292437816e-14       5.220195887398e-15      -5.421876330288e-16 
  732       2.788465453834e-10       4.460390763561e-12      -1.811566559345e-11       0.000000000000e+00       1.784297167488e-14       5.224416399843e-15      -5.388782760371e-16 
  733       2.799903404281e-10       4.428481302609e-12      -1.819560391492e-11       0.000000000000e+00       1.775358405351e-14       5.228289701202e-15      -5.355497819229e-16 
  734       2.811410677556e-10       4.396081916502e-12      -1.827082253722e-11       0.000000000000e+00       1.766475850394e-14       5.231815230265e-15      -5.322013333333e-16 
  735       2.822981842645e-10       4.363207930735e-12      -1.834130103759e-11       0.000000000000e+00       1.757649191605e-14       5.234992441788e-15      -5.288321042549e-16 
  736       2.834611406413e-10       4.329874860708e-12      -1.840701909786e-11       0.000000000000e+00       1.748878107925e-14       5.237820806575e-15      -5.254412599834e-16 
  737       2.846293813395e-10       4.296098412390e-12      -1.846795650513e-11       0.000000000000e+00       1.740162268207e-14       5.240299811556e-15      -5.220279570945e-16 
  738       2.858023445581e-10       4.261894482987e-12      -1.852409315248e-11       0.000000000000e+00       1.731501331171e-14       5.242428959862e-15      -5.185913434136e-16 
  739       2.869794622198e-10       4.227279161604e-12      -1.857540903978e-11       0.000000000000e+00       1.722894945361e-14       5.244207770904e-15      -5.151305579861e-16 
  740       2.881601599503e-10       4.192268729914e-12      -1.862188427433e-11       0.000000000000e+00       1.714342749100e-14       5.245635780453e-15      -5.116447310475e-16 
  741       2.893438570562e-10       4.156879662819e-12      -1.866349907164e-11       0.000000000000e+00       1.705844370450e-14       5.246712540715e-15      -5.081329839937e-16 
  742       2.905299665042e-10       4.121128629118e-12      -1.870023375617e-11       0.000000000000e+00       1.697399427164e-14       5.247437620412e-15      -5.045944293509e-16 
  743       2.917178948993e-10       4.085032492169e-12      -1.873206876201e-11       0.000000000000e+00       1.689007526644e-14       5.247810604856e-15      -5.010281707462e-16 
  744       2.929070424637e-10       4.048608310560e-12      -1.875898463364e-11       0.000000000000e+00       1.680668265901e-14       5.247831096032e-15      -4.974333028771e-16 
  745       2.940968030151e-10       4.011873338767e-12      -1.878096202667e-11       0.000000000000e+00       1.672381231505e-14       5.247498712671e-15      -4.938089114823e-16 
  746       2.952865639458e-10       3.974845027824e-12      -1.879798170855e-11       0.000000000000e+00       1.664145999547e-14       5.246813090332e-15      -4.901540733117e-16 
  747       2.964757062006e-10       3.937541025988e-12      -1.881002455929e-11       0.000000000000e+00       1.655962135592e-14       5.245773881478e-15      -4.864678560962e-16 
  748       2.976636042563e-10       3.899979179401e-12      -1.881707157224e-11       0.000000000000e+00       1.647829194638e-14       5.244380755552e-15      -4.827493185182e-16 
  749       2.988496260995e-10       3.862177532758e-12      -1.881910385474e-11       0.000000000000e+00       1.639746721070e-14       5.242633399061e-15      -4.789975101819e-16 
  750       3.000331332057e-10       3.824154329971e-12      -1.881610262893e-11       0.000000000000e+00       1.631714248618e-14       5.240531515647e-15      -4.752114715830e-16 
  751       3.012134805175e-10       3.785928014834e-12      -1.880804923242e-11       0.000000000000e+00       1.623731300314e-14       5.238074826168e-15      -4.713902340792e-16 
  752       3.023900164240e-10       3.747517231689e-12      -1.879492511906e-11       0.000000000000e+00       1.615797388445e-14       5.235263068779e-15      -4.675328198603e-16 
  753       3.035620827383e-10       3.708940826091e-12      -1.877671185963e-11       0.000000000000e+00       1.607912014513e-14       5.232095999005e-15      -4.636382419183e-16 
  754       3.047290146770e-10       3.670217845471e-12      -1.875339114261e-11       0.000000000000e+00       1.600074669192e-14       5.228573389819e-15      -4.597055040175e-16 
  755       3.058901408386e-10       3.631367539806e-12      -1.872494477487e-11       0.000000000000e+00       1.592284832282e-14       5.224695031727e-15      -4.557336006649e-16 
  756       3.070447831819e-10       3.592409362278e-12      -1.869135468245e-11       0.000000000000e+00       1.584541972663e-14       5.220460732835e-15      -4.517215170801e-16 
  757       3.081922570045e-10       3.553362969945e-12      -1.865260291123e-11       0.000000000000e+00       1.576845548260e-14       5.215870318938e-15      -4.476682291658e-16 
  758       3.093318709222e-10       3.514248224400e-12      -1.860867162770e-11       0.000000000000e+00       1.569195005990e-14       5.210923633590e-15      -4.435727034774e-16 
  759       3.104629268465e-10       3.475085192443e-12      -1.855954311968e-11       0.000000000000e+00       1.561589781724e-14       5.205620538186e-15      -4.394338971936e-16 
  760       3.115847199640e-10       3.435894146741e-12      -1.850519979704e-11       0.000000000000e+00       1.554029300242e-14       5.199960912037e-15      -4.352507580867e-16 
  761       3.126965968560e-10       3.396694498954e-12      -1.844563443181e-11       0.000000000000e+00       1.546513050403e-14       5.193945383772e-15      -4.310225933680e-16 
  762       3.137981311221e-10       3.357501575327e-12      -1.838088109223e-11       0.000000000000e+00       1.539040812319e-14       5.187577540750e-15      -4.267501840415e-16 
  763       3.148889510808e-10       3.318329780607e-12      -1.831098480314e-11       0.000000000000e+00       1.531612434451e-14       5.180861762152e-15      -4.224346918531e-16 
  764       3.159686819239e-10       3.279193660423e-12      -1.823599136318e-11       0.000000000000e+00       1.524227758761e-14       5.173802491732e-15      -4.180772923964e-16 
  765       3.170369457074e-10       3.240107901736e-12      -1.815594734759e-11       0.000000000000e+00       1.516886620681e-14       5.166404238039e-15      -4.136791751591e-16 
  766       3.180933613420e-10       3.201087333279e-12      -1.807090011113e-11       0.000000000000e+00       1.509588849090e-14       5.158671574653e-15      -4.092415435696e-16 
  767       3.191375445836e-10       3.162146926003e-12      -1.798089779087e-11       0.000000000000e+00       1.502334266282e-14       5.150609140409e-15      -4.047656150434e-16 
  768       3.201691080241e-10       3.123301793519e-12      -1.788598930907e-11       0.000000000000e+00       1.495122687941e-14       5.142221639630e-15      -4.002526210298e-16 
  769       3.211876610822e-10       3.084567192547e-12      -1.778622437603e-11       0.000000000000e+00       1.487953923111e-14       5.133513842355e-15      -3.957038070581e-16 
  770       3.221928099936e-10       3.045958523356e-12      -1.768165349289e-11       0.000000000000e+00       1.480827774168e-14       5.124490584568e-15      -3.911204327842e-16 
  771       3.231841578021e-10       3.007491330209e-12      -1.757232795457e-11       0.000000000000e+00       1.473744036792e-14       5.115156768428e-15      -3.865037720374e-16 
  772       3.241613043499e-10       2.969181301809e-12      -1.745829985252e-11       0.000000000000e+00       1.466702499942e-14       5.105517362496e-15      -3.818551128664e-16 
  773       3.251238462687e-10       2.931044271741e-12      -1.733962207763e-11       0.000000000000e+00       1.459702945824e-14       5.095577401970e-15      -3.771757575861e-16 
  774       3.260713769697e-10       2.893096218917e-12      -1.721634832306e-11       0.000000000000e+00       1.452745149863e-14       5.085341988906e-15      -3.724670228239e-16 
  775       3.270034866349e-10       2.855353268023e-12      -1.708853308709e-11       0.000000000000e+00       1.445828880680e-14       5.074816292454e-15      -3.677302395667e-16 
  776       3.279197622070e-10       2.817831689957e-12      -1.695623167596e-11       0.000000000000e+00       1.438953900059e-14       5.064005549086e-15      -3.629667532065e-16 
  777       3.288197873809e-10       2.780547902279e-12      -1.681950020673e-11       0.000000000000e+00       1.432119962919e-14       5.052915062824e-15      -3.581779235878e-16 
  778       3.297031425938e-10       2.743518469654e-12      -1.667839561013e-11       0.000000000000e+00       1.425326817290e-14       5.041550205467e-15      -3.533651250536e-16 
  779       3.305694050158e-10       2.706760104294e-12      -1.653297563340e-11       0.000000000000e+00       1.418574204281e-14       5.029916416826e-15      -3.485297464919e-16 
  780       3.314181485409e-10       2.670289666405e-12      -1.638329884312e-11       0.000000000000e+00       1.411861858055e-14       5.018019204950e-15      -3.436731913824e-16 
  781       3.322489437774e-10       2.634124164627e-12      -1.622942462812e-11       0.000000000000e+00       1.405189505799e-14       5.005864146355e-15      -3.387968778429e-16 
  782       3.330613580386e-10       2.598280756485e-12      -1.607141320224e-11       0.000000000000e+00       1.398556867695e-14       4.993456886252e-15      -3.339022386757e-16 
  783       3.338549553332e-10       2.562776748827e-12      -1.590932560726e-11       0.000000000000e+00       1.391963656897e-14       4.980803138783e-15      -3.289907214142e-16 
  784       3.346292963567e-10       2.527629598270e-12      -1.574322371571e-11       0.000000000000e+00       1.385409579496e-14       4.967908687240e-15      -3.240637883696e-16 
  785       3.353839384809e-10       2.492856911648e-12      -1.557317023370e-11       0.000000000000e+00       1.378894334497e-14       4.954779384304e-15      -3.191229166768e-16 
  786       3.361184357458e-10       2.458476446450e-12      -1.539922870382e-11       0.000000000000e+00       1.372417613792e-14       4.941421152267e-15      -3.141695983415e-16 
  787       3.368323388491e-10       2.424506111268e-12      -1.522146350793e-11       0.000000000000e+00       1.365979102125e-14       4.927839983268e-15      -3.092053402864e-16 
  788       3.375251951376e-10       2.390963966241e-12      -1.503993987006e-11       0.000000000000e+00       1.359578477073e-14       4.914041939516e-15      -3.042316643979e-16 
  789       3.381965485976e-10       2.357868223499e-12      -1.485472385921e-11       0.000000000000e+00       1.353215409011e-14       4.900033153522e-15      -2.992501075722e-16 
  790       3.388459398456e-10       2.325237247606e-12      -1.466588239226e-11       0.000000000000e+00       1.346889561087e-14       4.885819828330e-15      -2.942622217622e-16 
  791       3.394729061186e-10       2.293089556007e-12      -1.447348323675e-11       0.000000000000e+00       1.340600589194e-14       4.871408237742e-15      -2.892695740239e-16 
  792       3.400769812654e-10       2.261443819468e-12      -1.427759501377e-11       0.000000000000e+00       1.334348141942e-14       4.856804726554e-15      -2.842737465628e-16 
  793       3.406576957366e-10       2.230318862525e-12      -1.407828720080e-11       0.000000000000e+00       1.328131860629e-14       4.842015710778e-15      -2.792763367802e-16 
  794       3.412145765757e-10       2.199733663925e-12      -1.387563013457e-11       0.000000000000e+00       1.321951379214e-14       4.827047677875e-15      -2.742789573203e-16 
  795       3.417471474095e-10       2.169707357070e-12      -1.366969501386e-11       0.000000000000e+00       1.315806324288e-14       4.811907186984e-15      -2.692832361162e-16 
  796       3.422549284388e-10       2.140259230465e-12      -1.346055390242e-11       0.000000000000e+00       1.309696315048e-14       4.796600869152e-15      -2.642908164364e-16 
  797       3.427374364290e-10       2.111408728157e-12      -1.324827973176e-11       0.000000000000e+00       1.303620963266e-14       4.781135427562e-15      -2.593033569315e-16 
  798       3.431941847010e-10       2.083175450184e-12      -1.303294630403e-11       0.000000000000e+00       1.297579873264e-14       4.765517637763e-15      -2.543225316807e-16 
  799       3.436246831214e-10       2.055579153015e-12      -1.281462829485e-11       0.000000000000e+00       1.291572641884e-14       4.749754347898e-15      -2.493500302380e-16 
  800       3.440285123695e-10       2.028637439045e-12      -1.259340217479e-11       0.000000000000e+00       1.285598909792e-14       4.733851331837e-15      -2.443872996534e-16 
  801       3.444055482416e-10       2.002358777957e-12      -1.236934898646e-11       0.000000000000e+00       1.279658516476e-14       4.717809825170e-15      -2.394347652821e-16 
  802       3.447557414193e-10       1.976749358950e-12      -1.214255162368e-11       0.000000000000e+00       1.273751348018e-14       4.701629926484e-15      -2.344925958547e-16 
  803       3.450790435685e-10       1.951815390169e-12      -1.191309392052e-11       0.000000000000e+00       1.267877286005e-14       4.685311738752e-15      -2.295609602138e-16 
  804       3.453754073446e-10       1.927563098718e-12      -1.168106065431e-11       0.000000000000e+00       1.262036207506e-14       4.668855369347e-15      -2.246400273119e-16 
  805       3.456447863965e-10       1.903998730672e-12      -1.144653754863e-11       0.000000000000e+00       1.256227985054e-14       4.652260930057e-15      -2.197299662097e-16 
  806       3.458871353712e-10       1.881128551084e-12      -1.120961127636e-11       0.000000000000e+00       1.250452486631e-14       4.635528537098e-15      -2.148309460743e-16 
  807       3.461024099186e-10       1.858958844004e-12      -1.097036946269e-11       0.000000000000e+00       1.244709575647e-14       4.618658311132e-15      -2.099431361771e-16 
  808       3.462905666959e-10       1.837495912484e-12      -1.072890068813e-11       0.000000000000e+00       1.238999110921e-14       4.601650377277e-15      -2.050667058925e-16 
  809       3.464515633721e-10       1.816746078592e-12      -1.048529449157e-11       0.000000000000e+00       1.233320946666e-14       4.584504865124e-15      -2.002018246954e-16 
  810       3.465853586327e-10       1.796715683423e-12      -1.023964137324e-11       0.000000000000e+00       1.227674932465e-14       4.567221908751e-15      -1.953486621599e-16 
  811       3.466919121841e-10       1.777411087112e-12      -9.992032797781e-12       0.000000000000e+00       1.222060913260e-14       4.549801646739e-15      -1.905073879575e-16 
  812       3.467711847584e-10       1.758838668844e-12      -9.742561197239e-12       0.000000000000e+00       1.216478729326e-14       4.532244222182e-15      -1.856781718548e-16 
  813       3.468231381176e-10       1.741004826864e-12      -9.491319974096e-12       0.000000000000e+00       1.210928216258e-14       4.514549782709e-15      -1.808611837121e-16 
  814       3.468477350584e-10       1.723915978491e-12      -9.238403504285e-12       0.000000000000e+00       1.205409204951e-14       4.496718480489e-15      -1.760565934813e-16 
  815       3.468449394168e-10       1.707578560131e-12      -8.983907140213e-12       0.000000000000e+00       1.199921521581e-14       4.478750472255e-15      -1.712645712046e-16 
  816       3.468147160722e-10       1.691999027281e-12      -8.727927213782e-12       0.000000000000e+00       1.194464987587e-14       4.460645919312e-15      -1.664852870117e-16 
  817       3.467570309528e-10       1.677183854551e-12      -8.470561039407e-12       0.000000000000e+00       1.189039419652e-14       4.442404987553e-15      -1.617189111192e-16 
  818       3.466718510393e-10       1.663139535667e-12      -8.211906917037e-12       0.000000000000e+00       1.183644629686e-14       4.424027847475e-15      -1.569656138276e-16 
  819       3.465591443698e-10       1.649872583485e-12      -7.952064135176e-12       0.000000000000e+00       1.178280424808e-14       4.405514674192e-15      -1.522255655204e-16 
  820       3.464188800446e-10       1.637389530005e-12      -7.691132973904e-12       0.000000000000e+00       1.172946607324e-14       4.386865647451e-15      -1.474989366616e-16 
  821       3.462510282303e-10       1.625696926379e-12      -7.429214707895e-12       0.000000000000e+00       1.167642974713e-14       4.368080951643e-15      -1.427858977945e-16 
  822       3.460555601647e-10       1.614801342926e-12      -7.166411609440e-12       0.000000000000e+00       1.162369319607e-14       4.349160775824e-15      -1.380866195392e-16 
  823       3.458324481610e-10       1.604709369137e-12      -6.902826951464e-12       0.000000000000e+00       1.157125429770e-14       4.330105313721e-15      -1.334012725914e-16 
  824       3.455816656129e-10       1.595427613696e-12      -6.638565010552e-12       0.000000000000e+00       1.151911088084e-14       4.310914763754e-15      -1.287300277202e-16 
  825       3.453031869985e-10       1.586962704484e-12      -6.373731069961e-12       0.000000000000e+00       1.146726072529e-14       4.291589329047e-15      -1.240730557663e-16 
  826       3.449969878854e-10       1.579321288591e-12      -6.108431422649e-12       0.000000000000e+00       1.141570156162e-14       4.272129217443e-15      -1.194305276404e-16 
  827       3.446630449349e-10       1.572510032332e-12      -5.842773374288e-12       0.000000000000e+00       1.136443107103e-14       4.252534641516e-15      -1.148026143210e-16 
  828       3.443013359069e-10       1.566535621256e-12      -5.576865246292e-12       0.000000000000e+00       1.131344688514e-14       4.232805818592e-15      -1.101894868530e-16 
  829       3.439118396638e-10       1.561404760154e-12      -5.310816378829e-12       0.000000000000e+00       1.126274658579e-14       4.212942970756e-15      -1.055913163457e-16 
  830       3.434945361760e-10       1.557124173077e-12      -5.044737133847e-12       0.000000000000e+00       1.121232770491e-14       4.192946324871e-15      -1.010082739709e-16 
  831       3.430494065256e-10       1.553700603342e-12      -4.778738898092e-12       0.000000000000e+00       1.116218772428e-14       4.172816112593e-15      -9.644053096096e-17 
  832       3.425764329114e-10       1.551140813547e-12      -4.512934086130e-12       0.000000000000e+00       1.111232407537e-14       4.152552570381e-15      -9.188825860738e-17 
  833       3.420755986534e-10       1.549451585581e-12      -4.247436143365e-12       0.000000000000e+00       1.106273413916e-14       4.132155939517e-15      -8.735162825866e-17 
  834       3.415468881973e-10       1.548639720635e-12      -3.982359549063e-12       0.000000000000e+00       1.101341524596e-14       4.111626466117e-15      -8.283081131853e-17 
  835       3.409902871189e-10       1.548712039213e-12      -3.717819819367e-12       0.000000000000e+00       1.096436467519e-14       4.090964401145e-15      -7.832597924420e-17 
  836       3.404057821290e-10       1.549675381147e-12      -3.453933510322e-12       0.000000000000e+00       1.091557965526e-14       4.070170000430e-15      -7.383730354445e-17 
  837       3.397933610778e-10       1.551536605604e-12      -3.190818220893e-12       0.000000000000e+00       1.086705736332e-14       4.049243524680e-15      -6.936495577788e-17 
  838       3.391530129591e-10       1.554302591101e-12      -2.928592595987e-12       0.000000000000e+00       1.081879492513e-14       4.028185239496e-15      -6.490910755103e-17 
  839       3.384847751713e-10       1.557978089219e-12      -2.667367793288e-12       0.000000000000e+00       1.077078977177e-14       4.006995748186e-15      -6.046999511913e-17 
  840       3.377888761898e-10       1.562559244806e-12      -2.407221714940e-12       0.000000000000e+00       1.072304071717e-14       3.985676996540e-15      -5.604811442395e-17 
  841       3.370655953854e-10       1.568039963074e-12      -2.148224333588e-12       0.000000000000e+00       1.067554689898e-14       3.964231285563e-15      -5.164402944521e-17 
  842       3.363152160057e-10       1.574414045328e-12      -1.890446189497e-12       0.000000000000e+00       1.062830742320e-14       3.942660940333e-15      -4.725830791469e-17 
  843       3.355380251880e-10       1.581675188609e-12      -1.633958392126e-12       0.000000000000e+00       1.058132136407e-14       3.920968310066e-15      -4.289152132536e-17 
  844       3.347343139716e-10       1.589816985341e-12      -1.378832621691e-12       0.000000000000e+00       1.053458776394e-14       3.899155768193e-15      -3.854424494060e-17 
  845       3.339043773105e-10       1.598832922977e-12      -1.125141130733e-12       0.000000000000e+00       1.048810563316e-14       3.877225712426e-15      -3.421705780337e-17 
  846       3.330485140862e-10       1.608716383647e-12      -8.729567456848e-13       0.000000000000e+00       1.044187394992e-14       3.855180564834e-15      -2.991054274533e-17 
  847       3.321670271200e-10       1.619460643800e-12      -6.223528684363e-13       0.000000000000e+00       1.039589166017e-14       3.833022771912e-15      -2.562528639610e-17 
  848       3.312602231860e-10       1.631058873854e-12      -3.734034779041e-13       0.000000000000e+00       1.035015767747e-14       3.810754804649e-15      -2.136187919238e-17 
  849       3.303284130230e-10       1.643504137840e-12      -1.261831315965e-13       0.000000000000e+00       1.030467088287e-14       3.788379158606e-15      -1.712091538714e-17 
  850       3.293719113480e-10       1.656789393047e-12       1.192330328191e-13       0.000000000000e+00       1.025943012482e-14       3.765898353981e-15      -1.290299305878e-17 
  851       3.283910368680e-10       1.670907489670e-12       3.627692959492e-13       0.000000000000e+00       1.021443421899e-14       3.743314935684e-15      -8.708714120365e-18 
  852       3.273861122930e-10       1.685851170457e-12       6.043493551077e-13       0.000000000000e+00       1.016968194819e-14       3.720631473404e-15      -4.538684328715e-18 
  853       3.263574643488e-10       1.701613070351e-12       8.438963227488e-13       0.000000000000e+00       1.012517206222e-14       3.697850561685e-15      -3.935132936456e-19 
  854       3.253054237890e-10       1.718185716139e-12       1.081332724900e-12       0.000000000000e+00       1.008090327778e-14       3.674974819996e-15       3.726185512884e-18 
  855       3.242303254082e-10       1.735561526099e-12       1.316580499596e-12       0.000000000000e+00       1.003687427831e-14       3.652006892799e-15       7.819794747586e-18 
  856       3.231325080540e-10       1.753732809642e-12       1.549560995310e-12       0.000000000000e+00       9.993083713900e-15       3.628949449622e-15       1.188669318667e-17 
  857       3.220123146404e-10       1.772691766963e-12       1.780194969390e-12       0.000000000000e+00       9.949530201134e-15       3.605805185133e-15       1.592625571668e-17 
  858       3.208700921595e-10       1.792430488682e-12       2.008402586487e-12       0.000000000000e+00       9.906212322993e-15       3.582576819206e-15       1.993785332529e-17 
  859       3.197061916948e-10       1.812940955494e-12       2.234103416995e-12       0.000000000000e+00       9.863128628723e-15       3.559267096996e-15       2.392085309216e-17 
  860       3.185209684334e-10       1.834215037813e-12       2.457216435478e-12       0.000000000000e+00       9.820277633710e-15       3.535878789009e-15       2.787461817974e-17 
  861       3.173147816789e-10       1.856244495419e-12       2.677660019104e-12       0.000000000000e+00       9.777657819357e-15       3.512414691173e-15       3.179850782408e-17 
  862       3.160879948636e-10       1.879020977103e-12       2.895351946083e-12       0.000000000000e+00       9.735267632966e-15       3.488877624909e-15       3.569187732571e-17 
  863       3.148409755615e-10       1.902536020315e-12       3.110209394095e-12       0.000000000000e+00       9.693105487610e-15       3.465270437201e-15       3.955407804040e-17 
  864       3.135740955007e-10       1.926781050805e-12       3.322148938723e-12       0.000000000000e+00       9.651169762011e-15       3.441596000672e-15       4.338445737003e-17 
  865       3.122877305761e-10       1.951747382277e-12       3.531086551891e-12       0.000000000000e+00       9.609458800418e-15       3.417857213649e-15       4.718235875338e-17 
  866       3.109822608617e-10       1.977426216027e-12       3.736937600292e-12       0.000000000000e+00       9.567970912483e-15       3.394057000237e-15       5.094712165697e-17 
  867       3.096580706237e-10       2.003808640596e-12       3.939616843825e-12       0.000000000000e+00       9.526704373138e-15       3.370198310391e-15       5.467808156591e-17 
  868       3.083155483327e-10       2.030885631410e-12       4.139038434025e-12       0.000000000000e+00       9.485657422472e-15       3.346284119986e-15       5.837456997467e-17 
  869       3.069550866764e-10       2.058648050430e-12       4.335115912496e-12       0.000000000000e+00       9.444828265610e-15       3.322317430887e-15       6.203591437794e-17 
  870       3.055770825724e-10       2.087086645796e-12       4.527762209350e-12       0.000000000000e+00       9.404215072586e-15       3.298301271024e-15       6.566143826146e-17 
  871       3.041819371803e-10       2.116192051474e-12       4.716889641632e-12       0.000000000000e+00       9.363815978223e-15       3.274238694459e-15       6.925046109281e-17 
  872       3.027700559151e-10       2.145954786903e-12       4.902409911758e-12       0.000000000000e+00       9.323629082008e-15       3.250132781459e-15       7.280229831228e-17 
  873       3.013418484588e-10       2.176365256637e-12       5.084234105946e-12       0.000000000000e+00       9.283652447971e-15       3.225986638566e-15       7.631626132364e-17 
  874       2.998977287740e-10       2.207413749995e-12       5.262272692653e-12       0.000000000000e+00       9.243884104560e-15       3.201803398671e-15       7.979165748502e-17 
  875       2.984381151158e-10       2.239090440709e-12       5.436435521003e-12       0.000000000000e+00       9.204322044518e-15       3.177586221083e-15       8.322779009969e-17 
  876       2.969634300445e-10       2.271385386561e-12       5.606631819222e-12       0.000000000000e+00       9.164964224762e-15       3.153338291599e-15       8.662395840692e-17 
  877       2.954741004387e-10       2.304288529040e-12       5.772770193073e-12       0.000000000000e+00       9.125808566259e-15       3.129062822578e-15       8.997945757276e-17 
  878       2.939705548451e-10       2.337789003596e-12       5.934771233227e-12       0.000000000000e+00       9.086853205077e-15       3.104763154880e-15       9.329377260619e-17 
  879       2.924532154571e-10       2.371873058583e-12       6.092605570295e-12       0.000000000000e+00       9.048097250371e-15       3.080443065411e-15       9.656716365964e-17 
  880       2.909225060283e-10       2.406526101013e-12       6.246256449426e-12       0.000000000000e+00       9.009540038756e-15       3.056106464832e-15       9.980009044203e-17 
  881       2.893788545343e-10       2.441733382346e-12       6.395707179110e-12       0.000000000000e+00       8.971180884192e-15       3.031757296241e-15       1.029930191964e-16 
  882       2.878226931852e-10       2.477479998030e-12       6.540941131572e-12       0.000000000000e+00       8.933019077899e-15       3.007399535261e-15       1.061464227210e-16 
  883       2.862544584376e-10       2.513750887036e-12       6.681941743163e-12       0.000000000000e+00       8.895053888271e-15       2.983037190124e-15       1.092607803901e-16 
  884       2.846745910071e-10       2.550530831401e-12       6.818692514754e-12       0.000000000000e+00       8.857284560797e-15       2.958674301760e-15       1.123365781751e-16 
  885       2.830835358801e-10       2.587804455763e-12       6.951177012132e-12       0.000000000000e+00       8.819710317969e-15       2.934314943885e-15       1.153743086654e-16 
  886       2.814817423260e-10       2.625556226904e-12       7.079378866391e-12       0.000000000000e+00       8.782330359206e-15       2.909963223085e-15       1.183744710896e-16 
  887       2.798696639098e-10       2.663770453284e-12       7.203281774329e-12       0.000000000000e+00       8.745143860766e-15       2.885623278906e-15       1.213375713362e-16 
  888       2.782477585038e-10       2.702431284583e-12       7.322869498837e-12       0.000000000000e+00       8.708149975662e-15       2.861299283938e-15       1.242641219746e-16 
  889       2.766164883002e-10       2.741522711240e-12       7.438125869298e-12       0.000000000000e+00       8.671347833579e-15       2.836995443904e-15       1.271546422763e-16 
  890       2.749763198229e-10       2.781028563991e-12       7.549034781975e-12       0.000000000000e+00       8.634736540788e-15       2.812715997749e-15       1.300096582358e-16 
  891       2.733277239399e-10       2.820932513406e-12       7.655580200411e-12       0.000000000000e+00       8.598315180068e-15       2.788465217722e-15       1.328297025915e-16 
  892       2.716711758756e-10       2.861218069432e-12       7.757746155815e-12       0.000000000000e+00       8.562082810612e-15       2.764247409466e-15       1.356153148465e-16 
  893       2.700071552226e-10       2.901868580927e-12       7.855516747466e-12       0.000000000000e+00       8.526038467952e-15       2.740066912106e-15       1.383670412901e-16 
  894       2.683361459544e-10       2.942867235204e-12       7.948876143094e-12       0.000000000000e+00       8.490181163872e-15       2.715928098333e-15       1.410854350183e-16 
  895       2.666586364371e-10       2.984197057565e-12       8.037808579285e-12       0.000000000000e+00       8.454509886320e-15       2.691835374493e-15       1.437710559548e-16 
  896       2.649751194419e-10       3.025840910843e-12       8.122298361869e-12       0.000000000000e+00       8.419023599331e-15       2.667793180674e-15       1.464244708723e-16 
  897       2.632860921572e-10       3.067781494939e-12       8.202329866314e-12       0.000000000000e+00       8.383721242937e-15       2.643805990794e-15       1.490462534133e-16 
  898       2.615920562007e-10       3.110001346362e-12       8.277887538120e-12       0.000000000000e+00       8.348601733089e-15       2.619878312683e-15       1.516369841110e-16 
  899       2.598935176316e-10       3.152482837767e-12       8.348955893215e-12       0.000000000000e+00       8.313663961565e-15       2.596014688177e-15       1.541972504103e-16 
  900       2.581909869630e-10       3.195208177496e-12       8.415519518344e-12       0.000000000000e+00       8.278906795894e-15       2.572219693200e-15       1.567276466890e-16 
  901       2.564849791739e-10       3.238159409113e-12       8.477563071469e-12       0.000000000000e+00       8.244329079266e-15       2.548497937853e-15       1.592287742783e-16 
  902       2.547760137213e-10       3.281318410945e-12       8.535071282155e-12       0.000000000000e+00       8.209929630452e-15       2.524854066501e-15       1.617012414844e-16 
  903       2.530646145526e-10       3.324666895623e-12       8.588028951971e-12       0.000000000000e+00       8.175707243719e-15       2.501292757859e-15       1.641456636089e-16 
  904       2.513513101176e-10       3.368186409616e-12       8.636420954879e-12       0.000000000000e+00       8.141660688742e-15       2.477818725079e-15       1.665626629703e-16 
  905       2.496366333809e-10       3.411858332773e-12       8.680232237629e-12       0.000000000000e+00       8.107788710528e-15       2.454436715839e-15       1.689528689244e-16 
  906       2.479211218338e-10       3.455663877863e-12       8.719447820154e-12       0.000000000000e+00       8.074090029323e-15       2.431151512427e-15       1.713169178857e-16 
  907       2.462053175067e-10       3.499584090109e-12       8.754052795961e-12       0.000000000000e+00       8.040563340536e-15       2.407967931832e-15       1.736554533485e-16 
  908       2.444897669812e-10       3.543599846733e-12       8.784032332528e-12       0.000000000000e+00       8.007207314650e-15       2.384890825826e-15       1.759691259073e-16 
  909       2.427750214025e-10       3.587691856490e-12       8.809371671693e-12       0.000000000000e+00       7.974020597137e-15       2.361925081056e-15       1.782585932783e-16 
  910       2.410616364911e-10       3.631840659208e-12       8.830056130053e-12       0.000000000000e+00       7.941001808381e-15       2.339075619125e-15       1.805245203201e-16 
  911       2.393501725554e-10       3.676026625328e-12       8.846071099354e-12       0.000000000000e+00       7.908149543586e-15       2.316347396686e-15       1.827675790549e-16 
  912       2.376411945040e-10       3.720229955444e-12       8.857402046887e-12       0.000000000000e+00       7.875462372695e-15       2.293745405525e-15       1.849884486892e-16 
  913       2.359352718573e-10       3.764430679837e-12       8.864034515880e-12       0.000000000000e+00       7.842938840309e-15       2.271274672647e-15       1.871878156351e-16 
  914       2.342329787602e-10       3.808608658019e-12       8.865954125891e-12       0.000000000000e+00       7.810577465598e-15       2.248940260366e-15       1.893663735310e-16 
  915       2.325348939941e-10       3.852743578269e-12       8.863146573204e-12       0.000000000000e+00       7.778376742220e-15       2.226747266390e-15       1.915248232626e-16 
  916       2.308416009892e-10       3.896814957172e-12       8.855597631222e-12       0.000000000000e+00       7.746335138235e-15       2.204700823909e-15       1.936638729841e-16 
  917       2.291536420048e-10       3.940803296474e-12       8.843302423396e-12       0.000000000000e+00       7.714451277675e-15       2.182804655164e-15       1.957840026173e-16 
  918       2.274713798470e-10       3.984693574754e-12       8.826293403016e-12       0.000000000000e+00       7.682724488577e-15       2.161056706752e-15       1.978847531987e-16 
  919       2.257951339734e-10       4.028471810436e-12       8.804612819724e-12       0.000000000000e+00       7.651154263504e-15       2.139453444994e-15       1.999654262580e-16 
  920       2.241252261309e-10       4.072123909215e-12       8.778303489070e-12       0.000000000000e+00       7.619740078635e-15       2.117991296036e-15       2.020253183023e-16 
  921       2.224619803614e-10       4.115635663762e-12       8.747408794233e-12       0.000000000000e+00       7.588481393701e-15       2.096666645728e-15       2.040637208029e-16 
  922       2.208057230071e-10       4.158992753426e-12       8.711972687734e-12       0.000000000000e+00       7.557377651929e-15       2.075475839504e-15       2.060799201828e-16 
  923       2.191567827166e-10       4.202180743942e-12       8.672039693150e-12       0.000000000000e+00       7.526428279981e-15       2.054415182266e-15       2.080731978043e-16 
  924       2.175154904505e-10       4.245185087130e-12       8.627654906833e-12       0.000000000000e+00       7.495632687903e-15       2.033480938262e-15       2.100428299563e-16 
  925       2.158821794868e-10       4.287991120601e-12       8.578863999621e-12       0.000000000000e+00       7.464990269059e-15       2.012669330966e-15       2.119880878416e-16 
  926       2.142571854266e-10       4.330584067464e-12       8.525713218558e-12       0.000000000000e+00       7.434500400076e-15       1.991976542962e-15       2.139082375646e-16 
  927       2.126408462000e-10       4.372949036022e-12       8.468249388606e-12       0.000000000000e+00       7.404162440788e-15       1.971398715824e-15       2.158025401183e-16 
  928       2.110335020714e-10       4.415071019484e-12       8.406519914363e-12       0.000000000000e+00       7.373975734175e-15       1.950931949993e-15       2.176702513720e-16 
  929       2.094354956455e-10       4.456934895663e-12       8.340572781777e-12       0.000000000000e+00       7.343939606305e-15       1.930572304663e-15       2.195106220587e-16 
  930       2.078471718727e-10       4.498525426684e-12       8.270456559861e-12       0.000000000000e+00       7.314053366278e-15       1.910315797660e-15       2.213228977621e-16 
  931       2.062688780549e-10       4.539827258683e-12       8.196220402411e-12       0.000000000000e+00       7.284316306165e-15       1.890158405320e-15       2.231063189047e-16 
  932       2.047009638511e-10       4.580824921516e-12       8.117914049717e-12       0.000000000000e+00       7.254727700953e-15       1.870096062373e-15       2.248601207347e-16 
  933       2.031437812829e-10       4.621502828459e-12       8.035587830286e-12       0.000000000000e+00       7.225286808485e-15       1.850124661824e-15       2.265835333133e-16 
  934       2.015976847405e-10       4.661845275915e-12       7.949292662548e-12       0.000000000000e+00       7.195992869401e-15       1.830240054833e-15       2.282757815026e-16 
  935       2.000630309880e-10       4.701836443115e-12       7.859080056579e-12       0.000000000000e+00       7.166845107082e-15       1.810438050592e-15       2.299360849526e-16 
  936       1.985401791694e-10       4.741460391822e-12       7.765002115813e-12       0.000000000000e+00       7.137842727592e-15       1.790714416214e-15       2.315636580889e-16 
  937       1.970294908137e-10       4.780701066036e-12       7.667111538758e-12       0.000000000000e+00       7.108984919616e-15       1.771064876606e-15       2.331577100997e-16 
  938       1.955313298413e-10       4.819542291699e-12       7.565461620713e-12       0.000000000000e+00       7.080270854408e-15       1.751485114354e-15       2.347174449236e-16 
  939       1.940460625690e-10       4.857967776396e-12       7.460106255480e-12       0.000000000000e+00       7.051699685728e-15       1.731970769602e-15       2.362420612368e-16 
  940       1.925740577160e-10       4.895961109060e-12       7.351099937083e-12       0.000000000000e+00       7.023270549784e-15       1.712517439935e-15       2.377307524406e-16 
  941       1.911156864096e-10       4.933505759676e-12       7.238497761483e-12       0.000000000000e+00       6.994982565179e-15       1.693120680255e-15       2.391827066486e-16 
  942       1.896713221904e-10       4.970585078984e-12       7.122355428291e-12       0.000000000000e+00       6.966834832845e-15       1.673776002669e-15       2.405971066746e-16 
  943       1.882413410185e-10       5.007182298185e-12       7.002729242486e-12       0.000000000000e+00       6.938826435993e-15       1.654478876364e-15       2.419731300192e-16 
  944       1.868261212790e-10       5.043280528642e-12       6.879676116130e-12       0.000000000000e+00       6.910956440048e-15       1.635224727490e-15       2.433099488579e-16 
  945       1.854260437873e-10       5.078862761587e-12       6.753253570082e-12       0.000000000000e+00       6.883223892597e-15       1.616008939039e-15       2.446067300285e-16 
  946       1.840414917953e-10       5.113911867819e-12       6.623519735716e-12       0.000000000000e+00       6.855627823324e-15       1.596826850730e-15       2.458626350178e-16 
  947       1.826728509966e-10       5.148410597416e-12       6.490533356633e-12       0.000000000000e+00       6.828167243959e-15       1.577673758884e-15       2.470768199497e-16 
  948       1.813205095323e-10       5.182341579432e-12       6.354353790382e-12       0.000000000000e+00       6.800841148215e-15       1.558544916310e-15       2.482484355726e-16 
  949       1.799848579969e-10       5.215687321603e-12       6.215041010168e-12       0.000000000000e+00       6.773648511730e-15       1.539435532184e-15       2.493766272462e-16 
  950       1.786662894435e-10       5.248430210054e-12       6.072655606575e-12       0.000000000000e+00       6.746588292014e-15       1.520340771927e-15       2.504605349295e-16 
  951       1.773651993899e-10       5.280552508997e-12       5.927258789275e-12       0.000000000000e+00       6.719659428384e-15       1.501255757091e-15       2.514992931680e-16 
  952       1.760819858239e-10       5.312036360437e-12       5.778912388748e-12       0.000000000000e+00       6.692860841911e-15       1.482175565234e-15       2.524920310810e-16 
  953       1.748170492090e-10       5.342863783881e-12       5.627678857997e-12       0.000000000000e+00       6.666191435358e-15       1.463095229807e-15       2.534378723490e-16 
  954       1.735707924905e-10       5.373016676033e-12       5.473621274261e-12       0.000000000000e+00       6.639650093125e-15       1.444009740029e-15       2.543359352016e-16 
  955       1.723436211004e-10       5.402476810504e-12       5.316803340733e-12       0.000000000000e+00       6.613235681190e-15       1.424914040772e-15       2.551853324040e-16 
  956       1.711358842749e-10       5.431228105981e-12       5.157290441281e-12       0.000000000000e+00       6.586947176632e-15       1.405804792564e-15       2.559854340746e-16 
  957       1.699476980110e-10       5.459263469304e-12       4.995152818822e-12       0.000000000000e+00       6.560784058488e-15       1.386685681299e-15       2.567366605589e-16 
  958       1.687791194167e-10       5.486578056340e-12       4.830462448906e-12       0.000000000000e+00       6.534745922752e-15       1.367562189403e-15       2.574397016422e-16 
  959       1.676302051518e-10       5.513167012986e-12       4.663291992962e-12       0.000000000000e+00       6.508832353292e-15       1.348439843173e-15       2.580952548405e-16 
  960       1.665010114266e-10       5.539025475181e-12       4.493714800153e-12       0.000000000000e+00       6.483042921811e-15       1.329324212892e-15       2.587040254218e-16 
  961       1.653915939992e-10       5.564148568897e-12       4.321804909227e-12       0.000000000000e+00       6.457377187807e-15       1.310220912937e-15       2.592667264285e-16 
  962       1.643020081741e-10       5.588531410147e-12       4.147637050372e-12       0.000000000000e+00       6.431834698525e-15       1.291135601893e-15       2.597840786990e-16 
  963       1.632323087996e-10       5.612169104984e-12       3.971286647070e-12       0.000000000000e+00       6.406414988926e-15       1.272073982662e-15       2.602568108895e-16 
  964       1.621825502661e-10       5.635056749503e-12       3.792829817949e-12       0.000000000000e+00       6.381117581637e-15       1.253041802579e-15       2.606856594964e-16 
  965       1.611527865039e-10       5.657189429841e-12       3.612343378639e-12       0.000000000000e+00       6.355941986916e-15       1.234044853521e-15       2.610713688774e-16 
  966       1.601430709812e-10       5.678562222180e-12       3.429904843622e-12       0.000000000000e+00       6.330887702606e-15       1.215088972016e-15       2.614146912740e-16 
  967       1.591534567021e-10       5.699170192748e-12       3.245592428091e-12       0.000000000000e+00       6.305954214098e-15       1.196180039361e-15       2.617163868329e-16 
  968       1.581839962043e-10       5.719008397819e-12       3.059485049798e-12       0.000000000000e+00       6.281140994287e-15       1.177323981728e-15       2.619772236286e-16 
  969       1.572347415575e-10       5.738071883716e-12       2.871662330910e-12       0.000000000000e+00       6.256447503533e-15       1.158526770278e-15       2.621979776842e-16 
  970       1.563057443610e-10       5.756355686811e-12       2.682204599863e-12       0.000000000000e+00       6.231873189618e-15       1.139794421273e-15       2.623794329944e-16 
  971       1.553970557418e-10       5.773854833528e-12       2.491192893216e-12       0.000000000000e+00       6.207417487706e-15       1.121132996188e-15       2.625223815466e-16 
  972       1.545087263525e-10       5.790564340342e-12       2.298708957503e-12       0.000000000000e+00       6.183079820303e-15       1.102548601819e-15       2.626276233430e-16 
  973       1.536408063693e-10       5.806479213784e-12       2.104835251088e-12       0.000000000000e+00       6.158859597213e-15       1.084047390401e-15       2.626959664226e-16 
  974       1.527933454899e-10       5.821594450438e-12       1.909654946016e-12       0.000000000000e+00       6.134756215498e-15       1.065635559713e-15       2.627282268831e-16 
  975       1.519663929314e-10       5.835905036945e-12       1.713251929872e-12       0.000000000000e+00       6.110769059438e-15       1.047319353194e-15       2.627252289024e-16 
  976       1.511599974286e-10       5.849405950004e-12       1.515710807627e-12       0.000000000000e+00       6.086897500490e-15       1.029105060055e-15       2.626878047609e-16 
  977       1.503742072314e-10       5.862092156372e-12       1.317116903501e-12       0.000000000000e+00       6.063140897244e-15       1.010999015386e-15       2.626167948634e-16 
  978       1.496090701032e-10       5.873958612869e-12       1.117556262806e-12       0.000000000000e+00       6.039498595386e-15       9.930076002723e-16       2.625130477603e-16 
  979       1.488646333188e-10       5.885000266373e-12       9.171156538086e-13       0.000000000000e+00       6.015969927655e-15       9.751372419053e-16       2.623774201705e-16 
  980       1.481409436619e-10       5.895212053828e-12       7.158825695787e-13       0.000000000000e+00       5.992554213798e-15       9.573944136925e-16       2.622107770025e-16 
  981       1.474380474238e-10       5.904588902242e-12       5.139452298444e-13       0.000000000000e+00       5.969250760537e-15       9.397856353702e-16       2.620139913765e-16 
  982       1.467559904008e-10       5.913125728688e-12       3.113925828458e-13       0.000000000000e+00       5.946058861520e-15       9.223174731151e-16       2.617879446464e-16 
  983       1.460948178923e-10       5.920817440307e-12       1.083143071883e-13       0.000000000000e+00       5.922977797287e-15       9.049965396561e-16       2.615335264215e-16 
  984       1.454545746989e-10       5.927658934308e-12      -9.519918630389e-14       0.000000000000e+00       5.900006835221e-15       8.878294943857e-16       2.612516345885e-16 
  985       1.448353051200e-10       5.933645097969e-12      -2.990567527337e-13       0.000000000000e+00       5.877145229513e-15       8.708230434718e-16       2.609431753334e-16 
  986       1.442370529521e-10       5.938770808641e-12      -5.031665112779e-13       0.000000000000e+00       5.854392221121e-15       8.539839399690e-16       2.606090631631e-16 
  987       1.436598614868e-10       5.943030933747e-12      -7.074358433338e-13       0.000000000000e+00       5.831747037723e-15       8.373189839309e-16       2.602502209279e-16 
  988       1.431037735084e-10       5.946420330782e-12      -9.117713906649e-13       0.000000000000e+00       5.809208893681e-15       8.208350225214e-16       2.598675798424e-16 
  989       1.425688312920e-10       5.948933847320e-12      -1.116079053548e-12       0.000000000000e+00       5.786776990001e-15       8.045389501261e-16       2.594620795085e-16 
  990       1.420550766017e-10       5.950566321007e-12      -1.320263988919e-12       0.000000000000e+00       5.764450514286e-15       7.884377084646e-16       2.590346679364e-16 
  991       1.415625506883e-10       5.951312579570e-12      -1.524230608521e-12       0.000000000000e+00       5.742228640700e-15       7.725382867015e-16       2.585863015668e-16 
  992       1.410912942871e-10       5.951167440814e-12      -1.727882577047e-12       0.000000000000e+00       5.720110529926e-15       7.568477215584e-16       2.581179452929e-16 
  993       1.406413476164e-10       5.950125712626e-12      -1.931122810290e-12       0.000000000000e+00       5.698095329121e-15       7.413730974258e-16       2.576305724821e-16 
  994       1.402127503749e-10       5.948182192973e-12      -2.133853473288e-12       0.000000000000e+00       5.676182171882e-15       7.261215464739e-16       2.571251649979e-16 
  995       1.398055030004e-10       5.945333669939e-12      -2.335982996624e-12       0.000000000000e+00       5.654370274300e-15       7.110985833196e-16       2.566025536751e-16 
  996       1.394194498263e-10       5.941584953980e-12      -2.537447241891e-12       0.000000000000e+00       5.632659224779e-15       6.963030820182e-16       2.560629371362e-16 
  997       1.390543942058e-10       5.936942934225e-12      -2.738188643252e-12       0.000000000000e+00       5.611048698389e-15       6.817322255561e-16       2.555063559544e-16 
  998       1.387101370892e-10       5.931414586712e-12      -2.938149216456e-12       0.000000000000e+00       5.589538361129e-15       6.673831645210e-16       2.549328515631e-16 
  999       1.383864770169e-10       5.925006974633e-12      -3.137270557831e-12       0.000000000000e+00       5.568127869889e-15       6.532530170121e-16       2.543424662579e-16 
 1000       1.380832101130e-10       5.917727248577e-12      -3.335493843282e-12       0.000000000000e+00       5.546816872424e-15       6.393388685500e-16       2.537352431996e-16 
 1001       1.378001300784e-10       5.909582646775e-12      -3.532759827290e-12       0.000000000000e+00       5.525605007326e-15       6.256377719868e-16       2.531112264163e-16 
 1002       1.375370281840e-10       5.900580495341e-12      -3.729008841903e-12       0.000000000000e+00       5.504491903992e-15       6.121467474159e-16       2.524704608062e-16 
 1003       1.372936932643e-10       5.890728208518e-12      -3.924180795734e-12       0.000000000000e+00       5.483477182595e-15       5.988627820823e-16       2.518129921405e-16 
 1004       1.370699117100e-10       5.880033288919e-12      -4.118215172960e-12       0.000000000000e+00       5.462560454056e-15       5.857828302923e-16       2.511388670652e-16 
 1005       1.368654674621e-10       5.868503327775e-12      -4.311051032315e-12       0.000000000000e+00       5.441741320012e-15       5.729038133237e-16       2.504481331043e-16 
 1006       1.366801420045e-10       5.856146005172e-12      -4.502627006088e-12       0.000000000000e+00       5.421019372790e-15       5.602226193356e-16       2.497408386620e-16 
 1007       1.365137143575e-10       5.842969090300e-12      -4.692881299116e-12       0.000000000000e+00       5.400394195374e-15       5.477361032786e-16       2.490170330256e-16 
 1008       1.363659610712e-10       5.828980441694e-12      -4.881751687786e-12       0.000000000000e+00       5.379865361376e-15       5.354410868046e-16       2.482767663675e-16 
 1009       1.362366562185e-10       5.814188007479e-12      -5.069175519025e-12       0.000000000000e+00       5.359432435011e-15       5.233343581769e-16       2.475200897485e-16 
 1010       1.361255713885e-10       5.798599825610e-12      -5.255089709302e-12       0.000000000000e+00       5.339094971061e-15       5.114126721804e-16       2.467470551196e-16 
 1011       1.360324756799e-10       5.782224024121e-12      -5.439430743619e-12       0.000000000000e+00       5.318852514850e-15       4.996727500310e-16       2.459577153252e-16 
 1012       1.359571356940e-10       5.765068821365e-12      -5.622134674511e-12       0.000000000000e+00       5.298704602211e-15       4.881112792863e-16       2.451521241052e-16 
 1013       1.358993155281e-10       5.747142526256e-12      -5.803137121038e-12       0.000000000000e+00       5.278650759462e-15       4.767249137551e-16       2.443303360978e-16 
 1014       1.358587767687e-10       5.728453538518e-12      -5.982373267789e-12       0.000000000000e+00       5.258690503371e-15       4.655102734075e-16       2.434924068420e-16 
 1015       1.358352784850e-10       5.709010348922e-12      -6.159777863868e-12       0.000000000000e+00       5.238823341128e-15       4.544639442853e-16       2.426383927801e-16 
 1016       1.358285772217e-10       5.688821539535e-12      -6.335285221898e-12       0.000000000000e+00       5.219048770317e-15       4.435824784111e-16       2.417683512604e-16 
 1017       1.358384269928e-10       5.667895783960e-12      -6.508829217015e-12       0.000000000000e+00       5.199366278886e-15       4.328623936994e-16       2.408823405396e-16 
 1018       1.358645792745e-10       5.646241847582e-12      -6.680343285862e-12       0.000000000000e+00       5.179775345116e-15       4.223001738656e-16       2.399804197853e-16 
 1019       1.359067829985e-10       5.623868587809e-12      -6.849760425588e-12       0.000000000000e+00       5.160275437595e-15       4.118922683367e-16       2.390626490790e-16 
 1020       1.359647845454e-10       5.600784954317e-12      -7.017013192843e-12       0.000000000000e+00       5.140866015184e-15       4.016350921609e-16       2.381290894181e-16 
 1021       1.360383277380e-10       5.576999989294e-12      -7.182033702775e-12       0.000000000000e+00       5.121546526989e-15       3.915250259178e-16       2.371798027187e-16 
 1022       1.361271538341e-10       5.552522827683e-12      -7.344753628025e-12       0.000000000000e+00       5.102316412336e-15       3.815584156282e-16       2.362148518182e-16 
 1023       1.362310015206e-10       5.527362697424e-12      -7.505104197725e-12       0.000000000000e+00       5.083175100733e-15       3.717315726643e-16       2.352343004778e-16 
 1024       1.363496069059e-10       5.501528919700e-12      -7.663016196490e-12       0.000000000000e+00       5.064122011848e-15       3.620407736595e-16       2.342382133852e-16 
 1025       1.364827035137e-10       5.475030909180e-12      -7.818419963421e-12       0.000000000000e+00       5.045156555477e-15       3.524822604187e-16       2.332266561569e-16 
 1026       1.366300222763e-10       5.447878174260e-12      -7.971245391095e-12       0.000000000000e+00       5.026278131513e-15       3.430522398278e-16       2.321996953408e-16 
 1027       1.367912915273e-10       5.420080317310e-12      -8.121421924565e-12       0.000000000000e+00       5.007486129918e-15       3.337468837643e-16       2.311573984191e-16 
 1028       1.369662369954e-10       5.391647034916e-12      -8.268878560353e-12       0.000000000000e+00       4.988779930695e-15       3.245623290068e-16       2.300998338103e-16 
 1029       1.371545817977e-10       5.362588118123e-12      -8.413543845452e-12       0.000000000000e+00       4.970158903854e-15       3.154946771450e-16       2.290270708724e-16 
 1030       1.373560464325e-10       5.332913452679e-12      -8.555345876314e-12       0.000000000000e+00       4.951622409387e-15       3.065399944902e-16       2.279391799048e-16 
 1031       1.375703487730e-10       5.302633019279e-12      -8.694212297853e-12       0.000000000000e+00       4.933169797236e-15       2.976943119849e-16       2.268362321513e-16 
 1032       1.377972040602e-10       5.271756893807e-12      -8.830070302438e-12       0.000000000000e+00       4.914800407267e-15       2.889536251125e-16       2.257182998026e-16 
 1033       1.380363248966e-10       5.240295247582e-12      -8.962846628890e-12       0.000000000000e+00       4.896513569234e-15       2.803138938082e-16       2.245854559988e-16 
 1034       1.382874204528e-10       5.208258936303e-12      -9.092477947492e-12       0.000000000000e+00       4.878308676585e-15       2.717715537597e-16       2.234377635215e-16 
 1035       1.385501940900e-10       5.175661275513e-12      -9.218942177735e-12       0.000000000000e+00       4.860185409061e-15       2.633250584064e-16       2.222752406913e-16 
 1036       1.388243456909e-10       5.142516290705e-12      -9.342227611048e-12       0.000000000000e+00       4.842143513180e-15       2.549733585478e-16       2.210978949935e-16 
 1037       1.391095724356e-10       5.108838131199e-12      -9.462322565061e-12       0.000000000000e+00       4.824182728675e-15       2.467153928945e-16       2.199057343462e-16 
 1038       1.394055687952e-10       5.074641070454e-12      -9.579215383771e-12       0.000000000000e+00       4.806302788468e-15       2.385500880357e-16       2.186987671017e-16 
 1039       1.397120265250e-10       5.039939506377e-12      -9.692894437696e-12       0.000000000000e+00       4.788503418653e-15       2.304763584062e-16       2.174770020478e-16 
 1040       1.400286346572e-10       5.004747961632e-12      -9.803348124043e-12       0.000000000000e+00       4.770784338473e-15       2.224931062543e-16       2.162404484088e-16 
 1041       1.403550794946e-10       4.969081083950e-12      -9.910564866865e-12       0.000000000000e+00       4.753145260299e-15       2.145992216085e-16       2.149891158470e-16 
 1042       1.406910446036e-10       4.932953646439e-12      -1.001453311722e-11       0.000000000000e+00       4.735585889608e-15       2.067935822454e-16       2.137230144640e-16 
 1043       1.410362108072e-10       4.896380547890e-12      -1.011524135333e-11       0.000000000000e+00       4.718105924963e-15       1.990750536565e-16       2.124421548019e-16 
 1044       1.413902561785e-10       4.859376813094e-12      -1.021267808076e-11       0.000000000000e+00       4.700705057993e-15       1.914424890160e-16       2.111465478447e-16 
 1045       1.417528560333e-10       4.821957593143e-12      -1.030683183255e-11       0.000000000000e+00       4.683382973367e-15       1.838947291480e-16       2.098362050195e-16 
 1046       1.421236829243e-10       4.784138165746e-12      -1.039769116940e-11       0.000000000000e+00       4.666139348778e-15       1.764306024936e-16       2.085111381978e-16 
 1047       1.425024066330e-10       4.745933935536e-12      -1.048524467981e-11       0.000000000000e+00       4.648973854919e-15       1.690489250785e-16       2.071713596968e-16 
 1048       1.428886941640e-10       4.707360434376e-12      -1.056948098027e-11       0.000000000000e+00       4.631886155463e-15       1.617485004803e-16       2.058168822807e-16 
 1049       1.432822097374e-10       4.668433321678e-12      -1.065038871538e-11       0.000000000000e+00       4.614875907042e-15       1.545281197958e-16       2.044477191621e-16 
 1050       1.436826147825e-10       4.629168384701e-12      -1.072795655805e-11       0.000000000000e+00       4.597942759224e-15       1.473865616083e-16       2.030638840030e-16 
 1051       1.440895679305e-10       4.589581538870e-12      -1.080217320963e-11       0.000000000000e+00       4.581086354492e-15       1.403225919548e-16       2.016653909164e-16 
 1052       1.445027250081e-10       4.549688828080e-12      -1.087302740011e-11       0.000000000000e+00       4.564306328226e-15       1.333349642939e-16       2.002522544673e-16 
 1053       1.449217390305e-10       4.509506425008e-12      -1.094050788824e-11       0.000000000000e+00       4.547602308678e-15       1.264224194723e-16       1.988244896744e-16 
 1054       1.453462601945e-10       4.469050631421e-12      -1.100460346169e-11       0.000000000000e+00       4.530973916952e-15       1.195836856930e-16       1.973821120108e-16 
 1055       1.457759358717e-10       4.428337878487e-12      -1.106530293726e-11       0.000000000000e+00       4.514420766985e-15       1.128174784817e-16       1.959251374060e-16 
 1056       1.462104106019e-10       4.387384727083e-12      -1.112259516098e-11       0.000000000000e+00       4.497942465522e-15       1.061225006552e-16       1.944535822464e-16 
 1057       1.466493260859e-10       4.346207868107e-12      -1.117646900832e-11       0.000000000000e+00       4.481538612098e-15       9.949744228773e-17       1.929674633775e-16 
 1058       1.470923211790e-10       4.304824122784e-12      -1.122691338432e-11       0.000000000000e+00       4.465208799013e-15       9.294098067904e-17       1.914667981041e-16 
 1059       1.475390318841e-10       4.263250442978e-12      -1.127391722377e-11       0.000000000000e+00       4.448952611316e-15       8.645178032129e-17       1.899516041928e-16 
 1060       1.479890913446e-10       4.221503911502e-12      -1.131746949133e-11       0.000000000000e+00       4.432769626780e-15       8.002849286658e-17       1.884218998721e-16 
 1061       1.484421298381e-10       4.179601742426e-12      -1.135755918177e-11       0.000000000000e+00       4.416659415882e-15       7.366975709423e-17       1.868777038348e-16 
 1062       1.488977747690e-10       4.137561281387e-12      -1.139417532005e-11       0.000000000000e+00       4.400621541782e-15       6.737419887812e-17       1.853190352383e-16 
 1063       1.493556506621e-10       4.095400005897e-12      -1.142730696151e-11       0.000000000000e+00       4.384655560299e-15       6.114043115403e-17       1.837459137066e-16 
 1064       1.498153791557e-10       4.053135525656e-12      -1.145694319207e-11       0.000000000000e+00       4.368761019896e-15       5.496705388699e-17       1.821583593313e-16 
 1065       1.502765789946e-10       4.010785582861e-12      -1.148307312832e-11       0.000000000000e+00       4.352937461652e-15       4.885265403859e-17       1.805563926729e-16 
 1066       1.507388660232e-10       3.968368052510e-12      -1.150568591772e-11       0.000000000000e+00       4.337184419246e-15       4.279580553434e-17       1.789400347619e-16 
 1067       1.512018531793e-10       3.925900942719e-12      -1.152477073878e-11       0.000000000000e+00       4.321501418931e-15       3.679506923100e-17       1.773093071008e-16 
 1068       1.516651504864e-10       3.883402395028e-12      -1.154031680117e-11       0.000000000000e+00       4.305887979519e-15       3.084899288391e-17       1.756642316644e-16 
 1069       1.521283650476e-10       3.840890684709e-12      -1.155231334593e-11       0.000000000000e+00       4.290343612352e-15       2.495611111432e-17       1.740048309018e-16 
 1070       1.525911010383e-10       3.798384221080e-12      -1.156074964560e-11       0.000000000000e+00       4.274867821288e-15       1.911494537674e-17       1.723311277375e-16 
 1071       1.530529596996e-10       3.755901547808e-12      -1.156561500440e-11       0.000000000000e+00       4.259460102676e-15       1.332400392627e-17       1.706431455725e-16 
 1072       1.535135393314e-10       3.713461343227e-12      -1.156689875835e-11       0.000000000000e+00       4.244119945335e-15       7.581781785948e-18       1.689409082859e-16 
 1073       1.539724668385e-10       3.671081334313e-12      -1.156459789711e-11       0.000000000000e+00       4.228846883025e-15       1.887592038297e-18       1.672245248276e-16 
 1074       1.544294928520e-10       3.628775021821e-12      -1.155874004258e-11       0.000000000000e+00       4.213640652682e-15      -3.755927838393e-18       1.654944442556e-16 
 1075       1.548843978894e-10       3.586554911176e-12      -1.154936078347e-11       0.000000000000e+00       4.198501038295e-15      -9.345288242994e-18       1.637512041741e-16 
 1076       1.553369609158e-10       3.544433594945e-12      -1.153649608305e-11       0.000000000000e+00       4.183427818595e-15      -1.487697562713e-17       1.619953464669e-16 
 1077       1.557869593407e-10       3.502423753041e-12      -1.152018228006e-11       0.000000000000e+00       4.168420767036e-15      -2.034745244128e-17       1.602274173074e-16 
 1078       1.562341690137e-10       3.460538152913e-12      -1.150045608967e-11       0.000000000000e+00       4.153479651787e-15      -2.575315708086e-17       1.584479671689e-16 
 1079       1.566783642216e-10       3.418789649747e-12      -1.147735460446e-11       0.000000000000e+00       4.138604235706e-15      -3.109050383234e-17       1.566575508345e-16 
 1080       1.571193176848e-10       3.377191186659e-12      -1.145091529538e-11       0.000000000000e+00       4.123794276334e-15      -3.635588281935e-17       1.548567274075e-16 
 1081       1.575568005535e-10       3.335755794896e-12      -1.142117601265e-11       0.000000000000e+00       4.109049525873e-15      -4.154565994871e-17       1.530460603209e-16 
 1082       1.579905824042e-10       3.294496594027e-12      -1.138817498677e-11       0.000000000000e+00       4.094369731172e-15      -4.665617685665e-17       1.512261173482e-16 
 1083       1.584204312365e-10       3.253426792143e-12      -1.135195082945e-11       0.000000000000e+00       4.079754633711e-15      -5.168375085477e-17       1.493974706131e-16 
 1084       1.588461134691e-10       3.212559686051e-12      -1.131254253458e-11       0.000000000000e+00       4.065203969586e-15      -5.662467487624e-17       1.475606965996e-16 
 1085       1.592673939365e-10       3.171908661474e-12      -1.126998947915e-11       0.000000000000e+00       4.050717469493e-15      -6.147521742186e-17       1.457163761623e-16 
 1086       1.596840358855e-10       3.131487193243e-12      -1.122433142424e-11       0.000000000000e+00       4.036294858713e-15      -6.623162250615e-17       1.438650945363e-16 
 1087       1.600958009716e-10       3.091308845496e-12      -1.117560851598e-11       0.000000000000e+00       4.021935857094e-15      -7.089010960346e-17       1.420074413473e-16 
 1088       1.605024492555e-10       3.051387271875e-12      -1.112386128645e-11       0.000000000000e+00       4.007640179037e-15      -7.544687359407e-17       1.401440106220e-16 
 1089       1.609037391993e-10       3.011736215722e-12      -1.106913065470e-11       0.000000000000e+00       3.993407533480e-15      -7.989808471028e-17       1.382754007977e-16 
 1090       1.612994276634e-10       2.972369510272e-12      -1.101145792766e-11       0.000000000000e+00       3.979237623883e-15      -8.423988848250e-17       1.364022147329e-16 
 1091       1.616892699027e-10       2.933301078854e-12      -1.095088480113e-11       0.000000000000e+00       3.965130148210e-15      -8.846840568536e-17       1.345250597169e-16 
 1092       1.620730195630e-10       2.894544935086e-12      -1.088745336068e-11       0.000000000000e+00       3.951084798915e-15      -9.257973228383e-17       1.326445474806e-16 
 1093       1.624504286778e-10       2.856115183070e-12      -1.082120608267e-11       0.000000000000e+00       3.937101262928e-15      -9.656993937926e-17       1.307612942056e-16 
 1094       1.628212476641e-10       2.818026017591e-12      -1.075218583515e-11       0.000000000000e+00       3.923179221634e-15      -1.004350731555e-16       1.288759205353e-16 
 1095       1.631852253198e-10       2.780291724310e-12      -1.068043587887e-11       0.000000000000e+00       3.909318350863e-15      -1.041711548251e-16       1.269890515844e-16 
 1096       1.635421088193e-10       2.742926679964e-12      -1.060599986816e-11       0.000000000000e+00       3.895518320869e-15      -1.077741805752e-16       1.251013169492e-16 
 1097       1.638916437103e-10       2.705945352559e-12      -1.052892185196e-11       0.000000000000e+00       3.881778796321e-15      -1.112401215139e-16       1.232133507176e-16 
 1098       1.642335739105e-10       2.669362301569e-12      -1.044924627472e-11       0.000000000000e+00       3.868099436280e-15      -1.145649236159e-16       1.213257914792e-16 
 1099       1.645676417036e-10       2.633192178133e-12      -1.036701797739e-11       0.000000000000e+00       3.854479894187e-15      -1.177445076692e-16       1.194392823357e-16 
 1100       1.648935877362e-10       2.597449725247e-12      -1.028228219835e-11       0.000000000000e+00       3.840919817848e-15      -1.207747692208e-16       1.175544709104e-16 
 1101       1.652111510138e-10       2.562149777965e-12      -1.019508457438e-11       0.000000000000e+00       3.827418849416e-15      -1.236515785229e-16       1.156720093590e-16 
 1102       1.655200688978e-10       2.527307263595e-12      -1.010547114160e-11       0.000000000000e+00       3.813976625376e-15      -1.263707804789e-16       1.137925543791e-16 
 1103       1.658200771014e-10       2.492937201891e-12      -1.001348833644e-11       0.000000000000e+00       3.800592776531e-15      -1.289281945897e-16       1.119167672206e-16 
 1104       1.661109096865e-10       2.459054705256e-12      -9.919182996594e-12       0.000000000000e+00       3.787266927983e-15      -1.313196148997e-16       1.100453136958e-16 
 1105       1.663922990600e-10       2.425674978933e-12      -9.822602361953e-12       0.000000000000e+00       3.773998699120e-15      -1.335408099429e-16       1.081788641895e-16 
 1106       1.666639759701e-10       2.392813321203e-12      -9.723794075584e-12       0.000000000000e+00       3.760787703600e-15      -1.355875226887e-16       1.063180936688e-16 
 1107       1.669256695032e-10       2.360485123585e-12      -9.622806184672e-12       0.000000000000e+00       3.747633549333e-15      -1.374554704887e-16       1.044636816938e-16 
 1108       1.671771070797e-10       2.328705871025e-12      -9.519687141476e-12       0.000000000000e+00       3.734535838468e-15      -1.391403450221e-16       1.026163124269e-16 
 1109       1.674180144512e-10       2.297491142099e-12      -9.414485804288e-12       0.000000000000e+00       3.721494167376e-15      -1.406378122422e-16       1.007766746437e-16 
 1110       1.676481156964e-10       2.266856609208e-12      -9.307251438380e-12       0.000000000000e+00       3.708508126634e-15      -1.419435123223e-16       9.894546174255e-17 
 1111       1.678671332179e-10       2.236818038771e-12      -9.198033716964e-12       0.000000000000e+00       3.695577301009e-15      -1.430530596019e-16       9.712337175494e-17 
 1112       1.680748297277e-10       2.207389270339e-12      -9.086883698964e-12       0.000000000000e+00       3.682701312635e-15      -1.439636099536e-16       9.531095349423e-17 
 1113       1.682711348168e-10       2.178576124452e-12      -8.973856774469e-12       0.000000000000e+00       3.669879951184e-15      -1.446785855449e-16       9.350814276851e-17 
 1114       1.684560200417e-10       2.150382415112e-12      -8.859009759882e-12       0.000000000000e+00       3.657113045376e-15      -1.452030120569e-16       9.171472009329e-17 
 1115       1.686294570870e-10       2.122811963613e-12      -8.742399925660e-12       0.000000000000e+00       3.644400419925e-15      -1.455419569929e-16       8.993046399510e-17 
 1116       1.687914177655e-10       2.095868598539e-12      -8.624084997360e-12       0.000000000000e+00       3.631741895534e-15      -1.457005297757e-16       8.815515100673e-17 
 1117       1.689418740188e-10       2.069556155767e-12      -8.504123156695e-12       0.000000000000e+00       3.619137288880e-15      -1.456838818463e-16       8.638855566236e-17 
 1118       1.690807979181e-10       2.043878478465e-12      -8.382573042574e-12       0.000000000000e+00       3.606586412603e-15      -1.454972067615e-16       8.463045049279e-17 
 1119       1.692081616643e-10       2.018839417094e-12      -8.259493752161e-12       0.000000000000e+00       3.594089075295e-15      -1.451457402922e-16       8.288060602057e-17 
 1120       1.693239375890e-10       1.994442829408e-12      -8.134944841916e-12       0.000000000000e+00       3.581645081487e-15      -1.446347605214e-16       8.113879075519e-17 
 1121       1.694280981545e-10       1.970692580454e-12      -8.008986328647e-12       0.000000000000e+00       3.569254231639e-15      -1.439695879425e-16       7.940477118829e-17 
 1122       1.695206159548e-10       1.947592542573e-12      -7.881678690562e-12       0.000000000000e+00       3.556916322129e-15      -1.431555855570e-16       7.767831178884e-17 
 1123       1.696014637161e-10       1.925146595401e-12      -7.753082868315e-12       0.000000000000e+00       3.544631145240e-15      -1.421981589728e-16       7.595917499826e-17 
 1124       1.696706142969e-10       1.903358625867e-12      -7.623260266053e-12       0.000000000000e+00       3.532398489148e-15      -1.411027565021e-16       7.424712122567e-17 
 1125       1.697280406889e-10       1.882232528198e-12      -7.492272752472e-12       0.000000000000e+00       3.520218137911e-15      -1.398748692597e-16       7.254190884304e-17 
 1126       1.697737160177e-10       1.861772203915e-12      -7.360182661859e-12       0.000000000000e+00       3.508089871459e-15      -1.385200312611e-16       7.084329418037e-17 
 1127       1.698076135428e-10       1.841981561834e-12      -7.227052795145e-12       0.000000000000e+00       3.496013465580e-15      -1.370438195202e-16       6.915103152087e-17 
 1128       1.698297066585e-10       1.822864518070e-12      -7.092946420955e-12       0.000000000000e+00       3.483988691912e-15      -1.354518541476e-16       6.746487309616e-17 
 1129       1.698399688944e-10       1.804424996033e-12      -6.957927276654e-12       0.000000000000e+00       3.472015317926e-15      -1.337497984488e-16       6.578456908142e-17 
 1130       1.698383739159e-10       1.786666926433e-12      -6.822059569397e-12       0.000000000000e+00       3.460093106919e-15      -1.319433590221e-16       6.410986759058e-17 
 1131       1.698248955246e-10       1.769594247275e-12      -6.685407977179e-12       0.000000000000e+00       3.448221818002e-15      -1.300382858567e-16       6.244051467152e-17 
 1132       1.697995076590e-10       1.753210903864e-12      -6.548037649886e-12       0.000000000000e+00       3.436401206085e-15      -1.280403724308e-16       6.077625430123e-17 
 1133       1.697621843951e-10       1.737520848804e-12      -6.410014210339e-12       0.000000000000e+00       3.424631021870e-15      -1.259554558097e-16       5.911682838099e-17 
 1134       1.697128999466e-10       1.722528041998e-12      -6.271403755349e-12       0.000000000000e+00       3.412911011836e-15      -1.237894167436e-16       5.746197673155e-17 
 1135       1.696516286659e-10       1.708236450649e-12      -6.132272856761e-12       0.000000000000e+00       3.401240918229e-15      -1.215481797662e-16       5.581143708833e-17 
 1136       1.695783450442e-10       1.694650049260e-12      -5.992688562506e-12       0.000000000000e+00       3.389620479051e-15      -1.192377132923e-16       5.416494509658e-17 
 1137       1.694930237121e-10       1.681772819634e-12      -5.852718397652e-12       0.000000000000e+00       3.378049428048e-15      -1.168640297160e-16       5.252223430658e-17 
 1138       1.693956394406e-10       1.669608750877e-12      -5.712430365448e-12       0.000000000000e+00       3.366527494695e-15      -1.144331855090e-16       5.088303616877e-17 
 1139       1.692861671409e-10       1.658161839395e-12      -5.571892948376e-12       0.000000000000e+00       3.355054404191e-15      -1.119512813182e-16       4.924708002901e-17 
 1140       1.691645818656e-10       1.647436088896e-12      -5.431175109202e-12       0.000000000000e+00       3.343629877443e-15      -1.094244620644e-16       4.761409312368e-17 
 1141       1.690308588088e-10       1.637435510391e-12      -5.290346292020e-12       0.000000000000e+00       3.332253631056e-15      -1.068589170397e-16       4.598380057494e-17 
 1142       1.688849733067e-10       1.628164122195e-12      -5.149476423309e-12       0.000000000000e+00       3.320925377318e-15      -1.042608800060e-16       4.435592538582e-17 
 1143       1.687269008383e-10       1.619625949925e-12      -5.008635912973e-12       0.000000000000e+00       3.309644824194e-15      -1.016366292931e-16       4.273018843548e-17 
 1144       1.685566170259e-10       1.611825026502e-12      -4.867895655396e-12       0.000000000000e+00       3.298411675312e-15      -9.899248789640e-17       4.110630847436e-17 
 1145       1.683740976354e-10       1.604765392152e-12      -4.727327030491e-12       0.000000000000e+00       3.287225629950e-15      -9.633482357538e-17       3.948400211933e-17 
 1146       1.681793185771e-10       1.598451094404e-12      -4.587001904747e-12       0.000000000000e+00       3.276086383026e-15      -9.367004895142e-17       3.786298384893e-17 
 1147       1.679722559063e-10       1.592886188096e-12      -4.446992632279e-12       0.000000000000e+00       3.264993625087e-15      -9.100462160597e-17       3.624296599850e-17 
 1148       1.677528858232e-10       1.588074735368e-12      -4.307372055877e-12       0.000000000000e+00       3.253947042295e-15      -8.834504417858e-17       3.462365875538e-17 
 1149       1.675211846745e-10       1.584020805667e-12      -4.168213508055e-12       0.000000000000e+00       3.242946316417e-15      -8.569786446501e-17       3.300477015411e-17 
 1150       1.672771289527e-10       1.580728475748e-12      -4.029590812101e-12       0.000000000000e+00       3.231991124816e-15      -8.306967551527e-17       3.138600607157e-17 
 1151       1.670207233968e-10       1.578200091431e-12      -3.891572875661e-12       0.000000000000e+00       3.221081172656e-15      -8.046570097598e-17       2.976716421622e-17 
 1152       1.667520856794e-10       1.576431028719e-12      -3.754207394221e-12       0.000000000000e+00       3.210216290010e-15      -7.788553125491e-17       2.814841741195e-17 
 1153       1.664713627956e-10       1.575414866163e-12      -3.617536942790e-12       0.000000000000e+00       3.199396335962e-15      -7.532733341224e-17       2.653003390161e-17 
 1154       1.661787030643e-10       1.575145116912e-12      -3.481604365154e-12       0.000000000000e+00       3.188621166494e-15      -7.278926097604e-17       2.491228368283e-17 
 1155       1.658742561315e-10       1.575615228556e-12      -3.346452774437e-12       0.000000000000e+00       3.177890634473e-15      -7.026945391236e-17       2.329543851177e-17 
 1156       1.655581729733e-10       1.576818582972e-12      -3.212125553659e-12       0.000000000000e+00       3.167204589644e-15      -6.776603859524e-17       2.167977190674e-17 
 1157       1.652306058988e-10       1.578748496164e-12      -3.078666356301e-12       0.000000000000e+00       3.156562878622e-15      -6.527712777673e-17       2.006555915194e-17 
 1158       1.648917085534e-10       1.581398218105e-12      -2.946119106857e-12       0.000000000000e+00       3.145965344881e-15      -6.280082055694e-17       1.845307730114e-17 
 1159       1.645416359219e-10       1.584760932586e-12      -2.814528001401e-12       0.000000000000e+00       3.135411828747e-15      -6.033520235408e-17       1.684260518132e-17 
 1160       1.641805443314e-10       1.588829757052e-12      -2.683937508143e-12       0.000000000000e+00       3.124902167392e-15      -5.787834487448e-17       1.523442339642e-17 
 1161       1.638085914544e-10       1.593597742452e-12      -2.554392367987e-12       0.000000000000e+00       3.114436194818e-15      -5.542830608263e-17       1.362881433100e-17 
 1162       1.634259363120e-10       1.599057873075e-12      -2.425937595096e-12       0.000000000000e+00       3.104013741858e-15      -5.298313017122e-17       1.202606215391e-17 
 1163       1.630327392769e-10       1.605203066401e-12      -2.298618477449e-12       0.000000000000e+00       3.093634636159e-15      -5.054084753115e-17       1.042645282199e-17 
 1164       1.626291620765e-10       1.612026172935e-12      -2.172480577398e-12       0.000000000000e+00       3.083298702176e-15      -4.809947472161e-17       8.830274083786e-18 
 1165       1.622153677958e-10       1.619519976060e-12      -2.047569732232e-12       0.000000000000e+00       3.073005761168e-15      -4.565701444006e-17       7.237815483180e-18 
 1166       1.617915208809e-10       1.627677191871e-12      -1.923932054737e-12       0.000000000000e+00       3.062755631182e-15      -4.321145549230e-17       5.649368363121e-18 
 1167       1.613577871415e-10       1.636490469027e-12      -1.801613933750e-12       0.000000000000e+00       3.052548127049e-15      -4.076077276250e-17       4.065225869296e-18 
 1168       1.609143337546e-10       1.645952388586e-12      -1.680662034726e-12       0.000000000000e+00       3.042383060374e-15      -3.830292718321e-17       2.485682953817e-18 
 1169       1.604613292669e-10       1.656055463852e-12      -1.561123300294e-12       0.000000000000e+00       3.032260239528e-15      -3.583586570544e-17       9.110363789119e-19 
 1170       1.599989435985e-10       1.666792140219e-12      -1.443044950815e-12       0.000000000000e+00       3.022179469637e-15      -3.335752126863e-17      -6.584152793947e-19 
 1171       1.595273480457e-10       1.678154795013e-12      -1.326474484947e-12       0.000000000000e+00       3.012140552579e-15      -3.086581277075e-17      -2.222371627589e-18 
 1172       1.590467152840e-10       1.690135737335e-12      -1.211459680200e-12       0.000000000000e+00       3.002143286967e-15      -2.835864503828e-17      -3.780530450985e-18 
 1173       1.585572193711e-10       1.702727207904e-12      -1.098048593498e-12       0.000000000000e+00       2.992187468149e-15      -2.583390879630e-17      -5.332587710034e-18 
 1174       1.580590357505e-10       1.715921378899e-12      -9.862895617369e-13       0.000000000000e+00       2.982272888193e-15      -2.328948063846e-17      -6.878237536642e-18 
 1175       1.575523412538e-10       1.729710353807e-12      -8.762312023483e-13       0.000000000000e+00       2.972399335881e-15      -2.072322299706e-17      -8.417172230479e-18 
 1176       1.570373141045e-10       1.744086167259e-12      -7.679224138546e-13       0.000000000000e+00       2.962566596700e-15      -1.813298411307e-17      -9.949082255296e-18 
 1177       1.565141339207e-10       1.759040784880e-12      -6.614123764314e-13       0.000000000000e+00       2.952774452835e-15      -1.551659800615e-17      -1.147365623523e-17 
 1178       1.559829817180e-10       1.774566103126e-12      -5.567505524665e-13       0.000000000000e+00       2.943022683157e-15      -1.287188444473e-17      -1.299058095114e-17 
 1179       1.554440399131e-10       1.790653949133e-12      -4.539866871199e-13       0.000000000000e+00       2.933311063217e-15      -1.019664891598e-17      -1.449954133688e-17 
 1180       1.548974923264e-10       1.807296080555e-12      -3.531708088832e-13       0.000000000000e+00       2.923639365236e-15      -7.488682595890e-18      -1.600022047565e-17 
 1181       1.543435241854e-10       1.824484185410e-12      -2.543532301399e-13       0.000000000000e+00       2.914007358096e-15      -4.745762319287e-18      -1.749229959630e-17 
 1182       1.537823221275e-10       1.842209881924e-12      -1.575845477245e-13       0.000000000000e+00       2.904414807335e-15      -1.965650549874e-18      -1.897545806961e-17 
 1183       1.532140742033e-10       1.860464718370e-12      -6.291564348299e-14       0.000000000000e+00       2.894861475134e-15       8.539046497403e-19      -2.044937340468e-17 
 1184       1.526389698795e-10       1.879240172917e-12       2.960231516809e-14       0.000000000000e+00       2.885347120308e-15       3.715169648003e-18      -2.191372124514e-17 
 1185       1.520572000421e-10       1.898527653468e-12       1.199178746814e-13       0.000000000000e+00       2.875871498303e-15       6.620425274386e-18      -2.336817536555e-17 
 1186       1.514689569995e-10       1.918318497505e-12       2.079792948192e-13       0.000000000000e+00       2.866434361181e-15       9.571966849352e-18      -2.481240766768e-17 
 1187       1.508744344854e-10       1.938603971932e-12       2.937345480937e-13       0.000000000000e+00       2.857035457616e-15       1.257210421432e-17      -2.624608817681e-17 
 1188       1.502738276621e-10       1.959375272921e-12       3.771313192070e-13       0.000000000000e+00       2.847674532881e-15       1.562316176163e-17      -2.766888503807e-17 
 1189       1.496673331233e-10       1.980623525749e-12       4.581170044918e-13       0.000000000000e+00       2.838351328844e-15       1.872747846450e-17      -2.908046451273e-17 
 1190       1.490551502119e-10       2.002339290766e-12       5.366466856243e-13       0.000000000000e+00       2.829065608365e-15       2.188682879924e-17      -3.048052596727e-17 
 1191       1.484374849838e-10       2.024511074948e-12       6.127071591011e-13       0.000000000000e+00       2.819817228847e-15       2.510067766545e-17      -3.186890731836e-17 
 1192       1.478145462987e-10       2.047126801750e-12       6.862932007938e-13       0.000000000000e+00       2.810606069570e-15       2.836790409130e-17      -3.324548087571e-17 
 1193       1.471865445135e-10       2.070174303126e-12       7.573996185619e-13       0.000000000000e+00       2.801432007361e-15       3.168737837810e-17      -3.461011846604e-17 
 1194       1.465536914851e-10       2.093641319334e-12       8.260212523684e-13       0.000000000000e+00       2.792294916587e-15       3.505796208119e-17      -3.596269143235e-17 
 1195       1.459162005739e-10       2.117515498735e-12       8.921529743947e-13       0.000000000000e+00       2.783194669147e-15       3.847850799097e-17      -3.730307063324e-17 
 1196       1.452742866471e-10       2.141784397597e-12       9.557896891565e-13       0.000000000000e+00       2.774131134465e-15       4.194786011374e-17      -3.863112644214e-17 
 1197       1.446281660813e-10       2.166435479892e-12       1.016926333619e-12       0.000000000000e+00       2.765104179485e-15       4.546485365269e-17      -3.994672874663e-17 
 1198       1.439780567663e-10       2.191456117103e-12       1.075557877312e-12       0.000000000000e+00       2.756113668665e-15       4.902831498880e-17      -4.124974694767e-17 
 1199       1.433241781081e-10       2.216833588019e-12       1.131679322446e-12       0.000000000000e+00       2.747159463967e-15       5.263706166180e-17      -4.254004995890e-17 
 1200       1.426667510319e-10       2.242555078541e-12       1.185285704028e-12       0.000000000000e+00       2.738241424855e-15       5.628990235109e-17      -4.381750620593e-17 
 1201       1.420059979855e-10       2.268607681484e-12       1.236372089974e-12       0.000000000000e+00       2.729359408285e-15       5.998563685669e-17      -4.508198362560e-17 
 1202       1.413421429424e-10       2.294978396373e-12       1.284933581228e-12       0.000000000000e+00       2.720513268699e-15       6.372305608013e-17      -4.633334966522e-17 
 1203       1.406754114049e-10       2.321654129249e-12       1.330965311878e-12       0.000000000000e+00       2.711702858019e-15       6.750094200544e-17      -4.757147128193e-17 
 1204       1.400060304077e-10       2.348621692469e-12       1.374462449265e-12       0.000000000000e+00       2.702928025643e-15       7.131806768005e-17      -4.879621494191e-17 
 1205       1.393342285204e-10       2.375867804507e-12       1.415420194106e-12       0.000000000000e+00       2.694188618433e-15       7.517319719573e-17      -5.000744661965e-17 
 1206       1.386602358513e-10       2.403379089756e-12       1.453833780605e-12       0.000000000000e+00       2.685484480713e-15       7.906508566953e-17      -5.120503179729e-17 
 1207       1.379842840503e-10       2.431142078327e-12       1.489698476570e-12       0.000000000000e+00       2.676815454258e-15       8.299247922471e-17      -5.238883546382e-17 
 1208       1.373066063120e-10       2.459143205854e-12       1.523009583529e-12       0.000000000000e+00       2.668181378293e-15       8.695411497167e-17      -5.355872211442e-17 
 1209       1.366274373792e-10       2.487368813294e-12       1.553762436842e-12       0.000000000000e+00       2.659582089483e-15       9.094872098887e-17      -5.471455574970e-17 
 1210       1.359470135458e-10       2.515805146727e-12       1.581952405821e-12       0.000000000000e+00       2.651017421927e-15       9.497501630380e-17      -5.585619987496e-17 
 1211       1.352655726601e-10       2.544438357157e-12       1.607574893843e-12       0.000000000000e+00       2.642487207150e-15       9.903171087391e-17      -5.698351749953e-17 
 1212       1.345833541281e-10       2.573254500316e-12       1.630625338465e-12       0.000000000000e+00       2.633991274099e-15       1.031175055675e-16      -5.809637113598e-17 
 1213       1.339005989164e-10       2.602239536464e-12       1.651099211540e-12       0.000000000000e+00       2.625529449136e-15       1.072310921446e-16      -5.919462279942e-17 
 1214       1.332175495556e-10       2.631379330189e-12       1.668992019333e-12       0.000000000000e+00       2.617101556029e-15       1.113711532383e-16      -6.027813400678e-17 
 1215       1.325344501436e-10       2.660659650209e-12       1.684299302635e-12       0.000000000000e+00       2.608707415948e-15       1.155363623349e-16      -6.134676577611e-17 
 1216       1.318515463483e-10       2.690066169177e-12       1.697016636882e-12       0.000000000000e+00       2.600346847459e-15       1.197253837556e-16      -6.240037862578e-17 
 1217       1.311690854115e-10       2.719584463476e-12       1.707139632265e-12       0.000000000000e+00       2.592019666513e-15       1.239368726373e-16      -6.343883257385e-17 
 1218       1.304873161513e-10       2.749200013023e-12       1.714663933848e-12       0.000000000000e+00       2.583725686444e-15       1.281694749129e-16      -6.446198713728e-17 
 1219       1.298064889661e-10       2.778898201075e-12       1.719585221686e-12       0.000000000000e+00       2.575464717962e-15       1.324218272932e-16      -6.546970133123e-17 
 1220       1.291268558370e-10       2.808664314020e-12       1.721899210935e-12       0.000000000000e+00       2.567236569144e-15       1.366925572471e-16      -6.646183366833e-17 
 1221       1.284486703315e-10       2.838483541191e-12       1.721601651974e-12       0.000000000000e+00       2.559041045429e-15       1.409802829827e-16      -6.743824215797e-17 
 1222       1.277721876067e-10       2.868340974655e-12       1.718688330513e-12       0.000000000000e+00       2.550877949610e-15       1.452836134286e-16      -6.839878430556e-17 
 1223       1.270976644121e-10       2.898221609023e-12       1.713155067714e-12       0.000000000000e+00       2.542747081830e-15       1.496011482143e-16      -6.934331711180e-17 
 1224       1.264253590932e-10       2.928110341249e-12       1.704997720305e-12       0.000000000000e+00       2.534648239575e-15       1.539314776515e-16      -7.027169707199e-17 
 1225       1.257555315943e-10       2.957991970428e-12       1.694212180694e-12       0.000000000000e+00       2.526581217663e-15       1.582731827149e-16      -7.118378017527e-17 
 1226       1.250884434622e-10       2.987851197603e-12       1.680794377087e-12       0.000000000000e+00       2.518545808245e-15       1.626248350231e-16      -7.207942190390e-17 
 1227       1.244243578486e-10       3.017672625562e-12       1.664740273601e-12       0.000000000000e+00       2.510541800790e-15       1.669849968196e-16      -7.295847723256e-17 
 1228       1.237635395143e-10       3.047440758641e-12       1.646045870378e-12       0.000000000000e+00       2.502568982087e-15       1.713522209538e-16      -7.382080062760e-17 
 1229       1.231062333033e-10       3.077140918226e-12       1.624712952464e-12       0.000000000000e+00       2.494627157052e-15       1.757251125444e-16      -7.466628462693e-17 
 1230       1.224525992812e-10       3.106762001592e-12       1.600766411031e-12       0.000000000000e+00       2.486716211456e-15       1.801025148113e-16      -7.549497608333e-17 
 1231       1.218027768321e-10       3.136293755479e-12       1.574237128402e-12       0.000000000000e+00       2.478836049934e-15       1.844833254162e-16      -7.630696130230e-17 
 1232       1.211569061182e-10       3.165725863251e-12       1.545156248552e-12       0.000000000000e+00       2.470986575226e-15       1.888664349663e-16      -7.710232758923e-17 
 1233       1.205151280812e-10       3.195047944761e-12       1.513555177681e-12       0.000000000000e+00       2.463167688170e-15       1.932507270001e-16      -7.788116325171e-17 
 1234       1.198775844439e-10       3.224249556231e-12       1.479465584782e-12       0.000000000000e+00       2.455379287702e-15       1.976350779732e-16      -7.864355760190e-17 
 1235       1.192444177117e-10       3.253320190121e-12       1.442919402217e-12       0.000000000000e+00       2.447621270845e-15       2.020183572445e-16      -7.938960095887e-17 
 1236       1.186157711740e-10       3.282249275009e-12       1.403948826288e-12       0.000000000000e+00       2.439893532710e-15       2.063994270612e-16      -8.011938465091e-17 
 1237       1.179917889055e-10       3.311026175459e-12       1.362586317806e-12       0.000000000000e+00       2.432195966487e-15       2.107771425456e-16      -8.083300101789e-17 
 1238       1.173726157681e-10       3.339640191898e-12       1.318864602666e-12       0.000000000000e+00       2.424528463442e-15       2.151503516801e-16      -8.153054341359e-17 
 1239       1.167583974122e-10       3.368080560492e-12       1.272816672417e-12       0.000000000000e+00       2.416890912910e-15       2.195178952937e-16      -8.221210620805e-17 
 1240       1.161492802779e-10       3.396336453015e-12       1.224475784833e-12       0.000000000000e+00       2.409283202293e-15       2.238786070475e-16      -8.287778478989e-17 
 1241       1.155454115968e-10       3.424396976727e-12       1.173875464489e-12       0.000000000000e+00       2.401705217055e-15       2.282313134203e-16      -8.352767556866e-17 
 1242       1.149469393935e-10       3.452251174246e-12       1.121049503325e-12       0.000000000000e+00       2.394156840711e-15       2.325748336951e-16      -8.416187597718e-17 
 1243       1.143540124868e-10       3.479888023425e-12       1.066031961228e-12       0.000000000000e+00       2.386637954833e-15       2.369079799441e-16      -8.478048447389e-17 
 1244       1.137667804913e-10       3.507296437222e-12       1.008857166593e-12       0.000000000000e+00       2.379148439034e-15       2.412295570152e-16      -8.538360054514e-17 
 1245       1.131853938192e-10       3.534465263575e-12       9.495597169033e-13       0.000000000000e+00       2.371688170970e-15       2.455383625177e-16      -8.597132470760e-17 
 1246       1.126100036813e-10       3.561383285278e-12       8.881744792981e-13       0.000000000000e+00       2.364257026334e-15       2.498331868078e-16      -8.654375851054e-17 
 1247       1.120407620885e-10       3.588039219855e-12       8.247365911447e-13       0.000000000000e+00       2.356854878848e-15       2.541128129746e-16      -8.710100453820e-17 
 1248       1.114778218538e-10       3.614421719431e-12       7.592814606110e-13       0.000000000000e+00       2.349481600261e-15       2.583760168262e-16      -8.764316641211e-17 
 1249       1.109213365931e-10       3.640519370609e-12       6.918447672368e-13       0.000000000000e+00       2.342137060345e-15       2.626215668752e-16      -8.817034879345e-17 
 1250       1.103714607274e-10       3.666320694341e-12       6.224624625057e-13       0.000000000000e+00       2.334821126886e-15       2.668482243246e-16      -8.868265738536e-17 
 1251       1.098283494834e-10       3.691814145807e-12       5.511707704167e-13       0.000000000000e+00       2.327533665682e-15       2.710547430536e-16      -8.918019893530e-17 
 1252       1.092921588958e-10       3.716988114283e-12       4.780061880564e-13       0.000000000000e+00       2.320274540540e-15       2.752398696038e-16      -8.966308123740e-17 
 1253       1.087630458084e-10       3.741830923021e-12       4.030054861701e-13       0.000000000000e+00       2.313043613264e-15       2.794023431644e-16      -9.013141313475e-17 
 1254       1.082411678754e-10       3.766330829116e-12       3.262057097343e-13       0.000000000000e+00       2.305840743659e-15       2.835408955585e-16      -9.058530452181e-17 
 1255       1.077266835634e-10       3.790476023389e-12       2.476441785278e-13       0.000000000000e+00       2.298665789521e-15       2.876542512288e-16      -9.102486634667e-17 
 1256       1.072197521523e-10       3.814254630251e-12       1.673584877038e-13       0.000000000000e+00       2.291518606631e-15       2.917411272233e-16      -9.145021061345e-17 
 1257       1.067205337372e-10       3.837654707585e-12       8.538650836166e-14       0.000000000000e+00       2.284399048753e-15       2.958002331815e-16      -9.186145038461e-17 
 1258       1.062291892297e-10       3.860664246617e-12       1.766388118582e-15       0.000000000000e+00       2.277306967628e-15       2.998302713196e-16      -9.225869978329e-17 
 1259       1.057458803594e-10       3.883271171788e-12      -8.346344831862e-14       0.000000000000e+00       2.270242212970e-15       3.038299364171e-16      -9.264207399567e-17 
 1260       1.052707696753e-10       3.905463340633e-12      -1.702642985817e-13       0.000000000000e+00       2.263204632460e-15       3.077979158020e-16      -9.301168927327e-17 
 1261       1.048040205475e-10       3.927228543650e-12      -2.585971820694e-13       0.000000000000e+00       2.256194071739e-15       3.117328893370e-16      -9.336766293533e-17 
 1262       1.043457971684e-10       3.948554504176e-12      -3.484228393754e-13       0.000000000000e+00       2.249210374409e-15       3.156335294050e-16      -9.371011337112e-17 
 1263       1.038962645543e-10       3.969428878262e-12      -4.397017317168e-13       0.000000000000e+00       2.242253382022e-15       3.194985008954e-16      -9.403916004228e-17 
 1264       1.034555885471e-10       3.989839254547e-12      -5.323940403621e-13       0.000000000000e+00       2.235322934079e-15       3.233264611894e-16      -9.435492348517e-17 
 1265       1.030239358154e-10       4.009773154129e-12      -6.264596660600e-13       0.000000000000e+00       2.228418868021e-15       3.271160601464e-16      -9.465752531321e-17 
 1266       1.026014738562e-10       4.029218030443e-12      -7.218582284668e-13       0.000000000000e+00       2.221541019230e-15       3.308659400891e-16      -9.494708821922e-17 
 1267       1.021883709961e-10       4.048161269132e-12      -8.185490655753e-13       0.000000000000e+00       2.214689221020e-15       3.345747357902e-16      -9.522373597774e-17 
 1268       1.017847678140e-10       4.066591863123e-12      -9.164906365581e-13       0.000000000000e+00       2.207863320002e-15       3.382414087906e-16      -9.548758660950e-17 
 1269       1.013906910425e-10       4.084505459237e-12      -1.015638723913e-12       0.000000000000e+00       2.201063222391e-15       3.418662546039e-16      -9.573873178382e-17 
 1270       1.010061386767e-10       4.101899369513e-12      -1.115948209453e-12       0.000000000000e+00       2.194288848226e-15       3.454499070967e-16      -9.597725718339e-17 
 1271       1.006311084624e-10       4.118770901284e-12      -1.217373668393e-12       0.000000000000e+00       2.187540116041e-15       3.489930052192e-16      -9.620324932243e-17 
 1272       1.002655978955e-10       4.135117357178e-12      -1.319869368737e-12       0.000000000000e+00       2.180816942863e-15       3.524961930167e-16      -9.641679554850e-17 
 1273       9.990960422185e-11       4.150936035114e-12      -1.423389270657e-12       0.000000000000e+00       2.174119244210e-15       3.559601196397e-16      -9.661798404435e-17 
 1274       9.956312443582e-11       4.166224228304e-12      -1.527887025883e-12       0.000000000000e+00       2.167446934082e-15       3.593854393549e-16      -9.680690382974e-17 
 1275       9.922615528024e-11       4.180979225249e-12      -1.633315977080e-12       0.000000000000e+00       2.160799924963e-15       3.627728115561e-16      -9.698364476326e-17 
 1276       9.889869324551e-11       4.195198309739e-12      -1.739629157238e-12       0.000000000000e+00       2.154178127814e-15       3.661229007747e-16      -9.714829754418e-17 
 1277       9.858073456897e-11       4.208878760855e-12      -1.846779289050e-12       0.000000000000e+00       2.147581452071e-15       3.694363766908e-16      -9.730095371427e-17 
 1278       9.827227523428e-11       4.222017852964e-12      -1.954718784301e-12       0.000000000000e+00       2.141009805638e-15       3.727139141435e-16      -9.744170565960e-17 
 1279       9.797331097073e-11       4.234612855717e-12      -2.063399743246e-12       0.000000000000e+00       2.134463094888e-15       3.759561931422e-16      -9.757064661243e-17 
 1280       9.768383725260e-11       4.246661034053e-12      -2.172773954002e-12       0.000000000000e+00       2.127941224654e-15       3.791638988769e-16      -9.768787065298e-17 
 1281       9.740384929853e-11       4.258159648194e-12      -2.282792891922e-12       0.000000000000e+00       2.121444098230e-15       3.823377217294e-16      -9.779347271129e-17 
 1282       9.713334207082e-11       4.269105953646e-12      -2.393407718987e-12       0.000000000000e+00       2.114971617364e-15       3.854783572834e-16      -9.788754856902e-17 
 1283       9.687231027481e-11       4.279497201196e-12      -2.504569283183e-12       0.000000000000e+00       2.108523682256e-15       3.885865063362e-16      -9.797019486133e-17 
 1284       9.662074835822e-11       4.289330636913e-12      -2.616228117891e-12       0.000000000000e+00       2.102100191553e-15       3.916628749086e-16      -9.804150907866e-17 
 1285       9.637865051050e-11       4.298603502143e-12      -2.728334441266e-12       0.000000000000e+00       2.095701042347e-15       3.947081742560e-16      -9.810158956858e-17 
 1286       9.614601066215e-11       4.307313033516e-12      -2.840838155623e-12       0.000000000000e+00       2.089326130169e-15       3.977231208794e-16      -9.815053553760e-17 
 1287       9.592282248409e-11       4.315456462934e-12      -2.953688846821e-12       0.000000000000e+00       2.082975348986e-15       4.007084365359e-16      -9.818844705303e-17 
 1288       9.570907938703e-11       4.323031017581e-12      -3.066835783645e-12       0.000000000000e+00       2.076648591197e-15       4.036648482492e-16      -9.821542504480e-17 
 1289       9.550477452075e-11       4.330033919914e-12      -3.180227917192e-12       0.000000000000e+00       2.070345747633e-15       4.065930883211e-16      -9.823157130725e-17 
 1290       9.530990077350e-11       4.336462387664e-12      -3.293813880251e-12       0.000000000000e+00       2.064066707545e-15       4.094938943416e-16      -9.823698850101e-17 
 1291       9.512445077134e-11       4.342313633837e-12      -3.407541986692e-12       0.000000000000e+00       2.057811358610e-15       4.123680091999e-16      -9.823178015481e-17 
 1292       9.494841687746e-11       4.347584866711e-12      -3.521360230845e-12       0.000000000000e+00       2.051579586919e-15       4.152161810951e-16      -9.821605066730e-17 
 1293       9.478179119155e-11       4.352273289837e-12      -3.635216286889e-12       0.000000000000e+00       2.045371276978e-15       4.180391635472e-16      -9.818990530888e-17 
 1294       9.462456554915e-11       4.356376102034e-12      -3.749057508227e-12       0.000000000000e+00       2.039186311703e-15       4.208377154075e-16      -9.815345022354e-17 
 1295       9.447673152096e-11       4.359890497391e-12      -3.862830926881e-12       0.000000000000e+00       2.033024572416e-15       4.236126008697e-16      -9.810679243068e-17 
 1296       9.433828041225e-11       4.362813665267e-12      -3.976483252866e-12       0.000000000000e+00       2.026885938840e-15       4.263645894804e-16      -9.805003982695e-17 
 1297       9.420920326213e-11       4.365142790287e-12      -4.089960873580e-12       0.000000000000e+00       2.020770289098e-15       4.290944561501e-16      -9.798330118805e-17 
 1298       9.408949084295e-11       4.366875052341e-12      -4.203209853185e-12       0.000000000000e+00       2.014677499708e-15       4.318029811637e-16      -9.790668617059e-17 
 1299       9.397913365963e-11       4.368007626588e-12      -4.316175931990e-12       0.000000000000e+00       2.008607445579e-15       4.344909501915e-16      -9.782030531391e-17 
 1300       9.387812194901e-11       4.368537683446e-12      -4.428804525837e-12       0.000000000000e+00       2.002560000006e-15       4.371591542998e-16      -9.772427004190e-17 
 1301       9.378644567919e-11       4.368462388600e-12      -4.541040725484e-12       0.000000000000e+00       1.996535034667e-15       4.398083899618e-16      -9.761869266484e-17 
 1302       9.370409454887e-11       4.367778902996e-12      -4.652829295988e-12       0.000000000000e+00       1.990532419623e-15       4.424394590682e-16      -9.750368638121e-17 
 1303       9.363105798673e-11       4.366484382841e-12      -4.764114676090e-12       0.000000000000e+00       1.984552023307e-15       4.450531689381e-16      -9.737936527954e-17 
 1304       9.356732515072e-11       4.364575979600e-12      -4.874840977597e-12       0.000000000000e+00       1.978593712527e-15       4.476503323298e-16      -9.724584434024e-17 
 1305       9.351288492746e-11       4.362050840000e-12      -4.984951984768e-12       0.000000000000e+00       1.972657352457e-15       4.502317674513e-16      -9.710323943739e-17 
 1306       9.346772593156e-11       4.358906106023e-12      -5.094391153693e-12       0.000000000000e+00       1.966742806639e-15       4.527982979715e-16      -9.695166734062e-17 
 1307       9.343181805030e-11       4.355140331974e-12      -5.203105859674e-12       0.000000000000e+00       1.960849949457e-15       4.553505191465e-16      -9.679123366862e-17 
 1308       9.340505685312e-11       4.350757753014e-12      -5.311060192561e-12       0.000000000000e+00       1.954978703747e-15       4.578880933157e-16      -9.662199659862e-17 
 1309       9.338731855897e-11       4.345764064373e-12      -5.418222303325e-12       0.000000000000e+00       1.949129003603e-15       4.604104465465e-16      -9.644400275455e-17 
 1310       9.337847843260e-11       4.340165008717e-12      -5.524560168730e-12       0.000000000000e+00       1.943300781929e-15       4.629170017972e-16      -9.625729921955e-17 
 1311       9.337841078265e-11       4.333966376243e-12      -5.630041591019e-12       0.000000000000e+00       1.937493970434e-15       4.654071789122e-16      -9.606193353693e-17 
 1312       9.338698895964e-11       4.327174004782e-12      -5.734634197592e-12       0.000000000000e+00       1.931708499632e-15       4.678803946153e-16      -9.585795371112e-17 
 1313       9.340408535409e-11       4.319793779894e-12      -5.838305440692e-12       0.000000000000e+00       1.925944298837e-15       4.703360625051e-16      -9.564540820869e-17 
 1314       9.342957139451e-11       4.311831634968e-12      -5.941022597088e-12       0.000000000000e+00       1.920201296160e-15       4.727735930485e-16      -9.542434595933e-17 
 1315       9.346331754548e-11       4.303293551321e-12      -6.042752767749e-12       0.000000000000e+00       1.914479418509e-15       4.751923935754e-16      -9.519481635681e-17 
 1316       9.350519330571e-11       4.294185558294e-12      -6.143462877535e-12       0.000000000000e+00       1.908778591580e-15       4.775918682734e-16      -9.495686926000e-17 
 1317       9.355506720606e-11       4.284513733352e-12      -6.243119674874e-12       0.000000000000e+00       1.903098739862e-15       4.799714181812e-16      -9.471055499380e-17 
 1318       9.361280680762e-11       4.274284202184e-12      -6.341689731445e-12       0.000000000000e+00       1.897439786628e-15       4.823304411840e-16      -9.445592435019e-17 
 1319       9.367827869975e-11       4.263503138798e-12      -6.439139441862e-12       0.000000000000e+00       1.891801653934e-15       4.846683320072e-16      -9.419302858914e-17 
 1320       9.375134849813e-11       4.252176765621e-12      -6.535435023349e-12       0.000000000000e+00       1.886184262618e-15       4.869844822108e-16      -9.392191943965e-17 
 1321       9.383188084280e-11       4.240311353598e-12      -6.630542515433e-12       0.000000000000e+00       1.880587532293e-15       4.892782801841e-16      -9.364264910071e-17 
 1322       9.391973939623e-11       4.227913222291e-12      -6.724427779616e-12       0.000000000000e+00       1.875011381349e-15       4.915491111396e-16      -9.335527024229e-17 
 1323       9.401478684137e-11       4.214988739976e-12      -6.817056499061e-12       0.000000000000e+00       1.869455726946e-15       4.937963571077e-16      -9.305983600631e-17 
 1324       9.411688487969e-11       4.201544323739e-12      -6.908394178274e-12       0.000000000000e+00       1.863920485013e-15       4.960193969307e-16      -9.275640000762e-17 
 1325       9.422589422922e-11       4.187586439582e-12      -6.998406142787e-12       0.000000000000e+00       1.858405570245e-15       4.982176062577e-16      -9.244501633503e-17 
 1326       9.434167462264e-11       4.173121602512e-12      -7.087057538838e-12       0.000000000000e+00       1.852910896101e-15       5.003903575383e-16      -9.212573955222e-17 
 1327       9.446408480528e-11       4.158156376648e-12      -7.174313333051e-12       0.000000000000e+00       1.847436374798e-15       5.025370200173e-16      -9.179862469878e-17 
 1328       9.459298253322e-11       4.142697375312e-12      -7.260138312123e-12       0.000000000000e+00       1.841981917311e-15       5.046569597290e-16      -9.146372729117e-17 
 1329       9.472822457130e-11       4.126751261133e-12      -7.344497082503e-12       0.000000000000e+00       1.836547433370e-15       5.067495394916e-16      -9.112110332370e-17 
 1330       9.486966669120e-11       4.110324746144e-12      -7.427354070073e-12       0.000000000000e+00       1.831132831456e-15       5.088141189014e-16      -9.077080926951e-17 
 1331       9.501716366948e-11       4.093424591876e-12      -7.508673519834e-12       0.000000000000e+00       1.825738018798e-15       5.108500543272e-16      -9.041290208159e-17 
 1332       9.517056928561e-11       4.076057609465e-12      -7.588419495581e-12       0.000000000000e+00       1.820362901370e-15       5.128566989049e-16      -9.004743919372e-17 
 1333       9.532973632007e-11       4.058230659741e-12      -7.666555879591e-12       0.000000000000e+00       1.815007383890e-15       5.148334025313e-16      -8.967447852145e-17 
 1334       9.549451655236e-11       4.039950653334e-12      -7.743046372305e-12       0.000000000000e+00       1.809671369816e-15       5.167795118589e-16      -8.929407846312e-17 
 1335       9.566476075905e-11       4.021224550769e-12      -7.817854492005e-12       0.000000000000e+00       1.804354761342e-15       5.186943702902e-16      -8.890629790083e-17 
 1336       9.584031871187e-11       4.002059362563e-12      -7.890943574500e-12       0.000000000000e+00       1.799057459395e-15       5.205773179719e-16      -8.851119620140e-17 
 1337       9.602103917571e-11       3.982462149327e-12      -7.962276772807e-12       0.000000000000e+00       1.793779363635e-15       5.224276917892e-16      -8.810883321737e-17 
 1338       9.620676990670e-11       3.962440021862e-12      -8.031817056831e-12       0.000000000000e+00       1.788520372449e-15       5.242448253604e-16      -8.769926928798e-17 
 1339       9.639735765027e-11       3.942000141258e-12      -8.099527213051e-12       0.000000000000e+00       1.783280382951e-15       5.260280490311e-16      -8.728256524018e-17 
 1340       9.659264813917e-11       3.921149718992e-12      -8.165369844198e-12       0.000000000000e+00       1.778059290974e-15       5.277766898683e-16      -8.685878238956e-17 
 1341       9.679248609156e-11       3.899896017027e-12      -8.229307368940e-12       0.000000000000e+00       1.772856991075e-15       5.294900716554e-16      -8.642798254137e-17 
 1342       9.699671520900e-11       3.878246347912e-12      -8.291302021560e-12       0.000000000000e+00       1.767673376524e-15       5.311675148857e-16      -8.599022799149e-17 
 1343       9.720517817459e-11       3.856208074876e-12      -8.351315851642e-12       0.000000000000e+00       1.762508339305e-15       5.328083367575e-16      -8.554558152743e-17 
 1344       9.741771665092e-11       3.833788611930e-12      -8.409310723751e-12       0.000000000000e+00       1.757361770116e-15       5.344118511680e-16      -8.509410642928e-17 
 1345       9.763417127820e-11       3.810995423966e-12      -8.465248317116e-12       0.000000000000e+00       1.752233558359e-15       5.359773687079e-16      -8.463586647073e-17 
 1346       9.785438218117e-11       3.787836418577e-12      -8.519096241637e-12       0.000000000000e+00       1.747123602056e-15       5.375041946917e-16      -8.417093076007e-17 
 1347       9.807819049981e-11       3.764321125986e-12      -8.570846459258e-12       0.000000000000e+00       1.742031837696e-15       5.389916232387e-16      -8.369938831888e-17 
 1348       9.830543687140e-11       3.740459532132e-12      -8.620497062083e-12       0.000000000000e+00       1.736958210704e-15       5.404389431164e-16      -8.322133366368e-17 
 1349       9.853596092121e-11       3.716261688234e-12      -8.668046174286e-12       0.000000000000e+00       1.731902665556e-15       5.418454396931e-16      -8.273686198155e-17 
 1350       9.876960126056e-11       3.691737710914e-12      -8.713491952204e-12       0.000000000000e+00       1.726865145776e-15       5.432103949316e-16      -8.224606913144e-17 
 1351       9.900619548495e-11       3.666897782321e-12      -8.756832584419e-12       0.000000000000e+00       1.721845593935e-15       5.445330873841e-16      -8.174905164547e-17 
 1352       9.924558017211e-11       3.641752150255e-12      -8.798066291849e-12       0.000000000000e+00       1.716843951648e-15       5.458127921856e-16      -8.124590673024e-17 
 1353       9.948759088011e-11       3.616311128294e-12      -8.837191327830e-12       0.000000000000e+00       1.711860159570e-15       5.470487810488e-16      -8.073673226812e-17 
 1354       9.973206214541e-11       3.590585095916e-12      -8.874205978205e-12       0.000000000000e+00       1.706894157399e-15       5.482403222578e-16      -8.022162681857e-17 
 1355       9.997882748100e-11       3.564584498622e-12      -8.909108561412e-12       0.000000000000e+00       1.701945883868e-15       5.493866806627e-16      -7.970068961943e-17 
 1356       1.002277193744e-10       3.538319848066e-12      -8.941897428570e-12       0.000000000000e+00       1.697015276744e-15       5.504871176738e-16      -7.917402058822e-17 
 1357       1.004785692859e-10       3.511801722171e-12      -8.972570963564e-12       0.000000000000e+00       1.692102272829e-15       5.515408912553e-16      -7.864172032347e-17 
 1358       1.007312076463e-10       3.485040765263e-12      -9.001127583135e-12       0.000000000000e+00       1.687206807956e-15       5.525472559203e-16      -7.810389010598e-17 
 1359       1.009854638555e-10       3.458047688186e-12      -9.027565736961e-12       0.000000000000e+00       1.682328816983e-15       5.535054627244e-16      -7.756063190016e-17 
 1360       1.012411662803e-10       3.430833268433e-12      -9.051883907752e-12       0.000000000000e+00       1.677468233798e-15       5.544147592602e-16      -7.701204835533e-17 
 1361       1.014981422523e-10       3.403408350267e-12      -9.074080611331e-12       0.000000000000e+00       1.672624991311e-15       5.552743896515e-16      -7.645824280699e-17 
 1362       1.017562180664e-10       3.375783844846e-12      -9.094154396720e-12       0.000000000000e+00       1.667799021453e-15       5.560835945473e-16      -7.589931927817e-17 
 1363       1.020152189784e-10       3.347970730349e-12      -9.112103846230e-12       0.000000000000e+00       1.662990255175e-15       5.568416111163e-16      -7.533538248070e-17 
 1364       1.022749692037e-10       3.319980052098e-12      -9.127927575549e-12       0.000000000000e+00       1.658198622447e-15       5.575476730411e-16      -7.476653781653e-17 
 1365       1.025352919149e-10       3.291822922682e-12      -9.141624233822e-12       0.000000000000e+00       1.653424052251e-15       5.582010105122e-16      -7.419289137901e-17 
 1366       1.027960092398e-10       3.263510522087e-12      -9.153192503746e-12       0.000000000000e+00       1.648666472584e-15       5.588008502223e-16      -7.361454995424e-17 
 1367       1.030569422601e-10       3.235054097810e-12      -9.162631101650e-12       0.000000000000e+00       1.643925810451e-15       5.593464153605e-16      -7.303162102230e-17 
 1368       1.033179110089e-10       3.206464964995e-12      -9.169938777587e-12       0.000000000000e+00       1.639201991868e-15       5.598369256069e-16      -7.244421275865e-17 
 1369       1.035787344689e-10       3.177754506547e-12      -9.175114315415e-12       0.000000000000e+00       1.634494941855e-15       5.602715971261e-16      -7.185243403533e-17 
 1370       1.038392305706e-10       3.148934173265e-12      -9.178156532890e-12       0.000000000000e+00       1.629804584437e-15       5.606496425620e-16      -7.125639442235e-17 
 1371       1.040992161905e-10       3.120015483960e-12      -9.179064281750e-12       0.000000000000e+00       1.625130842639e-15       5.609702710317e-16      -7.065620418894e-17 
 1372       1.043585071489e-10       3.091010025582e-12      -9.177836447798e-12       0.000000000000e+00       1.620473638486e-15       5.612326881200e-16      -7.005197430486e-17 
 1373       1.046169182082e-10       3.061929453345e-12      -9.174471950996e-12       0.000000000000e+00       1.615832893000e-15       5.614360958732e-16      -6.944381644175e-17 
 1374       1.048742630708e-10       3.032785490850e-12      -9.168969745547e-12       0.000000000000e+00       1.611208526199e-15       5.615796927939e-16      -6.883184297435e-17 
 1375       1.051303543772e-10       3.003589930208e-12      -9.161328819982e-12       0.000000000000e+00       1.606600457092e-15       5.616626738346e-16      -6.821616698188e-17 
 1376       1.053850037045e-10       2.974354632169e-12      -9.151548197248e-12       0.000000000000e+00       1.602008603678e-15       5.616842303923e-16      -6.759690224930e-17 
 1377       1.056380215639e-10       2.945091526241e-12      -9.139626934794e-12       0.000000000000e+00       1.597432882945e-15       5.616435503025e-16      -6.697416326863e-17 
 1378       1.058892173991e-10       2.915812610819e-12      -9.125564124659e-12       0.000000000000e+00       1.592873210867e-15       5.615398178338e-16      -6.634806524026e-17 
 1379       1.061383995843e-10       2.886529953306e-12      -9.109358893557e-12       0.000000000000e+00       1.588329502400e-15       5.613722136817e-16      -6.571872407422e-17 
 1380       1.063853754223e-10       2.857255690237e-12      -9.091010402965e-12       0.000000000000e+00       1.583801671484e-15       5.611399149628e-16      -6.508625639152e-17 
 1381       1.066299511426e-10       2.828002027408e-12      -9.070517849207e-12       0.000000000000e+00       1.579289631036e-15       5.608420952094e-16      -6.445077952545e-17 
 1382       1.068719318996e-10       2.798781239994e-12      -9.047880463547e-12       0.000000000000e+00       1.574793292950e-15       5.604779243634e-16      -6.381241152284e-17 
 1383       1.071111217705e-10       2.769605672678e-12      -9.023097512270e-12       0.000000000000e+00       1.570312568095e-15       5.600465687707e-16      -6.317127114543e-17 
 1384       1.073473237533e-10       2.740487739774e-12      -8.996168296768e-12       0.000000000000e+00       1.565847366313e-15       5.595471911752e-16      -6.252747787112e-17 
 1385       1.075803562331e-10       2.711439188103e-12      -8.967096503389e-12       0.000000000000e+00       1.561397604350e-15       5.589794936876e-16      -6.188113893703e-17 
 1386       1.078101025742e-10       2.682468876852e-12      -8.935903303037e-12       0.000000000000e+00       1.556963229755e-15       5.583453529745e-16      -6.123231031630e-17 
 1387       1.080364620479e-10       2.653584974522e-12      -8.902614390050e-12       0.000000000000e+00       1.552544197229e-15       5.576472023227e-16      -6.058103533185e-17 
 1388       1.082593334106e-10       2.624795694127e-12      -8.867255645355e-12       0.000000000000e+00       1.548140460712e-15       5.568874902593e-16      -5.992735757776e-17 
 1389       1.084786149035e-10       2.596109293273e-12      -8.829853136823e-12       0.000000000000e+00       1.543751973382e-15       5.560686805802e-16      -5.927132091978e-17 
 1390       1.086942042514e-10       2.567534074232e-12      -8.790433119630e-12       0.000000000000e+00       1.539378687652e-15       5.551932523776e-16      -5.861296949579e-17 
 1391       1.089059986621e-10       2.539078384028e-12      -8.749022036615e-12       0.000000000000e+00       1.535020555171e-15       5.542637000690e-16      -5.795234771633e-17 
 1392       1.091138948249e-10       2.510750614507e-12      -8.705646518636e-12       0.000000000000e+00       1.530677526816e-15       5.532825334245e-16      -5.728950026506e-17 
 1393       1.093177889105e-10       2.482559202422e-12      -8.660333384935e-12       0.000000000000e+00       1.526349552699e-15       5.522522775959e-16      -5.662447209929e-17 
 1394       1.095175765697e-10       2.454512629507e-12      -8.613109643491e-12       0.000000000000e+00       1.522036582158e-15       5.511754731439e-16      -5.595730845043e-17 
 1395       1.097131529323e-10       2.426619422556e-12      -8.564002491379e-12       0.000000000000e+00       1.517738563758e-15       5.500546760669e-16      -5.528805482452e-17 
 1396       1.099044126067e-10       2.398888153502e-12      -8.513039315134e-12       0.000000000000e+00       1.513455445290e-15       5.488924578289e-16      -5.461675700269e-17 
 1397       1.100912496788e-10       2.371327439498e-12      -8.460247691101e-12       0.000000000000e+00       1.509187173769e-15       5.476914053879e-16      -5.394346104171e-17 
 1398       1.102735577109e-10       2.343945942987e-12      -8.405655385802e-12       0.000000000000e+00       1.504933695430e-15       5.464541212238e-16      -5.326821327439e-17 
 1399       1.104512297412e-10       2.316752371791e-12      -8.349290356291e-12       0.000000000000e+00       1.500694955729e-15       5.451832233664e-16      -5.259106031018e-17 
 1400       1.106241582825e-10       2.289755479181e-12      -8.291180750510e-12       0.000000000000e+00       1.496470899340e-15       5.438813454242e-16      -5.191204903558e-17 
 1401       1.107922353219e-10       2.262964063959e-12      -8.231354907654e-12       0.000000000000e+00       1.492261470153e-15       5.425511366119e-16      -5.123122661468e-17 
 1402       1.109553523192e-10       2.236386970534e-12      -8.169841358524e-12       0.000000000000e+00       1.488066611275e-15       5.411952617789e-16      -5.054864048962e-17 
 1403       1.111134002066e-10       2.210033089003e-12      -8.106668825888e-12       0.000000000000e+00       1.483886265022e-15       5.398164014374e-16      -4.986433838112e-17 
 1404       1.112662693874e-10       2.183911355229e-12      -8.041866224840e-12       0.000000000000e+00       1.479720372926e-15       5.384172517906e-16      -4.917836828894e-17 
 1405       1.114138497354e-10       2.158030750915e-12      -7.975462663157e-12       0.000000000000e+00       1.475568875724e-15       5.370005247606e-16      -4.849077849240e-17 
 1406       1.115560305939e-10       2.132400303689e-12      -7.907487441661e-12       0.000000000000e+00       1.471431713363e-15       5.355689480170e-16      -4.780161755085e-17 
 1407       1.116927007749e-10       2.107029087175e-12      -7.837970054574e-12       0.000000000000e+00       1.467308824997e-15       5.341252650047e-16      -4.711093430419e-17 
 1408       1.118237485578e-10       2.081926221078e-12      -7.766940189876e-12       0.000000000000e+00       1.463200148982e-15       5.326722349721e-16      -4.641877787331e-17 
 1409       1.119490616894e-10       2.057100871258e-12      -7.694427729671e-12       0.000000000000e+00       1.459105622877e-15       5.312126329995e-16      -4.572519766067e-17 
 1410       1.120685273819e-10       2.032562249809e-12      -7.620462750535e-12       0.000000000000e+00       1.455025183444e-15       5.297492500271e-16      -4.503024335071e-17 
 1411       1.121820323131e-10       2.008319615138e-12      -7.545075523883e-12       0.000000000000e+00       1.450958766642e-15       5.282848928829e-16      -4.433396491039e-17 
 1412       1.122894626245e-10       1.984382272044e-12      -7.468296516325e-12       0.000000000000e+00       1.446906307626e-15       5.268223843114e-16      -4.363641258965e-17 
 1413       1.123907039212e-10       1.960759571793e-12      -7.390156390023e-12       0.000000000000e+00       1.442867740751e-15       5.253645630014e-16      -4.293763692195e-17 
 1414       1.124856412707e-10       1.937460912200e-12      -7.310686003051e-12       0.000000000000e+00       1.438842999561e-15       5.239142836142e-16      -4.223768872473e-17 
 1415       1.125741592020e-10       1.914495737706e-12      -7.229916409756e-12       0.000000000000e+00       1.434832016794e-15       5.224744168117e-16      -4.153661909989e-17 
 1416       1.126561417047e-10       1.891873539454e-12      -7.147878861111e-12       0.000000000000e+00       1.430834724380e-15       5.210478492848e-16      -4.083447943432e-17 
 1417       1.127314722282e-10       1.869603855373e-12      -7.064604805081e-12       0.000000000000e+00       1.426851053436e-15       5.196374837814e-16      -4.013132140038e-17 
 1418       1.128000336807e-10       1.847696270247e-12      -6.980125886974e-12       0.000000000000e+00       1.422880934265e-15       5.182462391346e-16      -3.942719695637e-17 
 1419       1.128617084287e-10       1.826160415805e-12      -6.894473949805e-12       0.000000000000e+00       1.418924296356e-15       5.168770502906e-16      -3.872215834707e-17 
 1420       1.129163782953e-10       1.805005970787e-12      -6.807681034653e-12       0.000000000000e+00       1.414981068381e-15       5.155328683373e-16      -3.801625810417e-17 
 1421       1.129639245603e-10       1.784242661032e-12      -6.719779381021e-12       0.000000000000e+00       1.411051178196e-15       5.142166605323e-16      -3.730954904684e-17 
 1422       1.130042279584e-10       1.763880259553e-12      -6.630801427191e-12       0.000000000000e+00       1.407134552832e-15       5.129314103308e-16      -3.660208428214e-17 
 1423       1.130371686792e-10       1.743928586611e-12      -6.540779810587e-12       0.000000000000e+00       1.403231118504e-15       5.116801174141e-16      -3.589391720558e-17 
 1424       1.130626474912e-10       1.724396178567e-12      -6.449747787395e-12       0.000000000000e+00       1.399340807079e-15       5.104648569228e-16      -3.518510536375e-17 
 1425       1.130806493562e-10       1.705286279304e-12      -6.357740495431e-12       0.000000000000e+00       1.395463575602e-15       5.092839465296e-16      -3.447572208467e-17 
 1426       1.130911804670e-10       1.686600807788e-12      -6.264793704958e-12       0.000000000000e+00       1.391599386971e-15       5.081347503285e-16      -3.376584496788e-17 
 1427       1.130942471808e-10       1.668341685567e-12      -6.170943400980e-12       0.000000000000e+00       1.387748203474e-15       5.070146169618e-16      -3.305555203380e-17 
 1428       1.130898560203e-10       1.650510836771e-12      -6.076225783626e-12       0.000000000000e+00       1.383909986789e-15       5.059208795930e-16      -3.234492172450e-17 
 1429       1.130780136734e-10       1.633110188110e-12      -5.980677268537e-12       0.000000000000e+00       1.380084697979e-15       5.048508558790e-16      -3.163403290438e-17 
 1430       1.130587269939e-10       1.616141668874e-12      -5.884334487242e-12       0.000000000000e+00       1.376272297495e-15       5.038018479431e-16      -3.092296486090e-17 
 1431       1.130320030019e-10       1.599607210931e-12      -5.787234287549e-12       0.000000000000e+00       1.372472745173e-15       5.027711423469e-16      -3.021179730534e-17 
 1432       1.129978488841e-10       1.583508748733e-12      -5.689413733924e-12       0.000000000000e+00       1.368686000231e-15       5.017560100634e-16      -2.950061037346e-17 
 1433       1.129562719940e-10       1.567848219305e-12      -5.590910107875e-12       0.000000000000e+00       1.364912021271e-15       5.007537064490e-16      -2.878948462627e-17 
 1434       1.129072798524e-10       1.552627562255e-12      -5.491760908338e-12       0.000000000000e+00       1.361150766273e-15       4.997614712166e-16      -2.807850105072e-17 
 1435       1.128508801479e-10       1.537848719766e-12      -5.392003852056e-12       0.000000000000e+00       1.357402192599e-15       4.987765284077e-16      -2.736774106045e-17 
 1436       1.127870807370e-10       1.523513636599e-12      -5.291676873967e-12       0.000000000000e+00       1.353666256987e-15       4.977960863648e-16      -2.665728649649e-17 
 1437       1.127158896446e-10       1.509624260092e-12      -5.190818127586e-12       0.000000000000e+00       1.349942915552e-15       4.968173377046e-16      -2.594721962800e-17 
 1438       1.126373150645e-10       1.496182540159e-12      -5.089465985385e-12       0.000000000000e+00       1.346232123784e-15       4.958374592899e-16      -2.523762315295e-17 
 1439       1.125513653593e-10       1.483190429291e-12      -4.987659039182e-12       0.000000000000e+00       1.342533836549e-15       4.948536122021e-16      -2.452858019892e-17 
 1440       1.124580490615e-10       1.470649882553e-12      -4.885436100521e-12       0.000000000000e+00       1.338848008082e-15       4.938629417142e-16      -2.382017432372e-17 
 1441       1.123573748731e-10       1.458562857586e-12      -4.782836201057e-12       0.000000000000e+00       1.335174591991e-15       4.928625772630e-16      -2.311248951621e-17 
 1442       1.122493516663e-10       1.446931314605e-12      -4.679898592939e-12       0.000000000000e+00       1.331513541255e-15       4.918496324217e-16      -2.240561019695e-17 
 1443       1.121339884842e-10       1.435757216399e-12      -4.576662749190e-12       0.000000000000e+00       1.327864808219e-15       4.908212048723e-16      -2.169962121896e-17 
 1444       1.120112945405e-10       1.425042528331e-12      -4.473168364098e-12       0.000000000000e+00       1.324228344597e-15       4.897743763784e-16      -2.099460786843e-17 
 1445       1.118812792203e-10       1.414789218338e-12      -4.369455353593e-12       0.000000000000e+00       1.320604101466e-15       4.887062127575e-16      -2.029065586544e-17 
 1446       1.117439520804e-10       1.404999256927e-12      -4.265563855632e-12       0.000000000000e+00       1.316992029271e-15       4.876137638534e-16      -1.958785136468e-17 
 1447       1.115993228495e-10       1.395674617179e-12      -4.161534230586e-12       0.000000000000e+00       1.313392077818e-15       4.864940635092e-16      -1.888628095618e-17 
 1448       1.114474014289e-10       1.386817274746e-12      -4.057407061616e-12       0.000000000000e+00       1.309804196274e-15       4.853441295393e-16      -1.818603166602e-17 
 1449       1.112881978924e-10       1.378429207853e-12      -3.953223155064e-12       0.000000000000e+00       1.306228333167e-15       4.841609637023e-16      -1.748719095707e-17 
 1450       1.111217224871e-10       1.370512397293e-12      -3.849023540834e-12       0.000000000000e+00       1.302664436385e-15       4.829415516732e-16      -1.678984672968e-17 
 1451       1.109479856335e-10       1.363068826431e-12      -3.744849472773e-12       0.000000000000e+00       1.299112453171e-15       4.816828630163e-16      -1.609408732245e-17 
 1452       1.107669979258e-10       1.356100481201e-12      -3.640742429057e-12       0.000000000000e+00       1.295572330126e-15       4.803818511573e-16      -1.540000151290e-17 
 1453       1.105787701327e-10       1.349609350108e-12      -3.536744112574e-12       0.000000000000e+00       1.292044013206e-15       4.790354533564e-16      -1.470767851822e-17 
 1454       1.103833131972e-10       1.343597424223e-12      -3.432896451307e-12       0.000000000000e+00       1.288527447720e-15       4.776405906801e-16      -1.401720799598e-17 
 1455       1.101806382374e-10       1.338066697188e-12      -3.329241598717e-12       0.000000000000e+00       1.285022578328e-15       4.761941679743e-16      -1.332868004488e-17 
 1456       1.099707565466e-10       1.333019165212e-12      -3.225821934130e-12       0.000000000000e+00       1.281529349042e-15       4.746930738365e-16      -1.264218520543e-17 
 1457       1.097536795936e-10       1.328456827071e-12      -3.122680063113e-12       0.000000000000e+00       1.278047703224e-15       4.731341805885e-16      -1.195781446069e-17 
 1458       1.095294190236e-10       1.324381684109e-12      -3.019858817866e-12       0.000000000000e+00       1.274577583582e-15       4.715143442489e-16      -1.127565923701e-17 
 1459       1.092979866579e-10       1.320795740235e-12      -2.917401257600e-12       0.000000000000e+00       1.271118932172e-15       4.698304045056e-16      -1.059581140470e-17 
 1460       1.090593944945e-10       1.317701001926e-12      -2.815350668923e-12       0.000000000000e+00       1.267671690396e-15       4.680791846882e-16      -9.918363278837e-18 
 1461       1.088136547088e-10       1.315099478222e-12      -2.713750566220e-12       0.000000000000e+00       1.264235798998e-15       4.662574917407e-16      -9.243407619889e-18 
 1462       1.085607796533e-10       1.312993180732e-12      -2.612644692042e-12       0.000000000000e+00       1.260811198066e-15       4.643621161940e-16      -8.571037634506e-18 
 1463       1.083007953759e-10       1.311383008686e-12      -2.512073783586e-12       0.000000000000e+00       1.257397832111e-15       4.623907509547e-16      -7.901339369151e-18 
 1464       1.080337823197e-10       1.310265391928e-12      -2.412065836027e-12       0.000000000000e+00       1.253995665374e-15       4.603447577750e-16      -7.234368806448e-18 
 1465       1.077598350307e-10       1.309635614363e-12      -2.312645742611e-12       0.000000000000e+00       1.250604666666e-15       4.582264283845e-16      -6.570174541308e-18 
 1466       1.074790486782e-10       1.309488925794e-12      -2.213838519928e-12       0.000000000000e+00       1.247224804307e-15       4.560380682076e-16      -5.908805367506e-18 
 1467       1.071915190563e-10       1.309820541856e-12      -2.115669308110e-12       0.000000000000e+00       1.243856046117e-15       4.537819963877e-16      -5.250310277981e-18 
 1468       1.068973425845e-10       1.310625643952e-12      -2.018163371034e-12       0.000000000000e+00       1.240498359420e-15       4.514605458105e-16      -4.594738465129e-18 
 1469       1.065966163094e-10       1.311899379193e-12      -1.921346096528e-12       0.000000000000e+00       1.237151711039e-15       4.490760631287e-16      -3.942139321097e-18 
 1470       1.062894379055e-10       1.313636860334e-12      -1.825242996567e-12       0.000000000000e+00       1.233816067300e-15       4.466309087858e-16      -3.292562438083e-18 
 1471       1.059759056765e-10       1.315833165709e-12      -1.729879707480e-12       0.000000000000e+00       1.230491394026e-15       4.441274570399e-16      -2.646057608626e-18 
 1472       1.056561185559e-10       1.318483339171e-12      -1.635281990150e-12       0.000000000000e+00       1.227177656537e-15       4.415680959879e-16      -2.002674825905e-18 
 1473       1.053301761090e-10       1.321582390028e-12      -1.541475730219e-12       0.000000000000e+00       1.223874819651e-15       4.389552275895e-16      -1.362464284032e-18 
 1474       1.049981785333e-10       1.325125292979e-12      -1.448486938286e-12       0.000000000000e+00       1.220582847683e-15       4.362912676912e-16      -7.254763783504e-19 
 1475       1.046602266598e-10       1.329106988053e-12      -1.356341750114e-12       0.000000000000e+00       1.217301704441e-15       4.335786460500e-16      -9.176170572752e-20 
 1476       1.043164219544e-10       1.333522380544e-12      -1.265066426826e-12       0.000000000000e+00       1.214031353225e-15       4.308198063581e-16       5.386289351485e-19 
 1477       1.039668665186e-10       1.338366340950e-12      -1.174687355117e-12       0.000000000000e+00       1.210771756832e-15       4.280172062661e-16       1.165644543474e-18 
 1478       1.036116630909e-10       1.343633704909e-12      -1.085231047444e-12       0.000000000000e+00       1.207522877545e-15       4.251733174075e-16       1.789233916032e-18 
 1479       1.032509150479e-10       1.349319273135e-12      -9.967241422400e-13       0.000000000000e+00       1.204284677142e-15       4.222906254226e-16       2.409345646903e-18 
 1480       1.028847264052e-10       1.355417811357e-12      -9.091934041080e-13       0.000000000000e+00       1.201057116888e-15       4.193716299823e-16       3.025928127161e-18 
 1481       1.025132018189e-10       1.361924050258e-12      -8.226657240272e-13       0.000000000000e+00       1.197840157536e-15       4.164188448125e-16       3.638929544584e-18 
 1482       1.021364465864e-10       1.368832685404e-12      -7.371681195542e-13       0.000000000000e+00       1.194633759326e-15       4.134347977178e-16       4.248297883360e-18 
 1483       1.017545666475e-10       1.376138377192e-12      -6.527277350254e-13       0.000000000000e+00       1.191437881986e-15       4.104220306055e-16       4.853980923783e-18 
 1484       1.013676685860e-10       1.383835750778e-12      -5.693718417593e-13       0.000000000000e+00       1.188252484726e-15       4.073830995098e-16       5.455926241969e-18 
 1485       1.009758596300e-10       1.391919396018e-12      -4.871278382586e-13       0.000000000000e+00       1.185077526244e-15       4.043205746155e-16       6.054081209550e-18 
 1486       1.005792476539e-10       1.400383867407e-12      -4.060232504127e-13       0.000000000000e+00       1.181912964715e-15       4.012370402824e-16       6.648392993387e-18 
 1487       1.001779411789e-10       1.409223684011e-12      -3.260857316998e-13       0.000000000000e+00       1.178758757802e-15       3.981350950689e-16       7.238808555270e-18 
 1488       9.977204937439e-11       1.418433329407e-12      -2.473430633895e-13       0.000000000000e+00       1.175614862643e-15       3.950173517563e-16       7.825274651623e-18 
 1489       9.936168205893e-11       1.428007251623e-12      -1.698231547445e-13       0.000000000000e+00       1.172481235860e-15       3.918864373728e-16       8.407737833209e-18 
 1490       9.894694970154e-11       1.437939863068e-12      -9.355404322338e-14       0.000000000000e+00       1.169357833552e-15       3.887449932170e-16       8.986144444837e-18 
 1491       9.852796342271e-11       1.448225540475e-12      -1.856389468257e-14       0.000000000000e+00       1.166244611293e-15       3.855956748828e-16       9.560440625062e-18 
 1492       9.810483499553e-11       1.458858624836e-12       5.511899642120e-14       0.000000000000e+00       1.163141524138e-15       3.824411522825e-16       1.013057230589e-17 
 1493       9.767767684683e-11       1.469833421339e-12       1.274662068287e-13       0.000000000000e+00       1.160048526614e-15       3.792841096713e-16       1.069648521250e-17 
 1494       9.724660205829e-11       1.481144199305e-12       1.984491842760e-13       0.000000000000e+00       1.156965572722e-15       3.761272456714e-16       1.125812486290e-17 
 1495       9.681172436756e-11       1.492785192124e-12       2.680392472919e-13       0.000000000000e+00       1.153892615938e-15       3.729732732955e-16       1.181543656770e-17 
 1496       9.637315816941e-11       1.504750597196e-12       3.362075849962e-13       0.000000000000e+00       1.150829609210e-15       3.698249199714e-16       1.236836542977e-17 
 1497       9.593101851678e-11       1.517034575864e-12       4.029252568969e-13       0.000000000000e+00       1.147776504955e-15       3.666849275654e-16       1.291685634394e-17 
 1498       9.548542112198e-11       1.529631253351e-12       4.681631926882e-13       0.000000000000e+00       1.144733255061e-15       3.635560524069e-16       1.346085399674e-17 
 1499       9.503648235777e-11       1.542534718702e-12       5.318921920481e-13       0.000000000000e+00       1.141699810886e-15       3.604410653119e-16       1.400030286609e-17 
 1500       9.458431925849e-11       1.555739024714e-12       5.940829244363e-13       0.000000000000e+00       1.138676123254e-15       3.573427516073e-16       1.453514722097e-17 
 1501       9.412904952115e-11       1.569238187878e-12       6.547059288918e-13       0.000000000000e+00       1.135662142456e-15       3.542639111548e-16       1.506533112118e-17 
 1502       9.367079152177e-11       1.583025875765e-12       7.137362262666e-13       0.000000000000e+00       1.132657822396e-15       3.512068772674e-16       1.559080395317e-17 
 1503       9.320966436202e-11       1.597094465987e-12       7.711672054658e-13       0.000000000000e+00       1.129663133072e-15       3.481720682850e-16       1.611153709713e-17 
 1504       9.274578782526e-11       1.611435977944e-12       8.269968720312e-13       0.000000000000e+00       1.126678048213e-15       3.451594219419e-16       1.662750742164e-17 
 1505       9.227928236249e-11       1.626042384467e-12       8.812232480195e-13       0.000000000000e+00       1.123702541142e-15       3.421688751921e-16       1.713869176223e-17 
 1506       9.181026909351e-11       1.640905611736e-12       9.338443720453e-13       0.000000000000e+00       1.120736584780e-15       3.392003642084e-16       1.764506692136e-17 
 1507       9.133886980802e-11       1.656017539203e-12       9.848582993239e-13       0.000000000000e+00       1.117780151637e-15       3.362538243803e-16       1.814660966842e-17 
 1508       9.086520696675e-11       1.671369999507e-12       1.034263101714e-12       0.000000000000e+00       1.114833213819e-15       3.333291903128e-16       1.864329673978e-17 
 1509       9.038940370259e-11       1.686954778403e-12       1.082056867761e-12       0.000000000000e+00       1.111895743022e-15       3.304263958247e-16       1.913510483873e-17 
 1510       8.991158382169e-11       1.702763614674e-12       1.128237702741e-12       0.000000000000e+00       1.108967710534e-15       3.275453739469e-16       1.962201063549e-17 
 1511       8.943187180459e-11       1.718788200056e-12       1.172803728700e-12       0.000000000000e+00       1.106049087233e-15       3.246860569210e-16       2.010399076723e-17 
 1512       8.895039280737e-11       1.735020179159e-12       1.215753084500e-12       0.000000000000e+00       1.103139843585e-15       3.218483761977e-16       2.058102183806e-17 
 1513       8.846727266272e-11       1.751451149383e-12       1.257083925863e-12       0.000000000000e+00       1.100239949645e-15       3.190322624353e-16       2.105308041902e-17 
 1514       8.798263788110e-11       1.768072660844e-12       1.296794425410e-12       0.000000000000e+00       1.097349375056e-15       3.162376454978e-16       2.152014304810e-17 
 1515       8.749661565184e-11       1.784876216291e-12       1.334882772708e-12       0.000000000000e+00       1.094468089047e-15       3.134644544537e-16       2.198218623020e-17 
 1516       8.700933384429e-11       1.801853271028e-12       1.371347174307e-12       0.000000000000e+00       1.091596060434e-15       3.107126175743e-16       2.243918643718e-17 
 1517       8.652092100891e-11       1.818995232831e-12       1.406185853792e-12       0.000000000000e+00       1.088733257617e-15       3.079820623320e-16       2.289112010781e-17 
 1518       8.603150637839e-11       1.836293461875e-12       1.439397051817e-12       0.000000000000e+00       1.085879648579e-15       3.052727153991e-16       2.333796364780e-17 
 1519       8.554121986881e-11       1.853739270649e-12       1.470979026153e-12       0.000000000000e+00       1.083035200889e-15       3.025845026457e-16       2.377969342979e-17 
 1520       8.505019208072e-11       1.871323923877e-12       1.500930051729e-12       0.000000000000e+00       1.080199881695e-15       2.999173491384e-16       2.421628579335e-17 
 1521       8.455855430028e-11       1.889038638440e-12       1.529248420676e-12       0.000000000000e+00       1.077373657730e-15       2.972711791390e-16       2.464771704497e-17 
 1522       8.406643850038e-11       1.906874583299e-12       1.555932442369e-12       0.000000000000e+00       1.074556495305e-15       2.946459161025e-16       2.507396345808e-17 
 1523       8.357397734177e-11       1.924822879408e-12       1.580980443470e-12       0.000000000000e+00       1.071748360312e-15       2.920414826755e-16       2.549500127302e-17 
 1524       8.308130417415e-11       1.942874599642e-12       1.604390767971e-12       0.000000000000e+00       1.068949218222e-15       2.894578006952e-16       2.591080669707e-17 
 1525       8.258855303734e-11       1.961020768712e-12       1.626161777238e-12       0.000000000000e+00       1.066159034083e-15       2.868947911871e-16       2.632135590442e-17 
 1526       8.209585866235e-11       1.979252363091e-12       1.646291850053e-12       0.000000000000e+00       1.063377772522e-15       2.843523743639e-16       2.672662503619e-17 
 1527       8.160335647255e-11       1.997560310928e-12       1.664779382656e-12       0.000000000000e+00       1.060605397742e-15       2.818304696239e-16       2.712659020041e-17 
 1528       8.111118258475e-11       2.015935491974e-12       1.681622788788e-12       0.000000000000e+00       1.057841873520e-15       2.793289955492e-16       2.752122747204e-17 
 1529       8.061947381033e-11       2.034368737499e-12       1.696820499737e-12       0.000000000000e+00       1.055087163209e-15       2.768478699042e-16       2.791051289297e-17 
 1530       8.012836765640e-11       2.052850830213e-12       1.710370964377e-12       0.000000000000e+00       1.052341229736e-15       2.743870096343e-16       2.829442247197e-17 
 1531       7.963800232688e-11       2.071372504189e-12       1.722272649212e-12       0.000000000000e+00       1.049604035601e-15       2.719463308640e-16       2.867293218476e-17 
 1532       7.914851672361e-11       2.089924444780e-12       1.732524038422e-12       0.000000000000e+00       1.046875542874e-15       2.695257488953e-16       2.904601797397e-17 
 1533       7.866005044753e-11       2.108497288541e-12       1.741123633900e-12       0.000000000000e+00       1.044155713199e-15       2.671251782065e-16       2.941365574913e-17 
 1534       7.817274379975e-11       2.127081623151e-12       1.748069955301e-12       0.000000000000e+00       1.041444507790e-15       2.647445324502e-16       2.977582138670e-17 
 1535       7.768673778267e-11       2.145667987330e-12       1.753361540080e-12       0.000000000000e+00       1.038741887429e-15       2.623837244522e-16       3.013249073003e-17 
 1536       7.720217410115e-11       2.164246870762e-12       1.756996943538e-12       0.000000000000e+00       1.036047812469e-15       2.600426662093e-16       3.048363958941e-17 
 1537       7.671919516359e-11       2.182808714014e-12       1.758974738865e-12       0.000000000000e+00       1.033362242828e-15       2.577212688883e-16       3.082924374202e-17 
 1538       7.623794408305e-11       2.201343908460e-12       1.759293517179e-12       0.000000000000e+00       1.030685137993e-15       2.554194428243e-16       3.116927893194e-17 
 1539       7.575856467839e-11       2.219842796194e-12       1.757951887575e-12       0.000000000000e+00       1.028016457017e-15       2.531370975188e-16       3.150372087019e-17 
 1540       7.528120147539e-11       2.238295669960e-12       1.754948477162e-12       0.000000000000e+00       1.025356158517e-15       2.508741416385e-16       3.183254523466e-17 
 1541       7.480598815926e-11       2.256693345226e-12       1.750285262407e-12       0.000000000000e+00       1.022704204060e-15       2.486303882835e-16       3.215573306880e-17 
 1542       7.433301281011e-11       2.275028882535e-12       1.743977597650e-12       0.000000000000e+00       1.020060568339e-15       2.464052698120e-16       3.247328703353e-17 
 1543       7.386235233971e-11       2.293295881347e-12       1.736044281866e-12       0.000000000000e+00       1.017425229092e-15       2.441981203053e-16       3.278521530961e-17 
 1544       7.339408401070e-11       2.311487909315e-12       1.726504236219e-12       0.000000000000e+00       1.014798163723e-15       2.420082700463e-16       3.309152621321e-17 
 1545       7.292828543712e-11       2.329598502226e-12       1.715376504276e-12       0.000000000000e+00       1.012179349304e-15       2.398350455127e-16       3.339222819622e-17 
 1546       7.246503458494e-11       2.347621163958e-12       1.702680252212e-12       0.000000000000e+00       1.009568762571e-15       2.376777693711e-16       3.368732984652e-17 
 1547       7.200440977262e-11       2.365549366426e-12       1.688434769025e-12       0.000000000000e+00       1.006966379928e-15       2.355357604703e-16       3.397683988826e-17 
 1548       7.154648967162e-11       2.383376549532e-12       1.672659466747e-12       0.000000000000e+00       1.004372177443e-15       2.334083338350e-16       3.426076718211e-17 
 1549       7.109135330695e-11       2.401096121112e-12       1.655373880656e-12       0.000000000000e+00       1.001786130846e-15       2.312948006596e-16       3.453912072552e-17 
 1550       7.063908005773e-11       2.418701456890e-12       1.636597669485e-12       0.000000000000e+00       9.992082155332e-16       2.291944683015e-16       3.481190965306e-17 
 1551       7.018974965769e-11       2.436185900424e-12       1.616350615633e-12       0.000000000000e+00       9.966384065619e-16       2.271066402754e-16       3.507914323659e-17 
 1552       6.974344219573e-11       2.453542763056e-12       1.594652625377e-12       0.000000000000e+00       9.940766786518e-16       2.250306162461e-16       3.534083088563e-17 
 1553       6.930023811645e-11       2.470765323862e-12       1.571523729086e-12       0.000000000000e+00       9.915230061840e-16       2.229656920230e-16       3.559698214756e-17 
 1554       6.886021822072e-11       2.487846829599e-12       1.546984081427e-12       0.000000000000e+00       9.889773632000e-16       2.209111595528e-16       3.584760670792e-17 
 1555       6.842346366615e-11       2.504780494659e-12       1.521053961579e-12       0.000000000000e+00       9.864397234016e-16       2.188663069142e-16       3.609271439069e-17 
 1556       6.799005596770e-11       2.521559501014e-12       1.493753773444e-12       0.000000000000e+00       9.839100601497e-16       2.168304183107e-16       3.633231515855e-17 
 1557       6.756007699818e-11       2.538176998167e-12       1.465104045858e-12       0.000000000000e+00       9.813883464636e-16       2.148027740645e-16       3.656641911315e-17 
 1558       6.713360898879e-11       2.554626103101e-12       1.435125432802e-12       0.000000000000e+00       9.788745550209e-16       2.127826506105e-16       3.679503649539e-17 
 1559       6.671073452967e-11       2.570899900229e-12       1.403838713613e-12       0.000000000000e+00       9.763686581561e-16       2.107693204893e-16       3.701817768567e-17 
 1560       6.629153657043e-11       2.586991441343e-12       1.371264793194e-12       0.000000000000e+00       9.738706278604e-16       2.087620523414e-16       3.723585320418e-17 
 1561       6.587609842069e-11       2.602893745562e-12       1.337424702228e-12       0.000000000000e+00       9.713804357808e-16       2.067601109006e-16       3.744807371120e-17 
 1562       6.546450375062e-11       2.618599799285e-12       1.302339597388e-12       0.000000000000e+00       9.688980532195e-16       2.047627569876e-16       3.765485000730e-17 
 1563       6.505683659148e-11       2.634102556136e-12       1.266030761546e-12       0.000000000000e+00       9.664234511332e-16       2.027692475038e-16       3.785619303367e-17 
 1564       6.465318133615e-11       2.649394936915e-12       1.228519603987e-12       0.000000000000e+00       9.639566001324e-16       2.007788354247e-16       3.805211387238e-17 
 1565       6.425362273967e-11       2.664469829550e-12       1.189827660618e-12       0.000000000000e+00       9.614974704805e-16       1.987907697940e-16       3.824262374663e-17 
 1566       6.385824591978e-11       2.679320089042e-12       1.149976594181e-12       0.000000000000e+00       9.590460320938e-16       1.968042957167e-16       3.842773402105e-17 
 1567       6.346713635748e-11       2.693938537416e-12       1.108988194462e-12       0.000000000000e+00       9.566022545400e-16       1.948186543531e-16       3.860745620194e-17 
 1568       6.308037989753e-11       2.708317963672e-12       1.066884378506e-12       0.000000000000e+00       9.541661070378e-16       1.928330829124e-16       3.878180193758e-17 
 1569       6.269806274900e-11       2.722451123733e-12       1.023687190823e-12       0.000000000000e+00       9.517375584567e-16       1.908468146461e-16       3.895078301847e-17 
 1570       6.232027148584e-11       2.736330740393e-12       9.794188036021e-13       0.000000000000e+00       9.493165773156e-16       1.888590788420e-16       3.911441137761e-17 
 1571       6.194709304736e-11       2.749949503270e-12       9.341015169227e-13       0.000000000000e+00       9.469031317823e-16       1.868691008176e-16       3.927269909078e-17 
 1572       6.157861473882e-11       2.763300068750e-12       8.877577589649e-13       0.000000000000e+00       9.444971896733e-16       1.848761019138e-16       3.942565837681e-17 
 1573       6.121492423196e-11       2.776375059941e-12       8.404100862210e-13       0.000000000000e+00       9.420987184524e-16       1.828792994886e-16       3.957330159783e-17 
 1574       6.085610956549e-11       2.789167066622e-12       7.920811837064e-13       0.000000000000e+00       9.397076852307e-16       1.808779069108e-16       3.971564125958e-17 
 1575       6.050225914571e-11       2.801668645189e-12       7.427938651708e-13       0.000000000000e+00       9.373240567652e-16       1.788711335534e-16       3.985269001164e-17 
 1576       6.015346174697e-11       2.813872318608e-12       6.925710733094e-13       0.000000000000e+00       9.349477994589e-16       1.768581847875e-16       3.998446064773e-17 
 1577       5.980980651225e-11       2.825770576361e-12       6.414358799742e-13       0.000000000000e+00       9.325788793593e-16       1.748382619758e-16       4.011096610598e-17 
 1578       5.947138295370e-11       2.837355874398e-12       5.894114863848e-13       0.000000000000e+00       9.302172621586e-16       1.728105624661e-16       4.023221946918e-17 
 1579       5.913828095315e-11       2.848620635087e-12       5.365212233397e-13       0.000000000000e+00       9.278629131922e-16       1.707742795856e-16       4.034823396508e-17 
 1580       5.881057586194e-11       2.859558266417e-12       4.827889757233e-13       0.000000000000e+00       9.255158002026e-16       1.687288183781e-16       4.045902437636e-17 
 1581       5.848828364822e-11       2.870166230049e-12       4.282404599006e-13       0.000000000000e+00       9.231759016594e-16       1.666744450166e-16       4.056461128441e-17 
 1582       5.817140533543e-11       2.880443001571e-12       3.729019585698e-13       0.000000000000e+00       9.208431985146e-16       1.646116433911e-16       4.066501686536e-17 
 1583       5.785994186519e-11       2.890387053819e-12       3.167998977710e-13       0.000000000000e+00       9.185176714454e-16       1.625408999139e-16       4.076026348431e-17 
 1584       5.755389409710e-11       2.899996856874e-12       2.599608471180e-13       0.000000000000e+00       9.161993008534e-16       1.604627035237e-16       4.085037369566e-17 
 1585       5.725326280856e-11       2.909270878062e-12       2.024115200294e-13       0.000000000000e+00       9.138880668640e-16       1.583775456894e-16       4.093537024344e-17 
 1586       5.695804869463e-11       2.918207581949e-12       1.441787739605e-13       0.000000000000e+00       9.115839493260e-16       1.562859204142e-16       4.101527606164e-17 
 1587       5.666825236780e-11       2.926805430345e-12       8.528961063456e-14       0.000000000000e+00       9.092869278109e-16       1.541883242396e-16       4.109011427458e-17 
 1588       5.638387435786e-11       2.935062882294e-12       2.577117627460e-14       0.000000000000e+00       9.069969816124e-16       1.520852562494e-16       4.115990819721e-17 
 1589       5.610491511169e-11       2.942978394082e-12      -3.434923816536e-14       0.000000000000e+00       9.047140897460e-16       1.499772180739e-16       4.122468133549e-17 
 1590       5.583137499310e-11       2.950550419225e-12      -9.504419676865e-14       0.000000000000e+00       9.024382309483e-16       1.478647138936e-16       4.128445738668e-17 
 1591       5.556325428264e-11       2.957777408478e-12      -1.562861184244e-13       0.000000000000e+00       9.001693836763e-16       1.457482504434e-16       4.133926023975e-17 
 1592       5.530055317745e-11       2.964657809825e-12      -2.180472765961e-13       0.000000000000e+00       8.979075261071e-16       1.436283370164e-16       4.138911397563e-17 
 1593       5.504327179103e-11       2.971190068479e-12      -2.802997990900e-13       0.000000000000e+00       8.956526361374e-16       1.415054854683e-16       4.143404286763e-17 
 1594       5.479141015311e-11       2.977372626886e-12      -3.430156678236e-13       0.000000000000e+00       8.934046913827e-16       1.393802102212e-16       4.147407138173e-17 
 1595       5.454496820946e-11       2.983203924714e-12      -4.061667185942e-13       0.000000000000e+00       8.911636691767e-16       1.372530282672e-16       4.150922417695e-17 
 1596       5.430394582170e-11       2.988682398860e-12      -4.697246408474e-13       0.000000000000e+00       8.889295465713e-16       1.351244591733e-16       4.153952610565e-17 
 1597       5.406834276713e-11       2.993806483442e-12      -5.336609774452e-13       0.000000000000e+00       8.867023003354e-16       1.329950250845e-16       4.156500221391e-17 
 1598       5.383815873857e-11       2.998574609801e-12      -5.979471244353e-13       0.000000000000e+00       8.844819069545e-16       1.308652507284e-16       4.158567774186e-17 
 1599       5.361339334414e-11       3.002985206499e-12      -6.625543308186e-13       0.000000000000e+00       8.822683426306e-16       1.287356634190e-16       4.160157812398e-17 
 1600       5.339404610713e-11       3.007036699313e-12      -7.274536983183e-13       0.000000000000e+00       8.800615832810e-16       1.266067930608e-16       4.161272898951e-17 
 1601       5.318011646578e-11       3.010727511241e-12      -7.926161811484e-13       0.000000000000e+00       8.778616045382e-16       1.244791721524e-16       4.161915616273e-17 
 1602       5.297160377315e-11       3.014056062493e-12      -8.580125857816e-13       0.000000000000e+00       8.756683817492e-16       1.223533357914e-16       4.162088566331e-17 
 1603       5.276850729689e-11       3.017020770494e-12      -9.236135707187e-13       0.000000000000e+00       8.734818899751e-16       1.202298216773e-16       4.161794370667e-17 
 1604       5.257082621910e-11       3.019620049880e-12      -9.893896462560e-13       0.000000000000e+00       8.713021039900e-16       1.181091701164e-16       4.161035670432e-17 
 1605       5.237855963614e-11       3.021852312497e-12      -1.055311174255e-12       0.000000000000e+00       8.691289982812e-16       1.159919240254e-16       4.159815126417e-17 
 1606       5.219170655843e-11       3.023715967400e-12      -1.121348367909e-12       0.000000000000e+00       8.669625470483e-16       1.138786289355e-16       4.158135419089e-17 
 1607       5.201026591034e-11       3.025209420849e-12      -1.187471291515e-12       0.000000000000e+00       8.648027242025e-16       1.117698329961e-16       4.155999248624e-17 
 1608       5.183423652993e-11       3.026331076310e-12      -1.253649860237e-12       0.000000000000e+00       8.626495033663e-16       1.096660869796e-16       4.153409334943e-17 
 1609       5.166361716881e-11       3.027079334453e-12      -1.319853839880e-12       0.000000000000e+00       8.605028578727e-16       1.075679442845e-16       4.150368417744e-17 
 1610       5.149840649199e-11       3.027452593148e-12      -1.386052846655e-12       0.000000000000e+00       8.583627607650e-16       1.054759609400e-16       4.146879256534e-17 
 1611       5.133860307765e-11       3.027449247465e-12      -1.452216346949e-12       0.000000000000e+00       8.562291847960e-16       1.033906956097e-16       4.142944630668e-17 
 1612       5.118420541699e-11       3.027067689673e-12      -1.518313657090e-12       0.000000000000e+00       8.541021024274e-16       1.013127095959e-16       4.138567339380e-17 
 1613       5.103521191406e-11       3.026306309238e-12      -1.584313943123e-12       0.000000000000e+00       8.519814858294e-16       9.924256684322e-17       4.133750201815e-17 
 1614       5.089162088555e-11       3.025163492817e-12      -1.650186220570e-12       0.000000000000e+00       8.498673068801e-16       9.718083394307e-17       4.128496057068e-17 
 1615       5.075343056066e-11       3.023637624266e-12      -1.715899354205e-12       0.000000000000e+00       8.477595371650e-16       9.512808013723e-17       4.122807764211e-17 
 1616       5.062063908088e-11       3.021727084627e-12      -1.781422057817e-12       0.000000000000e+00       8.456581479763e-16       9.308487732211e-17       4.116688202335e-17 
 1617       5.049324449983e-11       3.019430252134e-12      -1.846722893985e-12       0.000000000000e+00       8.435631103125e-16       9.105180005269e-17       4.110140270578e-17 
 1618       5.037124478308e-11       3.016745502210e-12      -1.911770273838e-12       0.000000000000e+00       8.414743948779e-16       8.902942554653e-17       4.103166888159e-17 
 1619       5.025462793774e-11       3.013672075168e-12      -1.976534708250e-12       0.000000000000e+00       8.393919743683e-16       8.701838229545e-17       4.095771070129e-17 
 1620       5.014334230394e-11       3.010212687908e-12      -2.040995584100e-12       0.000000000000e+00       8.373158303535e-16       8.501949637294e-17       4.087956155285e-17 
 1621       5.003732599455e-11       3.006370945816e-12      -2.105134448778e-12       0.000000000000e+00       8.352459464565e-16       8.303364645679e-17       4.079725580381e-17 
 1622       4.993651674040e-11       3.002150477242e-12      -2.168932764199e-12       0.000000000000e+00       8.331823060712e-16       8.106171534763e-17       4.071082804638e-17 
 1623       4.984085188968e-11       2.997554933537e-12      -2.232371906670e-12       0.000000000000e+00       8.311248923629e-16       7.910458997518e-17       4.062031309783e-17 
 1624       4.975026840729e-11       2.992587989090e-12      -2.295433166764e-12       0.000000000000e+00       8.290736882673e-16       7.716316140446e-17       4.052574600086e-17 
 1625       4.966470287423e-11       2.987253341366e-12      -2.358097749192e-12       0.000000000000e+00       8.270286764900e-16       7.523832484205e-17       4.042716202396e-17 
 1626       4.958409148693e-11       2.981554710944e-12      -2.420346772673e-12       0.000000000000e+00       8.249898395066e-16       7.333097964229e-17       4.032459666180e-17 
 1627       4.950837005669e-11       2.975495841559e-12      -2.482161269807e-12       0.000000000000e+00       8.229571595616e-16       7.144202931354e-17       4.021808563561e-17 
 1628       4.943747400896e-11       2.969080500131e-12      -2.543522186945e-12       0.000000000000e+00       8.209306186684e-16       6.957238152438e-17       4.010766489353e-17 
 1629       4.937133838282e-11       2.962312476814e-12      -2.604410384060e-12       0.000000000000e+00       8.189101986087e-16       6.772294810989e-17       3.999337061100e-17 
 1630       4.930989783025e-11       2.955195585024e-12      -2.664806634622e-12       0.000000000000e+00       8.168958809321e-16       6.589464507784e-17       3.987523919114e-17 
 1631       4.925308661555e-11       2.947733661485e-12      -2.724691625465e-12       0.000000000000e+00       8.148876469554e-16       6.408839261493e-17       3.975330726509e-17 
 1632       4.920083861472e-11       2.939930566262e-12      -2.784045956663e-12       0.000000000000e+00       8.128854777627e-16       6.230511509307e-17       3.962761169243e-17 
 1633       4.915308731479e-11       2.931790182801e-12      -2.842850141397e-12       0.000000000000e+00       8.108893542042e-16       6.054574107552e-17       3.949818956153e-17 
 1634       4.910976581324e-11       2.923316417965e-12      -2.901084605828e-12       0.000000000000e+00       8.088992568966e-16       5.881120332322e-17       3.936507818992e-17 
 1635       4.907080681733e-11       2.914513202077e-12      -2.958729688973e-12       0.000000000000e+00       8.069151662220e-16       5.710243880095e-17       3.922831512467e-17 
 1636       4.903614264350e-11       2.905384488951e-12      -3.015765642567e-12       0.000000000000e+00       8.049370623276e-16       5.542038868360e-17       3.908793814276e-17 
 1637       4.900570521670e-11       2.895934255937e-12      -3.072172630944e-12       0.000000000000e+00       8.029649251256e-16       5.376599836240e-17       3.894398525148e-17 
 1638       4.897942606983e-11       2.886166503952e-12      -3.127930730905e-12       0.000000000000e+00       8.009987342923e-16       5.214021745114e-17       3.879649468874e-17 
 1639       4.895723634303e-11       2.876085257523e-12      -3.183019931585e-12       0.000000000000e+00       7.990384692679e-16       5.054399979242e-17       3.864550492353e-17 
 1640       4.893906678312e-11       2.865694564827e-12      -3.237420134332e-12       0.000000000000e+00       7.970841092559e-16       4.897830346384e-17       3.849105465623e-17 
 1641       4.892484774292e-11       2.854998497720e-12      -3.291111152574e-12       0.000000000000e+00       7.951356332229e-16       4.744409078429e-17       3.833318281899e-17 
 1642       4.891450918065e-11       2.844001151785e-12      -3.344072711691e-12       0.000000000000e+00       7.931930198980e-16       4.594232832016e-17       3.817192857613e-17 
 1643       4.890798065929e-11       2.832706646363e-12      -3.396284448888e-12       0.000000000000e+00       7.912562477721e-16       4.447398689155e-17       3.800733132451e-17 
 1644       4.890519134596e-11       2.821119124595e-12      -3.447725913064e-12       0.000000000000e+00       7.893252950981e-16       4.304004157853e-17       3.783943069387e-17 
 1645       4.890607001127e-11       2.809242753459e-12      -3.498376564687e-12       0.000000000000e+00       7.874001398897e-16       4.164147172736e-17       3.766826654726e-17 
 1646       4.891054502873e-11       2.797081723807e-12      -3.548215775661e-12       0.000000000000e+00       7.854807599217e-16       4.027926095674e-17       3.749387898135e-17 
 1647       4.891854437406e-11       2.784640250403e-12      -3.597222829202e-12       0.000000000000e+00       7.835671327287e-16       3.895439716401e-17       3.731630832687e-17 
 1648       4.892999562463e-11       2.771922571964e-12      -3.645376919706e-12       0.000000000000e+00       7.816592356056e-16       3.766787253140e-17       3.713559514892e-17 
 1649       4.894482595878e-11       2.758932951193e-12      -3.692657152623e-12       0.000000000000e+00       7.797570456063e-16       3.642068353229e-17       3.695178024739e-17 
 1650       4.896296215520e-11       2.745675674821e-12      -3.739042544326e-12       0.000000000000e+00       7.778605395439e-16       3.521383093739e-17       3.676490465730e-17 
 1651       4.898433059234e-11       2.732155053645e-12      -3.784512021985e-12       0.000000000000e+00       7.759696939899e-16       3.404831982100e-17       3.657500964923e-17 
 1652       4.900885724771e-11       2.718375422562e-12      -3.829044423437e-12       0.000000000000e+00       7.740844852737e-16       3.292515956726e-17       3.638213672962e-17 
 1653       4.903646769732e-11       2.704341140612e-12      -3.872618497058e-12       0.000000000000e+00       7.722048894826e-16       3.184536387634e-17       3.618632764119e-17 
 1654       4.906708711500e-11       2.690056591013e-12      -3.915212901634e-12       0.000000000000e+00       7.703308824607e-16       3.080995077072e-17       3.598762436331e-17 
 1655       4.910064027182e-11       2.675526181199e-12      -3.956806206233e-12       0.000000000000e+00       7.684624398090e-16       2.981994260138e-17       3.578606911235e-17 
 1656       4.913705153540e-11       2.660754342860e-12      -3.997376890076e-12       0.000000000000e+00       7.665995368848e-16       2.887636605406e-17       3.558170434209e-17 
 1657       4.917624486933e-11       2.645745531978e-12      -4.036903342410e-12       0.000000000000e+00       7.647421488010e-16       2.798025215548e-17       3.537457274408e-17 
 1658       4.921814335275e-11       2.630504484759e-12      -4.075367167184e-12       0.000000000000e+00       7.628902523174e-16       2.713220897754e-17       3.516471659899e-17 
 1659       4.926266773573e-11       2.615036987820e-12      -4.112763129240e-12       0.000000000000e+00       7.610438315314e-16       2.633113561388e-17       3.495217582388e-17 
 1660       4.930973786991e-11       2.599349114870e-12      -4.149089295635e-12       0.000000000000e+00       7.592028722367e-16       2.557549686765e-17       3.473698990843e-17 
 1661       4.935927318642e-11       2.583446971491e-12      -4.184343738812e-12       0.000000000000e+00       7.573673600357e-16       2.486374951119e-17       3.451919856278e-17 
 1662       4.941119269526e-11       2.567336695179e-12      -4.218524536621e-12       0.000000000000e+00       7.555372803393e-16       2.419434227363e-17       3.429884171785e-17 
 1663       4.946541498468e-11       2.551024455400e-12      -4.251629772330e-12       0.000000000000e+00       7.537126183666e-16       2.356571582847e-17       3.407595952567e-17 
 1664       4.952185822046e-11       2.534516453634e-12      -4.283657534645e-12       0.000000000000e+00       7.518933591445e-16       2.297630278115e-17       3.385059235974e-17 
 1665       4.958044014531e-11       2.517818923428e-12      -4.314605917720e-12       0.000000000000e+00       7.500794875074e-16       2.242452765669e-17       3.362278081539e-17 
 1666       4.964107807822e-11       2.500938130443e-12      -4.344473021179e-12       0.000000000000e+00       7.482709880967e-16       2.190880688723e-17       3.339256571009e-17 
 1667       4.970368891376e-11       2.483880372504e-12      -4.373256950126e-12       0.000000000000e+00       7.464678453605e-16       2.142754879967e-17       3.315998808383e-17 
 1668       4.976818912151e-11       2.466651979647e-12      -4.400955815165e-12       0.000000000000e+00       7.446700435533e-16       2.097915360322e-17       3.292508919945e-17 
 1669       4.983449474534e-11       2.449259314173e-12      -4.427567732413e-12       0.000000000000e+00       7.428775667355e-16       2.056201337699e-17       3.268791054299e-17 
 1670       4.990252140279e-11       2.431708770693e-12      -4.453090823517e-12       0.000000000000e+00       7.410903987733e-16       2.017451205764e-17       3.244849382401e-17 
 1671       4.997218428443e-11       2.414006776177e-12      -4.477523215668e-12       0.000000000000e+00       7.393085233379e-16       1.981502542688e-17       3.220688097599e-17 
 1672       5.004339815317e-11       2.396159790007e-12      -4.500863041620e-12       0.000000000000e+00       7.375319239055e-16       1.948192109913e-17       3.196311415662e-17 
 1673       5.011607734366e-11       2.378174304021e-12      -4.523108439702e-12       0.000000000000e+00       7.357605837568e-16       1.917355850911e-17       3.171723574819e-17 
 1674       5.019013576161e-11       2.360056842569e-12      -4.544257553836e-12       0.000000000000e+00       7.339944859769e-16       1.888828889936e-17       3.146928835789e-17 
 1675       5.026548688313e-11       2.341813962553e-12      -4.564308533551e-12       0.000000000000e+00       7.322336134543e-16       1.862445530794e-17       3.121931481819e-17 
 1676       5.034204375412e-11       2.323452253486e-12      -4.583259534000e-12       0.000000000000e+00       7.304779488812e-16       1.838039255591e-17       3.096735818720e-17 
 1677       5.041971898958e-11       2.304978337532e-12      -4.601108715975e-12       0.000000000000e+00       7.287274747527e-16       1.815442723500e-17       3.071346174895e-17 
 1678       5.049842477297e-11       2.286398869564e-12      -4.617854245925e-12       0.000000000000e+00       7.269821733668e-16       1.794487769518e-17       3.045766901381e-17 
 1679       5.057807285558e-11       2.267720537206e-12      -4.633494295965e-12       0.000000000000e+00       7.252420268238e-16       1.775005403221e-17       3.020002371878e-17 
 1680       5.065857455586e-11       2.248950060885e-12      -4.648027043900e-12       0.000000000000e+00       7.235070170257e-16       1.756825807530e-17       2.994056982787e-17 
 1681       5.073984075876e-11       2.230094193882e-12      -4.661450673236e-12       0.000000000000e+00       7.217771256766e-16       1.739778337466e-17       2.967935153244e-17 
 1682       5.082178191512e-11       2.211159722377e-12      -4.673763373196e-12       0.000000000000e+00       7.200523342814e-16       1.723691518907e-17       2.941641325152e-17 
 1683       5.090430804098e-11       2.192153465502e-12      -4.684963338737e-12       0.000000000000e+00       7.183326241461e-16       1.708393047352e-17       2.915179963219e-17 
 1684       5.098732871693e-11       2.173082275388e-12      -4.695048770563e-12       0.000000000000e+00       7.166179763773e-16       1.693709786679e-17       2.888555554992e-17 
 1685       5.107075308751e-11       2.153953037216e-12      -4.704017875144e-12       0.000000000000e+00       7.149083718816e-16       1.679467767901e-17       2.861772610887e-17 
 1686       5.115448986050e-11       2.134772669263e-12      -4.711868864731e-12       0.000000000000e+00       7.132037913654e-16       1.665492187926e-17       2.834835664230e-17 
 1687       5.123844730629e-11       2.115548122954e-12      -4.718599957370e-12       0.000000000000e+00       7.115042153346e-16       1.651607408320e-17       2.807749271288e-17 
 1688       5.132253325724e-11       2.096286382911e-12      -4.724209376917e-12       0.000000000000e+00       7.098096240942e-16       1.637636954060e-17       2.780518011305e-17 
 1689       5.140665510704e-11       2.076994467001e-12      -4.728695353057e-12       0.000000000000e+00       7.081199977478e-16       1.623403512300e-17       2.753146486535e-17 
 1690       5.149071981001e-11       2.057679426386e-12      -4.732056121317e-12       0.000000000000e+00       7.064353161975e-16       1.608728931122e-17       2.725639322277e-17 
 1691       5.157463388052e-11       2.038348345571e-12      -4.734289923085e-12       0.000000000000e+00       7.047555591431e-16       1.593434218303e-17       2.698001166911e-17 
 1692       5.165830339227e-11       2.019008342454e-12      -4.735395005618e-12       0.000000000000e+00       7.030807060823e-16       1.577339540069e-17       2.670236691930e-17 
 1693       5.174163397769e-11       1.999666568378e-12      -4.735369622068e-12       0.000000000000e+00       7.014107363100e-16       1.560264219855e-17       2.642350591977e-17 
 1694       5.182453082728e-11       1.980330208173e-12      -4.734212031490e-12       0.000000000000e+00       6.997456289177e-16       1.542026737066e-17       2.614347584879e-17 
 1695       5.190689868893e-11       1.961006480212e-12      -4.731920498860e-12       0.000000000000e+00       6.980853627939e-16       1.522444725833e-17       2.586232411681e-17 
 1696       5.198864186732e-11       1.941702636459e-12      -4.728493295092e-12       0.000000000000e+00       6.964299166228e-16       1.501334973776e-17       2.558009836679e-17 
 1697       5.206967170714e-11       1.922425569794e-12      -4.723931129541e-12       0.000000000000e+00       6.947792704728e-16       1.478558975529e-17       2.529684378719e-17 
 1698       5.214992911478e-11       1.903180632208e-12      -4.718244470423e-12       0.000000000000e+00       6.931334105751e-16       1.454160025319e-17       2.501259502472e-17 
 1699       5.222936222953e-11       1.883972806519e-12      -4.711446287542e-12       0.000000000000e+00       6.914923245854e-16       1.428227303910e-17       2.472738420254e-17 
 1700       5.230791895698e-11       1.864807098201e-12      -4.703549625649e-12       0.000000000000e+00       6.898559999989e-16       1.400850431771e-17       2.444124360153e-17 
 1701       5.238554696865e-11       1.845688535415e-12      -4.694567604554e-12       0.000000000000e+00       6.882244241504e-16       1.372119469734e-17       2.415420566056e-17 
 1702       5.246219370167e-11       1.826622169045e-12      -4.684513419248e-12       0.000000000000e+00       6.865975842138e-16       1.342124919646e-17       2.386630297670e-17 
 1703       5.253780635844e-11       1.807613072726e-12      -4.673400340015e-12       0.000000000000e+00       6.849754672018e-16       1.310957725031e-17       2.357756830546e-17 
 1704       5.261233190630e-11       1.788666342882e-12      -4.661241712554e-12       0.000000000000e+00       6.833580599657e-16       1.278709271739e-17       2.328803456102e-17 
 1705       5.268571707714e-11       1.769787098756e-12      -4.648050958094e-12       0.000000000000e+00       6.817453491947e-16       1.245471388611e-17       2.299773481647e-17 
 1706       5.275790836715e-11       1.750980482442e-12      -4.633841573508e-12       0.000000000000e+00       6.801373214165e-16       1.211336348128e-17       2.270670230405e-17 
 1707       5.282885203641e-11       1.732251658921e-12      -4.618627131434e-12       0.000000000000e+00       6.785339629958e-16       1.176396867069e-17       2.241497041534e-17 
 1708       5.289849410857e-11       1.713605816090e-12      -4.602421280392e-12       0.000000000000e+00       6.769352601352e-16       1.140746107170e-17       2.212257270158e-17 
 1709       5.296678037053e-11       1.695048164798e-12      -4.585237744896e-12       0.000000000000e+00       6.753411988739e-16       1.104477675778e-17       2.182954287382e-17 
 1710       5.303365637207e-11       1.676583938876e-12      -4.567090325577e-12       0.000000000000e+00       6.737517650881e-16       1.067685626505e-17       2.153591480317e-17 
 1711       5.309906742555e-11       1.658218395174e-12      -4.547992899298e-12       0.000000000000e+00       6.721669444904e-16       1.030464459888e-17       2.124172252109e-17 
 1712       5.316295860554e-11       1.639956813590e-12      -4.527959419268e-12       0.000000000000e+00       6.705867226294e-16       9.929091240460e-18       2.094700021956e-17 
 1713       5.322527474849e-11       1.621804497101e-12      -4.507003915163e-12       0.000000000000e+00       6.690110848897e-16       9.551150153303e-18       2.065178225132e-17 
 1714       5.328596045241e-11       1.603766771804e-12      -4.485140493240e-12       0.000000000000e+00       6.674400164913e-16       9.171779789865e-18       2.035610313015e-17 
 1715       5.334496007648e-11       1.585848986940e-12      -4.462383336457e-12       0.000000000000e+00       6.658735024897e-16       8.791943098080e-18       2.005999753106e-17 
 1716       5.340221774079e-11       1.568056514932e-12      -4.438746704587e-12       0.000000000000e+00       6.643115277751e-16       8.412607527929e-18       1.976350029053e-17 
 1717       5.345767732593e-11       1.550394751415e-12      -4.414244934337e-12       0.000000000000e+00       6.627540770725e-16       8.034745038002e-18       1.946664640677e-17 
 1718       5.351128247270e-11       1.532869115271e-12      -4.388892439463e-12       0.000000000000e+00       6.612011349412e-16       7.659332102057e-18       1.916947103992e-17 
 1719       5.356297658172e-11       1.515485048661e-12      -4.362703710889e-12       0.000000000000e+00       6.596526857746e-16       7.287349715585e-18       1.887200951229e-17 
 1720       5.361270281316e-11       1.498248017057e-12      -4.335693316823e-12       0.000000000000e+00       6.581087137997e-16       6.919783402373e-18       1.857429730863e-17 
 1721       5.366040408634e-11       1.481163509276e-12      -4.307875902874e-12       0.000000000000e+00       6.565692030772e-16       6.557623221062e-18       1.827637007630e-17 
 1722       5.370602307943e-11       1.464237037512e-12      -4.279266192169e-12       0.000000000000e+00       6.550341375009e-16       6.201863771712e-18       1.797826362557e-17 
 1723       5.374950222908e-11       1.447474137371e-12      -4.249878985470e-12       0.000000000000e+00       6.535035007973e-16       5.853504202363e-18       1.768001392980e-17 
 1724       5.379078373013e-11       1.430880367898e-12      -4.219729161290e-12       0.000000000000e+00       6.519772765257e-16       5.513548215597e-18       1.738165712570e-17 
 1725       5.382980953521e-11       1.414461311618e-12      -4.188831676013e-12       0.000000000000e+00       6.504554480776e-16       5.183004075104e-18       1.708322951359e-17 
 1726       5.386652135444e-11       1.398222574562e-12      -4.157201564008e-12       0.000000000000e+00       6.489379986763e-16       4.862884612235e-18       1.678476755755e-17 
 1727       5.390086065510e-11       1.382169786304e-12      -4.124853937746e-12       0.000000000000e+00       6.474249113771e-16       4.554207232574e-18       1.648630788576e-17 
 1728       5.393276866126e-11       1.366308599990e-12      -4.091803987918e-12       0.000000000000e+00       6.459161690664e-16       4.257993922493e-18       1.618788729064e-17 
 1729       5.396218635346e-11       1.350644692376e-12      -4.058066983552e-12       0.000000000000e+00       6.444117544618e-16       3.975271255719e-18       1.588954272915e-17 
 1730       5.398905446836e-11       1.335183763855e-12      -4.023658272131e-12       0.000000000000e+00       6.429116501118e-16       3.707070399891e-18       1.559131132298e-17 
 1731       5.401331349843e-11       1.319931538496e-12      -3.988593279708e-12       0.000000000000e+00       6.414158383951e-16       3.454427123127e-18       1.529323035881e-17 
 1732       5.403490369157e-11       1.304893764070e-12      -3.952887511021e-12       0.000000000000e+00       6.399243015208e-16       3.218381800584e-18       1.499533728856e-17 
 1733       5.405376505081e-11       1.290076212089e-12      -3.916556549618e-12       0.000000000000e+00       6.384370215279e-16       2.999979421018e-18       1.469766972954e-17 
 1734       5.406983733395e-11       1.275484677835e-12      -3.879616057963e-12       0.000000000000e+00       6.369539802849e-16       2.800269593349e-18       1.440026546481e-17 
 1735       5.408306005321e-11       1.261124980393e-12      -3.842081777563e-12       0.000000000000e+00       6.354751594897e-16       2.620306553222e-18       1.410316244329e-17 
 1736       5.409338245369e-11       1.247002205506e-12      -3.803969917718e-12       0.000000000000e+00       6.340005420077e-16       2.460935149418e-18       1.380639643393e-17 
 1737       5.410079354117e-11       1.233118427085e-12      -3.765298325150e-12       0.000000000000e+00       6.325301159001e-16       2.322146817420e-18       1.350999396580e-17 
 1738       5.410529230674e-11       1.219474966554e-12      -3.726085324466e-12       0.000000000000e+00       6.310638704290e-16       2.203718190665e-18       1.321397932893e-17 
 1739       5.410687777100e-11       1.206073148299e-12      -3.686349330549e-12       0.000000000000e+00       6.296017947219e-16       2.105424626030e-18       1.291837691521e-17 
 1740       5.410554898417e-11       1.192914299663e-12      -3.646108848686e-12       0.000000000000e+00       6.281438777711e-16       2.027040201879e-18       1.262321121850e-17 
 1741       5.410130502616e-11       1.179999750953e-12      -3.605382474705e-12       0.000000000000e+00       6.266901084335e-16       1.968337716110e-18       1.232850683480e-17 
 1742       5.409414500655e-11       1.167330835440e-12      -3.564188895104e-12       0.000000000000e+00       6.252404754306e-16       1.929088684195e-18       1.203428846238e-17 
 1743       5.408406806476e-11       1.154908889364e-12      -3.522546887186e-12       0.000000000000e+00       6.237949673482e-16       1.909063337228e-18       1.174058090193e-17 
 1744       5.407107337002e-11       1.142735251934e-12      -3.480475319187e-12       0.000000000000e+00       6.223535726359e-16       1.908030619971e-18       1.144740905666e-17 
 1745       5.405516012146e-11       1.130811265334e-12      -3.437993150416e-12       0.000000000000e+00       6.209162796071e-16       1.925758188898e-18       1.115479793252e-17 
 1746       5.403632754818e-11       1.119138274724e-12      -3.395119431379e-12       0.000000000000e+00       6.194830764388e-16       1.962012410239e-18       1.086277263824e-17 
 1747       5.401457490929e-11       1.107717628241e-12      -3.351873303918e-12       0.000000000000e+00       6.180539511709e-16       2.016558358027e-18       1.057135838555e-17 
 1748       5.398990149399e-11       1.096550677005e-12      -3.308274001339e-12       0.000000000000e+00       6.166288917067e-16       2.089159812141e-18       1.028058048930e-17 
 1749       5.396230662158e-11       1.085638775120e-12      -3.264340848547e-12       0.000000000000e+00       6.152078858119e-16       2.179579256354e-18       9.990464367561e-18 
 1750       5.393178964159e-11       1.074983279674e-12      -3.220093262178e-12       0.000000000000e+00       6.137909211151e-16       2.287577876374e-18       9.701035541828e-18 
 1751       5.389834993378e-11       1.064585550748e-12      -3.175550750730e-12       0.000000000000e+00       6.123779851067e-16       2.412915557892e-18       9.412319637110e-18 
 1752       5.386198690824e-11       1.054446951414e-12      -3.130732914698e-12       0.000000000000e+00       6.109690651394e-16       2.555350884629e-18       9.124342382096e-18 
 1753       5.382270000541e-11       1.044568847738e-12      -3.085659446705e-12       0.000000000000e+00       6.095641484278e-16       2.714641136373e-18       8.837129609285e-18 
 1754       5.378048869617e-11       1.034952608783e-12      -3.040350131632e-12       0.000000000000e+00       6.081632220476e-16       2.890542287036e-18       8.550707255132e-18 
 1755       5.373535248187e-11       1.025599606614e-12      -2.994824846755e-12       0.000000000000e+00       6.067662729362e-16       3.082809002686e-18       8.265101360186e-18 
 1756       5.368729089442e-11       1.016511216297e-12      -2.949103561875e-12       0.000000000000e+00       6.053732878918e-16       3.291194639605e-18       7.980338069228e-18 
 1757       5.363630349634e-11       1.007688815905e-12      -2.903206339451e-12       0.000000000000e+00       6.039842535736e-16       3.515451242322e-18       7.696443631414e-18 
 1758       5.358238988079e-11       9.991337865180e-13      -2.857153334731e-12       0.000000000000e+00       6.025991565010e-16       3.755329541666e-18       7.413444400416e-18 
 1759       5.352554967167e-11       9.908475122278e-13      -2.810964795885e-12       0.000000000000e+00       6.012179830541e-16       4.010578952811e-18       7.131366834560e-18 
 1760       5.346578252365e-11       9.828313801391e-13      -2.764661064141e-12       0.000000000000e+00       5.998407194727e-16       4.280947573316e-18       6.850237496967e-18 
 1761       5.340308812224e-11       9.750867803733e-13      -2.718262573911e-12       0.000000000000e+00       5.984673518568e-16       4.566182181174e-18       6.570083055694e-18 
 1762       5.333746618385e-11       9.676151060704e-13      -2.671789852930e-12       0.000000000000e+00       5.970978661658e-16       4.866028232854e-18       6.290930283872e-18 
 1763       5.326891645584e-11       9.604177533922e-13      -2.625263522382e-12       0.000000000000e+00       5.957322482182e-16       5.180229861352e-18       6.012806059852e-18 
 1764       5.319743871659e-11       9.534961215249e-13      -2.578704297038e-12       0.000000000000e+00       5.943704836919e-16       5.508529874228e-18       5.735737367336e-18 
 1765       5.312303277555e-11       9.468516126815e-13      -2.532132985385e-12       0.000000000000e+00       5.930125581236e-16       5.850669751658e-18       5.459751295527e-18 
 1766       5.304569847330e-11       9.404856321048e-13      -2.485570489761e-12       0.000000000000e+00       5.916584569084e-16       6.206389644476e-18       5.184875039263e-18 
 1767       5.296543568161e-11       9.343995880700e-13      -2.439037806485e-12       0.000000000000e+00       5.903081652999e-16       6.575428372217e-18       4.911135899158e-18 
 1768       5.288224430351e-11       9.285948918871e-13      -2.392556025989e-12       0.000000000000e+00       5.889616684098e-16       6.957523421166e-18       4.638561281746e-18 
 1769       5.279612427331e-11       9.230729579042e-13      -2.346146332955e-12       0.000000000000e+00       5.876189512077e-16       7.352410942401e-18       4.367178699616e-18 
 1770       5.270707555671e-11       9.178352035095e-13      -2.299830006443e-12       0.000000000000e+00       5.862799985207e-16       7.759825749840e-18       4.097015771558e-18 
 1771       5.261509815084e-11       9.128830491345e-13      -2.253628420022e-12       0.000000000000e+00       5.849447950334e-16       8.179501318283e-18       3.828100222697e-18 
 1772       5.252019208428e-11       9.082179182565e-13      -2.207563041910e-12       0.000000000000e+00       5.836133252874e-16       8.611169781457e-18       3.560459884638e-18 
 1773       5.242235741718e-11       9.038412374012e-13      -2.161655435098e-12       0.000000000000e+00       5.822855736813e-16       9.054561930066e-18       3.294122695604e-18 
 1774       5.232159424129e-11       8.997544361454e-13      -2.115927257488e-12       0.000000000000e+00       5.809615244702e-16       9.509407209831e-18       3.029116700580e-18 
 1775       5.221790938072e-11       8.959582929310e-13      -2.070398738310e-12       0.000000000000e+00       5.796411629241e-16       9.975445575832e-18       2.765463741355e-18 
 1776       5.211133655453e-11       8.924509666042e-13      -2.025084093386e-12       0.000000000000e+00       5.783244788129e-16       1.045246316632e-17       2.503160469522e-18 
 1777       5.200191638050e-11       8.892299486539e-13      -1.979996072337e-12       0.000000000000e+00       5.770114629495e-16       1.094025691909e-17       2.242197177234e-18 
 1778       5.188968968979e-11       8.862927159051e-13      -1.935147478936e-12       0.000000000000e+00       5.757021060337e-16       1.143862274041e-17       1.982564092989e-18 
 1779       5.177469752728e-11       8.836367304970e-13      -1.890551171182e-12       0.000000000000e+00       5.743963986524e-16       1.194735550348e-17       1.724251381530e-18 
 1780       5.165698115186e-11       8.812594398609e-13      -1.846220061378e-12       0.000000000000e+00       5.730943312789e-16       1.246624904694e-17       1.467249143747e-18 
 1781       5.153658203676e-11       8.791582766973e-13      -1.802167116202e-12       0.000000000000e+00       5.717958942732e-16       1.299509617339e-17       1.211547416571e-18 
 1782       5.141354186987e-11       8.773306589544e-13      -1.758405356782e-12       0.000000000000e+00       5.705010778814e-16       1.353368864785e-17       9.571361728812e-19 
 1783       5.128790255402e-11       8.757739898055e-13      -1.714947858774e-12       0.000000000000e+00       5.692098722356e-16       1.408181719628e-17       7.040053214009e-19 
 1784       5.115970620735e-11       8.744856576272e-13      -1.671807752430e-12       0.000000000000e+00       5.679222673538e-16       1.463927150408e-17       4.521447065987e-19 
 1785       5.102899516355e-11       8.734630359764e-13      -1.628998222678e-12       0.000000000000e+00       5.666382531397e-16       1.520584021455e-17       2.015441085884e-19 
 1786       5.089581197224e-11       8.727034835689e-13      -1.586532509194e-12       0.000000000000e+00       5.653578193824e-16       1.578131092745e-17      -4.780675697071e-20 
 1787       5.076019939926e-11       8.722043442567e-13      -1.544423906476e-12       0.000000000000e+00       5.640809557562e-16       1.636547019742e-17      -2.959182389739e-19 
 1788       5.062220042696e-11       8.719629470060e-13      -1.502685763921e-12       0.000000000000e+00       5.628076518206e-16       1.695810353254e-17      -5.428007509710e-19 
 1789       5.048185825456e-11       8.719766058749e-13      -1.461331485896e-12       0.000000000000e+00       5.615378970197e-16       1.755899539280e-17      -7.884647712662e-19 
 1790       5.033921629843e-11       8.722426199912e-13      -1.420374531814e-12       0.000000000000e+00       5.602716806825e-16       1.816792918859e-17      -1.032920843018e-18 
 1791       5.019431819239e-11       8.727582735300e-13      -1.379828416211e-12       0.000000000000e+00       5.590089920223e-16       1.878468727922e-17      -1.276179574339e-18 
 1792       5.004720778809e-11       8.735208356919e-13      -1.339706708815e-12       0.000000000000e+00       5.577498201366e-16       1.940905097138e-17      -1.518251638397e-18 
 1793       4.989792915524e-11       8.745275606805e-13      -1.300023034625e-12       0.000000000000e+00       5.564941540071e-16       2.004080051767e-17      -1.759147773513e-18 
 1794       4.974652658199e-11       8.757756876800e-13      -1.260791073983e-12       0.000000000000e+00       5.552419824992e-16       2.067971511509e-17      -1.998878783261e-18 
 1795       4.959304457520e-11       8.772624408336e-13      -1.222024562651e-12       0.000000000000e+00       5.539932943620e-16       2.132557290351e-17      -2.237455536571e-18 
 1796       4.943752786078e-11       8.789850292204e-13      -1.183737291880e-12       0.000000000000e+00       5.527480782282e-16       2.197815096421e-17      -2.474888967827e-18 
 1797       4.928002138400e-11       8.809406468342e-13      -1.145943108493e-12       0.000000000000e+00       5.515063226133e-16       2.263722531834e-17      -2.711190076964e-18 
 1798       4.912057030978e-11       8.831264725602e-13      -1.108655914950e-12       0.000000000000e+00       5.502680159164e-16       2.330257092543e-17      -2.946369929574e-18 
 1799       4.895922002304e-11       8.855396701539e-13      -1.071889669430e-12       0.000000000000e+00       5.490331464191e-16       2.397396168189e-17      -3.180439657002e-18 
 1800       4.879601612898e-11       8.881773882178e-13      -1.035658385901e-12       0.000000000000e+00       5.478017022856e-16       2.465117041949e-17      -3.413410456444e-18 
 1801       4.863100445344e-11       8.910367601801e-13      -9.999761341959e-13       0.000000000000e+00       5.465736715628e-16       2.533396890390e-17      -3.645293591053e-18 
 1802       4.846423104315e-11       8.941149042718e-13      -9.648570400878e-13       0.000000000000e+00       5.453490421796e-16       2.602212783311e-17      -3.876100390033e-18 
 1803       4.829574216609e-11       8.974089235050e-13      -9.303152853626e-13       0.000000000000e+00       5.441278019471e-16       2.671541683601e-17      -4.105842248744e-18 
 1804       4.812558431179e-11       9.009159056504e-13      -8.963651078945e-13       0.000000000000e+00       5.429099385582e-16       2.741360447083e-17      -4.334530628796e-18 
 1805       4.795380419165e-11       9.046329232148e-13      -8.630208017203e-13       0.000000000000e+00       5.416954395874e-16       2.811645822365e-17      -4.562177058154e-18 
 1806       4.778044873923e-11       9.085570334198e-13      -8.302967171137e-13       0.000000000000e+00       5.404842924905e-16       2.882374450692e-17      -4.788793131238e-18 
 1807       4.760556511061e-11       9.126852781785e-13      -7.982072606599e-13       0.000000000000e+00       5.392764846050e-16       2.953522865792e-17      -5.014390509017e-18 
 1808       4.742920068465e-11       9.170146840740e-13      -7.667668953299e-13       0.000000000000e+00       5.380720031489e-16       3.025067493727e-17      -5.238980919117e-18 
 1809       4.725140306334e-11       9.215422623370e-13      -7.359901405549e-13       0.000000000000e+00       5.368708352213e-16       3.096984652745e-17      -5.462576155915e-18 
 1810       4.707222007211e-11       9.262650088235e-13      -7.058915723010e-13       0.000000000000e+00       5.356729678021e-16       3.169250553125e-17      -5.685188080640e-18 
 1811       4.689169976013e-11       9.311799039924e-13      -6.764858231431e-13       0.000000000000e+00       5.344783877512e-16       3.241841297032e-17      -5.906828621476e-18 
 1812       4.670989040062e-11       9.362839128840e-13      -6.477875823400e-13       0.000000000000e+00       5.332870818092e-16       3.314732878361e-17      -6.127509773659e-18 
 1813       4.652684049119e-11       9.415739850968e-13      -6.198115959081e-13       0.000000000000e+00       5.320990365964e-16       3.387901182593e-17      -6.347243599576e-18 
 1814       4.634259918598e-11       9.470468373761e-13      -5.925703726658e-13       0.000000000000e+00       5.309142395257e-16       3.461324191885e-17      -6.566032106195e-18 
 1815       4.615721759530e-11       9.526982995040e-13      -5.660672819808e-13       0.000000000000e+00       5.297326815471e-16       3.534988620122e-17      -6.783836787855e-18 
 1816       4.597074749715e-11       9.585239630884e-13      -5.403034004902e-13       0.000000000000e+00       5.285543544252e-16       3.608883331092e-17      -7.000608837976e-18 
 1817       4.578324090656e-11       9.645193984431e-13      -5.152798010678e-13       0.000000000000e+00       5.273792498276e-16       3.682997138030e-17      -7.216299249157e-18 
 1818       4.559475007599e-11       9.706801545587e-13      -4.909975528148e-13       0.000000000000e+00       5.262073593254e-16       3.757318803549e-17      -7.430858812911e-18 
 1819       4.540532749563e-11       9.770017590717e-13      -4.674577210505e-13       0.000000000000e+00       5.250386743925e-16       3.831837039565e-17      -7.644238119391e-18 
 1820       4.521502589374e-11       9.834797182344e-13      -4.446613673035e-13       0.000000000000e+00       5.238731864062e-16       3.906540507234e-17      -7.856387557129e-18 
 1821       4.502389823699e-11       9.901095168853e-13      -4.226095493021e-13       0.000000000000e+00       5.227108866462e-16       3.981417816875e-17      -8.067257312758e-18 
 1822       4.483199773074e-11       9.968866184183e-13      -4.013033209654e-13       0.000000000000e+00       5.215517662948e-16       4.056457527907e-17      -8.276797370749e-18 
 1823       4.463937781943e-11       1.003806464753e-12      -3.807437323940e-13       0.000000000000e+00       5.203958164368e-16       4.131648148773e-17      -8.484957513141e-18 
 1824       4.444609218689e-11       1.010864476305e-12      -3.609318298609e-13       0.000000000000e+00       5.192430280594e-16       4.206978136873e-17      -8.691687319268e-18 
 1825       4.425219475664e-11       1.018056051953e-12      -3.418686558020e-13       0.000000000000e+00       5.180933920517e-16       4.282435898494e-17      -8.896936165495e-18 
 1826       4.405773969227e-11       1.025376569015e-12      -3.235552488076e-13       0.000000000000e+00       5.169468992048e-16       4.358009788739e-17      -9.100653224948e-18 
 1827       4.386278139771e-11       1.032821383209e-12      -3.059926436125e-13       0.000000000000e+00       5.158035402114e-16       4.433688111457e-17      -9.302787467242e-18 
 1828       4.366737451762e-11       1.040385828631e-12      -2.891818710871e-13       0.000000000000e+00       5.146633056662e-16       4.509459119175e-17      -9.503287658216e-18 
 1829       4.347157393769e-11       1.048065217722e-12      -2.731239582283e-13       0.000000000000e+00       5.135261860648e-16       4.585311013025e-17      -9.702102359660e-18 
 1830       4.327543478494e-11       1.055854841236e-12      -2.578199281504e-13       0.000000000000e+00       5.123921718044e-16       4.661231942677e-17      -9.899179929049e-18 
 1831       4.307901242811e-11       1.063749968211e-12      -2.432708000755e-13       0.000000000000e+00       5.112612531833e-16       4.737210006265e-17      -1.009446851927e-17 
 1832       4.288236247797e-11       1.071745845942e-12      -2.294775893247e-13       0.000000000000e+00       5.101334204004e-16       4.813233250324e-17      -1.028791607837e-17 
 1833       4.268554078759e-11       1.079837699946e-12      -2.164413073088e-13       0.000000000000e+00       5.090086635558e-16       4.889289669711e-17      -1.047947034924e-17 
 1834       4.248860345278e-11       1.088020733934e-12      -2.041629615192e-13       0.000000000000e+00       5.078869726499e-16       4.965367207542e-17      -1.066907886943e-17 
 1835       4.229160681230e-11       1.096290129781e-12      -1.926435555185e-13       0.000000000000e+00       5.067683375835e-16       5.041453755119e-17      -1.085668897077e-17 
 1836       4.209460744829e-11       1.104641047498e-12      -1.818840889316e-13       0.000000000000e+00       5.056527481578e-16       5.117537151861e-17      -1.104224777921e-17 
 1837       4.189766218654e-11       1.113068625196e-12      -1.718855574362e-13       0.000000000000e+00       5.045401940740e-16       5.193605185234e-17      -1.122570221447e-17 
 1838       4.170082809684e-11       1.121567979062e-12      -1.626489527539e-13       0.000000000000e+00       5.034306649333e-16       5.269645590679e-17      -1.140699898981e-17 
 1839       4.150416249330e-11       1.130134203325e-12      -1.541752626408e-13       0.000000000000e+00       5.023241502366e-16       5.345646051545e-17      -1.158608461176e-17 
 1840       4.130772293468e-11       1.138762370227e-12      -1.464654708787e-13       0.000000000000e+00       5.012206393843e-16       5.421594199019e-17      -1.176290537984e-17 
 1841       4.111156722475e-11       1.147447529996e-12      -1.395205572653e-13       0.000000000000e+00       5.001201216763e-16       5.497477612051e-17      -1.193740738629e-17 
 1842       4.091575341257e-11       1.156184710808e-12      -1.333414976056e-13       0.000000000000e+00       4.990225863119e-16       5.573283817291e-17      -1.210953651581e-17 
 1843       4.072033979285e-11       1.164968918767e-12      -1.279292637024e-13       0.000000000000e+00       4.979280223892e-16       5.649000289015e-17      -1.227923844529e-17 
 1844       4.052538490627e-11       1.173795137864e-12      -1.232848233472e-13       0.000000000000e+00       4.968364189054e-16       5.724614449055e-17      -1.244645864352e-17 
 1845       4.033094753983e-11       1.182658329958e-12      -1.194091403109e-13       0.000000000000e+00       4.957477647564e-16       5.800113666729e-17      -1.261114237097e-17 
 1846       4.013708672713e-11       1.191553434736e-12      -1.163031743350e-13       0.000000000000e+00       4.946620487367e-16       5.875485258775e-17      -1.277323467945e-17 
 1847       3.994386174876e-11       1.200475369689e-12      -1.139678811220e-13       0.000000000000e+00       4.935792595392e-16       5.950716489274e-17      -1.293268041192e-17 
 1848       3.975133213260e-11       1.209419030082e-12      -1.124042123262e-13       0.000000000000e+00       4.924993857551e-16       6.025794569586e-17      -1.308942420216e-17 
 1849       3.955955765412e-11       1.218379288918e-12      -1.116131155451e-13       0.000000000000e+00       4.914224158736e-16       6.100706658277e-17      -1.324341047453e-17 
 1850       3.936859833678e-11       1.227350996914e-12      -1.115955343094e-13       0.000000000000e+00       4.903483382818e-16       6.175439861052e-17      -1.339458344368e-17 
 1851       3.917851445228e-11       1.236328982468e-12      -1.123524080744e-13       0.000000000000e+00       4.892771412647e-16       6.249981230678e-17      -1.354288711431e-17 
 1852       3.898936652097e-11       1.245308051631e-12      -1.138846722106e-13       0.000000000000e+00       4.882088130047e-16       6.324317766924e-17      -1.368826528088e-17 
 1853       3.880121043088e-11       1.254283256188e-12      -1.161915609062e-13       0.000000000000e+00       4.871433424191e-16       6.398436527640e-17      -1.383067250594e-17 
 1854       3.861408275235e-11       1.263250700296e-12      -1.192655012381e-13       0.000000000000e+00       4.860807216791e-16       6.472324963118e-17      -1.397010715046e-17 
 1855       3.842801530809e-11       1.272206740158e-12      -1.230971787579e-13       0.000000000000e+00       4.850209437103e-16       6.545970584234e-17      -1.410657860382e-17 
 1856       3.824304004406e-11       1.281147716464e-12      -1.276772308514e-13       0.000000000000e+00       4.839640013569e-16       6.619360851468e-17      -1.424009632900e-17 
 1857       3.805918902965e-11       1.290069954377e-12      -1.329962466704e-13       0.000000000000e+00       4.829098873817e-16       6.692483174834e-17      -1.437066986274e-17 
 1858       3.787649445778e-11       1.298969763504e-12      -1.390447670638e-13       0.000000000000e+00       4.818585944657e-16       6.765324913815e-17      -1.449830881559e-17 
 1859       3.769498864511e-11       1.307843437881e-12      -1.458132845094e-13       0.000000000000e+00       4.808101152082e-16       6.837873377298e-17      -1.462302287210e-17 
 1860       3.751470403218e-11       1.316687255949e-12      -1.532922430454e-13       0.000000000000e+00       4.797644421266e-16       6.910115823509e-17      -1.474482179085e-17 
 1861       3.733567318355e-11       1.325497480535e-12      -1.614720382021e-13       0.000000000000e+00       4.787215676564e-16       6.982039459942e-17      -1.486371540464e-17 
 1862       3.715792878801e-11       1.334270358830e-12      -1.703430169330e-13       0.000000000000e+00       4.776814841507e-16       7.053631443300e-17      -1.497971362056e-17 
 1863       3.698150365868e-11       1.343002122371e-12      -1.798954775468e-13       0.000000000000e+00       4.766441838804e-16       7.124878879421e-17      -1.509282642010e-17 
 1864       3.680643073322e-11       1.351688987015e-12      -1.901196696388e-13       0.000000000000e+00       4.756096590339e-16       7.195768823218e-17      -1.520306385932e-17 
 1865       3.663274307395e-11       1.360327152924e-12      -2.010057940222e-13       0.000000000000e+00       4.745779017171e-16       7.266288278612e-17      -1.531043606888e-17 
 1866       3.646047386802e-11       1.368912804539e-12      -2.125440026600e-13       0.000000000000e+00       4.735489039529e-16       7.336424198462e-17      -1.541495325424e-17 
 1867       3.628965642759e-11       1.377442110564e-12      -2.247243985963e-13       0.000000000000e+00       4.725226576817e-16       7.406163484504e-17      -1.551662569571e-17 
 1868       3.612032418996e-11       1.385911223942e-12      -2.375370358879e-13       0.000000000000e+00       4.714991547606e-16       7.475492987281e-17      -1.561546374859e-17 
 1869       3.595251071776e-11       1.394316281835e-12      -2.509719195360e-13       0.000000000000e+00       4.704783869636e-16       7.544399506079e-17      -1.571147784330e-17 
 1870       3.578624969905e-11       1.402653405604e-12      -2.650190054173e-13       0.000000000000e+00       4.694603459817e-16       7.612869788859e-17      -1.580467848545e-17 
 1871       3.562157494757e-11       1.410918700787e-12      -2.796682002160e-13       0.000000000000e+00       4.684450234220e-16       7.680890532195e-17      -1.589507625601e-17 
 1872       3.545852040281e-11       1.419108257079e-12      -2.949093613553e-13       0.000000000000e+00       4.674324108085e-16       7.748448381203e-17      -1.598268181139e-17 
 1873       3.529712013021e-11       1.427218148312e-12      -3.107322969286e-13       0.000000000000e+00       4.664224995812e-16       7.815529929477e-17      -1.606750588355e-17 
 1874       3.513740832135e-11       1.435244432432e-12      -3.271267656312e-13       0.000000000000e+00       4.654152810964e-16       7.882121719024e-17      -1.614955928012e-17 
 1875       3.497941929403e-11       1.443183151482e-12      -3.440824766922e-13       0.000000000000e+00       4.644107466263e-16       7.948210240195e-17      -1.622885288455e-17 
 1876       3.482318749251e-11       1.451030331574e-12      -3.615890898053e-13       0.000000000000e+00       4.634088873591e-16       8.013781931623e-17      -1.630539765617e-17 
 1877       3.466874748761e-11       1.458781982879e-12      -3.796362150611e-13       0.000000000000e+00       4.624096943988e-16       8.078823180153e-17      -1.637920463033e-17 
 1878       3.451613397690e-11       1.466434099595e-12      -3.982134128782e-13       0.000000000000e+00       4.614131587649e-16       8.143320320778e-17      -1.645028491853e-17 
 1879       3.436538178485e-11       1.473982659935e-12      -4.173101939347e-13       0.000000000000e+00       4.604192713925e-16       8.207259636572e-17      -1.651864970849e-17 
 1880       3.421652586300e-11       1.481423626101e-12      -4.369160191001e-13       0.000000000000e+00       4.594280231318e-16       8.270627358624e-17      -1.658431026432e-17 
 1881       3.406960129008e-11       1.488752944265e-12      -4.570202993665e-13       0.000000000000e+00       4.584394047484e-16       8.333409665973e-17      -1.664727792660e-17 
 1882       3.392464327223e-11       1.495966544548e-12      -4.776123957803e-13       0.000000000000e+00       4.574534069230e-16       8.395592685541e-17      -1.670756411248e-17 
 1883       3.378168714311e-11       1.503060341001e-12      -4.986816193735e-13       0.000000000000e+00       4.564700202511e-16       8.457162492067e-17      -1.676518031585e-17 
 1884       3.364076836407e-11       1.510030231581e-12      -5.202172310958e-13       0.000000000000e+00       4.554892352430e-16       8.518105108040e-17      -1.682013810740e-17 
 1885       3.350192252434e-11       1.516872098132e-12      -5.422084417455e-13       0.000000000000e+00       4.545110423237e-16       8.578406503634e-17      -1.687244913474e-17 
 1886       3.336518534113e-11       1.523581806363e-12      -5.646444119013e-13       0.000000000000e+00       4.535354318326e-16       8.638052596643e-17      -1.692212512257e-17 
 1887       3.323059265984e-11       1.530155205831e-12      -5.875142518540e-13       0.000000000000e+00       4.525623940237e-16       8.697029252411e-17      -1.696917787272e-17 
 1888       3.309818045421e-11       1.536588129915e-12      -6.108070215379e-13       0.000000000000e+00       4.515919190651e-16       8.755322283771e-17      -1.701361926430e-17 
 1889       3.296798482646e-11       1.542876395799e-12      -6.345117304621e-13       0.000000000000e+00       4.506239970389e-16       8.812917450975e-17      -1.705546125383e-17 
 1890       3.284004200744e-11       1.549015804449e-12      -6.586173376426e-13       0.000000000000e+00       4.496586179413e-16       8.869800461630e-17      -1.709471587532e-17 
 1891       3.271438835685e-11       1.555002140594e-12      -6.831127515332e-13       0.000000000000e+00       4.486957716822e-16       8.925956970630e-17      -1.713139524042e-17 
 1892       3.259105381260e-11       1.560831707613e-12      -7.079865461931e-13       0.000000000000e+00       4.477354487681e-16       8.981375673784e-17      -1.716551249736e-17 
 1893       3.247004218351e-11       1.566502936764e-12      -7.332261075254e-13       0.000000000000e+00       4.467776423554e-16       9.036057614994e-17      -1.719708471576e-17 
 1894       3.235135070451e-11       1.572014790363e-12      -7.588184802982e-13       0.000000000000e+00       4.458223462127e-16       9.090006950936e-17      -1.722613002439e-17 
 1895       3.223497657347e-11       1.577366227998e-12      -7.847506512313e-13       0.000000000000e+00       4.448695540390e-16       9.143227863941e-17      -1.725266665447e-17 
 1896       3.212091695117e-11       1.582556206531e-12      -8.110095489184e-13       0.000000000000e+00       4.439192594641e-16       9.195724562035e-17      -1.727671293980e-17 
 1897       3.200916896119e-11       1.587583680094e-12      -8.375820437492e-13       0.000000000000e+00       4.429714560479e-16       9.247501278974e-17      -1.729828731695e-17 
 1898       3.189972968988e-11       1.592447600082e-12      -8.644549478314e-13       0.000000000000e+00       4.420261372807e-16       9.298562274282e-17      -1.731740832536e-17 
 1899       3.179259618629e-11       1.597146915157e-12      -8.916150149124e-13       0.000000000000e+00       4.410832965831e-16       9.348911833291e-17      -1.733409460752e-17 
 1900       3.168776546213e-11       1.601680571238e-12      -9.190489403020e-13       0.000000000000e+00       4.401429273055e-16       9.398554267174e-17      -1.734836490908e-17 
 1901       3.158523449167e-11       1.606047511505e-12      -9.467433607937e-13       0.000000000000e+00       4.392050227284e-16       9.447493912986e-17      -1.736023807906e-17 
 1902       3.148500021171e-11       1.610246676390e-12      -9.746848545874e-13       0.000000000000e+00       4.382695760622e-16       9.495735133702e-17      -1.736973306991e-17 
 1903       3.138705952151e-11       1.614277003578e-12      -1.002859941211e-12       0.000000000000e+00       4.373365804466e-16       9.543282318251e-17      -1.737686893774e-17 
 1904       3.129140928274e-11       1.618137428004e-12      -1.031255081442e-12       0.000000000000e+00       4.364060289514e-16       9.590139881557e-17      -1.738166484242e-17 
 1905       3.119804631940e-11       1.621826881847e-12      -1.059856677231e-12       0.000000000000e+00       4.354779145756e-16       9.636312264575e-17      -1.738414004772e-17 
 1906       3.110696741776e-11       1.625344294533e-12      -1.088651071622e-12       0.000000000000e+00       4.345522302475e-16       9.681803934329e-17      -1.738431392149e-17 
 1907       3.101816932633e-11       1.628688592724e-12      -1.117624548676e-12       0.000000000000e+00       4.336289688248e-16       9.726619383949e-17      -1.738220593579e-17 
 1908       3.093164875576e-11       1.631858700323e-12      -1.146763333391e-12       0.000000000000e+00       4.327081230943e-16       9.770763132709e-17      -1.737783566703e-17 
 1909       3.084740237882e-11       1.634853538467e-12      -1.176053591627e-12       0.000000000000e+00       4.317896857717e-16       9.814239726064e-17      -1.737122279611e-17 
 1910       3.076542683028e-11       1.637672025525e-12      -1.205481430026e-12       0.000000000000e+00       4.308736495018e-16       9.857053735690e-17      -1.736238710861e-17 
 1911       3.068571870692e-11       1.640313077093e-12      -1.235032895932e-12       0.000000000000e+00       4.299600068580e-16       9.899209759517e-17      -1.735134849489e-17 
 1912       3.060827456743e-11       1.642775605998e-12      -1.264693977319e-12       0.000000000000e+00       4.290487503425e-16       9.940712421771e-17      -1.733812695023e-17 
 1913       3.053309093234e-11       1.645058522285e-12      -1.294450602706e-12       0.000000000000e+00       4.281398723859e-16       9.981566373009e-17      -1.732274257504e-17 
 1914       3.046016428400e-11       1.647160733223e-12      -1.324288641086e-12       0.000000000000e+00       4.272333653475e-16       1.002177629016e-16      -1.730521557494e-17 
 1915       3.038949106646e-11       1.649081143298e-12      -1.354193901841e-12       0.000000000000e+00       4.263292215145e-16       1.006134687655e-16      -1.728556626094e-17 
 1916       3.032106768548e-11       1.650818654211e-12      -1.384152134670e-12       0.000000000000e+00       4.254274331028e-16       1.010028286196e-16      -1.726381504958e-17 
 1917       3.025489050841e-11       1.652372164873e-12      -1.414149029506e-12       0.000000000000e+00       4.245279922560e-16       1.013858900265e-16      -1.723998246306e-17 
 1918       3.019095586416e-11       1.653740571408e-12      -1.444170216445e-12       0.000000000000e+00       4.236308910459e-16       1.017627008140e-16      -1.721408912942e-17 
 1919       3.012926004313e-11       1.654922767142e-12      -1.474201265658e-12       0.000000000000e+00       4.227361214722e-16       1.021333090755e-16      -1.718615578267e-17 
 1920       3.006979929715e-11       1.655917642607e-12      -1.504227687324e-12       0.000000000000e+00       4.218436754621e-16       1.024977631702e-16      -1.715620326292e-17 
 1921       3.001256983944e-11       1.656724085536e-12      -1.534234931542e-12       0.000000000000e+00       4.209535448707e-16       1.028561117237e-16      -1.712425251656e-17 
 1922       2.995756784451e-11       1.657340980858e-12      -1.564208388261e-12       0.000000000000e+00       4.200657214805e-16       1.032084036285e-16      -1.709032459636e-17 
 1923       2.990478944812e-11       1.657767210698e-12      -1.594133387197e-12       0.000000000000e+00       4.191801970013e-16       1.035546880438e-16      -1.705444066168e-17 
 1924       2.985423074723e-11       1.658001654372e-12      -1.623995197758e-12       0.000000000000e+00       4.182969630705e-16       1.038950143966e-16      -1.701662197856e-17 
 1925       2.980588779992e-11       1.658043188387e-12      -1.653779028963e-12       0.000000000000e+00       4.174160112523e-16       1.042294323814e-16      -1.697688991989e-17 
 1926       2.975975662535e-11       1.657890686434e-12      -1.683470029368e-12       0.000000000000e+00       4.165373330383e-16       1.045579919612e-16      -1.693526596556e-17 
 1927       2.971583320367e-11       1.657543019389e-12      -1.713053286985e-12       0.000000000000e+00       4.156609198468e-16       1.048807433674e-16      -1.689177170260e-17 
 1928       2.967411347600e-11       1.656999055309e-12      -1.742513829204e-12       0.000000000000e+00       4.147867630230e-16       1.051977371003e-16      -1.684642882532e-17 
 1929       2.963459334434e-11       1.656257659426e-12      -1.771836622717e-12       0.000000000000e+00       4.139148538389e-16       1.055090239297e-16      -1.679925913548e-17 
 1930       2.959726867149e-11       1.655317694151e-12      -1.801006573439e-12       0.000000000000e+00       4.130451834930e-16       1.058146548950e-16      -1.675028454240e-17 
 1931       2.956213095962e-11       1.654178493620e-12      -1.830009574992e-12       0.000000000000e+00       4.121777437106e-16       1.061146669490e-16      -1.669952872485e-17 
 1932       2.952915435000e-11       1.652841291297e-12      -1.858835663011e-12       0.000000000000e+00       4.113125285493e-16       1.064090397692e-16      -1.664702213001e-17 
 1933       2.949830852459e-11       1.651307803189e-12      -1.887475884590e-12       0.000000000000e+00       4.104495326071e-16       1.066977386200e-16      -1.659279701268e-17 
 1934       2.946956301830e-11       1.649579754282e-12      -1.915921251846e-12       0.000000000000e+00       4.095887504229e-16       1.069807286794e-16      -1.653688577721e-17 
 1935       2.944288721885e-11       1.647658878558e-12      -1.944162741876e-12       0.000000000000e+00       4.087301764767e-16       1.072579750391e-16      -1.647932097768e-17 
 1936       2.941825036648e-11       1.645546919005e-12      -1.972191296710e-12       0.000000000000e+00       4.078738051894e-16       1.075294427041e-16      -1.642013531814e-17 
 1937       2.939562155384e-11       1.643245627628e-12      -1.999997823270e-12       0.000000000000e+00       4.070196309225e-16       1.077950965931e-16      -1.635936165277e-17 
 1938       2.937496972572e-11       1.640756765463e-12      -2.027573193323e-12       0.000000000000e+00       4.061676479786e-16       1.080549015379e-16      -1.629703298612e-17 
 1939       2.935626367890e-11       1.638082102590e-12      -2.054908243438e-12       0.000000000000e+00       4.053178506005e-16       1.083088222837e-16      -1.623318247325e-17 
 1940       2.933947206194e-11       1.635223418144e-12      -2.081993774941e-12       0.000000000000e+00       4.044702329718e-16       1.085568234888e-16      -1.616784342002e-17 
 1941       2.932456337495e-11       1.632182500329e-12      -2.108820553873e-12       0.000000000000e+00       4.036247892163e-16       1.087988697246e-16      -1.610104928320e-17 
 1942       2.931150596943e-11       1.628961146429e-12      -2.135379310944e-12       0.000000000000e+00       4.027815133984e-16       1.090349254756e-16      -1.603283367071e-17 
 1943       2.930026804803e-11       1.625561162820e-12      -2.161660741487e-12       0.000000000000e+00       4.019403995225e-16       1.092649551389e-16      -1.596323034184e-17 
 1944       2.929081766441e-11       1.621984364984e-12      -2.187655505417e-12       0.000000000000e+00       4.011014415332e-16       1.094889230248e-16      -1.589227320741e-17 
 1945       2.928312272297e-11       1.618232577521e-12      -2.213354227186e-12       0.000000000000e+00       4.002646333151e-16       1.097067933561e-16      -1.581999633000e-17 
 1946       2.927715097871e-11       1.614307634160e-12      -2.238747495736e-12       0.000000000000e+00       3.994299686929e-16       1.099185302683e-16      -1.574643392413e-17 
 1947       2.927287003699e-11       1.610211377775e-12      -2.263825864460e-12       0.000000000000e+00       3.985974414310e-16       1.101240978094e-16      -1.567162035647e-17 
 1948       2.927024735334e-11       1.605945660393e-12      -2.288579851151e-12       0.000000000000e+00       3.977670452334e-16       1.103234599400e-16      -1.559559014605e-17 
 1949       2.926925023328e-11       1.601512343208e-12      -2.312999937966e-12       0.000000000000e+00       3.969387737442e-16       1.105165805331e-16      -1.551837796442e-17 
 1950       2.926984583212e-11       1.596913296594e-12      -2.337076571373e-12       0.000000000000e+00       3.961126205466e-16       1.107034233737e-16      -1.544001863591e-17 
 1951       2.927200115470e-11       1.592150400118e-12      -2.360800162113e-12       0.000000000000e+00       3.952885791635e-16       1.108839521596e-16      -1.536054713778e-17 
 1952       2.927568305529e-11       1.587225542552e-12      -2.384161085153e-12       0.000000000000e+00       3.944666430572e-16       1.110581305000e-16      -1.527999860045e-17 
 1953       2.928085823730e-11       1.582140621882e-12      -2.407149679644e-12       0.000000000000e+00       3.936468056291e-16       1.112259219168e-16      -1.519840830769e-17 
 1954       2.928749325313e-11       1.576897545328e-12      -2.429756248873e-12       0.000000000000e+00       3.928290602199e-16       1.113872898435e-16      -1.511581169679e-17 
 1955       2.929555450398e-11       1.571498229349e-12      -2.451971060224e-12       0.000000000000e+00       3.920134001095e-16       1.115421976256e-16      -1.503224435883e-17 
 1956       2.930500823959e-11       1.565944599657e-12      -2.473784345126e-12       0.000000000000e+00       3.911998185164e-16       1.116906085202e-16      -1.494774203882e-17 
 1957       2.931582055811e-11       1.560238591233e-12      -2.495186299019e-12       0.000000000000e+00       3.903883085984e-16       1.118324856963e-16      -1.486234063590e-17 
 1958       2.932795740586e-11       1.554382148337e-12      -2.516167081300e-12       0.000000000000e+00       3.895788634518e-16       1.119677922346e-16      -1.477607620360e-17 
 1959       2.934138457713e-11       1.548377224519e-12      -2.536716815286e-12       0.000000000000e+00       3.887714761119e-16       1.120964911269e-16      -1.468898494996e-17 
 1960       2.935606771402e-11       1.542225782634e-12      -2.556825588165e-12       0.000000000000e+00       3.879661395523e-16       1.122185452770e-16      -1.460110323780e-17 
 1961       2.937197230619e-11       1.535929794853e-12      -2.576483450954e-12       0.000000000000e+00       3.871628466852e-16       1.123339174996e-16      -1.451246758486e-17 
 1962       2.938906369067e-11       1.529491242675e-12      -2.595680418455e-12       0.000000000000e+00       3.863615903614e-16       1.124425705208e-16      -1.442311466405e-17 
 1963       2.940730705171e-11       1.522912116941e-12      -2.614406469209e-12       0.000000000000e+00       3.855623633697e-16       1.125444669781e-16      -1.433308130363e-17 
 1964       2.942666742050e-11       1.516194417845e-12      -2.632651545453e-12       0.000000000000e+00       3.847651584373e-16       1.126395694197e-16      -1.424240448739e-17 
 1965       2.944710967505e-11       1.509340154947e-12      -2.650405553077e-12       0.000000000000e+00       3.839699682297e-16       1.127278403053e-16      -1.415112135489e-17 
 1966       2.946859853993e-11       1.502351347187e-12      -2.667658361577e-12       0.000000000000e+00       3.831767853500e-16       1.128092420049e-16      -1.405926920162e-17 
 1967       2.949109858610e-11       1.495230022892e-12      -2.684399804011e-12       0.000000000000e+00       3.823856023396e-16       1.128837368000e-16      -1.396688547924e-17 
 1968       2.951457423072e-11       1.487978219796e-12      -2.700619676960e-12       0.000000000000e+00       3.815964116776e-16       1.129512868824e-16      -1.387400779575e-17 
 1969       2.953898973692e-11       1.480597985046e-12      -2.716307740474e-12       0.000000000000e+00       3.808092057808e-16       1.130118543546e-16      -1.378067391568e-17 
 1970       2.956430910375e-11       1.473091546760e-12      -2.731455321336e-12       0.000000000000e+00       3.800239775161e-16       1.130654190115e-16      -1.368691767211e-17 
 1971       2.959049573561e-11       1.465461830051e-12      -2.746060135922e-12       0.000000000000e+00       3.792407217418e-16       1.131120318288e-16      -1.359275666891e-17 
 1972       2.961751276994e-11       1.457711944860e-12      -2.760121503079e-12       0.000000000000e+00       3.784594337776e-16       1.131517618718e-16      -1.349820448748e-17 
 1973       2.964532318670e-11       1.449845014783e-12      -2.773638744088e-12       0.000000000000e+00       3.776801088927e-16       1.131846785498e-16      -1.340327476681e-17 
 1974       2.967388980815e-11       1.441864177082e-12      -2.786611182666e-12       0.000000000000e+00       3.769027423065e-16       1.132108516173e-16      -1.330798120349e-17 
 1975       2.970317529867e-11       1.433772582709e-12      -2.799038144973e-12       0.000000000000e+00       3.761273291879e-16       1.132303511739e-16      -1.321233755186e-17 
 1976       2.973314216451e-11       1.425573396322e-12      -2.810918959619e-12       0.000000000000e+00       3.753538646555e-16       1.132432476648e-16      -1.311635762401e-17 
 1977       2.976375275362e-11       1.417269796301e-12      -2.822252957664e-12       0.000000000000e+00       3.745823437774e-16       1.132496118816e-16      -1.302005528989e-17 
 1978       2.979496925545e-11       1.408864974766e-12      -2.833039472629e-12       0.000000000000e+00       3.738127615712e-16       1.132495149624e-16      -1.292344447739e-17 
 1979       2.982675370074e-11       1.400362137598e-12      -2.843277840498e-12       0.000000000000e+00       3.730451130038e-16       1.132430283927e-16      -1.282653917239e-17 
 1980       2.985906796131e-11       1.391764504452e-12      -2.852967399725e-12       0.000000000000e+00       3.722793929916e-16       1.132302240052e-16      -1.272935341887e-17 
 1981       2.989187374985e-11       1.383075308779e-12      -2.862107491239e-12       0.000000000000e+00       3.715155964001e-16       1.132111739809e-16      -1.263190131893e-17 
 1982       2.992513261976e-11       1.374297797840e-12      -2.870697458447e-12       0.000000000000e+00       3.707537180439e-16       1.131859508493e-16      -1.253419703291e-17 
 1983       2.995880596488e-11       1.365435232727e-12      -2.878736647244e-12       0.000000000000e+00       3.699937526867e-16       1.131546274888e-16      -1.243625477946e-17 
 1984       2.999285501935e-11       1.356490888378e-12      -2.886224406013e-12       0.000000000000e+00       3.692356950413e-16       1.131172771272e-16      -1.233808883556e-17 
 1985       3.002724085737e-11       1.347468053596e-12      -2.893160085634e-12       0.000000000000e+00       3.684795397693e-16       1.130739733424e-16      -1.223971353669e-17 
 1986       3.006192439301e-11       1.338370031067e-12      -2.899543039488e-12       0.000000000000e+00       3.677252814812e-16       1.130247900625e-16      -1.214114327681e-17 
 1987       3.009686638001e-11       1.329200137377e-12      -2.905372623463e-12       0.000000000000e+00       3.669729147362e-16       1.129698015665e-16      -1.204239250848e-17 
 1988       3.013202741157e-11       1.319961703030e-12      -2.910648195959e-12       0.000000000000e+00       3.662224340422e-16       1.129090824845e-16      -1.194347574293e-17 
 1989       3.016736792013e-11       1.310658072467e-12      -2.915369117891e-12       0.000000000000e+00       3.654738338556e-16       1.128427077988e-16      -1.184440755014e-17 
 1990       3.020284817721e-11       1.301292604079e-12      -2.919534752698e-12       0.000000000000e+00       3.647271085814e-16       1.127707528434e-16      -1.174520255888e-17 
 1991       3.023842829318e-11       1.291868670232e-12      -2.923144466347e-12       0.000000000000e+00       3.639822525731e-16       1.126932933053e-16      -1.164587545683e-17 
 1992       3.027406821704e-11       1.282389657279e-12      -2.926197627338e-12       0.000000000000e+00       3.632392601324e-16       1.126104052246e-16      -1.154644099061e-17 
 1993       3.030972773627e-11       1.272858965580e-12      -2.928693606709e-12       0.000000000000e+00       3.624981255094e-16       1.125221649949e-16      -1.144691396590e-17 
 1994       3.034536647657e-11       1.263280009519e-12      -2.930631778040e-12       0.000000000000e+00       3.617588429023e-16       1.124286493640e-16      -1.134730924747e-17 
 1995       3.038094390168e-11       1.253656217522e-12      -2.932011517463e-12       0.000000000000e+00       3.610214064574e-16       1.123299354342e-16      -1.124764175927e-17 
 1996       3.041641931320e-11       1.243991032074e-12      -2.932832203661e-12       0.000000000000e+00       3.602858102691e-16       1.122261006628e-16      -1.114792648451e-17 
 1997       3.045175185034e-11       1.234287909739e-12      -2.933093217881e-12       0.000000000000e+00       3.595520483797e-16       1.121172228625e-16      -1.104817846574e-17 
 1998       3.048690048976e-11       1.224550321176e-12      -2.932793943930e-12       0.000000000000e+00       3.588201147795e-16       1.120033802019e-16      -1.094841280491e-17 
 1999       3.052182404534e-11       1.214781751155e-12      -2.931933768187e-12       0.000000000000e+00       3.580900034064e-16       1.118846512062e-16      -1.084864466342e-17 
 2000       3.055648116799e-11       1.204985698578e-12      -2.930512079609e-12       0.000000000000e+00       3.573617081462e-16       1.117611147572e-16      -1.074888926226e-17 
 2001       3.059083034545e-11       1.195165676496e-12      -2.928528269730e-12       0.000000000000e+00       3.566352228322e-16       1.116328500942e-16      -1.064916188201e-17 
 2002       3.062482990207e-11       1.185325212124e-12      -2.925981732672e-12       0.000000000000e+00       3.559105412452e-16       1.114999368142e-16      -1.054947786298e-17 
 2003       3.065843799863e-11       1.175467846861e-12      -2.922871865149e-12       0.000000000000e+00       3.551876571137e-16       1.113624548724e-16      -1.044985260522e-17 
 2004       3.069161263210e-11       1.165597136310e-12      -2.919198066469e-12       0.000000000000e+00       3.544665641134e-16       1.112204845828e-16      -1.035030156865e-17 
 2005       3.072431163550e-11       1.155716650290e-12      -2.914959738546e-12       0.000000000000e+00       3.537472558674e-16       1.110741066185e-16      -1.025084027310e-17 
 2006       3.075649267763e-11       1.145829972857e-12      -2.910156285898e-12       0.000000000000e+00       3.530297259460e-16       1.109234020122e-16      -1.015148429838e-17 
 2007       3.078811326291e-11       1.135940702325e-12      -2.904787115658e-12       0.000000000000e+00       3.523139678667e-16       1.107684521568e-16      -1.005224928439e-17 
 2008       3.081913073116e-11       1.126052451277e-12      -2.898851637575e-12       0.000000000000e+00       3.515999750940e-16       1.106093388057e-16      -9.953150931146e-18 
 2009       3.084950571058e-11       1.116168673045e-12      -2.892350461296e-12       0.000000000000e+00       3.508877415075e-16       1.104461297366e-16      -9.854199957898e-18 
 2010       3.087921250468e-11       1.106292139729e-12      -2.885288997734e-12       0.000000000000e+00       3.501772628099e-16       1.102788356276e-16      -9.755386940009e-18 
 2011       3.090822878061e-11       1.096425460409e-12      -2.877673883945e-12       0.000000000000e+00       3.494685351290e-16       1.101074528678e-16      -9.656697361733e-18 
 2012       3.093653212280e-11       1.086571254353e-12      -2.869511788281e-12       0.000000000000e+00       3.487615545505e-16       1.099319778657e-16      -9.558116647108e-18 
 2013       3.096410003277e-11       1.076732151035e-12      -2.860809410430e-12       0.000000000000e+00       3.480563171183e-16       1.097524070489e-16      -9.459630159876e-18 
 2014       3.099090992912e-11       1.066910790140e-12      -2.851573481458e-12       0.000000000000e+00       3.473528188336e-16       1.095687368646e-16      -9.361223203412e-18 
 2015       3.101693914736e-11       1.057109821583e-12      -2.841810763846e-12       0.000000000000e+00       3.466510556559e-16       1.093809637793e-16      -9.262881020646e-18 
 2016       3.104216493987e-11       1.047331905516e-12      -2.831528051534e-12       0.000000000000e+00       3.459510235021e-16       1.091890842787e-16      -9.164588793984e-18 
 2017       3.106656447574e-11       1.037579712347e-12      -2.820732169964e-12       0.000000000000e+00       3.452527182467e-16       1.089930948683e-16      -9.066331645236e-18 
 2018       3.109011484071e-11       1.027855922745e-12      -2.809429976114e-12       0.000000000000e+00       3.445561357219e-16       1.087929920729e-16      -8.968094635538e-18 
 2019       3.111279303707e-11       1.018163227660e-12      -2.797628358547e-12       0.000000000000e+00       3.438612717174e-16       1.085887724369e-16      -8.869862765276e-18 
 2020       3.113457598354e-11       1.008504328329e-12      -2.785334237445e-12       0.000000000000e+00       3.431681219802e-16       1.083804325243e-16      -8.771620974011e-18 
 2021       3.115544051516e-11       9.988819362938e-13      -2.772554564654e-12       0.000000000000e+00       3.424766822148e-16       1.081679689185e-16      -8.673354140400e-18 
 2022       3.117536338323e-11       9.892987734099e-13      -2.759296323725e-12       0.000000000000e+00       3.417869480830e-16       1.079513782229e-16      -8.575047082124e-18 
 2023       3.119432125518e-11       9.797575718614e-13      -2.745566529952e-12       0.000000000000e+00       3.410989152036e-16       1.077306570602e-16      -8.476684555808e-18 
 2024       3.121229071448e-11       9.702610741722e-13      -2.731372230415e-12       0.000000000000e+00       3.404125791530e-16       1.075058020732e-16      -8.378251256946e-18 
 2025       3.122924826053e-11       9.608120332191e-13      -2.716720504021e-12       0.000000000000e+00       3.397279354642e-16       1.072768099241e-16      -8.279731819829e-18 
 2026       3.124517030858e-11       9.514132122443e-13      -2.701618461542e-12       0.000000000000e+00       3.390449796277e-16       1.070436772952e-16      -8.181110817461e-18 
 2027       3.126003318959e-11       9.420673848679e-13      -2.686073245662e-12       0.000000000000e+00       3.383637070907e-16       1.068064008885e-16      -8.082372761490e-18 
 2028       3.127381315018e-11       9.327773351004e-13      -2.670092031012e-12       0.000000000000e+00       3.376841132573e-16       1.065649774258e-16      -7.983502102128e-18 
 2029       3.128648635249e-11       9.235458573553e-13      -2.653682024212e-12       0.000000000000e+00       3.370061934885e-16       1.063194036489e-16      -7.884483228076e-18 
 2030       3.129802887411e-11       9.143757564619e-13      -2.636850463914e-12       0.000000000000e+00       3.363299431022e-16       1.060696763195e-16      -7.785300466449e-18 
 2031       3.130841670794e-11       9.052698476774e-13      -2.619604620842e-12       0.000000000000e+00       3.356553573729e-16       1.058157922194e-16      -7.685938082698e-18 
 2032       3.131762576216e-11       8.962309566998e-13      -2.601951797833e-12       0.000000000000e+00       3.349824315316e-16       1.055577481501e-16      -7.586380280535e-18 
 2033       3.132563186002e-11       8.872619196803e-13      -2.583899329876e-12       0.000000000000e+00       3.343111607660e-16       1.052955409337e-16      -7.486611201855e-18 
 2034       3.133241073987e-11       8.783655832358e-13      -2.565454584156e-12       0.000000000000e+00       3.336415402205e-16       1.050291674118e-16      -7.386614926663e-18 
 2035       3.133793805493e-11       8.695448044619e-13      -2.546624960092e-12       0.000000000000e+00       3.329735649956e-16       1.047586244465e-16      -7.286375472997e-18 
 2036       3.134218937331e-11       8.608024509447e-13      -2.527417889380e-12       0.000000000000e+00       3.323072301483e-16       1.044839089200e-16      -7.185876796849e-18 
 2037       3.134514017781e-11       8.521414007740e-13      -2.507840836032e-12       0.000000000000e+00       3.316425306921e-16       1.042050177346e-16      -7.085102792093e-18 
 2038       3.134676586589e-11       8.435645425555e-13      -2.487901296421e-12       0.000000000000e+00       3.309794615965e-16       1.039219478130e-16      -6.984037290407e-18 
 2039       3.134704174953e-11       8.350747754237e-13      -2.467606799315e-12       0.000000000000e+00       3.303180177873e-16       1.036346960980e-16      -6.882664061195e-18 
 2040       3.134594305514e-11       8.266750090540e-13      -2.446964905924e-12       0.000000000000e+00       3.296581941465e-16       1.033432595529e-16      -6.780966811515e-18 
 2041       3.134344492347e-11       8.183681636756e-13      -2.425983209939e-12       0.000000000000e+00       3.289999855118e-16       1.030476351612e-16      -6.678929185999e-18 
 2042       3.133952240950e-11       8.101571700839e-13      -2.404669337570e-12       0.000000000000e+00       3.283433866774e-16       1.027478199269e-16      -6.576534766780e-18 
 2043       3.133415048232e-11       8.020449696531e-13      -2.383030947592e-12       0.000000000000e+00       3.276883923929e-16       1.024438108744e-16      -6.473767073413e-18 
 2044       3.132730402508e-11       7.940345143487e-13      -2.361075731382e-12       0.000000000000e+00       3.270349973642e-16       1.021356050485e-16      -6.370609562801e-18 
 2045       3.131895783485e-11       7.861287667403e-13      -2.338811412963e-12       0.000000000000e+00       3.263831962526e-16       1.018231995146e-16      -6.267045629119e-18 
 2046       3.130908662252e-11       7.783307000139e-13      -2.316245749039e-12       0.000000000000e+00       3.257329836754e-16       1.015065913585e-16      -6.163058603735e-18 
 2047       3.129766501272e-11       7.706432979843e-13      -2.293386529045e-12       0.000000000000e+00       3.250843542054e-16       1.011857776867e-16      -6.058631755138e-18 
 2048       3.128467211417e-11       7.630691866393e-13      -2.270241805400e-12       0.000000000000e+00       3.244373026747e-16       1.008607695897e-16      -5.953750593831e-18 
 2049       3.127010526663e-11       7.556095258667e-13      -2.246820586014e-12       0.000000000000e+00       3.237918250871e-16       1.005316341407e-16      -5.848409805180e-18 
 2050       3.125396639203e-11       7.482651098310e-13      -2.223132146812e-12       0.000000000000e+00       3.231479177123e-16       1.001984526973e-16      -5.742606365961e-18 
 2051       3.123625743289e-11       7.410367347255e-13      -2.199185802017e-12       0.000000000000e+00       3.225055767823e-16       9.986130696546e-17      -5.636337243882e-18 
 2052       3.121698035243e-11       7.339251987737e-13      -2.174990904193e-12       0.000000000000e+00       3.218647984915e-16       9.952027900025e-17      -5.529599397572e-18 
 2053       3.119613713454e-11       7.269313022317e-13      -2.150556844293e-12       0.000000000000e+00       3.212255789969e-16       9.917545120611e-17      -5.422389776564e-18 
 2054       3.117372978383e-11       7.200558473903e-13      -2.125893051707e-12       0.000000000000e+00       3.205879144177e-16       9.882690633737e-17      -5.314705321296e-18 
 2055       3.114976032569e-11       7.132996385768e-13      -2.101008994309e-12       0.000000000000e+00       3.199518008354e-16       9.847472749863e-17      -5.206542963091e-18 
 2056       3.112423080625e-11       7.066634821571e-13      -2.075914178507e-12       0.000000000000e+00       3.193172342938e-16       9.811899814524e-17      -5.097899624151e-18 
 2057       3.109714329251e-11       7.001481865376e-13      -2.050618149285e-12       0.000000000000e+00       3.186842107989e-16       9.775980208371e-17      -4.988772217547e-18 
 2058       3.106849987225e-11       6.937545621676e-13      -2.025130490256e-12       0.000000000000e+00       3.180527263186e-16       9.739722347215e-17      -4.879157647209e-18 
 2059       3.103830265418e-11       6.874834215408e-13      -1.999460823709e-12       0.000000000000e+00       3.174227767831e-16       9.703134682073e-17      -4.769052807913e-18 
 2060       3.100655376788e-11       6.813355791977e-13      -1.973618810650e-12       0.000000000000e+00       3.167943580845e-16       9.666225699207e-17      -4.658454585275e-18 
 2061       3.097325536388e-11       6.753118517275e-13      -1.947614150859e-12       0.000000000000e+00       3.161674660769e-16       9.629003920174e-17      -4.547359855738e-18 
 2062       3.093840961368e-11       6.694130577700e-13      -1.921456582930e-12       0.000000000000e+00       3.155420965762e-16       9.591477901863e-17      -4.435765486560e-18 
 2063       3.090201870976e-11       6.636400180178e-13      -1.895155884321e-12       0.000000000000e+00       3.149182453601e-16       9.553656236544e-17      -4.323668335810e-18 
 2064       3.086408486563e-11       6.579935552184e-13      -1.868721871405e-12       0.000000000000e+00       3.142959081683e-16       9.515547551907e-17      -4.211065252351e-18 
 2065       3.082461031588e-11       6.524744941757e-13      -1.842164399510e-12       0.000000000000e+00       3.136750807019e-16       9.477160511112e-17      -4.097953075834e-18 
 2066       3.078359731615e-11       6.470836617528e-13      -1.815493362972e-12       0.000000000000e+00       3.130557586239e-16       9.438503812824e-17      -3.984328636688e-18 
 2067       3.074104814323e-11       6.418218868732e-13      -1.788718695183e-12       0.000000000000e+00       3.124379375589e-16       9.399586191264e-17      -3.870188756106e-18 
 2068       3.069696509503e-11       6.366900005236e-13      -1.761850368634e-12       0.000000000000e+00       3.118216130928e-16       9.360416416252e-17      -3.755530246037e-18 
 2069       3.065135049067e-11       6.316888357552e-13      -1.734898394966e-12       0.000000000000e+00       3.112067807733e-16       9.321003293244e-17      -3.640349909179e-18 
 2070       3.060420667046e-11       6.268192276864e-13      -1.707872825018e-12       0.000000000000e+00       3.105934361093e-16       9.281355663383e-17      -3.524644538964e-18 
 2071       3.055553599594e-11       6.220820135041e-13      -1.680783748870e-12       0.000000000000e+00       3.099815745712e-16       9.241482403542e-17      -3.408410919548e-18 
 2072       3.050534084993e-11       6.174780324665e-13      -1.653641295895e-12       0.000000000000e+00       3.093711915906e-16       9.201392426361e-17      -3.291645825806e-18 
 2073       3.045362363657e-11       6.130081259044e-13      -1.626455634805e-12       0.000000000000e+00       3.087622825605e-16       9.161094680298e-17      -3.174346023314e-18 
 2074       3.040038678128e-11       6.086731372236e-13      -1.599236973700e-12       0.000000000000e+00       3.081548428350e-16       9.120598149671e-17      -3.056508268347e-18 
 2075       3.034563273090e-11       6.044739119069e-13      -1.571995560110e-12       0.000000000000e+00       3.075488677293e-16       9.079911854698e-17      -2.938129307863e-18 
 2076       3.028936395361e-11       6.004112975162e-13      -1.544741681049e-12       0.000000000000e+00       3.069443525200e-16       9.039044851546e-17      -2.819205879494e-18 
 2077       3.023158293905e-11       5.964861436942e-13      -1.517485663060e-12       0.000000000000e+00       3.063412924442e-16       8.998006232369e-17      -2.699734711537e-18 
 2078       3.017229219828e-11       5.926993021666e-13      -1.490237872261e-12       0.000000000000e+00       3.057396827004e-16       8.956805125356e-17      -2.579712522944e-18 
 2079       3.011149426387e-11       5.890516267442e-13      -1.463008714394e-12       0.000000000000e+00       3.051395184480e-16       8.915450694774e-17      -2.459136023310e-18 
 2080       3.004919168988e-11       5.855439733249e-13      -1.435808634873e-12       0.000000000000e+00       3.045407948069e-16       8.873952141010e-17      -2.338001912864e-18 
 2081       2.998538705193e-11       5.821771998955e-13      -1.408648118831e-12       0.000000000000e+00       3.039435068581e-16       8.832318700614e-17      -2.216306882459e-18 
 2082       2.992008294721e-11       5.789521665342e-13      -1.381537691166e-12       0.000000000000e+00       3.033476496434e-16       8.790559646348e-17      -2.094047613561e-18 
 2083       2.985328199450e-11       5.758697354118e-13      -1.354487916589e-12       0.000000000000e+00       3.027532181650e-16       8.748684287222e-17      -1.971220778239e-18 
 2084       2.978498683423e-11       5.729307707948e-13      -1.327509399674e-12       0.000000000000e+00       3.021602073861e-16       8.706701968543e-17      -1.847823039156e-18 
 2085       2.971520012849e-11       5.701361390463e-13      -1.300612784902e-12       0.000000000000e+00       3.015686122300e-16       8.664622071958e-17      -1.723851049557e-18 
 2086       2.964392456105e-11       5.674867086289e-13      -1.273808756712e-12       0.000000000000e+00       3.009784275810e-16       8.622454015495e-17      -1.599301453261e-18 
 2087       2.957116588499e-11       5.649830132474e-13      -1.247107335648e-12       0.000000000000e+00       3.003896486220e-16       8.580205096973e-17      -1.474178471250e-18 
 2088       2.949694208866e-11       5.626242386913e-13      -1.220515761321e-12       0.000000000000e+00       2.998022718526e-16       8.537874007606e-17      -1.348516719641e-18 
 2089       2.942127429406e-11       5.604092288903e-13      -1.194040594696e-12       0.000000000000e+00       2.992162940784e-16       8.495457272989e-17      -1.222358551736e-18 
 2090       2.934418371521e-11       5.583368221208e-13      -1.167688420666e-12       0.000000000000e+00       2.986317120730e-16       8.452951405591e-17      -1.095746486149e-18 
 2091       2.926569165826e-11       5.564058509986e-13      -1.141465848083e-12       0.000000000000e+00       2.980485225780e-16       8.410352904736e-17      -9.687232070081e-19 
 2092       2.918581952163e-11       5.546151424714e-13      -1.115379509784e-12       0.000000000000e+00       2.974667223031e-16       8.367658256592e-17      -8.413315641486e-19 
 2093       2.910458879611e-11       5.529635178122e-13      -1.089436062619e-12       0.000000000000e+00       2.968863079258e-16       8.324863934150e-17      -7.136145733160e-19 
 2094       2.902202106495e-11       5.514497926113e-13      -1.063642187482e-12       0.000000000000e+00       2.963072760917e-16       8.281966397212e-17      -5.856154163629e-19 
 2095       2.893813800403e-11       5.500727767695e-13      -1.038004589334e-12       0.000000000000e+00       2.957296234140e-16       8.238962092373e-17      -4.573774414479e-19 
 2096       2.885296138191e-11       5.488312744905e-13      -1.012529997238e-12       0.000000000000e+00       2.951533464739e-16       8.195847453007e-17      -3.289441632346e-19 
 2097       2.876651306000e-11       5.477240842742e-13      -9.872251643787e-13       0.000000000000e+00       2.945784418202e-16       8.152618899251e-17      -2.003592630904e-19 
 2098       2.867881499263e-11       5.467499989087e-13      -9.620968680981e-13       0.000000000000e+00       2.940049059694e-16       8.109272837987e-17      -7.166658928476e-20 
 2099       2.858988922722e-11       5.459078054638e-13      -9.371519099193e-13       0.000000000000e+00       2.934327354059e-16       8.065805662828e-17       5.708984281177e-20 
 2100       2.849975790431e-11       5.451962852831e-13      -9.123971155762e-13       0.000000000000e+00       2.928619265813e-16       8.022213754105e-17       1.858658505288e-19 
 2101       2.840844325777e-11       5.446142139772e-13      -8.878393350409e-13       0.000000000000e+00       2.922924759152e-16       7.978493478846e-17       3.146170836976e-19 
 2102       2.831596761483e-11       5.441603614161e-13      -8.634854425522e-13       0.000000000000e+00       2.917243797942e-16       7.934641190764e-17       4.432990244522e-19 
 2103       2.822235339627e-11       5.438334917222e-13      -8.393423366436e-13       0.000000000000e+00       2.911576345729e-16       7.890653230238e-17       5.718669870305e-19 
 2104       2.812762311645e-11       5.436323632630e-13      -8.154169401713e-13       0.000000000000e+00       2.905922365729e-16       7.846525924301e-17       7.002761175760e-19 
 2105       2.803179938351e-11       5.435557286436e-13      -7.917162003422e-13       0.000000000000e+00       2.900281820833e-16       7.802255586624e-17       8.284813939390e-19 
 2106       2.793490489944e-11       5.436023346998e-13      -7.682470887423e-13       0.000000000000e+00       2.894654673606e-16       7.757838517496e-17       9.564376254772e-19 
 2107       2.783696246017e-11       5.437709224906e-13      -7.450166013647e-13       0.000000000000e+00       2.889040886285e-16       7.713271003812e-17       1.084099452858e-18 
 2108       2.773799495574e-11       5.440602272910e-13      -7.220317586373e-13       0.000000000000e+00       2.883440420779e-16       7.668549319058e-17       1.211421347859e-18 
 2109       2.763802537039e-11       5.444689785848e-13      -6.992996054514e-13       0.000000000000e+00       2.877853238669e-16       7.623669723291e-17       1.338357613170e-18 
 2110       2.753707678266e-11       5.449959000573e-13      -6.768272111895e-13       0.000000000000e+00       2.872279301206e-16       7.578628463127e-17       1.464862382194e-18 
 2111       2.743517236552e-11       5.456397095879e-13      -6.546216697536e-13       0.000000000000e+00       2.866718569315e-16       7.533421771725e-17       1.590889618847e-18 
 2112       2.733233538648e-11       5.463991192433e-13      -6.326900995929e-13       0.000000000000e+00       2.861171003589e-16       7.488045868770e-17       1.716393117361e-18 
 2113       2.722858920770e-11       5.472728352696e-13      -6.110396437323e-13       0.000000000000e+00       2.855636564289e-16       7.442496960456e-17       1.841326502087e-18 
 2114       2.712395728613e-11       5.482595580855e-13      -5.896774698004e-13       0.000000000000e+00       2.850115211350e-16       7.396771239474e-17       1.965643227291e-18 
 2115       2.701846317358e-11       5.493579822749e-13      -5.686107700573e-13       0.000000000000e+00       2.844606904371e-16       7.350864884993e-17       2.089296576962e-18 
 2116       2.691213051687e-11       5.505667965797e-13      -5.478467614231e-13       0.000000000000e+00       2.839111602623e-16       7.304774062647e-17       2.212239664606e-18 
 2117       2.680498305792e-11       5.518846838924e-13      -5.273926855056e-13       0.000000000000e+00       2.833629265043e-16       7.258494924515e-17       2.334425433053e-18 
 2118       2.669704463390e-11       5.533103212491e-13      -5.072558086289e-13       0.000000000000e+00       2.828159850237e-16       7.212023609111e-17       2.455806654257e-18 
 2119       2.658833917731e-11       5.548423798218e-13      -4.874434218608e-13       0.000000000000e+00       2.822703316475e-16       7.165356241363e-17       2.576335929095e-18 
 2120       2.647889071609e-11       5.564795249116e-13      -4.679628410415e-13       0.000000000000e+00       2.817259621698e-16       7.118488932601e-17       2.695965687171e-18 
 2121       2.636872337376e-11       5.582204159414e-13      -4.488214068114e-13       0.000000000000e+00       2.811828723507e-16       7.071417780538e-17       2.814648186616e-18 
 2122       2.625786136954e-11       5.600637064483e-13      -4.300264846391e-13       0.000000000000e+00       2.806410579175e-16       7.024138869258e-17       2.932335513888e-18 
 2123       2.614632901843e-11       5.620080440765e-13      -4.115854648497e-13       0.000000000000e+00       2.801005145635e-16       6.976648269196e-17       3.048979583576e-18 
 2124       2.603415073134e-11       5.640520705703e-13      -3.935057626530e-13       0.000000000000e+00       2.795612379487e-16       6.928942037128e-17       3.164532138201e-18 
 2125       2.592135101522e-11       5.661944217665e-13      -3.757948181711e-13       0.000000000000e+00       2.790232236994e-16       6.881016216148e-17       3.278944748014e-18 
 2126       2.580795467244e-11       5.684335960645e-13      -3.584589919458e-13       0.000000000000e+00       2.784864676855e-16       6.832869818951e-17       3.392172473943e-18 
 2127       2.569398740022e-11       5.707675588609e-13      -3.415002430910e-13       0.000000000000e+00       2.779509668531e-16       6.784513800138e-17       3.504184884381e-18 
 2128       2.557947519560e-11       5.731941353765e-13      -3.249194283234e-13       0.000000000000e+00       2.774167183975e-16       6.735962145659e-17       3.614955113856e-18 
 2129       2.546444415656e-11       5.757111419216e-13      -3.087174044067e-13       0.000000000000e+00       2.768837194867e-16       6.687228895185e-17       3.724456206676e-18 
 2130       2.534892048224e-11       5.783163858849e-13      -2.928950281495e-13       0.000000000000e+00       2.763519672607e-16       6.638328142179e-17       3.832661116823e-18 
 2131       2.523293047298e-11       5.810076657229e-13      -2.774531564046e-13       0.000000000000e+00       2.758214588322e-16       6.589274033953e-17       3.939542707857e-18 
 2132       2.511650053048e-11       5.837827709491e-13      -2.623926460674e-13       0.000000000000e+00       2.752921912861e-16       6.540080771738e-17       4.045073752811e-18 
 2133       2.499965715790e-11       5.866394821231e-13      -2.477143540751e-13       0.000000000000e+00       2.747641616799e-16       6.490762610743e-17       4.149226934089e-18 
 2134       2.488242695999e-11       5.895755708402e-13      -2.334191374051e-13       0.000000000000e+00       2.742373670430e-16       6.441333860216e-17       4.251974843368e-18 
 2135       2.476483664322e-11       5.925887997203e-13      -2.195078530739e-13       0.000000000000e+00       2.737118043774e-16       6.391808883517e-17       4.353289981494e-18 
 2136       2.464691301588e-11       5.956769223976e-13      -2.059813581362e-13       0.000000000000e+00       2.731874706569e-16       6.342202098169e-17       4.453144758380e-18 
 2137       2.452868298820e-11       5.988376835091e-13      -1.928405096831e-13       0.000000000000e+00       2.726643628278e-16       6.292527975933e-17       4.551511492906e-18 
 2138       2.441017357250e-11       6.020688186848e-13      -1.800861648413e-13       0.000000000000e+00       2.721424778083e-16       6.242801042862e-17       4.648362412816e-18 
 2139       2.429141188326e-11       6.053680545362e-13      -1.677191807716e-13       0.000000000000e+00       2.716218124888e-16       6.193035879373e-17       4.743669654620e-18 
 2140       2.417242513728e-11       6.087331086457e-13      -1.557404146679e-13       0.000000000000e+00       2.711023637318e-16       6.143247120301e-17       4.837405263486e-18 
 2141       2.405324065378e-11       6.121616895563e-13      -1.441507237561e-13       0.000000000000e+00       2.705841283716e-16       6.093449454971e-17       4.929541193146e-18 
 2142       2.393388585453e-11       6.156514967602e-13      -1.329509652923e-13       0.000000000000e+00       2.700671032145e-16       6.043657627256e-17       5.020049305787e-18 
 2143       2.381438826398e-11       6.192002206888e-13      -1.221419965622e-13       0.000000000000e+00       2.695512850388e-16       5.993886435645e-17       5.108901371957e-18 
 2144       2.369477550932e-11       6.228055427010e-13      -1.117246748797e-13       0.000000000000e+00       2.690366705947e-16       5.944150733300e-17       5.196069070458e-18 
 2145       2.357507532070e-11       6.264651350733e-13      -1.016998575853e-13       0.000000000000e+00       2.685232566041e-16       5.894465428126e-17       5.281523988247e-18 
 2146       2.345531553125e-11       6.301766609887e-13      -9.206840204557e-14       0.000000000000e+00       2.680110397607e-16       5.844845482830e-17       5.365237620332e-18 
 2147       2.333552407726e-11       6.339377745260e-13      -8.283116565120e-14       0.000000000000e+00       2.675000167301e-16       5.795305914987e-17       5.447181369675e-18 
 2148       2.321572899830e-11       6.377461206489e-13      -7.398900581631e-14       0.000000000000e+00       2.669901841494e-16       5.745861797102e-17       5.527326547085e-18 
 2149       2.309595843728e-11       6.415993351956e-13      -6.554277997701e-14       0.000000000000e+00       2.664815386277e-16       5.696528256674e-17       5.605644371121e-18 
 2150       2.297624064066e-11       6.454950448676e-13      -5.749334559019e-14       0.000000000000e+00       2.659740767453e-16       5.647320476259e-17       5.682105967989e-18 
 2151       2.285660395849e-11       6.494308672194e-13      -4.984156013233e-14       0.000000000000e+00       2.654677950544e-16       5.598253693535e-17       5.756682371439e-18 
 2152       2.273707684458e-11       6.534044106474e-13      -4.258828109823e-14       0.000000000000e+00       2.649626900787e-16       5.549343201363e-17       5.829344522665e-18 
 2153       2.261768785657e-11       6.574132743794e-13      -3.573436599986e-14       0.000000000000e+00       2.644587583132e-16       5.500604347851e-17       5.900063270204e-18 
 2154       2.249846565613e-11       6.614550484637e-13      -2.928067236507e-14       0.000000000000e+00       2.639559962247e-16       5.452052536419e-17       5.968809369834e-18 
 2155       2.237943900898e-11       6.655273137584e-13      -2.322805773640e-14       0.000000000000e+00       2.634544002512e-16       5.403703225861e-17       6.035553484470e-18 
 2156       2.226063678510e-11       6.696276419206e-13      -1.757737966986e-14       0.000000000000e+00       2.629539668022e-16       5.355571930411e-17       6.100266184066e-18 
 2157       2.214208795878e-11       6.737535953959e-13      -1.232949573369e-14       0.000000000000e+00       2.624546922583e-16       5.307674219801e-17       6.162917945514e-18 
 2158       2.202382160879e-11       6.779027274072e-13      -7.485263507150e-15       0.000000000000e+00       2.619565729718e-16       5.260025719329e-17       6.223479152537e-18 
 2159       2.190586691846e-11       6.820725819443e-13      -3.045540579293e-15       0.000000000000e+00       2.614596052660e-16       5.212642109923e-17       6.281920095594e-18 
 2160       2.178825317583e-11       6.862606937533e-13       9.888154522524e-16       0.000000000000e+00       2.609637854354e-16       5.165539128199e-17       6.338210971774e-18 
 2161       2.167100977377e-11       6.904645883252e-13       4.616946982509e-15       0.000000000000e+00       2.604691097459e-16       5.118732566532e-17       6.392321884698e-18 
 2162       2.155416621005e-11       6.946817818858e-13       7.837996400373e-15       0.000000000000e+00       2.599755744343e-16       5.072238273113e-17       6.444222844414e-18 
 2163       2.143775208753e-11       6.989097813849e-13       1.065110608984e-14       0.000000000000e+00       2.594831757087e-16       5.026072152015e-17       6.493883767297e-18 
 2164       2.132179711424e-11       7.031460844849e-13       1.305541843121e-14       0.000000000000e+00       2.589919097481e-16       4.980250163257e-17       6.541274475948e-18 
 2165       2.120632884072e-11       7.073882877170e-13       1.505093190534e-14       0.000000000000e+00       2.585017729810e-16       4.934784733817e-17       6.586377708808e-18 
 2166       2.109136585509e-11       7.116344117671e-13       1.664107573075e-14       0.000000000000e+00       2.580127629221e-16       4.889673964024e-17       6.629228245343e-18 
 2167       2.097692454223e-11       7.158825783678e-13       1.783015263764e-14       0.000000000000e+00       2.575248773411e-16       4.844912348310e-17       6.669874045205e-18 
 2168       2.086302134240e-11       7.201309023235e-13       1.862248436869e-14       0.000000000000e+00       2.570381139849e-16       4.800494357603e-17       6.708363262770e-18 
 2169       2.074967275136e-11       7.243774915030e-13       1.902241170216e-14       0.000000000000e+00       2.565524705772e-16       4.756414439304e-17       6.744744247368e-18 
 2170       2.063689532036e-11       7.286204468310e-13       1.903429447500e-14       0.000000000000e+00       2.560679448189e-16       4.712667017254e-17       6.779065543514e-18 
 2171       2.052470565628e-11       7.328578622805e-13       1.866251160602e-14       0.000000000000e+00       2.555845343878e-16       4.669246491704e-17       6.811375891139e-18 
 2172       2.041312042163e-11       7.370878248645e-13       1.791146111901e-14       0.000000000000e+00       2.551022369387e-16       4.626147239294e-17       6.841724225825e-18 
 2173       2.030215633463e-11       7.413084146284e-13       1.678556016584e-14       0.000000000000e+00       2.546210501032e-16       4.583363613017e-17       6.870159679031e-18 
 2174       2.019183016931e-11       7.455177046416e-13       1.528924504963e-14       0.000000000000e+00       2.541409714899e-16       4.540889942194e-17       6.896731578329e-18 
 2175       2.008215875549e-11       7.497137609901e-13       1.342697124785e-14       0.000000000000e+00       2.536619986842e-16       4.498720532445e-17       6.921489447633e-18 
 2176       1.997315897892e-11       7.538946427676e-13       1.120321343546e-14       0.000000000000e+00       2.531841292484e-16       4.456849665662e-17       6.944483007430e-18 
 2177       1.986484778131e-11       7.580584020686e-13       8.622465508058e-15       0.000000000000e+00       2.527073607215e-16       4.415271599977e-17       6.965762175013e-18 
 2178       1.975724216038e-11       7.622030839795e-13       5.689240604974e-15       0.000000000000e+00       2.522316906192e-16       4.373980569738e-17       6.985377064713e-18 
 2179       1.965035916996e-11       7.663267265713e-13       2.408071132429e-15       0.000000000000e+00       2.517571164339e-16       4.332970785477e-17       7.003377988127e-18 
 2180       1.954421591998e-11       7.704273608912e-13      -1.216491213348e-15       0.000000000000e+00       2.512836356348e-16       4.292236433884e-17       7.019815454354e-18 
 2181       1.943882957663e-11       7.745030109547e-13      -5.179875422987e-15       0.000000000000e+00       2.508112456678e-16       4.251771677778e-17       7.034740170222e-18 
 2182       1.933421736234e-11       7.785516937378e-13      -9.477491150848e-15       0.000000000000e+00       2.503399439552e-16       4.211570656077e-17       7.048203040521e-18 
 2183       1.923039655587e-11       7.825714191688e-13      -1.410472869189e-14       0.000000000000e+00       2.498697278960e-16       4.171627483771e-17       7.060255168238e-18 
 2184       1.912738449239e-11       7.865601901205e-13      -1.905695895854e-14       0.000000000000e+00       2.494005948657e-16       4.131936251894e-17       7.070947854781e-18 
 2185       1.902519856351e-11       7.905160024021e-13      -2.432953345757e-14       0.000000000000e+00       2.489325422164e-16       4.092491027495e-17       7.080332600218e-18 
 2186       1.892385621736e-11       7.944368447511e-13      -2.991778426696e-14       0.000000000000e+00       2.484655672766e-16       4.053285853609e-17       7.088461103503e-18 
 2187       1.882337495866e-11       7.983206988258e-13      -3.581702401277e-14       0.000000000000e+00       2.479996673513e-16       4.014314749229e-17       7.095385262710e-18 
 2188       1.872377234875e-11       8.021655391966e-13      -4.202254584600e-14       0.000000000000e+00       2.475348397218e-16       3.975571709280e-17       7.101157175265e-18 
 2189       1.862506600569e-11       8.059693333387e-13      -4.852962341950e-14       0.000000000000e+00       2.470710816460e-16       3.937050704585e-17       7.105829138173e-18 
 2190       1.852727360429e-11       8.097300416239e-13      -5.533351086477e-14       0.000000000000e+00       2.466083903579e-16       3.898745681842e-17       7.109453648256e-18 
 2191       1.843041287619e-11       8.134456173122e-13      -6.242944276890e-14       0.000000000000e+00       2.461467630680e-16       3.860650563593e-17       7.112083402379e-18 
 2192       1.833450160991e-11       8.171140065444e-13      -6.981263415141e-14       0.000000000000e+00       2.456861969629e-16       3.822759248196e-17       7.113771297685e-18 
 2193       1.823955765094e-11       8.207331483339e-13      -7.747828044111e-14       0.000000000000e+00       2.452266892057e-16       3.785065609797e-17       7.114570431824e-18 
 2194       1.814559890175e-11       8.243009745588e-13      -8.542155745298e-14       0.000000000000e+00       2.447682369354e-16       3.747563498300e-17       7.114534103184e-18 
 2195       1.805264332190e-11       8.278154099536e-13      -9.363762136506e-14       0.000000000000e+00       2.443108372675e-16       3.710246739343e-17       7.113715811126e-18 
 2196       1.796070892809e-11       8.312743721016e-13      -1.021216086953e-13       0.000000000000e+00       2.438544872933e-16       3.673109134262e-17       7.112169256210e-18 
 2197       1.786981379419e-11       8.346757714268e-13      -1.108686362783e-13       0.000000000000e+00       2.433991840806e-16       3.636144460072e-17       7.109948340434e-18 
 2198       1.777997605134e-11       8.380175111857e-13      -1.198738012427e-13       0.000000000000e+00       2.429449246730e-16       3.599346469428e-17       7.107107167456e-18 
 2199       1.769121388802e-11       8.412974874598e-13      -1.291321809871e-13       0.000000000000e+00       2.424917060901e-16       3.562708890608e-17       7.103700042834e-18 
 2200       1.760354555005e-11       8.445135891472e-13      -1.386388331580e-13       0.000000000000e+00       2.420395253279e-16       3.526225427474e-17       7.099781474250e-18 
 2201       1.751698934072e-11       8.476636979546e-13      -1.483887956258e-13       0.000000000000e+00       2.415883793578e-16       3.489889759451e-17       7.095406171749e-18 
 2202       1.743156362082e-11       8.507456883898e-13      -1.583770864622e-13       0.000000000000e+00       2.411382651277e-16       3.453695541495e-17       7.090629047964e-18 
 2203       1.734728680869e-11       8.537574277531e-13      -1.685987039170e-13       0.000000000000e+00       2.406891795611e-16       3.417636404067e-17       7.085505218350e-18 
 2204       1.726417430817e-11       8.566970269598e-13      -1.790484229303e-13       0.000000000000e+00       2.402411196910e-16       3.381707924282e-17       7.080084474502e-18 
 2205       1.718222926984e-11       8.595635948431e-13      -1.897201832393e-13       0.000000000000e+00       2.397940830609e-16       3.345913553731e-17       7.074394663517e-18 
 2206       1.710145176854e-11       8.623564888452e-13      -2.006076971612e-13       0.000000000000e+00       2.393480673266e-16       3.310258729981e-17       7.068458198695e-18 
 2207       1.702184186989e-11       8.650750646409e-13      -2.117046526606e-13       0.000000000000e+00       2.389030701223e-16       3.274748908983e-17       7.062297576525e-18 
 2208       1.694339963032e-11       8.677186761351e-13      -2.230047133212e-13       0.000000000000e+00       2.384590890611e-16       3.239389565099e-17       7.055935376778e-18 
 2209       1.686612509699e-11       8.702866754616e-13      -2.345015183176e-13       0.000000000000e+00       2.380161217345e-16       3.204186191116e-17       7.049394262603e-18 
 2210       1.679001830785e-11       8.727784129811e-13      -2.461886823873e-13       0.000000000000e+00       2.375741657127e-16       3.169144298271e-17       7.042696980621e-18 
 2211       1.671507929158e-11       8.751932372794e-13      -2.580597958023e-13       0.000000000000e+00       2.371332185446e-16       3.134269416269e-17       7.035866361024e-18 
 2212       1.664130806760e-11       8.775304951658e-13      -2.701084243414e-13       0.000000000000e+00       2.366932777574e-16       3.099567093306e-17       7.028925317662e-18 
 2213       1.656870464601e-11       8.797895316707e-13      -2.823281092616e-13       0.000000000000e+00       2.362543408570e-16       3.065042896084e-17       7.021896848147e-18 
 2214       1.649726902765e-11       8.819696900448e-13      -2.947123672701e-13       0.000000000000e+00       2.358164053277e-16       3.030702409836e-17       7.014804033941e-18 
 2215       1.642700120402e-11       8.840703117565e-13      -3.072546904960e-13       0.000000000000e+00       2.353794686322e-16       2.996551238344e-17       7.007670040453e-18 
 2216       1.635790115729e-11       8.860907364903e-13      -3.199485464627e-13       0.000000000000e+00       2.349435282118e-16       2.962595003961e-17       7.000518117138e-18 
 2217       1.628996886031e-11       8.880303021454e-13      -3.327873780590e-13       0.000000000000e+00       2.345085814859e-16       2.928839347628e-17       6.993371597584e-18 
 2218       1.622320427655e-11       8.898883448334e-13      -3.457646035114e-13       0.000000000000e+00       2.340746258525e-16       2.895289928900e-17       6.986253899614e-18 
 2219       1.615760736012e-11       8.916641988767e-13      -3.588736163558e-13       0.000000000000e+00       2.336416586879e-16       2.861952425959e-17       6.979188525377e-18 
 2220       1.609317805575e-11       8.933571968070e-13      -3.721077854095e-13       0.000000000000e+00       2.332096773467e-16       2.828832535639e-17       6.972199061446e-18 
 2221       1.602991629874e-11       8.949666693629e-13      -3.854604547428e-13       0.000000000000e+00       2.327786791615e-16       2.795935973448e-17       6.965309178908e-18 
 2222       1.596782201501e-11       8.964919454888e-13      -3.989249436511e-13       0.000000000000e+00       2.323486614436e-16       2.763268473580e-17       6.958542633465e-18 
 2223       1.590689512104e-11       8.979323523327e-13      -4.124945466264e-13       0.000000000000e+00       2.319196214821e-16       2.730835788946e-17       6.951923265524e-18 
 2224       1.584713552386e-11       8.992872152443e-13      -4.261625333296e-13       0.000000000000e+00       2.314915565445e-16       2.698643691187e-17       6.945475000296e-18 
 2225       1.578854312106e-11       9.005558577737e-13      -4.399221485620e-13       0.000000000000e+00       2.310644638765e-16       2.666697970694e-17       6.939221847886e-18 
 2226       1.573111780075e-11       9.017376016691e-13      -4.537666122372e-13       0.000000000000e+00       2.306383407016e-16       2.635004436634e-17       6.933187903393e-18 
 2227       1.567485944155e-11       9.028317668754e-13      -4.676891193533e-13       0.000000000000e+00       2.302131842218e-16       2.603568916965e-17       6.927397347001e-18 
 2228       1.561976791259e-11       9.038376715323e-13      -4.816828399641e-13       0.000000000000e+00       2.297889916169e-16       2.572397258458e-17       6.921874444078e-18 
 2229       1.556584307348e-11       9.047546319721e-13      -4.957409191515e-13       0.000000000000e+00       2.293657600447e-16       2.541495326718e-17       6.916643545267e-18 
 2230       1.551308477432e-11       9.055819627188e-13      -5.098564769970e-13       0.000000000000e+00       2.289434866412e-16       2.510869006202e-17       6.911729086581e-18 
 2231       1.546149285564e-11       9.063189764854e-13      -5.240226085538e-13       0.000000000000e+00       2.285221685202e-16       2.480524200244e-17       6.907155589502e-18 
 2232       1.541106714843e-11       9.069649841727e-13      -5.382323838186e-13       0.000000000000e+00       2.281018027734e-16       2.450466831068e-17       6.902947661072e-18 
 2233       1.536180747412e-11       9.075192948673e-13      -5.524788477032e-13       0.000000000000e+00       2.276823864707e-16       2.420702839815e-17       6.899129993991e-18 
 2234       1.531371364455e-11       9.079812158398e-13      -5.667550200067e-13       0.000000000000e+00       2.272639166595e-16       2.391238186560e-17       6.895727366707e-18 
 2235       1.526678546194e-11       9.083500525430e-13      -5.810538953870e-13       0.000000000000e+00       2.268463903653e-16       2.362078850332e-17       6.892764643517e-18 
 2236       1.522102271893e-11       9.086251086104e-13      -5.953684433330e-13       0.000000000000e+00       2.264298045914e-16       2.333230829137e-17       6.890266774658e-18 
 2237       1.517642519851e-11       9.088056858538e-13      -6.096916081362e-13       0.000000000000e+00       2.260141563187e-16       2.304700139974e-17       6.888258796403e-18 
 2238       1.513299267405e-11       9.088910842622e-13      -6.240163088626e-13       0.000000000000e+00       2.255994425060e-16       2.276492818859e-17       6.886765831155e-18 
 2239       1.509072490925e-11       9.088806019997e-13      -6.383354393244e-13       0.000000000000e+00       2.251856600899e-16       2.248614920843e-17       6.885813087546e-18 
 2240       1.504962165814e-11       9.087735354035e-13      -6.526418680524e-13       0.000000000000e+00       2.247728059846e-16       2.221072520035e-17       6.885425860525e-18 
 2241       1.500968266508e-11       9.085691789824e-13      -6.669284382671e-13       0.000000000000e+00       2.243608770818e-16       2.193871709618e-17       6.885629531458e-18 
 2242       1.497090766472e-11       9.082668254152e-13      -6.811879678511e-13       0.000000000000e+00       2.239498702512e-16       2.167018601873e-17       6.886449568224e-18 
 2243       1.493329424639e-11       9.078660032551e-13      -6.954136854488e-13       0.000000000000e+00       2.235397825231e-16       2.140517892043e-17       6.887897258781e-18 
 2244       1.489683143195e-11       9.073671917443e-13      -7.096005419346e-13       0.000000000000e+00       2.231306116397e-16       2.114368539637e-17       6.889926809929e-18 
 2245       1.486150605601e-11       9.067711106617e-13      -7.237439074487e-13       0.000000000000e+00       2.227223555075e-16       2.088568058980e-17       6.892477968725e-18 
 2246       1.482730489763e-11       9.060784830438e-13      -7.378391360279e-13       0.000000000000e+00       2.223150120145e-16       2.063113952793e-17       6.895490263338e-18 
 2247       1.479421468028e-11       9.052900351881e-13      -7.518815655886e-13       0.000000000000e+00       2.219085790301e-16       2.038003712179e-17       6.898903002805e-18 
 2248       1.476222207180e-11       9.044064966576e-13      -7.658665179083e-13       0.000000000000e+00       2.215030544052e-16       2.013234816607e-17       6.902655276783e-18 
 2249       1.473131368426e-11       9.034286002842e-13      -7.797892986084e-13       0.000000000000e+00       2.210984359718e-16       1.988804733904e-17       6.906685955307e-18 
 2250       1.470147607398e-11       9.023570821727e-13      -7.936451971361e-13       0.000000000000e+00       2.206947215436e-16       1.964710920235e-17       6.910933688540e-18 
 2251       1.467269574142e-11       9.011926817051e-13      -8.074294867469e-13       0.000000000000e+00       2.202919089153e-16       1.940950820091e-17       6.915336906536e-18 
 2252       1.464495913111e-11       8.999361415436e-13      -8.211374244866e-13       0.000000000000e+00       2.198899958631e-16       1.917521866275e-17       6.919833818984e-18 
 2253       1.461825263161e-11       8.985882076355e-13      -8.347642511736e-13       0.000000000000e+00       2.194889801443e-16       1.894421479891e-17       6.924362414972e-18 
 2254       1.459256257542e-11       8.971496292163e-13      -8.483051913814e-13       0.000000000000e+00       2.190888594975e-16       1.871647070325e-17       6.928860462737e-18 
 2255       1.456787523895e-11       8.956211588139e-13      -8.617554534204e-13       0.000000000000e+00       2.186896316427e-16       1.849196035233e-17       6.933265509422e-18 
 2256       1.454417684239e-11       8.940035522526e-13      -8.751102293205e-13       0.000000000000e+00       2.182912942807e-16       1.827065760528e-17       6.937514880830e-18 
 2257       1.452145354974e-11       8.922975686565e-13      -8.883646948134e-13       0.000000000000e+00       2.178938450939e-16       1.805253620367e-17       6.941545681177e-18 
 2258       1.449969146865e-11       8.905039704542e-13      -9.015140093143e-13       0.000000000000e+00       2.174972817454e-16       1.783756977132e-17       6.945294792849e-18 
 2259       1.447887665041e-11       8.886235233817e-13      -9.145533159048e-13       0.000000000000e+00       2.171016018797e-16       1.762573181423e-17       6.948698876158e-18 
 2260       1.445899508987e-11       8.866569964870e-13      -9.274777413149e-13       0.000000000000e+00       2.167068031223e-16       1.741699572037e-17       6.951694369093e-18 
 2261       1.444003272539e-11       8.846051621338e-13      -9.402823959049e-13       0.000000000000e+00       2.163128830798e-16       1.721133475960e-17       6.954217487079e-18 
 2262       1.442197543875e-11       8.824687960052e-13      -9.529623736483e-13       0.000000000000e+00       2.159198393397e-16       1.700872208351e-17       6.956204222728e-18 
 2263       1.440480905508e-11       8.802486771079e-13      -9.655127521135e-13       0.000000000000e+00       2.155276694707e-16       1.680913072523e-17       6.957590345595e-18 
 2264       1.438851934285e-11       8.779455877757e-13      -9.779285924462e-13       0.000000000000e+00       2.151363710224e-16       1.661253359940e-17       6.958311401935e-18 
 2265       1.437309201373e-11       8.755603136735e-13      -9.902049393519e-13       0.000000000000e+00       2.147459415251e-16       1.641890350191e-17       6.958302714455e-18 
 2266       1.435851272259e-11       8.730936438017e-13      -1.002336821078e-12       0.000000000000e+00       2.143563784906e-16       1.622821310984e-17       6.957499382071e-18 
 2267       1.434476706737e-11       8.705463704991e-13      -1.014319249395e-12       0.000000000000e+00       2.139676794110e-16       1.604043498130e-17       6.955836279660e-18 
 2268       1.433184058909e-11       8.679192894477e-13      -1.026147219581e-12       0.000000000000e+00       2.135798417596e-16       1.585554155527e-17       6.953248057819e-18 
 2269       1.431971877171e-11       8.652131996759e-13      -1.037815710402e-12       0.000000000000e+00       2.131928629906e-16       1.567350515149e-17       6.949669142613e-18 
 2270       1.430838704214e-11       8.624289035630e-13      -1.049319684095e-12       0.000000000000e+00       2.128067405388e-16       1.549429797030e-17       6.945033735339e-18 
 2271       1.429783077010e-11       8.595672068425e-13      -1.060654086350e-12       0.000000000000e+00       2.124214718200e-16       1.531789209252e-17       6.939275812273e-18 
 2272       1.428803526812e-11       8.566289186064e-13      -1.071813846293e-12       0.000000000000e+00       2.120370542306e-16       1.514425947926e-17       6.932329124428e-18 
 2273       1.427898579141e-11       8.536148513088e-13      -1.082793876465e-12       0.000000000000e+00       2.116534851480e-16       1.497337197186e-17       6.924127197310e-18 
 2274       1.427066753786e-11       8.505258207700e-13      -1.093589072810e-12       0.000000000000e+00       2.112707619300e-16       1.480520129169e-17       6.914603330668e-18 
 2275       1.426306564795e-11       8.473626461802e-13      -1.104194314653e-12       0.000000000000e+00       2.108888819153e-16       1.463971904001e-17       6.903690598256e-18 
 2276       1.425616520464e-11       8.441261501036e-13      -1.114604464681e-12       0.000000000000e+00       2.105078424233e-16       1.447689669787e-17       6.891321847582e-18 
 2277       1.424995123339e-11       8.408171584819e-13      -1.124814368931e-12       0.000000000000e+00       2.101276407539e-16       1.431670562595e-17       6.877429699664e-18 
 2278       1.424440870203e-11       8.374365006387e-13      -1.134818856766e-12       0.000000000000e+00       2.097482741878e-16       1.415911706440e-17       6.861946548787e-18 
 2279       1.423952252072e-11       8.339850092830e-13      -1.144612740862e-12       0.000000000000e+00       2.093697399861e-16       1.400410213273e-17       6.844804562256e-18 
 2280       1.423527754186e-11       8.304635205131e-13      -1.154190817188e-12       0.000000000000e+00       2.089920353906e-16       1.385163182966e-17       6.825935680149e-18 
 2281       1.423165856008e-11       8.268728738206e-13      -1.163547864986e-12       0.000000000000e+00       2.086151576236e-16       1.370167703296e-17       6.805271615077e-18 
 2282       1.422865005608e-11       8.232140152897e-13      -1.172679381428e-12       0.000000000000e+00       2.082391041147e-16       1.355421661080e-17       6.782760844202e-18 
 2283       1.422623542679e-11       8.194883079096e-13      -1.181583790749e-12       0.000000000000e+00       2.078638731827e-16       1.340926181275e-17       6.758419704937e-18 
 2284       1.422439775012e-11       8.156972232607e-13      -1.190260249251e-12       0.000000000000e+00       2.074894633580e-16       1.326683203498e-17       6.732281626570e-18 
 2285       1.422312004057e-11       8.118422385061e-13      -1.198707911915e-12       0.000000000000e+00       2.071158731563e-16       1.312694672304e-17       6.704380167902e-18 
 2286       1.422238524908e-11       8.079248363978e-13      -1.206925932403e-12       0.000000000000e+00       2.067431010783e-16       1.298962537190e-17       6.674749017396e-18 
 2287       1.422217626300e-11       8.039465052832e-13      -1.214913463058e-12       0.000000000000e+00       2.063711456102e-16       1.285488752603e-17       6.643421993323e-18 
 2288       1.422247590602e-11       7.999087391111e-13      -1.222669654900e-12       0.000000000000e+00       2.060000052229e-16       1.272275277942e-17       6.610433043908e-18 
 2289       1.422326693806e-11       7.958130374382e-13      -1.230193657628e-12       0.000000000000e+00       2.056296783730e-16       1.259324077565e-17       6.575816247478e-18 
 2290       1.422453205525e-11       7.916609054351e-13      -1.237484619618e-12       0.000000000000e+00       2.052601635016e-16       1.246637120791e-17       6.539605812603e-18 
 2291       1.422625388982e-11       7.874538538928e-13      -1.244541687921e-12       0.000000000000e+00       2.048914590354e-16       1.234216381907e-17       6.501836078248e-18 
 2292       1.422841501006e-11       7.831933992289e-13      -1.251364008266e-12       0.000000000000e+00       2.045235633860e-16       1.222063840170e-17       6.462541513917e-18 
 2293       1.423099792022e-11       7.788810634935e-13      -1.257950725055e-12       0.000000000000e+00       2.041564749499e-16       1.210181479816e-17       6.421756719798e-18 
 2294       1.423398506045e-11       7.745183743762e-13      -1.264300981363e-12       0.000000000000e+00       2.037901921089e-16       1.198571290061e-17       6.379516426910e-18 
 2295       1.423735880674e-11       7.701068652116e-13      -1.270413918941e-12       0.000000000000e+00       2.034247132295e-16       1.187235265106e-17       6.335855497251e-18 
 2296       1.424110147084e-11       7.656480749861e-13      -1.276288678208e-12       0.000000000000e+00       2.030600366636e-16       1.176175404144e-17       6.290808923941e-18 
 2297       1.424519530018e-11       7.611435483437e-13      -1.281924398258e-12       0.000000000000e+00       2.026961607476e-16       1.165393711363e-17       6.244411831369e-18 
 2298       1.424962247783e-11       7.565948355927e-13      -1.287320216854e-12       0.000000000000e+00       2.023330838033e-16       1.154892195949e-17       6.196699475343e-18 
 2299       1.425436512237e-11       7.520034927117e-13      -1.292475270427e-12       0.000000000000e+00       2.019708041371e-16       1.144672872097e-17       6.147707243231e-18 
 2300       1.425940528790e-11       7.473710813559e-13      -1.297388694080e-12       0.000000000000e+00       2.016093200404e-16       1.134737759007e-17       6.097470654109e-18 
 2301       1.426472496389e-11       7.426991688634e-13      -1.302059621582e-12       0.000000000000e+00       2.012486297897e-16       1.125088880895e-17       6.046025358909e-18 
 2302       1.427030607516e-11       7.379893282614e-13      -1.306487185369e-12       0.000000000000e+00       2.008887316460e-16       1.115728266996e-17       5.993407140563e-18 
 2303       1.427613048180e-11       7.332431382724e-13      -1.310670516543e-12       0.000000000000e+00       2.005296238554e-16       1.106657951568e-17       5.939651914149e-18 
 2304       1.428217997908e-11       7.284621833207e-13      -1.314608744874e-12       0.000000000000e+00       2.001713046488e-16       1.097879973898e-17       5.884795727039e-18 
 2305       1.428843629739e-11       7.236480535385e-13      -1.318300998794e-12       0.000000000000e+00       1.998137722418e-16       1.089396378304e-17       5.828874759046e-18 
 2306       1.429488110218e-11       7.188023447720e-13      -1.321746405399e-12       0.000000000000e+00       1.994570248349e-16       1.081209214145e-17       5.771925322565e-18 
 2307       1.430149599388e-11       7.139266585880e-13      -1.324944090450e-12       0.000000000000e+00       1.991010606134e-16       1.073320535819e-17       5.713983862726e-18 
 2308       1.430826250782e-11       7.090226022799e-13      -1.327893178368e-12       0.000000000000e+00       1.987458777471e-16       1.065732402772e-17       5.655086957534e-18 
 2309       1.431516211416e-11       7.040917888739e-13      -1.330592792236e-12       0.000000000000e+00       1.983914743908e-16       1.058446879502e-17       5.595271318020e-18 
 2310       1.432217621786e-11       6.991358371356e-13      -1.333042053797e-12       0.000000000000e+00       1.980378486839e-16       1.051466035565e-17       5.534573788385e-18 
 2311       1.432928615854e-11       6.941563715760e-13      -1.335240083455e-12       0.000000000000e+00       1.976849987505e-16       1.044791945574e-17       5.473031346146e-18 
 2312       1.433647321047e-11       6.891550224577e-13      -1.337186000271e-12       0.000000000000e+00       1.973329226992e-16       1.038426689213e-17       5.410681102283e-18 
 2313       1.434371858244e-11       6.841334258014e-13      -1.338878921966e-12       0.000000000000e+00       1.969816186236e-16       1.032372351233e-17       5.347560301384e-18 
 2314       1.435100341776e-11       6.790932233920e-13      -1.340317964916e-12       0.000000000000e+00       1.966310846016e-16       1.026631021461e-17       5.283706321793e-18 
 2315       1.435830879414e-11       6.740360627847e-13      -1.341502244155e-12       0.000000000000e+00       1.962813186958e-16       1.021204794804e-17       5.219156675755e-18 
 2316       1.436561572361e-11       6.689635973118e-13      -1.342430873370e-12       0.000000000000e+00       1.959323189535e-16       1.016095771254e-17       5.153949009562e-18 
 2317       1.437290515251e-11       6.638774860882e-13      -1.343102964907e-12       0.000000000000e+00       1.955840834063e-16       1.011306055893e-17       5.088121103700e-18 
 2318       1.438015796133e-11       6.587793940182e-13      -1.343517629761e-12       0.000000000000e+00       1.952366100706e-16       1.006837758895e-17       5.021710872995e-18 
 2319       1.438735496473e-11       6.536709918018e-13      -1.343673977583e-12       0.000000000000e+00       1.948898969472e-16       1.002692995535e-17       4.954756366758e-18 
 2320       1.439447691140e-11       6.485539559406e-13      -1.343571116675e-12       0.000000000000e+00       1.945439420214e-16       9.988738861899e-18       4.887295768933e-18 
 2321       1.440150587217e-11       6.434299075882e-13      -1.343208741569e-12       0.000000000000e+00       1.941987433258e-16       9.953816034115e-18       4.819365424118e-18 
 2322       1.440842941391e-11       6.383002286674e-13      -1.342588899810e-12       0.000000000000e+00       1.938542991292e-16       9.922135065585e-18       4.750993901728e-18 
 2323       1.441523645178e-11       6.331662446056e-13      -1.341714236316e-12       0.000000000000e+00       1.935106077487e-16       9.893659890984e-18       4.682207894681e-18 
 2324       1.442191586350e-11       6.280292853904e-13      -1.340587406823e-12       0.000000000000e+00       1.931676674872e-16       9.868354298840e-18       4.613034190224e-18 
 2325       1.442845648925e-11       6.228906855743e-13      -1.339211077900e-12       0.000000000000e+00       1.928254766335e-16       9.846181931367e-18       4.543499670036e-18 
 2326       1.443484713166e-11       6.177517842797e-13      -1.337587926957e-12       0.000000000000e+00       1.924840334616e-16       9.827106284300e-18       4.473631310327e-18 
 2327       1.444107655576e-11       6.126139252042e-13      -1.335720642259e-12       0.000000000000e+00       1.921433362317e-16       9.811090706732e-18       4.403456181945e-18 
 2328       1.444713348894e-11       6.074784566247e-13      -1.333611922942e-12       0.000000000000e+00       1.918033831892e-16       9.798098400946e-18       4.333001450475e-18 
 2329       1.445300662093e-11       6.023467314029e-13      -1.331264479018e-12       0.000000000000e+00       1.914641725654e-16       9.788092422252e-18       4.262294376343e-18 
 2330       1.445868460373e-11       5.972201069901e-13      -1.328681031393e-12       0.000000000000e+00       1.911257025770e-16       9.781035678821e-18       4.191362314918e-18 
 2331       1.446415605159e-11       5.920999454319e-13      -1.325864311878e-12       0.000000000000e+00       1.907879714266e-16       9.776890931520e-18       4.120232716611e-18 
 2332       1.446940954096e-11       5.869876133732e-13      -1.322817063198e-12       0.000000000000e+00       1.904509773020e-16       9.775620793747e-18       4.048933126982e-18 
 2333       1.447443361044e-11       5.818844820633e-13      -1.319542039011e-12       0.000000000000e+00       1.901147183767e-16       9.777187731265e-18       3.977491186841e-18 
 2334       1.447921676078e-11       5.767919273604e-13      -1.316042003912e-12       0.000000000000e+00       1.897791928099e-16       9.781554062037e-18       3.905934632347e-18 
 2335       1.448374745479e-11       5.717113297367e-13      -1.312319733452e-12       0.000000000000e+00       1.894443987460e-16       9.788681956064e-18       3.834291295114e-18 
 2336       1.448801411734e-11       5.666440742835e-13      -1.308378014148e-12       0.000000000000e+00       1.891103343150e-16       9.798533435213e-18       3.762589102312e-18 
 2337       1.449200513529e-11       5.615915507156e-13      -1.304219643491e-12       0.000000000000e+00       1.887769976325e-16       9.811070373060e-18       3.690856076769e-18 
 2338       1.449570885747e-11       5.565551533768e-13      -1.299847429968e-12       0.000000000000e+00       1.884443867995e-16       9.826254494720e-18       3.619120337073e-18 
 2339       1.449911359464e-11       5.515362812443e-13      -1.295264193063e-12       0.000000000000e+00       1.881124999023e-16       9.844047376680e-18       3.547410097674e-18 
 2340       1.450220761941e-11       5.465363379338e-13      -1.290472763278e-12       0.000000000000e+00       1.877813350126e-16       9.864410446640e-18       3.475753668988e-18 
 2341       1.450497916628e-11       5.415567317044e-13      -1.285475982140e-12       0.000000000000e+00       1.874508901878e-16       9.887304983343e-18       3.404179457498e-18 
 2342       1.450741643151e-11       5.365988754634e-13      -1.280276702217e-12       0.000000000000e+00       1.871211634704e-16       9.912692116412e-18       3.332715965855e-18 
 2343       1.450950757315e-11       5.316641867715e-13      -1.274877787127e-12       0.000000000000e+00       1.867921528882e-16       9.940532826184e-18       3.261391792983e-18 
 2344       1.451124071097e-11       5.267540878473e-13      -1.269282111552e-12       0.000000000000e+00       1.864638564546e-16       9.970787943543e-18       3.190235634179e-18 
 2345       1.451260392641e-11       5.218700055722e-13      -1.263492561249e-12       0.000000000000e+00       1.861362721681e-16       1.000341814976e-17       3.119276281216e-18 
 2346       1.451358526255e-11       5.170133714959e-13      -1.257512033065e-12       0.000000000000e+00       1.858093980126e-16       1.003838397632e-17       3.048542622446e-18 
 2347       1.451417272409e-11       5.121856218403e-13      -1.251343434946e-12       0.000000000000e+00       1.854832319573e-16       1.007564580478e-17       2.978063642899e-18 
 2348       1.451435427728e-11       5.073881975054e-13      -1.244989685950e-12       0.000000000000e+00       1.851577719565e-16       1.011516386655e-17       2.907868424391e-18 
 2349       1.451411784989e-11       5.026225440736e-13      -1.238453716263e-12       0.000000000000e+00       1.848330159499e-16       1.015689824279e-17       2.837986145620e-18 
 2350       1.451345133118e-11       4.978901118148e-13      -1.231738467204e-12       0.000000000000e+00       1.845089618624e-16       1.020080886422e-17       2.768446082274e-18 
 2351       1.451234257185e-11       4.931923556909e-13      -1.224846891245e-12       0.000000000000e+00       1.841856076040e-16       1.024685551094e-17       2.699277607129e-18 
 2352       1.451077938400e-11       4.885307353616e-13      -1.217781952016e-12       0.000000000000e+00       1.838629510701e-16       1.029499781228e-17       2.630510190151e-18 
 2353       1.450874954110e-11       4.839067151883e-13      -1.210546624325e-12       0.000000000000e+00       1.835409901410e-16       1.034519524664e-17       2.562173398602e-18 
 2354       1.450624077791e-11       4.793217642395e-13      -1.203143894162e-12       0.000000000000e+00       1.832197226823e-16       1.039740714131e-17       2.494296897141e-18 
 2355       1.450324079052e-11       4.747773562958e-13      -1.195576758718e-12       0.000000000000e+00       1.828991465447e-16       1.045159267232e-17       2.426910447922e-18 
 2356       1.449973723622e-11       4.702749698546e-13      -1.187848226395e-12       0.000000000000e+00       1.825792595640e-16       1.050771086426e-17       2.360043910702e-18 
 2357       1.449571773353e-11       4.658160881347e-13      -1.179961316816e-12       0.000000000000e+00       1.822600595610e-16       1.056572059013e-17       2.293727242940e-18 
 2358       1.449116986211e-11       4.614021990819e-13      -1.171919060840e-12       0.000000000000e+00       1.819415443419e-16       1.062558057116e-17       2.227990499902e-18 
 2359       1.448608116276e-11       4.570347953733e-13      -1.163724500573e-12       0.000000000000e+00       1.816237116974e-16       1.068724937664e-17       2.162863834757e-18 
 2360       1.448044111701e-11       4.527152101762e-13      -1.155380856404e-12       0.000000000000e+00       1.813065595154e-16       1.075069119039e-17       2.098373368098e-18 
 2361       1.447424709949e-11       4.484441233008e-13      -1.146892029220e-12       0.000000000000e+00       1.809900861157e-16       1.081589314940e-17       2.034528768264e-18 
 2362       1.446749846243e-11       4.442220519935e-13      -1.138262101328e-12       0.000000000000e+00       1.806742899170e-16       1.088284811239e-17       1.971335594167e-18 
 2363       1.446019455934e-11       4.400495149061e-13      -1.129495169737e-12       0.000000000000e+00       1.803591693252e-16       1.095154890296e-17       1.908799418900e-18 
 2364       1.445233474502e-11       4.359270320975e-13      -1.120595346166e-12       0.000000000000e+00       1.800447227334e-16       1.102198830954e-17       1.846925829748e-18 
 2365       1.444391837555e-11       4.318551250346e-13      -1.111566757069e-12       0.000000000000e+00       1.797309485219e-16       1.109415908536e-17       1.785720428203e-18 
 2366       1.443494480831e-11       4.278343165943e-13      -1.102413543642e-12       0.000000000000e+00       1.794178450583e-16       1.116805394838e-17       1.725188829975e-18 
 2367       1.442541340199e-11       4.238651310639e-13      -1.093139861845e-12       0.000000000000e+00       1.791054106972e-16       1.124366558128e-17       1.665336665008e-18 
 2368       1.441532351655e-11       4.199480941437e-13      -1.083749882416e-12       0.000000000000e+00       1.787936437805e-16       1.132098663139e-17       1.606169577492e-18 
 2369       1.440467451327e-11       4.160837329472e-13      -1.074247790884e-12       0.000000000000e+00       1.784825426373e-16       1.140000971070e-17       1.547693225876e-18 
 2370       1.439346575473e-11       4.122725760031e-13      -1.064637787591e-12       0.000000000000e+00       1.781721055837e-16       1.148072739576e-17       1.489913282882e-18 
 2371       1.438169660480e-11       4.085151532565e-13      -1.054924087701e-12       0.000000000000e+00       1.778623309229e-16       1.156313222766e-17       1.432835435518e-18 
 2372       1.436936642869e-11       4.048119960704e-13      -1.045110921222e-12       0.000000000000e+00       1.775532169453e-16       1.164721671201e-17       1.376465385091e-18 
 2373       1.435647459288e-11       4.011636372267e-13      -1.035202533016e-12       0.000000000000e+00       1.772447619284e-16       1.173297331887e-17       1.320808847219e-18 
 2374       1.434302046520e-11       3.975706109280e-13      -1.025203182820e-12       0.000000000000e+00       1.769369641366e-16       1.182039448273e-17       1.265871551848e-18 
 2375       1.432900341477e-11       3.940334527987e-13      -1.015117145258e-12       0.000000000000e+00       1.766298218214e-16       1.190947260245e-17       1.211659243262e-18 
 2376       1.431442281204e-11       3.905526998862e-13      -1.004948709861e-12       0.000000000000e+00       1.763233332216e-16       1.200020004123e-17       1.158177680098e-18 
 2377       1.429927802879e-11       3.871288906627e-13      -9.947021810773e-13       0.000000000000e+00       1.760174965626e-16       1.209256912659e-17       1.105432635357e-18 
 2378       1.428356843810e-11       3.837625650262e-13      -9.843818782932e-13       0.000000000000e+00       1.757123100570e-16       1.218657215028e-17       1.053429896419e-18 
 2379       1.426729341440e-11       3.804542643021e-13      -9.739921358464e-13       0.000000000000e+00       1.754077719044e-16       1.228220136827e-17       1.002175265059e-18 
 2380       1.425045233343e-11       3.772045312443e-13      -9.635373030428e-13       0.000000000000e+00       1.751038802913e-16       1.237944900073e-17       9.516745574533e-19 
 2381       1.423304457227e-11       3.740139100368e-13      -9.530217441717e-13       0.000000000000e+00       1.748006333912e-16       1.247830723193e-17       9.019336042000e-19 
 2382       1.421506950934e-11       3.708829462948e-13      -9.424498385223e-13       0.000000000000e+00       1.744980293644e-16       1.257876821026e-17       8.529582503277e-19 
 2383       1.419652652437e-11       3.678121870665e-13      -9.318259803988e-13       0.000000000000e+00       1.741960663584e-16       1.268082404816e-17       8.047543553104e-19 
 2384       1.417741499847e-11       3.648021808339e-13      -9.211545791369e-13       0.000000000000e+00       1.738947425073e-16       1.278446682206e-17       7.573277930807e-19 
 2385       1.415773431405e-11       3.618534775146e-13      -9.104400591193e-13       0.000000000000e+00       1.735940559322e-16       1.288968857239e-17       7.106844520432e-19 
 2386       1.413748385490e-11       3.589666284629e-13      -8.996868597918e-13       0.000000000000e+00       1.732940047411e-16       1.299648130348e-17       6.648302350871e-19 
 2387       1.411666300613e-11       3.561421864713e-13      -8.888994356788e-13       0.000000000000e+00       1.729945870286e-16       1.310483698358e-17       6.197710596004e-19 
 2388       1.409527115420e-11       3.533807057718e-13      -8.780822563994e-13       0.000000000000e+00       1.726958008766e-16       1.321474754477e-17       5.755128574824e-19 
 2389       1.407330768695e-11       3.506827420372e-13      -8.672398066832e-13       0.000000000000e+00       1.723976443534e-16       1.332620488293e-17       5.320615751575e-19 
 2390       1.405077199355e-11       3.480488523826e-13      -8.563765863861e-13       0.000000000000e+00       1.721001155142e-16       1.343920085772e-17       4.894231735880e-19 
 2391       1.402766346451e-11       3.454795953668e-13      -8.454971105061e-13       0.000000000000e+00       1.718032124010e-16       1.355372729252e-17       4.476036282880e-19 
 2392       1.400398149175e-11       3.429755309933e-13      -8.346059091994e-13       0.000000000000e+00       1.715069330427e-16       1.366977597440e-17       4.066089293360e-19 
 2393       1.397972546850e-11       3.405372207120e-13      -8.237075277959e-13       0.000000000000e+00       1.712112754547e-16       1.378733865406e-17       3.664450813886e-19 
 2394       1.395489478940e-11       3.381652274206e-13      -8.128065268153e-13       0.000000000000e+00       1.709162376394e-16       1.390640704582e-17       3.271181036939e-19 
 2395       1.392948885041e-11       3.358601154657e-13      -8.019074819828e-13       0.000000000000e+00       1.706218175856e-16       1.402697282754e-17       2.886340301041e-19 
 2396       1.390350704889e-11       3.336224506443e-13      -7.910149842450e-13       0.000000000000e+00       1.703280132690e-16       1.414902764061e-17       2.509989090897e-19 
 2397       1.387694878358e-11       3.314528002050e-13      -7.801336397858e-13       0.000000000000e+00       1.700348226520e-16       1.427256308991e-17       2.142188037521e-19 
 2398       1.384981345457e-11       3.293517328498e-13      -7.692680700421e-13       0.000000000000e+00       1.697422436835e-16       1.439757074375e-17       1.782997918369e-19 
 2399       1.382210187649e-11       3.273196551837e-13      -7.584226462622e-13       0.000000000000e+00       1.694502744825e-16       1.452403586490e-17       1.432421070763e-19 
 2400       1.379382052739e-11       3.253563199721e-13      -7.476006913776e-13       0.000000000000e+00       1.691589138892e-16       1.465191856202e-17       1.090225241136e-19 
 2401       1.376497732580e-11       3.234613148850e-13      -7.368052732916e-13       0.000000000000e+00       1.688681609169e-16       1.478117252309e-17       7.561186609612e-20 
 2402       1.373558021992e-11       3.216342257738e-13      -7.260394699047e-13       0.000000000000e+00       1.685780145694e-16       1.491175127379e-17       4.298085347557e-20 
 2403       1.370563718772e-11       3.198746366695e-13      -7.153063691252e-13       0.000000000000e+00       1.682884738406e-16       1.504360817725e-17       1.110010389906e-20 
 2404       1.367515623691e-11       3.181821297800e-13      -7.046090688794e-13       0.000000000000e+00       1.679995377147e-16       1.517669643395e-17      -2.005986789966e-20 
 2405       1.364414540500e-11       3.165562854886e-13      -6.939506771219e-13       0.000000000000e+00       1.677112051661e-16       1.531096908150e-17      -5.052865020907e-20 
 2406       1.361261275935e-11       3.149966823518e-13      -6.833343118458e-13       0.000000000000e+00       1.674234751595e-16       1.544637899449e-17      -8.033593444868e-20 
 2407       1.358056639715e-11       3.135028970972e-13      -6.727631010933e-13       0.000000000000e+00       1.671363466496e-16       1.558287888431e-17      -1.095115152779e-19 
 2408       1.354801444550e-11       3.120745046214e-13      -6.622401829657e-13       0.000000000000e+00       1.668498185816e-16       1.572042129897e-17      -1.380852907048e-19 
 2409       1.351496506143e-11       3.107110779880e-13      -6.517687056340e-13       0.000000000000e+00       1.665638898906e-16       1.585895862297e-17      -1.660872621950e-19 
 2410       1.348142643192e-11       3.094121884258e-13      -6.413518273490e-13       0.000000000000e+00       1.662785595021e-16       1.599844307706e-17      -1.935475347804e-19 
 2411       1.344740677393e-11       3.081774053264e-13      -6.309927164516e-13       0.000000000000e+00       1.659938263314e-16       1.613882671814e-17      -2.204963171684e-19 
 2412       1.341291433447e-11       3.070062962421e-13      -6.206945513834e-13       0.000000000000e+00       1.657096892844e-16       1.628006143904e-17      -2.469639218499e-19 
 2413       1.337795739056e-11       3.058984268844e-13      -6.104605206967e-13       0.000000000000e+00       1.654261472568e-16       1.642209896836e-17      -2.729807652091e-19 
 2414       1.334254424935e-11       3.048533611211e-13      -6.002938230648e-13       0.000000000000e+00       1.651431991345e-16       1.656489087030e-17      -2.985773676317e-19 
 2415       1.330668324808e-11       3.038706609751e-13      -5.901976672927e-13       0.000000000000e+00       1.648608437936e-16       1.670838854450e-17      -3.237843536138e-19 
 2416       1.327038275414e-11       3.029498866220e-13      -5.801752723269e-13       0.000000000000e+00       1.645790801000e-16       1.685254322586e-17      -3.486324518711e-19 
 2417       1.323365116512e-11       3.020905963876e-13      -5.702298672663e-13       0.000000000000e+00       1.642979069101e-16       1.699730598435e-17      -3.731524954472e-19 
 2418       1.319649690880e-11       3.012923467468e-13      -5.603646913717e-13       0.000000000000e+00       1.640173230700e-16       1.714262772488e-17      -3.973754218228e-19 
 2419       1.315892844322e-11       3.005546923207e-13      -5.505829940771e-13       0.000000000000e+00       1.637373274160e-16       1.728845918707e-17      -4.213322730245e-19 
 2420       1.312095425670e-11       2.998771858749e-13      -5.408880349992e-13       0.000000000000e+00       1.634579187745e-16       1.743475094514e-17      -4.450541957335e-19 
 2421       1.308258286785e-11       2.992593783175e-13      -5.312830839480e-13       0.000000000000e+00       1.631790959617e-16       1.758145340770e-17      -4.685724413944e-19 
 2422       1.304382282565e-11       2.987008186970e-13      -5.217714209373e-13       0.000000000000e+00       1.629008577841e-16       1.772851681760e-17      -4.919183663241e-19 
 2423       1.300468270942e-11       2.982010542003e-13      -5.123563361947e-13       0.000000000000e+00       1.626232030380e-16       1.787589125173e-17      -5.151234318209e-19 
 2424       1.296517112892e-11       2.977596301502e-13      -5.030411301723e-13       0.000000000000e+00       1.623461305098e-16       1.802352662086e-17      -5.382192042726e-19 
 2425       1.292529672432e-11       2.973760900042e-13      -4.938291135564e-13       0.000000000000e+00       1.620696389757e-16       1.817137266951e-17      -5.612373552664e-19 
 2426       1.288506816627e-11       2.970499753518e-13      -4.847236072786e-13       0.000000000000e+00       1.617937272020e-16       1.831937897570e-17      -5.842096616966e-19 
 2427       1.284449415593e-11       2.967808259124e-13      -4.757279425254e-13       0.000000000000e+00       1.615183939450e-16       1.846749495085e-17      -6.071680058742e-19 
 2428       1.280358342498e-11       2.965681795337e-13      -4.668454607488e-13       0.000000000000e+00       1.612436379507e-16       1.861566983956e-17      -6.301443756354e-19 
 2429       1.276234473568e-11       2.964115721896e-13      -4.580795136770e-13       0.000000000000e+00       1.609694579554e-16       1.876385271947e-17      -6.531708644506e-19 
 2430       1.272078688086e-11       2.963105379775e-13      -4.494334633239e-13       0.000000000000e+00       1.606958526848e-16       1.891199250108e-17      -6.762796715332e-19 
 2431       1.267891868401e-11       2.962646091172e-13      -4.409106820001e-13       0.000000000000e+00       1.604228208550e-16       1.906003792755e-17      -6.995031019482e-19 
 2432       1.263674899926e-11       2.962733159482e-13      -4.325145523229e-13       0.000000000000e+00       1.601503611717e-16       1.920793757459e-17      -7.228735667213e-19 
 2433       1.259428671146e-11       2.963361869276e-13      -4.242484672267e-13       0.000000000000e+00       1.598784723305e-16       1.935563985020e-17      -7.464235829475e-19 
 2434       1.255154073616e-11       2.964527486286e-13      -4.161158299732e-13       0.000000000000e+00       1.596071530169e-16       1.950309299460e-17      -7.701857739003e-19 
 2435       1.250852001966e-11       2.966225257380e-13      -4.081200541620e-13       0.000000000000e+00       1.593364019061e-16       1.965024507999e-17      -7.941928691402e-19 
 2436       1.246523353909e-11       2.968450410543e-13      -4.002645637406e-13       0.000000000000e+00       1.590662176635e-16       1.979704401038e-17      -8.184777046235e-19 
 2437       1.242169030237e-11       2.971198154856e-13      -3.925527930149e-13       0.000000000000e+00       1.587965989439e-16       1.994343752145e-17      -8.430732228114e-19 
 2438       1.237789956234e-11       2.974462897232e-13      -3.849877127746e-13       0.000000000000e+00       1.585275444091e-16       2.008938103033e-17      -8.680071262409e-19 
 2439       1.233387146039e-11       2.978235887522e-13      -3.775704055401e-13       0.000000000000e+00       1.582590527791e-16       2.023486123683e-17      -8.932858029327e-19 
 2440       1.228961638675e-11       2.982507559226e-13      -3.703014817795e-13       0.000000000000e+00       1.579911227810e-16       2.037987266361e-17      -9.189103046606e-19 
 2441       1.224514476682e-11       2.987268311413e-13      -3.631815530172e-13       0.000000000000e+00       1.577237531318e-16       2.052440981909e-17      -9.448816847232e-19 
 2442       1.220046706121e-11       2.992508508690e-13      -3.562112318344e-13       0.000000000000e+00       1.574569425388e-16       2.066846719739e-17      -9.712009979449e-19 
 2443       1.215559376578e-11       2.998218481161e-13      -3.493911318703e-13       0.000000000000e+00       1.571906896994e-16       2.081203927836e-17      -9.978693006771e-19 
 2444       1.211053541166e-11       3.004388524394e-13      -3.427218678224e-13       0.000000000000e+00       1.569249933009e-16       2.095512052757e-17      -1.024887650799e-18 
 2445       1.206530256529e-11       3.011008899381e-13      -3.362040554475e-13       0.000000000000e+00       1.566598520208e-16       2.109770539624e-17      -1.052257107718e-18 
 2446       1.201990582847e-11       3.018069832507e-13      -3.298383115623e-13       0.000000000000e+00       1.563952645265e-16       2.123978832130e-17      -1.079978732371e-18 
 2447       1.197435583839e-11       3.025561515507e-13      -3.236252540444e-13       0.000000000000e+00       1.561312294755e-16       2.138136372533e-17      -1.108053587227e-18 
 2448       1.192866326766e-11       3.033474105436e-13      -3.175655018328e-13       0.000000000000e+00       1.558677455154e-16       2.152242601656e-17      -1.136482736285e-18 
 2449       1.188283882435e-11       3.041797724629e-13      -3.116596749286e-13       0.000000000000e+00       1.556048112837e-16       2.166296958886e-17      -1.165267245076e-18 
 2450       1.183689325204e-11       3.050522460666e-13      -3.059083943961e-13       0.000000000000e+00       1.553424254078e-16       2.180298882172e-17      -1.194408180666e-18 
 2451       1.179083732983e-11       3.059638366334e-13      -3.003122823633e-13       0.000000000000e+00       1.550805865052e-16       2.194247808024e-17      -1.223906611653e-18 
 2452       1.174468187239e-11       3.069135459594e-13      -2.948719620225e-13       0.000000000000e+00       1.548192931835e-16       2.208143171511e-17      -1.253763608172e-18 
 2453       1.169843773001e-11       3.079003723543e-13      -2.895880576314e-13       0.000000000000e+00       1.545585440400e-16       2.221984406263e-17      -1.283980241895e-18 
 2454       1.165211578860e-11       3.089233106374e-13      -2.844611945136e-13       0.000000000000e+00       1.542983376620e-16       2.235770944463e-17      -1.314557586028e-18 
 2455       1.160572696977e-11       3.099813521348e-13      -2.794919990596e-13       0.000000000000e+00       1.540386726268e-16       2.249502216854e-17      -1.345496715317e-18 
 2456       1.155928223083e-11       3.110734846748e-13      -2.746810987272e-13       0.000000000000e+00       1.537795475016e-16       2.263177652731e-17      -1.376798706047e-18 
 2457       1.151279256486e-11       3.121986925852e-13      -2.700291220425e-13       0.000000000000e+00       1.535209608435e-16       2.276796679941e-17      -1.408464636043e-18 
 2458       1.146626900071e-11       3.133559566890e-13      -2.655366986005e-13       0.000000000000e+00       1.532629111994e-16       2.290358724886e-17      -1.440495584669e-18 
 2459       1.141972260306e-11       3.145442543009e-13      -2.612044590662e-13       0.000000000000e+00       1.530053971061e-16       2.303863212517e-17      -1.472892632832e-18 
 2460       1.137316447246e-11       3.157625592239e-13      -2.570330351747e-13       0.000000000000e+00       1.527484170905e-16       2.317309566332e-17      -1.505656862983e-18 
 2461       1.132660574533e-11       3.170098417456e-13      -2.530230597327e-13       0.000000000000e+00       1.524919696690e-16       2.330697208380e-17      -1.538789359115e-18 
 2462       1.128005759407e-11       3.182850686343e-13      -2.491751666187e-13       0.000000000000e+00       1.522360533480e-16       2.344025559255e-17      -1.572291206764e-18 
 2463       1.123353122700e-11       3.195872031357e-13      -2.454899907839e-13       0.000000000000e+00       1.519806666238e-16       2.357294038097e-17      -1.606163493015e-18 
 2464       1.118703788848e-11       3.209152049691e-13      -2.419681682531e-13       0.000000000000e+00       1.517258079824e-16       2.370502062588e-17      -1.640407306498e-18 
 2465       1.114058885890e-11       3.222680303239e-13      -2.386103361252e-13       0.000000000000e+00       1.514714758996e-16       2.383649048955e-17      -1.675023737388e-18 
 2466       1.109419545472e-11       3.236446318558e-13      -2.354171325742e-13       0.000000000000e+00       1.512176688411e-16       2.396734411964e-17      -1.710013877411e-18 
 2467       1.104786902853e-11       3.250439586832e-13      -2.323891968500e-13       0.000000000000e+00       1.509643852623e-16       2.409757564924e-17      -1.745378819841e-18 
 2468       1.100162096906e-11       3.264649563836e-13      -2.295271692785e-13       0.000000000000e+00       1.507116236083e-16       2.422717919678e-17      -1.781119659504e-18 
 2469       1.095546270124e-11       3.279065669903e-13      -2.268316912633e-13       0.000000000000e+00       1.504593823141e-16       2.435614886611e-17      -1.817237492774e-18 
 2470       1.090940568622e-11       3.293677289880e-13      -2.243034052857e-13       0.000000000000e+00       1.502076598043e-16       2.448447874640e-17      -1.853733417578e-18 
 2471       1.086346142141e-11       3.308473773099e-13      -2.219429549061e-13       0.000000000000e+00       1.499564544933e-16       2.461216291220e-17      -1.890608533398e-18 
 2472       1.081764144050e-11       3.323444433337e-13      -2.197509847638e-13       0.000000000000e+00       1.497057647852e-16       2.473919542337e-17      -1.927863941268e-18 
 2473       1.077195731353e-11       3.338578548782e-13      -2.177281405790e-13       0.000000000000e+00       1.494555890738e-16       2.486557032509e-17      -1.965500743776e-18 
 2474       1.072642064692e-11       3.353865361994e-13      -2.158750691523e-13       0.000000000000e+00       1.492059257426e-16       2.499128164787e-17      -2.003520045068e-18 
 2475       1.068104308347e-11       3.369294079871e-13      -2.141924183665e-13       0.000000000000e+00       1.489567731647e-16       2.511632340748e-17      -2.041922950844e-18 
 2476       1.063583630244e-11       3.384853873610e-13      -2.126808371865e-13       0.000000000000e+00       1.487081297029e-16       2.524068960501e-17      -2.080710568365e-18 
 2477       1.059081116446e-11       3.400534193805e-13      -2.113405812790e-13       0.000000000000e+00       1.484599937965e-16       2.536436648159e-17      -2.119873106988e-18 
 2478       1.054597514077e-11       3.416325717837e-13      -2.101703273194e-13       0.000000000000e+00       1.482123642219e-16       2.548730923285e-17      -2.159357109401e-18 
 2479       1.050133486886e-11       3.432219408012e-13      -2.091683516773e-13       0.000000000000e+00       1.479652398335e-16       2.560946515681e-17      -2.199098026684e-18 
 2480       1.045689700621e-11       3.448206196904e-13      -2.083329241543e-13       0.000000000000e+00       1.477186194767e-16       2.573078138642e-17      -2.239031099967e-18 
 2481       1.041266823032e-11       3.464276987330e-13      -2.076623079774e-13       0.000000000000e+00       1.474725019885e-16       2.585120488942e-17      -2.279091360220e-18 
 2482       1.036865523871e-11       3.480422652316e-13      -2.071547597918e-13       0.000000000000e+00       1.472268861972e-16       2.597068246809e-17      -2.319213628037e-18 
 2483       1.032486474897e-11       3.496634035071e-13      -2.068085296544e-13       0.000000000000e+00       1.469817709220e-16       2.608916075921e-17      -2.359332513427e-18 
 2484       1.028130349875e-11       3.512901948950e-13      -2.066218610262e-13       0.000000000000e+00       1.467371549738e-16       2.620658623377e-17      -2.399382415602e-18 
 2485       1.023797824579e-11       3.529217177433e-13      -2.065929907657e-13       0.000000000000e+00       1.464930371545e-16       2.632290519690e-17      -2.439297522759e-18 
 2486       1.019489576797e-11       3.545570474085e-13      -2.067201491220e-13       0.000000000000e+00       1.462494162571e-16       2.643806378766e-17      -2.479011811877e-18 
 2487       1.015206286325e-11       3.561952562536e-13      -2.070015597276e-13       0.000000000000e+00       1.460062910662e-16       2.655200797889e-17      -2.518459048497e-18 
 2488       1.010948634979e-11       3.578354136440e-13      -2.074354395917e-13       0.000000000000e+00       1.457636603572e-16       2.666468357703e-17      -2.557572786516e-18 
 2489       1.006717306589e-11       3.594765859456e-13      -2.080199990931e-13       0.000000000000e+00       1.455215228971e-16       2.677603622196e-17      -2.596286367968e-18 
 2490       1.002512987004e-11       3.611178365209e-13      -2.087534419731e-13       0.000000000000e+00       1.452798774437e-16       2.688601138687e-17      -2.634532922820e-18 
 2491       9.983363640966e-12       3.627582257265e-13      -2.096339653289e-13       0.000000000000e+00       1.450387227463e-16       2.699455437804e-17      -2.672245368751e-18 
 2492       9.941881277596e-12       3.643968109097e-13      -2.106597596062e-13       0.000000000000e+00       1.447980575451e-16       2.710161033470e-17      -2.709356410949e-18 
 2493       9.900689699116e-12       3.660326464058e-13      -2.118290085926e-13       0.000000000000e+00       1.445578805716e-16       2.720712422890e-17      -2.745798541890e-18 
 2494       9.859795844983e-12       3.676647835352e-13      -2.131398894106e-13       0.000000000000e+00       1.443181905485e-16       2.731104086526e-17      -2.781504041133e-18 
 2495       9.819206674938e-12       3.692922705998e-13      -2.145905725104e-13       0.000000000000e+00       1.440789861895e-16       2.741330488092e-17      -2.816404975103e-18 
 2496       9.778929169031e-12       3.709141528806e-13      -2.161792216631e-13       0.000000000000e+00       1.438402661995e-16       2.751386074525e-17      -2.850433196883e-18 
 2497       9.738970327640e-12       3.725294726344e-13      -2.179039939538e-13       0.000000000000e+00       1.436020292745e-16       2.761265275980e-17      -2.883520345998e-18 
 2498       9.699337171488e-12       3.741372690906e-13      -2.197630397746e-13       0.000000000000e+00       1.433642741016e-16       2.770962505806e-17      -2.915597848204e-18 
 2499       9.660036741666e-12       3.757365784489e-13      -2.217545028174e-13       0.000000000000e+00       1.431269993589e-16       2.780472160532e-17      -2.946596915277e-18 
 2500       9.621076099651e-12       3.773264338752e-13      -2.238765200674e-13       0.000000000000e+00       1.428902037158e-16       2.789788619851e-17      -2.976448544800e-18 
 2501       9.582462327324e-12       3.789058654996e-13      -2.261272217958e-13       0.000000000000e+00       1.426538858325e-16       2.798906246603e-17      -3.005083519952e-18 
 2502       9.544202526994e-12       3.804739004128e-13      -2.285047315529e-13       0.000000000000e+00       1.424180443604e-16       2.807819386758e-17      -3.032432409294e-18 
 2503       9.506303821411e-12       3.820295626634e-13      -2.310071661612e-13       0.000000000000e+00       1.421826779421e-16       2.816522369401e-17      -3.058425566556e-18 
 2504       9.468773353795e-12       3.835718732545e-13      -2.336326357083e-13       0.000000000000e+00       1.419477852109e-16       2.825009506714e-17      -3.082993130430e-18 
 2505       9.431618287844e-12       3.850998501410e-13      -2.363792435402e-13       0.000000000000e+00       1.417133647913e-16       2.833275093961e-17      -3.106065024351e-18 
 2506       9.394845807764e-12       3.866125082267e-13      -2.392450862540e-13       0.000000000000e+00       1.414794152990e-16       2.841313409469e-17      -3.127570956291e-18 
 2507       9.358463118284e-12       3.881088593609e-13      -2.422282536915e-13       0.000000000000e+00       1.412459353402e-16       2.849118714614e-17      -3.147440418542e-18 
 2508       9.322477444674e-12       3.895879123355e-13      -2.453268289314e-13       0.000000000000e+00       1.410129235127e-16       2.856685253806e-17      -3.165602687506e-18 
 2509       9.286896032768e-12       3.910486728824e-13      -2.485388882832e-13       0.000000000000e+00       1.407803784049e-16       2.864007254467e-17      -3.181986823485e-18 
 2510       9.251726148982e-12       3.924901436698e-13      -2.518625012795e-13       0.000000000000e+00       1.405482985962e-16       2.871078927020e-17      -3.196521670463e-18 
 2511       9.216975080334e-12       3.939113242997e-13      -2.552957306697e-13       0.000000000000e+00       1.403166826570e-16       2.877894464870e-17      -3.209135855901e-18 
 2512       9.182650134464e-12       3.953112113047e-13      -2.588366324125e-13       0.000000000000e+00       1.400855291488e-16       2.884448044387e-17      -3.219757790518e-18 
 2513       9.148758639651e-12       3.966887981450e-13      -2.624832556693e-13       0.000000000000e+00       1.398548366237e-16       2.890733824892e-17      -3.228315668086e-18 
 2514       9.115307944837e-12       3.980430752054e-13      -2.662336427971e-13       0.000000000000e+00       1.396246036252e-16       2.896745948638e-17      -3.234737465209e-18 
 2515       9.082305419643e-12       3.993730297923e-13      -2.700858293414e-13       0.000000000000e+00       1.393948286873e-16       2.902478540794e-17      -3.238950941121e-18 
 2516       9.049757200003e-12       4.006777505853e-13      -2.740377233241e-13       0.000000000000e+00       1.391655104767e-16       2.907928671523e-17      -3.240911396487e-18 
 2517       9.017664417044e-12       4.019567416628e-13      -2.780867423520e-13       0.000000000000e+00       1.389366482186e-16       2.913105261070e-17      -3.240685126789e-18 
 2518       8.986026946295e-12       4.032096102980e-13      -2.822301743824e-13       0.000000000000e+00       1.387082412733e-16       2.918020226468e-17      -3.238366454210e-18 
 2519       8.954844660083e-12       4.044359626692e-13      -2.864652982273e-13       0.000000000000e+00       1.384802889946e-16       2.922685524188e-17      -3.234050013027e-18 
 2520       8.924117427521e-12       4.056354038588e-13      -2.907893835443e-13       0.000000000000e+00       1.382527907297e-16       2.927113150181e-17      -3.227830749929e-18 
 2521       8.893845114512e-12       4.068075378519e-13      -2.951996908273e-13       0.000000000000e+00       1.380257458197e-16       2.931315139917e-17      -3.219803924328e-18 
 2522       8.864027583738e-12       4.079519675360e-13      -2.996934713972e-13       0.000000000000e+00       1.377991535990e-16       2.935303568425e-17      -3.210065108676e-18 
 2523       8.834664694661e-12       4.090682946992e-13      -3.042679673928e-13       0.000000000000e+00       1.375730133957e-16       2.939090550333e-17      -3.198710188775e-18 
 2524       8.805756303516e-12       4.101561200296e-13      -3.089204117613e-13       0.000000000000e+00       1.373473245313e-16       2.942688239906e-17      -3.185835364092e-18 
 2525       8.777302263306e-12       4.112150431142e-13      -3.136480282493e-13       0.000000000000e+00       1.371220863210e-16       2.946108831088e-17      -3.171537148076e-18 
 2526       8.749302423803e-12       4.122446624378e-13      -3.184480313936e-13       0.000000000000e+00       1.368972980733e-16       2.949364557539e-17      -3.155912368469e-18 
 2527       8.721756631537e-12       4.132445753818e-13      -3.233176265115e-13       0.000000000000e+00       1.366729590904e-16       2.952467692677e-17      -3.139058167618e-18 
 2528       8.694664729795e-12       4.142143782237e-13      -3.282540096923e-13       0.000000000000e+00       1.364490686680e-16       2.955430549717e-17      -3.121072002794e-18 
 2529       8.668026558620e-12       4.151536661355e-13      -3.332543677872e-13       0.000000000000e+00       1.362256260952e-16       2.958265481710e-17      -3.102051646500e-18 
 2530       8.641841954801e-12       4.160620331828e-13      -3.383158784007e-13       0.000000000000e+00       1.360026306546e-16       2.960984881583e-17      -3.082095186792e-18 
 2531       8.616110751872e-12       4.169390723241e-13      -3.434357098811e-13       0.000000000000e+00       1.357800816224e-16       2.963601182180e-17      -3.061301027585e-18 
 2532       8.590832780108e-12       4.177843754093e-13      -3.486110213112e-13       0.000000000000e+00       1.355579782681e-16       2.966126856299e-17      -3.039767888971e-18 
 2533       8.566007866522e-12       4.185975331790e-13      -3.538389624993e-13       0.000000000000e+00       1.353363198548e-16       2.968574416734e-17      -3.017594807535e-18 
 2534       8.541635834855e-12       4.193781352632e-13      -3.591166739696e-13       0.000000000000e+00       1.351151056390e-16       2.970956416313e-17      -2.994881136663e-18 
 2535       8.517716505581e-12       4.201257701805e-13      -3.644412869533e-13       0.000000000000e+00       1.348943348706e-16       2.973285447939e-17      -2.971726546861e-18 
 2536       8.494249695893e-12       4.208400253370e-13      -3.698099233790e-13       0.000000000000e+00       1.346740067932e-16       2.975574144630e-17      -2.948231026067e-18 
 2537       8.471235219708e-12       4.215204870253e-13      -3.752196958638e-13       0.000000000000e+00       1.344541206435e-16       2.977835179556e-17      -2.924494879964e-18 
 2538       8.448672887657e-12       4.221667404231e-13      -3.806677077038e-13       0.000000000000e+00       1.342346756517e-16       2.980081266082e-17      -2.900618732295e-18 
 2539       8.426562507080e-12       4.227783695928e-13      -3.861510528651e-13       0.000000000000e+00       1.340156710416e-16       2.982325157805e-17      -2.876703525176e-18 
 2540       8.404903882028e-12       4.233549574800e-13      -3.916668159742e-13       0.000000000000e+00       1.337971060302e-16       2.984579648596e-17      -2.852850519412e-18 
 2541       8.383696813254e-12       4.238960859125e-13      -3.972120723091e-13       0.000000000000e+00       1.335789798280e-16       2.986857572637e-17      -2.829161294807e-18 
 2542       8.362941098209e-12       4.244013355995e-13      -4.027838877898e-13       0.000000000000e+00       1.333612916390e-16       2.989171804464e-17      -2.805737750482e-18 
 2543       8.342636531039e-12       4.248702861304e-13      -4.083793189692e-13       0.000000000000e+00       1.331440406603e-16       2.991535259003e-17      -2.782682105186e-18 
 2544       8.322782902581e-12       4.253025159737e-13      -4.139954130239e-13       0.000000000000e+00       1.329272260826e-16       2.993960891613e-17      -2.760096897610e-18 
 2545       8.303380000360e-12       4.256976024761e-13      -4.196292077447e-13       0.000000000000e+00       1.327108470899e-16       2.996461698123e-17      -2.738084986703e-18 
 2546       8.284427608580e-12       4.260551218615e-13      -4.252777315276e-13       0.000000000000e+00       1.324949028596e-16       2.999050714872e-17      -2.716749551984e-18 
 2547       8.265925508127e-12       4.263746492299e-13      -4.309380033646e-13       0.000000000000e+00       1.322793925624e-16       3.001741018753e-17      -2.696194093856e-18 
 2548       8.247873476559e-12       4.266557585561e-13      -4.366070328340e-13       0.000000000000e+00       1.320643153623e-16       3.004545727245e-17      -2.676522433921e-18 
 2549       8.230271288103e-12       4.268980226892e-13      -4.422818200918e-13       0.000000000000e+00       1.318496704167e-16       3.007477998460e-17      -2.657838715292e-18 
 2550       8.213118713654e-12       4.271010133510e-13      -4.479593558619e-13       0.000000000000e+00       1.316354568764e-16       3.010551031177e-17      -2.640247402908e-18 
 2551       8.196415520768e-12       4.272643011356e-13      -4.536366214272e-13       0.000000000000e+00       1.314216738854e-16       3.013778064885e-17      -2.623853283849e-18 
 2552       8.180161473657e-12       4.273874555078e-13      -4.593105886203e-13       0.000000000000e+00       1.312083205811e-16       3.017172379824e-17      -2.608761467646e-18 
 2553       8.164356333188e-12       4.274700448021e-13      -4.649782198139e-13       0.000000000000e+00       1.309953960940e-16       3.020747297019e-17      -2.595077386602e-18 
 2554       8.148999856877e-12       4.275116362222e-13      -4.706364679121e-13       0.000000000000e+00       1.307828995482e-16       3.024516178325e-17      -2.582906796095e-18 
 2555       8.134090901286e-12       4.275119054589e-13      -4.762824415439e-13       0.000000000000e+00       1.305708300294e-16       3.028487834805e-17      -2.572326542737e-18 
 2556       8.119624723603e-12       4.274709662344e-13      -4.819139016975e-13       0.000000000000e+00       1.303591864903e-16       3.032652723034e-17      -2.563296685120e-18 
 2557       8.105595664592e-12       4.273890426450e-13      -4.875287679141e-13       0.000000000000e+00       1.301479678449e-16       3.036996669765e-17      -2.555747870040e-18 
 2558       8.091998044760e-12       4.272663597138e-13      -4.931249533367e-13       0.000000000000e+00       1.299371730000e-16       3.041505456354e-17      -2.549610518701e-18 
 2559       8.078826164342e-12       4.271031433918e-13      -4.987003647042e-13       0.000000000000e+00       1.297268008548e-16       3.046164818722e-17      -2.544814826495e-18 
 2560       8.066074303278e-12       4.268996205588e-13      -5.042529023450e-13       0.000000000000e+00       1.295168503013e-16       3.050960447307e-17      -2.541290762775e-18 
 2561       8.053736721193e-12       4.266560190246e-13      -5.097804601712e-13       0.000000000000e+00       1.293073202242e-16       3.055877987016e-17      -2.538968070632e-18 
 2562       8.041807657374e-12       4.263725675296e-13      -5.152809256716e-13       0.000000000000e+00       1.290982095007e-16       3.060903037189e-17      -2.537776266674e-18 
 2563       8.030281330755e-12       4.260494957462e-13      -5.207521799063e-13       0.000000000000e+00       1.288895170007e-16       3.066021151544e-17      -2.537644640802e-18 
 2564       8.019151939890e-12       4.256870342796e-13      -5.261920975001e-13       0.000000000000e+00       1.286812415867e-16       3.071217838142e-17      -2.538502255986e-18 
 2565       8.008413662935e-12       4.252854146685e-13      -5.315985466361e-13       0.000000000000e+00       1.284733821137e-16       3.076478559334e-17      -2.540277948039e-18 
 2566       7.998060657629e-12       4.248448693867e-13      -5.369693890501e-13       0.000000000000e+00       1.282659374296e-16       3.081788731721e-17      -2.542900325401e-18 
 2567       7.988087061270e-12       4.243656318433e-13      -5.423024800236e-13       0.000000000000e+00       1.280589063745e-16       3.087133726110e-17      -2.546297768909e-18 
 2568       7.978486990698e-12       4.238479363846e-13      -5.475956683784e-13       0.000000000000e+00       1.278522877814e-16       3.092498867466e-17      -2.550398431577e-18 
 2569       7.969254542270e-12       4.232920182940e-13      -5.528467964696e-13       0.000000000000e+00       1.276460804757e-16       3.097869434868e-17      -2.555130238370e-18 
 2570       7.960383791845e-12       4.226981137941e-13      -5.580537001800e-13       0.000000000000e+00       1.274402832754e-16       3.103230661467e-17      -2.560420885984e-18 
 2571       7.951868794758e-12       4.220664600468e-13      -5.632142089137e-13       0.000000000000e+00       1.272348949911e-16       3.108567734438e-17      -2.566197842621e-18 
 2572       7.943703585802e-12       4.213972951546e-13      -5.683261455897e-13       0.000000000000e+00       1.270299144259e-16       3.113865794938e-17      -2.572388347765e-18 
 2573       7.935882179207e-12       4.206908581619e-13      -5.733873266359e-13       0.000000000000e+00       1.268253403755e-16       3.119109938059e-17      -2.578919411961e-18 
 2574       7.928398568619e-12       4.199473890554e-13      -5.783955619830e-13       0.000000000000e+00       1.266211716280e-16       3.124285212785e-17      -2.585717816589e-18 
 2575       7.921246727081e-12       4.191671287653e-13      -5.833486550577e-13       0.000000000000e+00       1.264174069641e-16       3.129376621946e-17      -2.592710113642e-18 
 2576       7.914420607009e-12       4.183503191666e-13      -5.882444027774e-13       0.000000000000e+00       1.262140451570e-16       3.134369122173e-17      -2.599822625504e-18 
 2577       7.907914140175e-12       4.174972030796e-13      -5.930805955430e-13       0.000000000000e+00       1.260110849725e-16       3.139247623857e-17      -2.606981444724e-18 
 2578       7.901721237683e-12       4.166080242712e-13      -5.978550172337e-13       0.000000000000e+00       1.258085251688e-16       3.143996991100e-17      -2.614112433795e-18 
 2579       7.895835789952e-12       4.156830274557e-13      -6.025654451998e-13       0.000000000000e+00       1.256063644965e-16       3.148602041670e-17      -2.621141224930e-18 
 2580       7.890251666692e-12       4.147224582958e-13      -6.072096502572e-13       0.000000000000e+00       1.254046016989e-16       3.153047546962e-17      -2.627993219837e-18 
 2581       7.884962716885e-12       4.137265634038e-13      -6.117853966809e-13       0.000000000000e+00       1.252032355115e-16       3.157318231945e-17      -2.634593589498e-18 
 2582       7.879962768765e-12       4.126955903421e-13      -6.162904421988e-13       0.000000000000e+00       1.250022646625e-16       3.161398775125e-17      -2.640867273946e-18 
 2583       7.875245629795e-12       4.116297876249e-13      -6.207225379856e-13       0.000000000000e+00       1.248016878724e-16       3.165273808496e-17      -2.646738982040e-18 
 2584       7.870805086648e-12       4.105294047185e-13      -6.250794286565e-13       0.000000000000e+00       1.246015038541e-16       3.168927917495e-17      -2.652133191241e-18 
 2585       7.866634905189e-12       4.093946920425e-13      -6.293588522609e-13       0.000000000000e+00       1.244017113132e-16       3.172345640961e-17      -2.656974147393e-18 
 2586       7.862728830448e-12       4.082259009710e-13      -6.335585402763e-13       0.000000000000e+00       1.242023089474e-16       3.175511471086e-17      -2.661185864493e-18 
 2587       7.859080586603e-12       4.070232838332e-13      -6.376762176022e-13       0.000000000000e+00       1.240032954470e-16       3.178409853372e-17      -2.664692124476e-18 
 2588       7.855683876963e-12       4.057870939148e-13      -6.417096025536e-13       0.000000000000e+00       1.238046694948e-16       3.181025186588e-17      -2.667416476983e-18 
 2589       7.852532383940e-12       4.045175854586e-13      -6.456564068551e-13       0.000000000000e+00       1.236064297656e-16       3.183341822722e-17      -2.669282239143e-18 
 2590       7.849619769032e-12       4.032150136657e-13      -6.495143356344e-13       0.000000000000e+00       1.234085749271e-16       3.185344066940e-17      -2.670212495351e-18 
 2591       7.846939672805e-12       4.018796346963e-13      -6.532810874164e-13       0.000000000000e+00       1.232111036390e-16       3.187016177537e-17      -2.670130097040e-18 
 2592       7.844485714868e-12       4.005117056711e-13      -6.569543541165e-13       0.000000000000e+00       1.230140145535e-16       3.188342365897e-17      -2.668957662460e-18 
 2593       7.842251493853e-12       3.991114846716e-13      -6.605318210352e-13       0.000000000000e+00       1.228173063152e-16       3.189306796444e-17      -2.666617576455e-18 
 2594       7.840230465523e-12       3.976792881513e-13      -6.640114778698e-13       0.000000000000e+00       1.226209776873e-16       3.189897310237e-17      -2.663048888691e-18 
 2595       7.838415576373e-12       3.962156635189e-13      -6.673925536847e-13       0.000000000000e+00       1.224250279317e-16       3.190116618802e-17      -2.658258113007e-18 
 2596       7.836799627917e-12       3.947212175310e-13      -6.706745872067e-13       0.000000000000e+00       1.222294564307e-16       3.189971173402e-17      -2.652268714388e-18 
 2597       7.835375398355e-12       3.931965589732e-13      -6.738571162859e-13       0.000000000000e+00       1.220342625617e-16       3.189467447156e-17      -2.645104236634e-18 
 2598       7.834135642544e-12       3.916422986618e-13      -6.769396778940e-13       0.000000000000e+00       1.218394456965e-16       3.188611935066e-17      -2.636788302438e-18 
 2599       7.833073091981e-12       3.900590494459e-13      -6.799218081241e-13       0.000000000000e+00       1.216450052015e-16       3.187411154037e-17      -2.627344613465e-18 
 2600       7.832180454777e-12       3.884474262098e-13      -6.828030421903e-13       0.000000000000e+00       1.214509404381e-16       3.185871642896e-17      -2.616796950429e-18 
 2601       7.831450415634e-12       3.868080458742e-13      -6.855829144264e-13       0.000000000000e+00       1.212572507620e-16       3.183999962418e-17      -2.605169173170e-18 
 2602       7.830875635824e-12       3.851415273990e-13      -6.882609582855e-13       0.000000000000e+00       1.210639355236e-16       3.181802695344e-17      -2.592485220733e-18 
 2603       7.830448753165e-12       3.834484917847e-13      -6.908367063398e-13       0.000000000000e+00       1.208709940680e-16       3.179286446405e-17      -2.578769111448e-18 
 2604       7.830162382000e-12       3.817295620749e-13      -6.933096902790e-13       0.000000000000e+00       1.206784257350e-16       3.176457842342e-17      -2.564044943004e-18 
 2605       7.830009113171e-12       3.799853633579e-13      -6.956794409106e-13       0.000000000000e+00       1.204862298588e-16       3.173323531930e-17      -2.548336892530e-18 
 2606       7.829981513998e-12       3.782165227689e-13      -6.979454881584e-13       0.000000000000e+00       1.202944057685e-16       3.169890185996e-17      -2.531669216672e-18 
 2607       7.830072128256e-12       3.764236694921e-13      -7.001073610626e-13       0.000000000000e+00       1.201029527874e-16       3.166164497445e-17      -2.514066251668e-18 
 2608       7.830273476154e-12       3.746074347624e-13      -7.021645877783e-13       0.000000000000e+00       1.199118702339e-16       3.162153181278e-17      -2.495552413434e-18 
 2609       7.830578054308e-12       3.727684518675e-13      -7.041166955757e-13       0.000000000000e+00       1.197211574205e-16       3.157862974616e-17      -2.476152197631e-18 
 2610       7.830978335722e-12       3.709073561504e-13      -7.059632108388e-13       0.000000000000e+00       1.195308136546e-16       3.153300636722e-17      -2.455890179753e-18 
 2611       7.831466769763e-12       3.690247850105e-13      -7.077036590650e-13       0.000000000000e+00       1.193408382381e-16       3.148472949018e-17      -2.434791015199e-18 
 2612       7.832035782140e-12       3.671213779063e-13      -7.093375648643e-13       0.000000000000e+00       1.191512304674e-16       3.143386715115e-17      -2.412879439353e-18 
 2613       7.832677774880e-12       3.651977763572e-13      -7.108644519588e-13       0.000000000000e+00       1.189619896336e-16       3.138048760826e-17      -2.390180267660e-18 
 2614       7.833385126303e-12       3.632546239455e-13      -7.122838431820e-13       0.000000000000e+00       1.187731150222e-16       3.132465934194e-17      -2.366718395708e-18 
 2615       7.834150191006e-12       3.612925663183e-13      -7.135952604778e-13       0.000000000000e+00       1.185846059135e-16       3.126645105510e-17      -2.342518799301e-18 
 2616       7.834965299832e-12       3.593122511897e-13      -7.147982249005e-13       0.000000000000e+00       1.183964615819e-16       3.120593167337e-17      -2.317606534541e-18 
 2617       7.835822759851e-12       3.573143283425e-13      -7.158922566135e-13       0.000000000000e+00       1.182086812969e-16       3.114317034529e-17      -2.292006737904e-18 
 2618       7.836714854340e-12       3.552994496307e-13      -7.168768748889e-13       0.000000000000e+00       1.180212643220e-16       3.107823644255e-17      -2.265744626318e-18 
 2619       7.837633842754e-12       3.532682689809e-13      -7.177515981068e-13       0.000000000000e+00       1.178342099157e-16       3.101119956022e-17      -2.238845497242e-18 
 2620       7.838571960708e-12       3.512214423949e-13      -7.185159437547e-13       0.000000000000e+00       1.176475173306e-16       3.094212951691e-17      -2.211334728742e-18 
 2621       7.839521419953e-12       3.491596279511e-13      -7.191694284267e-13       0.000000000000e+00       1.174611858142e-16       3.087109635506e-17      -2.183237779571e-18 
 2622       7.840474408352e-12       3.470834858070e-13      -7.197115678230e-13       0.000000000000e+00       1.172752146081e-16       3.079817034109e-17      -2.154580189247e-18 
 2623       7.841423089858e-12       3.449936782010e-13      -7.201418767491e-13       0.000000000000e+00       1.170896029488e-16       3.072342196567e-17      -2.125387578127e-18 
 2624       7.842359604492e-12       3.428908694544e-13      -7.204598691151e-13       0.000000000000e+00       1.169043500670e-16       3.064692194390e-17      -2.095685647491e-18 
 2625       7.843276068318e-12       3.407757259733e-13      -7.206650579352e-13       0.000000000000e+00       1.167194551881e-16       3.056874121553e-17      -2.065500179617e-18 
 2626       7.844164573423e-12       3.386489162509e-13      -7.207569553269e-13       0.000000000000e+00       1.165349175318e-16       3.048895094523e-17      -2.034857037856e-18 
 2627       7.845017187891e-12       3.365111108692e-13      -7.207350725103e-13       0.000000000000e+00       1.163507363123e-16       3.040762252270e-17      -2.003782166717e-18 
 2628       7.845825955784e-12       3.343629825012e-13      -7.205989198076e-13       0.000000000000e+00       1.161669107384e-16       3.032482756302e-17      -1.972301591937e-18 
 2629       7.846582897115e-12       3.322052059127e-13      -7.203480066424e-13       0.000000000000e+00       1.159834400133e-16       3.024063790673e-17      -1.940441420566e-18 
 2630       7.847280007829e-12       3.300384579647e-13      -7.199818415387e-13       0.000000000000e+00       1.158003233345e-16       3.015512562017e-17      -1.908227841039e-18 
 2631       7.847909259778e-12       3.278634176148e-13      -7.194999321208e-13       0.000000000000e+00       1.156175598942e-16       3.006836299561e-17      -1.875687123258e-18 
 2632       7.848462600698e-12       3.256807659197e-13      -7.189017851121e-13       0.000000000000e+00       1.154351488789e-16       2.998042255151e-17      -1.842845618669e-18 
 2633       7.848932531478e-12       3.234911711290e-13      -7.181871731986e-13       0.000000000000e+00       1.152530895031e-16       2.989137046664e-17      -1.809731373665e-18 
 2634       7.849313841521e-12       3.212952438728e-13      -7.173569372405e-13       0.000000000000e+00       1.150713811101e-16       2.980124684223e-17      -1.776378979439e-18 
 2635       7.849601882990e-12       3.190935817286e-13      -7.164121885208e-13       0.000000000000e+00       1.148900230716e-16       2.971008533047e-17      -1.742824749263e-18 
 2636       7.849791994378e-12       3.168867841090e-13      -7.153540422906e-13       0.000000000000e+00       1.147090147544e-16       2.961791969075e-17      -1.709105107711e-18 
 2637       7.849879500498e-12       3.146754522629e-13      -7.141836177730e-13       0.000000000000e+00       1.145283555204e-16       2.952478378975e-17      -1.675256590771e-18 
 2638       7.849859712466e-12       3.124601892777e-13      -7.129020381671e-13       0.000000000000e+00       1.143480447265e-16       2.943071160151e-17      -1.641315845949e-18 
 2639       7.849727927694e-12       3.102416000808e-13      -7.115104306520e-13       0.000000000000e+00       1.141680817244e-16       2.933573720762e-17      -1.607319632371e-18 
 2640       7.849479429873e-12       3.080202914412e-13      -7.100099263905e-13       0.000000000000e+00       1.139884658611e-16       2.923989479722e-17      -1.573304820897e-18 
 2641       7.849109488962e-12       3.057968719717e-13      -7.084016605336e-13       0.000000000000e+00       1.138091964785e-16       2.914321866717e-17      -1.539308394217e-18 
 2642       7.848613361173e-12       3.035719521303e-13      -7.066867722237e-13       0.000000000000e+00       1.136302729133e-16       2.904574322213e-17      -1.505367446965e-18 
 2643       7.847986288961e-12       3.013461442218e-13      -7.048664045993e-13       0.000000000000e+00       1.134516944975e-16       2.894750297467e-17      -1.471519185821e-18 
 2644       7.847223501010e-12       2.991200624001e-13      -7.029417047983e-13       0.000000000000e+00       1.132734605578e-16       2.884853254538e-17      -1.437800929619e-18 
 2645       7.846320212219e-12       2.968943226694e-13      -7.009138239625e-13       0.000000000000e+00       1.130955704160e-16       2.874886666295e-17      -1.404250109449e-18 
 2646       7.845271623690e-12       2.946695428862e-13      -6.987839172410e-13       0.000000000000e+00       1.129180233890e-16       2.864854016427e-17      -1.370904268767e-18 
 2647       7.844072922717e-12       2.924463427610e-13      -6.965531437948e-13       0.000000000000e+00       1.127408187884e-16       2.854758799460e-17      -1.337801063499e-18 
 2648       7.842719282771e-12       2.902253438600e-13      -6.942226668002e-13       0.000000000000e+00       1.125639559210e-16       2.844604520757e-17      -1.304978262147e-18 
 2649       7.841205863486e-12       2.880071696071e-13      -6.917936534528e-13       0.000000000000e+00       1.123874340883e-16       2.834394696537e-17      -1.272473745895e-18 
 2650       7.839527810650e-12       2.857924452851e-13      -6.892672749719e-13       0.000000000000e+00       1.122112525869e-16       2.824132853881e-17      -1.240325508716e-18 
 2651       7.837680256189e-12       2.835817980380e-13      -6.866447066040e-13       0.000000000000e+00       1.120354107085e-16       2.813822530742e-17      -1.208571657474e-18 
 2652       7.835658318155e-12       2.813758568725e-13      -6.839271276269e-13       0.000000000000e+00       1.118599077393e-16       2.803467275959e-17      -1.177250412036e-18 
 2653       7.833457100714e-12       2.791752526598e-13      -6.811157213535e-13       0.000000000000e+00       1.116847429609e-16       2.793070649262e-17      -1.146400105372e-18 
 2654       7.831071694132e-12       2.769806181371e-13      -6.782116751363e-13       0.000000000000e+00       1.115099156495e-16       2.782636221288e-17      -1.116059183665e-18 
 2655       7.828497174765e-12       2.747925879098e-13      -6.752161803705e-13       0.000000000000e+00       1.113354250763e-16       2.772167573586e-17      -1.086266206413e-18 
 2656       7.825728605040e-12       2.726117984528e-13      -6.721304324987e-13       0.000000000000e+00       1.111612705075e-16       2.761668298632e-17      -1.057059846539e-18 
 2657       7.822761033448e-12       2.704388881127e-13      -6.689556310144e-13       0.000000000000e+00       1.109874512040e-16       2.751141999836e-17      -1.028478890494e-18 
 2658       7.819589494531e-12       2.682744971090e-13      -6.656929794661e-13       0.000000000000e+00       1.108139664219e-16       2.740592291553e-17      -1.000562238366e-18 
 2659       7.816209008865e-12       2.661192675364e-13      -6.623436854614e-13       0.000000000000e+00       1.106408154120e-16       2.730022799095e-17      -9.733489039798e-19 
 2660       7.812614583050e-12       2.639738433661e-13      -6.589089606706e-13       0.000000000000e+00       1.104679974199e-16       2.719437158739e-17      -9.468780150101e-19 
 2661       7.808801209698e-12       2.618388704478e-13      -6.553900208309e-13       0.000000000000e+00       1.102955116862e-16       2.708839017738e-17      -9.211888130826e-19 
 2662       7.804763867417e-12       2.597149965112e-13      -6.517880857505e-13       0.000000000000e+00       1.101233574465e-16       2.698232034335e-17      -8.963206538814e-19 
 2663       7.800497520802e-12       2.576028711683e-13      -6.481043793120e-13       0.000000000000e+00       1.099515339310e-16       2.687619877764e-17      -8.723130072549e-19 
 2664       7.795997120419e-12       2.555031459143e-13      -6.443401294769e-13       0.000000000000e+00       1.097800403649e-16       2.677006228273e-17      -8.492054573215e-19 
 2665       7.791257602795e-12       2.534164741301e-13      -6.404965682895e-13       0.000000000000e+00       1.096088759683e-16       2.666394777123e-17      -8.270377025756e-19 
 2666       7.786273890401e-12       2.513435110837e-13      -6.365749318803e-13       0.000000000000e+00       1.094380399560e-16       2.655789226605e-17      -8.058495559932e-19 
 2667       7.781040891645e-12       2.492849139319e-13      -6.325764604707e-13       0.000000000000e+00       1.092675315379e-16       2.645193290047e-17      -7.856809451380e-19 
 2668       7.775553500853e-12       2.472413417223e-13      -6.285023983765e-13       0.000000000000e+00       1.090973499185e-16       2.634610691827e-17      -7.665719122673e-19 
 2669       7.769806598261e-12       2.452134553946e-13      -6.243539940119e-13       0.000000000000e+00       1.089274942973e-16       2.624045167382e-17      -7.485626144376e-19 
 2670       7.763795050001e-12       2.432019177829e-13      -6.201324998935e-13       0.000000000000e+00       1.087579638684e-16       2.613500463216e-17      -7.316933236109e-19 
 2671       7.757513708084e-12       2.412073936170e-13      -6.158391726444e-13       0.000000000000e+00       1.085887578209e-16       2.602980336914e-17      -7.160044267599e-19 
 2672       7.750958260940e-12       2.392304845170e-13      -6.114753648581e-13       0.000000000000e+00       1.084198753451e-16       2.592488113059e-17      -7.015179568096e-19 
 2673       7.744127790128e-12       2.372715335827e-13      -6.070428012343e-13       0.000000000000e+00       1.082513156512e-16       2.582025348305e-17      -6.881820746527e-19 
 2674       7.737022227607e-12       2.353308197368e-13      -6.025433039647e-13       0.000000000000e+00       1.080830779509e-16       2.571593159006e-17      -6.759262830730e-19 
 2675       7.729641506469e-12       2.334086226352e-13      -5.979787010153e-13       0.000000000000e+00       1.079151614506e-16       2.561192664650e-17      -6.646798680731e-19 
 2676       7.721985560937e-12       2.315052226684e-13      -5.933508261321e-13       0.000000000000e+00       1.077475653517e-16       2.550824987860e-17      -6.543718986699e-19 
 2677       7.714054326366e-12       2.296209009613e-13      -5.886615188469e-13       0.000000000000e+00       1.075802888505e-16       2.540491254398e-17      -6.449312266899e-19 
 2678       7.705847739248e-12       2.277559393745e-13      -5.839126244821e-13       0.000000000000e+00       1.074133311381e-16       2.530192593167e-17      -6.362864865653e-19 
 2679       7.697365737210e-12       2.259106205046e-13      -5.791059941568e-13       0.000000000000e+00       1.072466914006e-16       2.519930136212e-17      -6.283660951293e-19 
 2680       7.688608259018e-12       2.240852276853e-13      -5.742434847919e-13       0.000000000000e+00       1.070803688191e-16       2.509705018728e-17      -6.210982514115e-19 
 2681       7.679575244575e-12       2.222800449873e-13      -5.693269591159e-13       0.000000000000e+00       1.069143625692e-16       2.499518379059e-17      -6.144109364336e-19 
 2682       7.670266634926e-12       2.204953572196e-13      -5.643582856703e-13       0.000000000000e+00       1.067486718216e-16       2.489371358699e-17      -6.082319130050e-19 
 2683       7.660682372259e-12       2.187314499300e-13      -5.593393388148e-13       0.000000000000e+00       1.065832957420e-16       2.479265102302e-17      -6.024887255185e-19 
 2684       7.650822399904e-12       2.169886094056e-13      -5.542719987333e-13       0.000000000000e+00       1.064182334908e-16       2.469200757677e-17      -5.971086997455e-19 
 2685       7.640686662337e-12       2.152671226735e-13      -5.491581514389e-13       0.000000000000e+00       1.062534842232e-16       2.459179475794e-17      -5.920189426317e-19 
 2686       7.630275105180e-12       2.135672775015e-13      -5.439996887800e-13       0.000000000000e+00       1.060890470893e-16       2.449202410789e-17      -5.871463420928e-19 
 2687       7.619587675204e-12       2.118893623990e-13      -5.387985084449e-13       0.000000000000e+00       1.059249212341e-16       2.439270719963e-17      -5.824175668100e-19 
 2688       7.608624320328e-12       2.102336666171e-13      -5.335565139683e-13       0.000000000000e+00       1.057611057974e-16       2.429385563789e-17      -5.777590660255e-19 
 2689       7.597384989624e-12       2.086004801496e-13      -5.282756147360e-13       0.000000000000e+00       1.055975999138e-16       2.419548105911e-17      -5.730970693381e-19 
 2690       7.585869633313e-12       2.069900937337e-13      -5.229577259908e-13       0.000000000000e+00       1.054344027127e-16       2.409759513148e-17      -5.683575864987e-19 
 2691       7.574078202772e-12       2.054027988506e-13      -5.176047688379e-13       0.000000000000e+00       1.052715133185e-16       2.400020955498e-17      -5.634664072059e-19 
 2692       7.562010650535e-12       2.038388877259e-13      -5.122186702504e-13       0.000000000000e+00       1.051089308502e-16       2.390333606141e-17      -5.583491009016e-19 
 2693       7.549666930290e-12       2.022986533306e-13      -5.068013630748e-13       0.000000000000e+00       1.049466544217e-16       2.380698641440e-17      -5.529310165666e-19 
 2694       7.537046996883e-12       2.007823893817e-13      -5.013547860364e-13       0.000000000000e+00       1.047846831416e-16       2.371117240944e-17      -5.471372825161e-19 
 2695       7.524150806323e-12       1.992903903426e-13      -4.958808837449e-13       0.000000000000e+00       1.046230161135e-16       2.361590587393e-17      -5.408928061950e-19 
 2696       7.510978315776e-12       1.978229514240e-13      -4.903816066999e-13       0.000000000000e+00       1.044616524356e-16       2.352119866721e-17      -5.341222739740e-19 
 2697       7.497529483573e-12       1.963803685845e-13      -4.848589112963e-13       0.000000000000e+00       1.043005912010e-16       2.342706268053e-17      -5.267501509448e-19 
 2698       7.483804269210e-12       1.949629385312e-13      -4.793147598300e-13       0.000000000000e+00       1.041398314975e-16       2.333350983717e-17      -5.187006807156e-19 
 2699       7.469802633346e-12       1.935709587202e-13      -4.737511205030e-13       0.000000000000e+00       1.039793724077e-16       2.324055209239e-17      -5.098978852069e-19 
 2700       7.455524537808e-12       1.922047273578e-13      -4.681699674293e-13       0.000000000000e+00       1.038192130090e-16       2.314820143351e-17      -5.002655644470e-19 
 2701       7.440969945593e-12       1.908645434004e-13      -4.625732806402e-13       0.000000000000e+00       1.036593523735e-16       2.305646987990e-17      -4.897272963674e-19 
 2702       7.426138820865e-12       1.895507065559e-13      -4.569630460898e-13       0.000000000000e+00       1.034997895680e-16       2.296536948305e-17      -4.782064365987e-19 
 2703       7.411031128962e-12       1.882635172837e-13      -4.513412556606e-13       0.000000000000e+00       1.033405236543e-16       2.287491232654e-17      -4.656261182655e-19 
 2704       7.395646836394e-12       1.870032767956e-13      -4.457099071687e-13       0.000000000000e+00       1.031815536887e-16       2.278511052614e-17      -4.519092517828e-19 
 2705       7.379985910844e-12       1.857702870569e-13      -4.400710043699e-13       0.000000000000e+00       1.030228787223e-16       2.269597622978e-17      -4.369785246511e-19 
 2706       7.364048321173e-12       1.845648507861e-13      -4.344265569643e-13       0.000000000000e+00       1.028644978010e-16       2.260752161761e-17      -4.207564012517e-19 
 2707       7.347834037417e-12       1.833872714565e-13      -4.287785806026e-13       0.000000000000e+00       1.027064099652e-16       2.251975890203e-17      -4.031651226431e-19 
 2708       7.331343030793e-12       1.822378532964e-13      -4.231290968914e-13       0.000000000000e+00       1.025486142504e-16       2.243270032768e-17      -3.841267063555e-19 
 2709       7.314575273697e-12       1.811169012895e-13      -4.174801333982e-13       0.000000000000e+00       1.023911096865e-16       2.234635817151e-17      -3.635629461872e-19 
 2710       7.297530739706e-12       1.800247211762e-13      -4.118337236576e-13       0.000000000000e+00       1.022338952982e-16       2.226074474282e-17      -3.413954119999e-19 
 2711       7.280210025365e-12       1.789615473290e-13      -4.061918088336e-13       0.000000000000e+00       1.020769702219e-16       2.217586827777e-17      -3.175735462759e-19 
 2712       7.262616219214e-12       1.779273259538e-13      -4.005559421174e-13       0.000000000000e+00       1.019203340578e-16       2.209172059891e-17      -2.921591200237e-19 
 2713       7.244753042857e-12       1.769219307188e-13      -3.949275827438e-13       0.000000000000e+00       1.017639865192e-16       2.200828938909e-17      -2.652422326853e-19 
 2714       7.226624230111e-12       1.759452347725e-13      -3.893081941928e-13       0.000000000000e+00       1.016079273167e-16       2.192556229079e-17      -2.369132570617e-19 
 2715       7.208233527014e-12       1.749971107433e-13      -3.836992441937e-13       0.000000000000e+00       1.014521561574e-16       2.184352690613e-17      -2.072628395668e-19 
 2716       7.189584691839e-12       1.740774307387e-13      -3.781022047289e-13       0.000000000000e+00       1.012966727450e-16       2.176217079680e-17      -1.763819004818e-19 
 2717       7.170681495104e-12       1.731860663452e-13      -3.725185520377e-13       0.000000000000e+00       1.011414767803e-16       2.168148148404e-17      -1.443616342089e-19 
 2718       7.151527719585e-12       1.723228886272e-13      -3.669497666201e-13       0.000000000000e+00       1.009865679607e-16       2.160144644858e-17      -1.112935095261e-19 
 2719       7.132127160326e-12       1.714877681269e-13      -3.613973332410e-13       0.000000000000e+00       1.008319459801e-16       2.152205313063e-17      -7.726926984075e-20 
 2720       7.112483624651e-12       1.706805748636e-13      -3.558627409339e-13       0.000000000000e+00       1.006776105295e-16       2.144328892979e-17      -4.238093344410e-20 
 2721       7.092600932177e-12       1.699011783334e-13      -3.503474830047e-13       0.000000000000e+00       1.005235612964e-16       2.136514120509e-17      -6.720793765159e-21 
 2722       7.072482914825e-12       1.691494475082e-13      -3.448530570357e-13       0.000000000000e+00       1.003697979652e-16       2.128759727487e-17       2.961858037499e-20 
 2723       7.052133416830e-12       1.684252508358e-13      -3.393809648896e-13       0.000000000000e+00       1.002163202169e-16       2.121064441682e-17       6.654434450913e-20 
 2724       7.031556294755e-12       1.677284562389e-13      -3.339327127131e-13       0.000000000000e+00       1.000631277292e-16       2.113426986787e-17       1.039633782697e-19 
 2725       7.010755417501e-12       1.670589311146e-13      -3.285098109410e-13       0.000000000000e+00       9.991022017654e-17       2.105846082418e-17       1.417822851347e-19 
 2726       6.989734666320e-12       1.664165423343e-13      -3.231137743002e-13       0.000000000000e+00       9.975759723018e-17       2.098320444112e-17       1.799073921736e-19 
 2727       6.968497934823e-12       1.658011562426e-13      -3.177461218132e-13       0.000000000000e+00       9.960525855799e-17       2.090848783322e-17       2.182447497930e-19 
 2728       6.947049128998e-12       1.652126386572e-13      -3.124083768023e-13       0.000000000000e+00       9.945320382455e-17       2.083429807412e-17       2.567001314827e-19 
 2729       6.925392167216e-12       1.646508548681e-13      -3.071020668936e-13       0.000000000000e+00       9.930143269116e-17       2.076062219652e-17       2.951790335615e-19 
 2730       6.903530980244e-12       1.641156696375e-13      -3.018287240203e-13       0.000000000000e+00       9.914994481581e-17       2.068744719219e-17       3.335866749229e-19 
 2731       6.881469511258e-12       1.636069471986e-13      -2.965898844273e-13       0.000000000000e+00       9.899873985320e-17       2.061476001189e-17       3.718279967813e-19 
 2732       6.859211715854e-12       1.631245512557e-13      -2.913870886748e-13       0.000000000000e+00       9.884781745468e-17       2.054254756534e-17       4.098076624174e-19 
 2733       6.836761562059e-12       1.626683449834e-13      -2.862218816418e-13       0.000000000000e+00       9.869717726834e-17       2.047079672118e-17       4.474300569245e-19 
 2734       6.814123030343e-12       1.622381910260e-13      -2.810958125308e-13       0.000000000000e+00       9.854681893891e-17       2.039949430695e-17       4.845992869540e-19 
 2735       6.791300113631e-12       1.618339514971e-13      -2.760104348709e-13       0.000000000000e+00       9.839674210781e-17       2.032862710903e-17       5.212191804615e-19 
 2736       6.768296817313e-12       1.614554879792e-13      -2.709673065222e-13       0.000000000000e+00       9.824694641314e-17       2.025818187261e-17       5.571932864525e-19 
 2737       6.745117159259e-12       1.611026615229e-13      -2.659679896794e-13       0.000000000000e+00       9.809743148966e-17       2.018814530166e-17       5.924248747285e-19 
 2738       6.721765169827e-12       1.607753326466e-13      -2.610140508760e-13       0.000000000000e+00       9.794819696881e-17       2.011850405886e-17       6.268169356324e-19 
 2739       6.698244891875e-12       1.604733613356e-13      -2.561070609878e-13       0.000000000000e+00       9.779924247868e-17       2.004924476561e-17       6.602721797948e-19 
 2740       6.674560380775e-12       1.601966070423e-13      -2.512485952370e-13       0.000000000000e+00       9.765056764403e-17       1.998035400194e-17       6.926930378797e-19 
 2741       6.650715704425e-12       1.599449286848e-13      -2.464402331962e-13       0.000000000000e+00       9.750217208626e-17       1.991181830653e-17       7.239816603304e-19 
 2742       6.626714943255e-12       1.597181846472e-13      -2.416835587920e-13       0.000000000000e+00       9.735405542342e-17       1.984362417661e-17       7.540399171151e-19 
 2743       6.602562190246e-12       1.595162327784e-13      -2.369801603091e-13       0.000000000000e+00       9.720621727024e-17       1.977575806795e-17       7.827693974731e-19 
 2744       6.578261550935e-12       1.593389303919e-13      -2.323316303941e-13       0.000000000000e+00       9.705865723804e-17       1.970820639484e-17       8.100714096605e-19 
 2745       6.553817143433e-12       1.591861342654e-13      -2.277395660596e-13       0.000000000000e+00       9.691137493483e-17       1.964095553003e-17       8.358469806961e-19 
 2746       6.529233098431e-12       1.590577006398e-13      -2.232055686877e-13       0.000000000000e+00       9.676436996522e-17       1.957399180468e-17       8.599968561072e-19 
 2747       6.504513559214e-12       1.589534852193e-13      -2.187312440342e-13       0.000000000000e+00       9.661764193046e-17       1.950730150834e-17       8.824214996754e-19 
 2748       6.479662681675e-12       1.588733431705e-13      -2.143182022324e-13       0.000000000000e+00       9.647119042844e-17       1.944087088893e-17       9.030210931827e-19 
 2749       6.454684634320e-12       1.588171291216e-13      -2.099680577969e-13       0.000000000000e+00       9.632501505366e-17       1.937468615264e-17       9.216955361572e-19 
 2750       6.429583714869e-12       1.587846567637e-13      -2.056822278355e-13       0.000000000000e+00       9.617911533975e-17       1.930872814336e-17       9.383748713156e-19 
 2751       6.404364700689e-12       1.587755774173e-13      -2.014613255030e-13       0.000000000000e+00       9.603349058668e-17       1.924295634976e-17       9.531107384227e-19 
 2752       6.379032500244e-12       1.587895008176e-13      -1.973057633251e-13       0.000000000000e+00       9.588814003260e-17       1.917732481293e-17       9.659854069522e-19 
 2753       6.353592036702e-12       1.588260354536e-13      -1.932159546977e-13       0.000000000000e+00       9.574306291127e-17       1.911178743915e-17       9.770813948495e-19 
 2754       6.328048247944e-12       1.588847885672e-13      -1.891923138876e-13       0.000000000000e+00       9.559825845206e-17       1.904629799970e-17       9.864814687604e-19 
 2755       6.302406086580e-12       1.589653661514e-13      -1.852352560334e-13       0.000000000000e+00       9.545372587993e-17       1.898081013083e-17       9.942686442597e-19 
 2756       6.276670519961e-12       1.590673729495e-13      -1.813451971458e-13       0.000000000000e+00       9.530946441540e-17       1.891527733357e-17       1.000526186079e-18 
 2757       6.250846530192e-12       1.591904124543e-13      -1.775225541087e-13       0.000000000000e+00       9.516547327463e-17       1.884965297361e-17       1.005337608337e-18 
 2758       6.224939114148e-12       1.593340869061e-13      -1.737677446796e-13       0.000000000000e+00       9.502175166930e-17       1.878389028123e-17       1.008786674765e-18 
 2759       6.198953283485e-12       1.594979972923e-13      -1.700811874905e-13       0.000000000000e+00       9.487829880670e-17       1.871794235110e-17       1.010957398937e-18 
 2760       6.172894064654e-12       1.596817433459e-13      -1.664633020482e-13       0.000000000000e+00       9.473511388968e-17       1.865176214224e-17       1.011934044501e-18 
 2761       6.146766498915e-12       1.598849235442e-13      -1.629145087356e-13       0.000000000000e+00       9.459219611667e-17       1.858530247782e-17       1.011801125400e-18 
 2762       6.120575642351e-12       1.601071351079e-13      -1.594352288118e-13       0.000000000000e+00       9.444954468162e-17       1.851851604509e-17       1.010643406109e-18 
 2763       6.094326565880e-12       1.603479739999e-13      -1.560258844132e-13       0.000000000000e+00       9.430715877407e-17       1.845135539524e-17       1.008545901858e-18 
 2764       6.068024355269e-12       1.606070349240e-13      -1.526868985539e-13       0.000000000000e+00       9.416503757911e-17       1.838377294327e-17       1.005593878862e-18 
 2765       6.041674111148e-12       1.608839113238e-13      -1.494186951266e-13       0.000000000000e+00       9.402318027736e-17       1.831572096789e-17       1.001872854549e-18 
 2766       6.015280949022e-12       1.611781953815e-13      -1.462216989032e-13       0.000000000000e+00       9.388158604499e-17       1.824715161135e-17       9.974685977914e-19 
 2767       5.988849999287e-12       1.614894780169e-13      -1.430963355354e-13       0.000000000000e+00       9.374025405369e-17       1.817801687938e-17       9.924671291293e-19 
 2768       5.962386407242e-12       1.618173488859e-13      -1.400430315555e-13       0.000000000000e+00       9.359918347071e-17       1.810826864101e-17       9.869547210030e-19 
 2769       5.935895333100e-12       1.621613963798e-13      -1.370622143771e-13       0.000000000000e+00       9.345837345880e-17       1.803785862849e-17       9.810178979799e-19 
 2770       5.909381952007e-12       1.625212076236e-13      -1.341543122958e-13       0.000000000000e+00       9.331782317624e-17       1.796673843715e-17       9.747434369834e-19 
 2771       5.882851454051e-12       1.628963684753e-13      -1.313197544897e-13       0.000000000000e+00       9.317753177684e-17       1.789485952526e-17       9.682183675211e-19 
 2772       5.856309044277e-12       1.632864635245e-13      -1.285589710203e-13       0.000000000000e+00       9.303749840990e-17       1.782217321395e-17       9.615299719135e-19 
 2773       5.829759942699e-12       1.636910760913e-13      -1.258723928332e-13       0.000000000000e+00       9.289772222024e-17       1.774863068702e-17       9.547657855223e-19 
 2774       5.803209384317e-12       1.641097882250e-13      -1.232604517585e-13       0.000000000000e+00       9.275820234819e-17       1.767418299090e-17       9.480135969789e-19 
 2775       5.776662619126e-12       1.645421807032e-13      -1.207235805118e-13       0.000000000000e+00       9.261893792955e-17       1.759878103447e-17       9.413614484129e-19 
 2776       5.750124912135e-12       1.649878330304e-13      -1.182622126949e-13       0.000000000000e+00       9.247992809563e-17       1.752237558894e-17       9.348976356807e-19 
 2777       5.723601543372e-12       1.654463234368e-13      -1.158767827961e-13       0.000000000000e+00       9.234117197325e-17       1.744491728776e-17       9.287107085938e-19 
 2778       5.697097807907e-12       1.659172288775e-13      -1.135677261914e-13       0.000000000000e+00       9.220266868466e-17       1.736635662646e-17       9.228894711471e-19 
 2779       5.670619015860e-12       1.664001250309e-13      -1.113354791447e-13       0.000000000000e+00       9.206441734764e-17       1.728664396255e-17       9.175229817477e-19 
 2780       5.644170492413e-12       1.668945862977e-13      -1.091804788089e-13       0.000000000000e+00       9.192641707542e-17       1.720572951539e-17       9.127005534435e-19 
 2781       5.617757577830e-12       1.674001858000e-13      -1.071031632264e-13       0.000000000000e+00       9.178866697670e-17       1.712356336608e-17       9.085117541510e-19 
 2782       5.591385627464e-12       1.679164953795e-13      -1.051039713298e-13       0.000000000000e+00       9.165116615564e-17       1.704009545730e-17       9.050464068844e-19 
 2783       5.565060011772e-12       1.684430855971e-13      -1.031833429424e-13       0.000000000000e+00       9.151391371186e-17       1.695527559323e-17       9.023945899838e-19 
 2784       5.538786116332e-12       1.689795257312e-13      -1.013417187793e-13       0.000000000000e+00       9.137690874045e-17       1.686905343941e-17       9.006466373437e-19 
 2785       5.512569341851e-12       1.695253837765e-13      -9.957954044786e-14       0.000000000000e+00       9.124015033193e-17       1.678137852261e-17       8.998931386416e-19 
 2786       5.486415104184e-12       1.700802264434e-13      -9.789725044826e-14       0.000000000000e+00       9.110363757228e-17       1.669220023072e-17       9.002249395662e-19 
 2787       5.460328834343e-12       1.706436191561e-13      -9.629529217438e-14       0.000000000000e+00       9.096736954290e-17       1.660146781261e-17       9.017331420461e-19 
 2788       5.434315978512e-12       1.712151260520e-13      -9.477410991445e-14       0.000000000000e+00       9.083134532064e-17       1.650913037802e-17       9.045091044783e-19 
 2789       5.408381642613e-12       1.717943160366e-13      -9.333396761649e-14       0.000000000000e+00       9.069556409667e-17       1.641515547836e-17       9.086206568115e-19 
 2790       5.382529523935e-12       1.723807809859e-13      -9.197440414382e-14       0.000000000000e+00       9.056002553376e-17       1.631958495591e-17       9.140406088898e-19 
 2791       5.356762973920e-12       1.729741176372e-13      -9.069477516045e-14       0.000000000000e+00       9.042472941090e-17       1.622247938760e-17       9.207178671604e-19 
 2792       5.331085353111e-12       1.735739215404e-13      -8.949443410446e-14       0.000000000000e+00       9.028967550451e-17       1.612389953095e-17       9.286011855855e-19 
 2793       5.305500031160e-12       1.741797870573e-13      -8.837273218581e-14       0.000000000000e+00       9.015486358850e-17       1.602390632420e-17       9.376391655043e-19 
 2794       5.280010386837e-12       1.747913073599e-13      -8.732901838427e-14       0.000000000000e+00       9.002029343420e-17       1.592256088649e-17       9.477802554943e-19 
 2795       5.254619808035e-12       1.754080744301e-13      -8.636263944733e-14       0.000000000000e+00       8.988596481043e-17       1.581992451800e-17       9.589727512331e-19 
 2796       5.229331691782e-12       1.760296790578e-13      -8.547293988805e-14       0.000000000000e+00       8.975187748346e-17       1.571605870014e-17       9.711647953602e-19 
 2797       5.204149444244e-12       1.766557108404e-13      -8.465926198299e-14       0.000000000000e+00       8.961803121699e-17       1.561102509569e-17       9.843043773385e-19 
 2798       5.179076480738e-12       1.772857581816e-13      -8.392094577007e-14       0.000000000000e+00       8.948442577218e-17       1.550488554899e-17       9.983393333161e-19 
 2799       5.154116225737e-12       1.779194082903e-13      -8.325732904651e-14       0.000000000000e+00       8.935106090763e-17       1.539770208607e-17       1.013217345988e-18 
 2800       5.129272112879e-12       1.785562471794e-13      -8.266774736665e-14       0.000000000000e+00       8.921793637939e-17       1.528953691487e-17       1.028885944456e-18 
 2801       5.104547584975e-12       1.791958596648e-13      -8.215153403993e-14       0.000000000000e+00       8.908505194092e-17       1.518045242532e-17       1.045292504096e-18 
 2802       5.079946094016e-12       1.798378293647e-13      -8.170802012872e-14       0.000000000000e+00       8.895240734315e-17       1.507051118958e-17       1.062384246411e-18 
 2803       5.055471101181e-12       1.804817386979e-13      -8.133653444621e-14       0.000000000000e+00       8.882000233442e-17       1.495977596218e-17       1.080108238900e-18 
 2804       5.031126076848e-12       1.811271688830e-13      -8.103640355436e-14       0.000000000000e+00       8.868783666051e-17       1.484830968014e-17       1.098411394918e-18 
 2805       5.006914500597e-12       1.817736999375e-13      -8.080695176173e-14       0.000000000000e+00       8.855591006460e-17       1.473617546323e-17       1.117240473533e-18 
 2806       4.982839861223e-12       1.824209106765e-13      -8.064750112142e-14       0.000000000000e+00       8.842422228734e-17       1.462343661401e-17       1.136542079396e-18 
 2807       4.958905656740e-12       1.830683787119e-13      -8.055737142891e-14       0.000000000000e+00       8.829277306675e-17       1.451015661812e-17       1.156262662595e-18 
 2808       4.935115394390e-12       1.837156804509e-13      -8.053588022003e-14       0.000000000000e+00       8.816156213831e-17       1.439639914433e-17       1.176348518521e-18 
 2809       4.911472590655e-12       1.843623910952e-13      -8.058234276875e-14       0.000000000000e+00       8.803058923487e-17       1.428222804480e-17       1.196745787728e-18 
 2810       4.887980771256e-12       1.850080846401e-13      -8.069607208519e-14       0.000000000000e+00       8.789985408673e-17       1.416770735517e-17       1.217400455795e-18 
 2811       4.864643471172e-12       1.856523338728e-13      -8.087637891341e-14       0.000000000000e+00       8.776935642158e-17       1.405290129476e-17       1.238258353188e-18 
 2812       4.841464234640e-12       1.862947103723e-13      -8.112257172937e-14       0.000000000000e+00       8.763909596451e-17       1.393787426674e-17       1.259265155121e-18 
 2813       4.818446615164e-12       1.869347845073e-13      -8.143395673877e-14       0.000000000000e+00       8.750907243802e-17       1.382269085828e-17       1.280366381420e-18 
 2814       4.795594175527e-12       1.875721254359e-13      -8.180983787499e-14       0.000000000000e+00       8.737928556202e-17       1.370741584069e-17       1.301507396380e-18 
 2815       4.772910487796e-12       1.882063011041e-13      -8.224951679698e-14       0.000000000000e+00       8.724973505379e-17       1.359211416963e-17       1.322633408630e-18 
 2816       4.750399133328e-12       1.888368782448e-13      -8.275229288709e-14       0.000000000000e+00       8.712042062802e-17       1.347685098526e-17       1.343689470996e-18 
 2817       4.728063702784e-12       1.894634223771e-13      -8.331746324905e-14       0.000000000000e+00       8.699134199679e-17       1.336169161237e-17       1.364620480359e-18 
 2818       4.705907796131e-12       1.900854978044e-13      -8.394432270580e-14       0.000000000000e+00       8.686249886956e-17       1.324670156059e-17       1.385371177519e-18 
 2819       4.683935022652e-12       1.907026676144e-13      -8.463216379742e-14       0.000000000000e+00       8.673389095319e-17       1.313194652452e-17       1.405886147056e-18 
 2820       4.662149000957e-12       1.913144936771e-13      -8.538027677898e-14       0.000000000000e+00       8.660551795189e-17       1.301749238392e-17       1.426109817191e-18 
 2821       4.640553358985e-12       1.919205366442e-13      -8.618794961849e-14       0.000000000000e+00       8.647737956729e-17       1.290340520385e-17       1.445986459649e-18 
 2822       4.619151734017e-12       1.925203559479e-13      -8.705446799474e-14       0.000000000000e+00       8.634947549835e-17       1.278975123484e-17       1.465460189520e-18 
 2823       4.597947772683e-12       1.931135098000e-13      -8.797911529523e-14       0.000000000000e+00       8.622180544145e-17       1.267659691308e-17       1.484474965122e-18 
 2824       4.576945130967e-12       1.936995551904e-13      -8.896117261403e-14       0.000000000000e+00       8.609436909029e-17       1.256400886054e-17       1.502974587859e-18 
 2825       4.556147474219e-12       1.942780478867e-13      -8.999991874970e-14       0.000000000000e+00       8.596716613598e-17       1.245205388515e-17       1.520902702087e-18 
 2826       4.535558477160e-12       1.948485424323e-13      -9.109463020318e-14       0.000000000000e+00       8.584019626697e-17       1.234079898100e-17       1.538202794973e-18 
 2827       4.515181823894e-12       1.954105921462e-13      -9.224458117567e-14       0.000000000000e+00       8.571345916906e-17       1.223031132845e-17       1.554818196357e-18 
 2828       4.495020654991e-12       1.959637894766e-13      -9.344897151616e-14       0.000000000000e+00       8.558695448388e-17       1.212065162170e-17       1.570701288305e-18 
 2829       4.475075905628e-12       1.965078872953e-13      -9.470671016064e-14       0.000000000000e+00       8.546068168389e-17       1.201185401340e-17       1.585841186156e-18 
 2830       4.455347958859e-12       1.970426782296e-13      -9.601663056719e-14       0.000000000000e+00       8.533464019671e-17       1.190394606654e-17       1.600236200549e-18 
 2831       4.435837197754e-12       1.975679543636e-13      -9.737756266127e-14       0.000000000000e+00       8.520882944661e-17       1.179695541761e-17       1.613884640755e-18 
 2832       4.416544005401e-12       1.980835072373e-13      -9.878833283259e-14       0.000000000000e+00       8.508324885447e-17       1.169090977675e-17       1.626784814674e-18 
 2833       4.397468764901e-12       1.985891278469e-13      -1.002477639319e-13       0.000000000000e+00       8.495789783783e-17       1.158583692778e-17       1.638935028839e-18 
 2834       4.378611859370e-12       1.990846066435e-13      -1.017546752677e-13       0.000000000000e+00       8.483277581085e-17       1.148176472825e-17       1.650333588411e-18 
 2835       4.359973671939e-12       1.995697335333e-13      -1.033078826032e-13       0.000000000000e+00       8.470788218433e-17       1.137872110952e-17       1.660978797181e-18 
 2836       4.341554585753e-12       2.000442978766e-13      -1.049061981531e-13       0.000000000000e+00       8.458321636568e-17       1.127673407682e-17       1.670868957570e-18 
 2837       4.323354983970e-12       2.005080884878e-13      -1.065484305804e-13       0.000000000000e+00       8.445877775893e-17       1.117583170932e-17       1.680002370629e-18 
 2838       4.305375249763e-12       2.009608936345e-13      -1.082333849931e-13       0.000000000000e+00       8.433456576474e-17       1.107604216018e-17       1.688377336039e-18 
 2839       4.287615766318e-12       2.014025010374e-13      -1.099598629410e-13       0.000000000000e+00       8.421057978038e-17       1.097739365662e-17       1.695992152108e-18 
 2840       4.270076916832e-12       2.018326978697e-13      -1.117266624130e-13       0.000000000000e+00       8.408681919972e-17       1.087991450000e-17       1.702845115774e-18 
 2841       4.252759084517e-12       2.022512707566e-13      -1.135325778331e-13       0.000000000000e+00       8.396328341325e-17       1.078363306584e-17       1.708934522604e-18 
 2842       4.235662652597e-12       2.026580057746e-13      -1.153764000579e-13       0.000000000000e+00       8.383997180804e-17       1.068857780394e-17       1.714258666793e-18 
 2843       4.218788004306e-12       2.030526884517e-13      -1.172569163730e-13       0.000000000000e+00       8.371688376779e-17       1.059477723840e-17       1.718815841165e-18 
 2844       4.202135522892e-12       2.034351037662e-13      -1.191729104900e-13       0.000000000000e+00       8.359401867278e-17       1.050225996769e-17       1.722604337171e-18 
 2845       4.185705591613e-12       2.038050361467e-13      -1.211231625433e-13       0.000000000000e+00       8.347137589987e-17       1.041105466475e-17       1.725622444892e-18 
 2846       4.169498593737e-12       2.041622694714e-13      -1.231064490868e-13       0.000000000000e+00       8.334895482252e-17       1.032119007700e-17       1.727868453034e-18 
 2847       4.153514912546e-12       2.045065870676e-13      -1.251215430910e-13       0.000000000000e+00       8.322675481079e-17       1.023269502645e-17       1.729340648932e-18 
 2848       4.137754931329e-12       2.048377717118e-13      -1.271672139394e-13       0.000000000000e+00       8.310477523129e-17       1.014559840972e-17       1.730037318549e-18 
 2849       4.122219033387e-12       2.051556056282e-13      -1.292422274256e-13       0.000000000000e+00       8.298301544723e-17       1.005992919815e-17       1.729956746474e-18 
 2850       4.106907602031e-12       2.054598704891e-13      -1.313453457500e-13       0.000000000000e+00       8.286147481838e-17       9.975716437818e-18       1.729097215924e-18 
 2851       4.091821020579e-12       2.057503474143e-13      -1.334753275167e-13       0.000000000000e+00       8.274015270110e-17       9.892989249651e-18       1.727457008740e-18 
 2852       4.076959672360e-12       2.060268169701e-13      -1.356309277302e-13       0.000000000000e+00       8.261904844830e-17       9.811776829444e-18       1.725034405394e-18 
 2853       4.062323940713e-12       2.062890591695e-13      -1.378108977922e-13       0.000000000000e+00       8.249816140945e-17       9.732108447952e-18       1.721827684981e-18 
 2854       4.047914208984e-12       2.065368534714e-13      -1.400139854987e-13       0.000000000000e+00       8.237749093059e-17       9.654013450942e-18       1.717835125222e-18 
 2855       4.033730860526e-12       2.067699787801e-13      -1.422389350364e-13       0.000000000000e+00       8.225703635431e-17       9.577521259259e-18       1.713055002467e-18 
 2856       4.019774278702e-12       2.069882134449e-13      -1.444844869797e-13       0.000000000000e+00       8.213679701977e-17       9.502661368893e-18       1.707485591689e-18 
 2857       4.006044846882e-12       2.071913352598e-13      -1.467493782876e-13       0.000000000000e+00       8.201677226264e-17       9.429463351035e-18       1.701125166488e-18 
 2858       3.992542948443e-12       2.073791214626e-13      -1.490323423005e-13       0.000000000000e+00       8.189696141518e-17       9.357956852149e-18       1.693971999087e-18 
 2859       3.979268966768e-12       2.075513487350e-13      -1.513321087367e-13       0.000000000000e+00       8.177736380616e-17       9.288171594030e-18       1.686024360338e-18 
 2860       3.966223285248e-12       2.077077932018e-13      -1.536474036897e-13       0.000000000000e+00       8.165797876089e-17       9.220137373870e-18       1.677280519714e-18 
 2861       3.953406287280e-12       2.078482304302e-13      -1.559769496245e-13       0.000000000000e+00       8.153880560124e-17       9.153884064321e-18       1.667738745317e-18 
 2862       3.940818356266e-12       2.079724354298e-13      -1.583194653751e-13       0.000000000000e+00       8.141984364559e-17       9.089441613557e-18       1.657397303869e-18 
 2863       3.928459875616e-12       2.080801826522e-13      -1.606736661403e-13       0.000000000000e+00       8.130109220884e-17       9.026840045341e-18       1.646254460719e-18 
 2864       3.916331228744e-12       2.081712459898e-13      -1.630382634816e-13       0.000000000000e+00       8.118255060243e-17       8.966109459085e-18       1.634308479842e-18 
 2865       3.904432799067e-12       2.082453987761e-13      -1.654119653193e-13       0.000000000000e+00       8.106421813431e-17       8.907280029918e-18       1.621557623832e-18 
 2866       3.892764970009e-12       2.083024137849e-13      -1.677934759295e-13       0.000000000000e+00       8.094609410896e-17       8.850382008745e-18       1.608000153911e-18 
 2867       3.881327695944e-12       2.083421110229e-13      -1.701815502888e-13       0.000000000000e+00       8.082817789470e-17       8.795435358252e-18       1.593643169788e-18 
 2868       3.870119212633e-12       2.083645013755e-13      -1.725751574175e-13       0.000000000000e+00       8.071046912608e-17       8.742418602961e-18       1.578529178587e-18 
 2869       3.859137320197e-12       2.083696436938e-13      -1.749733178646e-13       0.000000000000e+00       8.059296750255e-17       8.691299820174e-18       1.562709661647e-18 
 2870       3.848379811572e-12       2.083575970688e-13      -1.773750494327e-13       0.000000000000e+00       8.047567272119e-17       8.642046989498e-18       1.546236247107e-18 
 2871       3.837844472494e-12       2.083284208309e-13      -1.797793671767e-13       0.000000000000e+00       8.035858447668e-17       8.594627992755e-18       1.529160710038e-18 
 2872       3.827529081502e-12       2.082821745510e-13      -1.821852834004e-13       0.000000000000e+00       8.024170246135e-17       8.549010613896e-18       1.511534972572e-18 
 2873       3.817431409923e-12       2.082189180400e-13      -1.845918076545e-13       0.000000000000e+00       8.012502636516e-17       8.505162538908e-18       1.493411104030e-18 
 2874       3.807549221870e-12       2.081387113496e-13      -1.869979467345e-13       0.000000000000e+00       8.000855587567e-17       8.463051355735e-18       1.474841321052e-18 
 2875       3.797880274236e-12       2.080416147721e-13      -1.894027046776e-13       0.000000000000e+00       7.989229067806e-17       8.422644554183e-18       1.455877987723e-18 
 2876       3.788422316685e-12       2.079276888408e-13      -1.918050827610e-13       0.000000000000e+00       7.977623045514e-17       8.383909525836e-18       1.436573615704e-18 
 2877       3.779173091644e-12       2.077969943303e-13      -1.942040794992e-13       0.000000000000e+00       7.966037488733e-17       8.346813563967e-18       1.416980864361e-18 
 2878       3.770130334303e-12       2.076495922565e-13      -1.965986906416e-13       0.000000000000e+00       7.954472365263e-17       8.311323863449e-18       1.397152540893e-18 
 2879       3.761291772601e-12       2.074855438772e-13      -1.989879091700e-13       0.000000000000e+00       7.942927642669e-17       8.277407520673e-18       1.377141600462e-18 
 2880       3.752655127223e-12       2.073049106921e-13      -2.013707252965e-13       0.000000000000e+00       7.931403288274e-17       8.245031533453e-18       1.357001146319e-18 
 2881       3.744218111594e-12       2.071077544429e-13      -2.037461264608e-13       0.000000000000e+00       7.919899269161e-17       8.214162800943e-18       1.336784429935e-18 
 2882       3.735978431872e-12       2.068941371137e-13      -2.061130973282e-13       0.000000000000e+00       7.908415552175e-17       8.184768123549e-18       1.316544851132e-18 
 2883       3.727933786938e-12       2.066641209314e-13      -2.084706197866e-13       0.000000000000e+00       7.896952103919e-17       8.156814202837e-18       1.296335958206e-18 
 2884       3.720081868396e-12       2.064177683656e-13      -2.108176729447e-13       0.000000000000e+00       7.885508890756e-17       8.130267641453e-18       1.276211448062e-18 
 2885       3.712420360560e-12       2.061551421289e-13      -2.131532331294e-13       0.000000000000e+00       7.874085878806e-17       8.105094943028e-18       1.256225166336e-18 
 2886       3.704946940451e-12       2.058763051773e-13      -2.154762738831e-13       0.000000000000e+00       7.862683033953e-17       8.081262512095e-18       1.236431107532e-18 
 2887       3.697659277789e-12       2.055813207105e-13      -2.177857659618e-13       0.000000000000e+00       7.851300321834e-17       8.058736653999e-18       1.216883415145e-18 
 2888       3.690555034989e-12       2.052702521715e-13      -2.200806773324e-13       0.000000000000e+00       7.839937707847e-17       8.037483574811e-18       1.197636381790e-18 
 2889       3.683631867149e-12       2.049431632479e-13      -2.223599731704e-13       0.000000000000e+00       7.828595157150e-17       8.017469381239e-18       1.178744449333e-18 
 2890       3.676887422050e-12       2.046001178710e-13      -2.246226158576e-13       0.000000000000e+00       7.817272634655e-17       7.998660080539e-18       1.160262209020e-18 
 2891       3.670319340145e-12       2.042411802168e-13      -2.268675649793e-13       0.000000000000e+00       7.805970105034e-17       7.981021580433e-18       1.142244401604e-18 
 2892       3.663925254553e-12       2.038664147061e-13      -2.290937773224e-13       0.000000000000e+00       7.794687532715e-17       7.964519689014e-18       1.124745917474e-18 
 2893       3.657702791055e-12       2.034758860043e-13      -2.313002068728e-13       0.000000000000e+00       7.783424881886e-17       7.949120114663e-18       1.107821796785e-18 
 2894       3.651649568082e-12       2.030696590222e-13      -2.334858048131e-13       0.000000000000e+00       7.772182116487e-17       7.934788465961e-18       1.091527229587e-18 
 2895       3.645763196717e-12       2.026477989159e-13      -2.356495195198e-13       0.000000000000e+00       7.760959200219e-17       7.921490251599e-18       1.075917555952e-18 
 2896       3.640041280678e-12       2.022103710871e-13      -2.377902965615e-13       0.000000000000e+00       7.749756096537e-17       7.909190880292e-18       1.061048266104e-18 
 2897       3.634481416322e-12       2.017574411834e-13      -2.399070786962e-13       0.000000000000e+00       7.738572768652e-17       7.897855660693e-18       1.046975000547e-18 
 2898       3.629081192628e-12       2.012890750984e-13      -2.419988058687e-13       0.000000000000e+00       7.727409179532e-17       7.887449801302e-18       1.033753550197e-18 
 2899       3.623838191200e-12       2.008053389720e-13      -2.440644152087e-13       0.000000000000e+00       7.716265291900e-17       7.877938410379e-18       1.021439856504e-18 
 2900       3.618749986253e-12       2.003062991906e-13      -2.461028410281e-13       0.000000000000e+00       7.705141068233e-17       7.869286495859e-18       1.010090011590e-18 
 2901       3.613814144613e-12       1.997920223876e-13      -2.481130148185e-13       0.000000000000e+00       7.694036470764e-17       7.861458965261e-18       9.997602583698e-19 
 2902       3.609028225702e-12       1.992625754430e-13      -2.500938652490e-13       0.000000000000e+00       7.682951461482e-17       7.854420625604e-18       9.905069906831e-19 
 2903       3.604389781540e-12       1.987180254844e-13      -2.520443181639e-13       0.000000000000e+00       7.671886002129e-17       7.848136183315e-18       9.823867534240e-19 
 2904       3.599896356735e-12       1.981584398866e-13      -2.539632965799e-13       0.000000000000e+00       7.660840054200e-17       7.842570244145e-18       9.754562426685e-19 
 2905       3.595545488473e-12       1.975838862723e-13      -2.558497206842e-13       0.000000000000e+00       7.649813578947e-17       7.837687313079e-18       9.697723058040e-19 
 2906       3.591334608372e-12       1.969944597001e-13      -2.577026279435e-13       0.000000000000e+00       7.638806538601e-17       7.833456129261e-18       9.653706855002e-19 
 2907       3.587260747491e-12       1.963903643799e-13      -2.595215340983e-13       0.000000000000e+00       7.627818900073e-17       7.829862694805e-18       9.622021343329e-19 
 2908       3.583320829819e-12       1.957718323701e-13      -2.613060739835e-13       0.000000000000e+00       7.616850631271e-17       7.826897311474e-18       9.601959784405e-19 
 2909       3.579511770276e-12       1.951390964273e-13      -2.630558815808e-13       0.000000000000e+00       7.605901699877e-17       7.824550251605e-18       9.592813442660e-19 
 2910       3.575830474706e-12       1.944923900068e-13      -2.647705900185e-13       0.000000000000e+00       7.594972073347e-17       7.822811758083e-18       9.593871583826e-19 
 2911       3.572273839868e-12       1.938319472635e-13      -2.664498315702e-13       0.000000000000e+00       7.584061718910e-17       7.821672044315e-18       9.604421473220e-19 
 2912       3.568838753432e-12       1.931580030525e-13      -2.680932376548e-13       0.000000000000e+00       7.573170603566e-17       7.821121294204e-18       9.623748374000e-19 
 2913       3.565522093965e-12       1.924707929293e-13      -2.697004388352e-13       0.000000000000e+00       7.562298694088e-17       7.821149662122e-18       9.651135545441e-19 
 2914       3.562320730925e-12       1.917705531510e-13      -2.712710648181e-13       0.000000000000e+00       7.551445957021e-17       7.821747272887e-18       9.685864241202e-19 
 2915       3.559231524658e-12       1.910575206764e-13      -2.728047444530e-13       0.000000000000e+00       7.540612358682e-17       7.822904221732e-18       9.727213707595e-19 
 2916       3.556251326382e-12       1.903319331671e-13      -2.743011057316e-13       0.000000000000e+00       7.529797865158e-17       7.824610574285e-18       9.774461181852e-19 
 2917       3.553376978185e-12       1.895940289876e-13      -2.757597757871e-13       0.000000000000e+00       7.519002442310e-17       7.826856366536e-18       9.826881890395e-19 
 2918       3.550605313016e-12       1.888440472065e-13      -2.771803808935e-13       0.000000000000e+00       7.508226055768e-17       7.829631604817e-18       9.883749047106e-19 
 2919       3.547933154673e-12       1.880822275964e-13      -2.785625464650e-13       0.000000000000e+00       7.497468670933e-17       7.832926265772e-18       9.944333851592e-19 
 2920       3.545357317801e-12       1.873088106353e-13      -2.799058970554e-13       0.000000000000e+00       7.486730252977e-17       7.836730296334e-18       1.000790548746e-18 
 2921       3.542874607879e-12       1.865240375066e-13      -2.812100563568e-13       0.000000000000e+00       7.476010766843e-17       7.841033613695e-18       1.007373112057e-18 
 2922       3.540481821216e-12       1.857281500999e-13      -2.824746472000e-13       0.000000000000e+00       7.465310177241e-17       7.845826105285e-18       1.014107589733e-18 
 2923       3.538175744941e-12       1.849213910120e-13      -2.836992915526e-13       0.000000000000e+00       7.454628448655e-17       7.851097628740e-18       1.020920294295e-18 
 2924       3.535953156993e-12       1.841040035468e-13      -2.848836105192e-13       0.000000000000e+00       7.443965545336e-17       7.856838011882e-18       1.027737335969e-18 
 2925       3.533810826119e-12       1.832762317166e-13      -2.860272243404e-13       0.000000000000e+00       7.433321431305e-17       7.863037052688e-18       1.034484622518e-18 
 2926       3.531745511858e-12       1.824383202422e-13      -2.871297523921e-13       0.000000000000e+00       7.422696070351e-17       7.869684519265e-18       1.041087859063e-18 
 2927       3.529753964541e-12       1.815905145538e-13      -2.881908131848e-13       0.000000000000e+00       7.412089426033e-17       7.876770149828e-18       1.047472547914e-18 
 2928       3.527832925278e-12       1.807330607916e-13      -2.892100243629e-13       0.000000000000e+00       7.401501461680e-17       7.884283652669e-18       1.053563988395e-18 
 2929       3.525979125950e-12       1.798662058063e-13      -2.901870027041e-13       0.000000000000e+00       7.390932140385e-17       7.892214706131e-18       1.059287276673e-18 
 2930       3.524189289205e-12       1.789901971599e-13      -2.911213641186e-13       0.000000000000e+00       7.380381425014e-17       7.900552958585e-18       1.064567305581e-18 
 2931       3.522460128445e-12       1.781052831261e-13      -2.920127236487e-13       0.000000000000e+00       7.369849278198e-17       7.909288028404e-18       1.069328764449e-18 
 2932       3.520788347822e-12       1.772117126910e-13      -2.928606954676e-13       0.000000000000e+00       7.359335662336e-17       7.918409503933e-18       1.073496138928e-18 
 2933       3.519170642227e-12       1.763097355538e-13      -2.936648928791e-13       0.000000000000e+00       7.348840539595e-17       7.927906943467e-18       1.076993710818e-18 
 2934       3.517603697287e-12       1.753996021274e-13      -2.944249283168e-13       0.000000000000e+00       7.338363871908e-17       7.937769875221e-18       1.079745557894e-18 
 2935       3.516084189349e-12       1.744815635388e-13      -2.951404133436e-13       0.000000000000e+00       7.327905620976e-17       7.947987797308e-18       1.081675553736e-18 
 2936       3.514608785480e-12       1.735558716300e-13      -2.958109586505e-13       0.000000000000e+00       7.317465748266e-17       7.958550177711e-18       1.082707367551e-18 
 2937       3.513174143453e-12       1.726227789585e-13      -2.964361740565e-13       0.000000000000e+00       7.307044215013e-17       7.969446454256e-18       1.082764464003e-18 
 2938       3.511776911744e-12       1.716825387979e-13      -2.970156685076e-13       0.000000000000e+00       7.296640982215e-17       7.980666034589e-18       1.081770103041e-18 
 2939       3.510413729520e-12       1.707354051386e-13      -2.975490500761e-13       0.000000000000e+00       7.286256010639e-17       7.992198296144e-18       1.079647339721e-18 
 2940       3.509081226634e-12       1.697816326882e-13      -2.980359259600e-13       0.000000000000e+00       7.275889260816e-17       8.004032586125e-18       1.076319024038e-18 
 2941       3.507776023615e-12       1.688214768724e-13      -2.984759024823e-13       0.000000000000e+00       7.265540693043e-17       8.016158221472e-18       1.071707800750e-18 
 2942       3.506494731660e-12       1.678551938355e-13      -2.988685850903e-13       0.000000000000e+00       7.255210267381e-17       8.028564488842e-18       1.065736109208e-18 
 2943       3.505233952628e-12       1.668830404409e-13      -2.992135783549e-13       0.000000000000e+00       7.244897943658e-17       8.041240644576e-18       1.058326183176e-18 
 2944       3.503990279031e-12       1.659052742719e-13      -2.995104859700e-13       0.000000000000e+00       7.234603681465e-17       8.054175914680e-18       1.049400050667e-18 
 2945       3.502760457495e-12       1.649221591397e-13      -2.997590505093e-13       0.000000000000e+00       7.224327439207e-17       8.067347951755e-18       1.038906485737e-18 
 2946       3.501541880052e-12       1.639339816365e-13      -2.999595734582e-13       0.000000000000e+00       7.214069171243e-17       8.080688143151e-18       1.026902010667e-18 
 2947       3.500332095276e-12       1.629410346664e-13      -3.001124972698e-13       0.000000000000e+00       7.203828830729e-17       8.094116130233e-18       1.013470296283e-18 
 2948       3.499128645030e-12       1.619436119452e-13      -3.002182657976e-13       0.000000000000e+00       7.193606370572e-17       8.107551335562e-18       9.986952467704e-19 
 2949       3.497929064461e-12       1.609420080017e-13      -3.002773242975e-13       0.000000000000e+00       7.183401743425e-17       8.120912962707e-18       9.826609998717e-19 
 2950       3.496730881990e-12       1.599365181784e-13      -3.002901194283e-13       0.000000000000e+00       7.173214901688e-17       8.134119996063e-18       9.654519270893e-19 
 2951       3.495531619311e-12       1.589274386318e-13      -3.002570992535e-13       0.000000000000e+00       7.163045797510e-17       8.147091200664e-18       9.471526338828e-19 
 2952       3.494328791385e-12       1.579150663335e-13      -3.001787132422e-13       0.000000000000e+00       7.152894382786e-17       8.159745121996e-18       9.278479598696e-19 
 2953       3.493119906431e-12       1.568996990707e-13      -3.000554122706e-13       0.000000000000e+00       7.142760609160e-17       8.172000085811e-18       9.076229790239e-19 
 2954       3.491902465923e-12       1.558816354469e-13      -2.998876486230e-13       0.000000000000e+00       7.132644428020e-17       8.183774197945e-18       8.865629998773e-19 
 2955       3.490673964582e-12       1.548611748826e-13      -2.996758759934e-13       0.000000000000e+00       7.122545790502e-17       8.194985344128e-18       8.647535657173e-19 
 2956       3.489431890375e-12       1.538386176160e-13      -2.994205494863e-13       0.000000000000e+00       7.112464647487e-17       8.205551189800e-18       8.422804547881e-19 
 2957       3.488173724503e-12       1.528142647037e-13      -2.991221256181e-13       0.000000000000e+00       7.102400949603e-17       8.215389179924e-18       8.192296804892e-19 
 2958       3.486896941400e-12       1.517884180213e-13      -2.987810623186e-13       0.000000000000e+00       7.092354647223e-17       8.224416538805e-18       7.956874915760e-19 
 2959       3.485599008725e-12       1.507613802645e-13      -2.983978189319e-13       0.000000000000e+00       7.082325690465e-17       8.232550269897e-18       7.717403723586e-19 
 2960       3.484277387358e-12       1.497334549490e-13      -2.979728562180e-13       0.000000000000e+00       7.072314029194e-17       8.239707155622e-18       7.474750429020e-19 
 2961       3.482929531391e-12       1.487049464121e-13      -2.975066363535e-13       0.000000000000e+00       7.062319613018e-17       8.245803757185e-18       7.229784592258e-19 
 2962       3.481552888127e-12       1.476761598126e-13      -2.969996229334e-13       0.000000000000e+00       7.052342391289e-17       8.250756414385e-18       6.983378135032e-19 
 2963       3.480144898071e-12       1.466474011323e-13      -2.964522809722e-13       0.000000000000e+00       7.042382313106e-17       8.254481245429e-18       6.736405342616e-19 
 2964       3.478702994924e-12       1.456189771757e-13      -2.958650769048e-13       0.000000000000e+00       7.032439327310e-17       8.256894146752e-18       6.489742865812e-19 
 2965       3.477224605580e-12       1.445911955718e-13      -2.952384785882e-13       0.000000000000e+00       7.022513382485e-17       8.257910792824e-18       6.244269722957e-19 
 2966       3.475707150117e-12       1.435643647737e-13      -2.945729553026e-13       0.000000000000e+00       7.012604426962e-17       8.257446635968e-18       6.000867301912e-19 
 2967       3.474148041795e-12       1.425387940602e-13      -2.938689777525e-13       0.000000000000e+00       7.002712408811e-17       8.255416906177e-18       5.760419362059e-19 
 2968       3.472544687048e-12       1.415147935361e-13      -2.931270180680e-13       0.000000000000e+00       6.992837275849e-17       8.251736610920e-18       5.523812036304e-19 
 2969       3.470894485476e-12       1.404926741326e-13      -2.923475498062e-13       0.000000000000e+00       6.982978975634e-17       8.246320534965e-18       5.291933833064e-19 
 2970       3.469194829845e-12       1.394727476087e-13      -2.915310479522e-13       0.000000000000e+00       6.973137455465e-17       8.239083240188e-18       5.065675638273e-19 
 2971       3.467443106076e-12       1.384553265512e-13      -2.906779889207e-13       0.000000000000e+00       6.963312662387e-17       8.229939065390e-18       4.845930717369e-19 
 2972       3.465636693244e-12       1.374407243759e-13      -2.897888505568e-13       0.000000000000e+00       6.953504543183e-17       8.218802126110e-18       4.633594717300e-19 
 2973       3.463772963566e-12       1.364292553279e-13      -2.888641121376e-13       0.000000000000e+00       6.943713044381e-17       8.205586314437e-18       4.429565668513e-19 
 2974       3.461849282402e-12       1.354212344826e-13      -2.879042543732e-13       0.000000000000e+00       6.933938112248e-17       8.190205298830e-18       4.234743986954e-19 
 2975       3.459863008245e-12       1.344169777463e-13      -2.869097594082e-13       0.000000000000e+00       6.924179692795e-17       8.172572523928e-18       4.050032476065e-19 
 2976       3.457811492717e-12       1.334168018568e-13      -2.858811108227e-13       0.000000000000e+00       6.914437731771e-17       8.152601210363e-18       3.876336328777e-19 
 2977       3.455692080564e-12       1.324210243840e-13      -2.848187936336e-13       0.000000000000e+00       6.904712174667e-17       8.130204354579e-18       3.714563129510e-19 
 2978       3.453502109647e-12       1.314299637311e-13      -2.837232942960e-13       0.000000000000e+00       6.895002966716e-17       8.105294728643e-18       3.565622856170e-19 
 2979       3.451238910939e-12       1.304439391347e-13      -2.825951007043e-13       0.000000000000e+00       6.885310052890e-17       8.077784880059e-18       3.430427882141e-19 
 2980       3.448899808521e-12       1.294632706658e-13      -2.814347021934e-13       0.000000000000e+00       6.875633377899e-17       8.047587131585e-18       3.309892978286e-19 
 2981       3.446482119571e-12       1.284882792303e-13      -2.802425895401e-13       0.000000000000e+00       6.865972886196e-17       8.014613581044e-18       3.204935314942e-19 
 2982       3.443983154363e-12       1.275192865700e-13      -2.790192549643e-13       0.000000000000e+00       6.856328521972e-17       7.978776101140e-18       3.116474463915e-19 
 2983       3.441400216259e-12       1.265566152631e-13      -2.777651921302e-13       0.000000000000e+00       6.846700229157e-17       7.939986339274e-18       3.045432400479e-19 
 2984       3.438731424647e-12       1.256004888441e-13      -2.764807167942e-13       0.000000000000e+00       6.837087988439e-17       7.898182488129e-18       2.992445743319e-19 
 2985       3.435978188171e-12       1.246507316277e-13      -2.751654277858e-13       0.000000000000e+00       6.827491928521e-17       7.853409741363e-18       2.957000927410e-19 
 2986       3.433142743631e-12       1.237070674128e-13      -2.738187433836e-13       0.000000000000e+00       6.817912215411e-17       7.805740232451e-18       2.938294790245e-19 
 2987       3.430227334144e-12       1.227692192291e-13      -2.724400804268e-13       0.000000000000e+00       6.808349015449e-17       7.755246299958e-18       2.935521946465e-19 
 2988       3.427234209151e-12       1.218369093363e-13      -2.710288543148e-13       0.000000000000e+00       6.798802495310e-17       7.702000487705e-18       2.947874785974e-19 
 2989       3.424165624423e-12       1.209098592232e-13      -2.695844790050e-13       0.000000000000e+00       6.789272822007e-17       7.646075544954e-18       2.974543472061e-19 
 2990       3.421023842068e-12       1.199877896077e-13      -2.681063670126e-13       0.000000000000e+00       6.779760162883e-17       7.587544426575e-18       3.014715939518e-19 
 2991       3.417811130532e-12       1.190704204354e-13      -2.665939294087e-13       0.000000000000e+00       6.770264685620e-17       7.526480293223e-18       3.067577892762e-19 
 2992       3.414529764609e-12       1.181574708794e-13      -2.650465758195e-13       0.000000000000e+00       6.760786558235e-17       7.462956511517e-18       3.132312803954e-19 
 2993       3.411182025442e-12       1.172486593395e-13      -2.634637144249e-13       0.000000000000e+00       6.751325949080e-17       7.397046654208e-18       3.208101911118e-19 
 2994       3.407770200533e-12       1.163437034417e-13      -2.618447519578e-13       0.000000000000e+00       6.741883026844e-17       7.328824500361e-18       3.294124216261e-19 
 2995       3.404296583743e-12       1.154423200371e-13      -2.601890937023e-13       0.000000000000e+00       6.732457960550e-17       7.258364035524e-18       3.389556483492e-19 
 2996       3.400763475305e-12       1.145442252020e-13      -2.584961434928e-13       0.000000000000e+00       6.723050919560e-17       7.185739451907e-18       3.493573237144e-19 
 2997       3.397173181820e-12       1.136491342365e-13      -2.567653037131e-13       0.000000000000e+00       6.713662073573e-17       7.111025148555e-18       3.605346759891e-19 
 2998       3.393528016269e-12       1.127567616643e-13      -2.549959752948e-13       0.000000000000e+00       6.704291592623e-17       7.034295731522e-18       3.724047090870e-19 
 2999       3.389830298018e-12       1.118668212319e-13      -2.531875577163e-13       0.000000000000e+00       6.694939647082e-17       6.955626014050e-18       3.848842023798e-19 
 3000       3.386082352820e-12       1.109790259078e-13      -2.513394490017e-13       0.000000000000e+00       6.685606407660e-17       6.875091016738e-18       3.978897105094e-19 
