# dimensionless total [l(l+1)/2pi] C_l's
# for l=2 to 3000, i.e. number of multipoles equal to 2999
#
# -> if you prefer output in CAMB/HealPix/LensPix units/order, set 'format' to 'camb' in input file
# -> if you don't want to see such a header, set 'headers' to 'no' in input file
# -> for CMB lensing (phi), these are C_l^phi-phi for the lensing potential.
#    Remember the conversion factors:
#    C_l^dd (deflection) = l(l+1) C_l^phi-phi
#    C_l^gg (shear/convergence) = 1/4 (l(l+1))^2 C_l^phi-phi
#
# 1:l     2:TT                     3:EE                     4:TE                     5:BB                     6:phiphi                 7:TPhi                   8:Ephi               
    2       1.375222185541e-10       4.154465835744e-15       3.536460390600e-13       0.000000000000e+00       8.328295602263e-09       4.492237304581e-10      -1.843162407897e-12 
    3       1.302188114046e-10       5.319447024519e-15       3.965031853108e-13       0.000000000000e+00       5.100495096902e-09       3.176712013449e-10      -1.395155267607e-12 
    4       1.233114620531e-10       4.598226098847e-15       3.703425985452e-13       0.000000000000e+00       3.528617920089e-09       2.400627343313e-10      -9.131298108162e-13 
    5       1.181404198480e-10       3.065569731164e-15       3.151110629049e-13       0.000000000000e+00       2.623649115640e-09       1.893238120672e-10      -5.076000716112e-13 
    6       1.146010336219e-10       1.712862483287e-15       2.535857298603e-13       0.000000000000e+00       2.042949285356e-09       1.538257760825e-10      -2.090087562978e-13 
    7       1.123065179343e-10       9.245991746979e-16       1.989704091224e-13       0.000000000000e+00       1.643744960557e-09       1.278071076386e-10      -1.872394136182e-14 
    8       1.109785713325e-10       5.956870892580e-16       1.570349556525e-13       0.000000000000e+00       1.355344360907e-09       1.081035019468e-10       7.825848978154e-14 
    9       1.103716965583e-10       4.774732350726e-16       1.290086818952e-13       0.000000000000e+00       1.138986437302e-09       9.283431242035e-11       1.053074805880e-13 
   10       1.102640144671e-10       4.065452587821e-16       1.135484541333e-13       0.000000000000e+00       9.718286076219e-10       8.075086977859e-11       8.828862224737e-14 
   11       1.105932244990e-10       3.416150402891e-16       1.079783507411e-13       0.000000000000e+00       8.315343630449e-10       7.173678979155e-11       5.128697963477e-14 
   12       1.112161168670e-10       2.978673124639e-16       1.092344333867e-13       0.000000000000e+00       7.264195553211e-10       6.343262154260e-11       1.182604127962e-14 
   13       1.120812692559e-10       2.859699732052e-16       1.146141388864e-13       0.000000000000e+00       6.401397533899e-10       5.669358719560e-11      -1.817229895198e-14 
   14       1.131353832847e-10       2.979929322871e-16       1.220887254623e-13       0.000000000000e+00       5.683666529351e-10       5.080709127778e-11      -3.451139000226e-14 
   15       1.143715300726e-10       3.224424131202e-16       1.303566011136e-13       0.000000000000e+00       5.079658225394e-10       4.586468385607e-11      -3.737902955424e-14 
   16       1.157218864436e-10       3.570534834064e-16       1.387776149388e-13       0.000000000000e+00       4.566186231791e-10       4.161208357063e-11      -3.072531162386e-14 
   17       1.172030401712e-10       4.072531698740e-16       1.472101562928e-13       0.000000000000e+00       4.125775061666e-10       3.790501071031e-11      -1.973337817434e-14 
   18       1.187573312782e-10       4.782745451255e-16       1.558020695683e-13       0.000000000000e+00       3.743618150104e-10       3.466507631273e-11      -9.297403839500e-15 
   19       1.203964949897e-10       5.704813286671e-16       1.647559169513e-13       0.000000000000e+00       3.413516339968e-10       3.184970710727e-11      -1.998322074984e-15 
   20       1.221102659038e-10       6.819862577174e-16       1.742472533799e-13       0.000000000000e+00       3.122852947211e-10       2.935661000871e-11       4.945154079825e-16 
   21       1.239016882572e-10       8.121183826660e-16       1.842551712056e-13       0.000000000000e+00       2.867035258749e-10       2.713984852369e-11      -1.225962814237e-15 
   22       1.257476667320e-10       9.603259277498e-16       1.946120160324e-13       0.000000000000e+00       2.639885139772e-10       2.513854530409e-11      -5.396071369127e-15 
   23       1.276529626071e-10       1.126865668669e-15       2.049685272217e-13       0.000000000000e+00       2.438348094170e-10       2.334099778045e-11      -1.029321572552e-14 
   24       1.296090135753e-10       1.312083634601e-15       2.148750520416e-13       0.000000000000e+00       2.257808768665e-10       2.172874580597e-11      -1.409744376227e-14 
   25       1.316116295815e-10       1.516189085932e-15       2.240389314412e-13       0.000000000000e+00       2.095808336670e-10       2.028322925288e-11      -1.600598310003e-14 
   26       1.336452510928e-10       1.739497841163e-15       2.322267869374e-13       0.000000000000e+00       1.949166668000e-10       1.897293639328e-11      -1.568836546787e-14 
   27       1.357194818282e-10       1.983603262611e-15       2.393679455625e-13       0.000000000000e+00       1.817117436609e-10       1.778830048418e-11      -1.365237472945e-14 
   28       1.378361764331e-10       2.250721678698e-15       2.454637204645e-13       0.000000000000e+00       1.698054129181e-10       1.671162411225e-11      -1.089567040303e-14 
   29       1.399835897454e-10       2.543102779330e-15       2.505471652941e-13       0.000000000000e+00       1.589077749683e-10       1.571444063296e-11      -8.529793109317e-15 
   30       1.421686093718e-10       2.861888463488e-15       2.546731181488e-13       0.000000000000e+00       1.489583403541e-10       1.479616318781e-11      -6.934238322916e-15 
   31       1.443936836825e-10       3.207794348906e-15       2.579289972483e-13       0.000000000000e+00       1.398828915827e-10       1.395852399692e-11      -6.277930227105e-15 
   32       1.466514800866e-10       3.581481415536e-15       2.603920883382e-13       0.000000000000e+00       1.315373984915e-10       1.319631009705e-11      -6.639224837814e-15 
   33       1.489414986135e-10       3.983890240034e-15       2.619614553750e-13       0.000000000000e+00       1.238761441368e-10       1.250286771986e-11      -7.675341960370e-15 
   34       1.512571312866e-10       4.416019400290e-15       2.624621063618e-13       0.000000000000e+00       1.168310222324e-10       1.186519862974e-11      -8.816798295898e-15 
   35       1.535867334717e-10       4.878818643760e-15       2.617138217132e-13       0.000000000000e+00       1.102968671122e-10       1.126686983654e-11      -9.490349448778e-15 
   36       1.559367684300e-10       5.373131661867e-15       2.596269796124e-13       0.000000000000e+00       1.042565654720e-10       1.070577042538e-11      -9.631478270164e-15 
   37       1.583151867133e-10       5.899726183973e-15       2.561384078380e-13       0.000000000000e+00       9.869105477193e-11       1.018170192244e-11      -9.345769526469e-15 
   38       1.607244517303e-10       6.459302889520e-15       2.511860417242e-13       0.000000000000e+00       9.354150350011e-11       9.691286395003e-12      -8.776746409294e-15 
   39       1.631629340171e-10       7.052516336093e-15       2.447222461636e-13       0.000000000000e+00       8.873049587968e-11       9.229645736486e-12      -8.087647932143e-15 
   40       1.656312744763e-10       7.680058230250e-15       2.367591718543e-13       0.000000000000e+00       8.424319709030e-11       8.796868956064e-12      -7.392462248937e-15 
   41       1.681270837559e-10       8.342594358676e-15       2.273389162706e-13       0.000000000000e+00       8.006772380221e-11       8.393240391524e-12      -6.806073598657e-15 
   42       1.706425754339e-10       9.040738328098e-15       2.165225984687e-13       0.000000000000e+00       7.617092873777e-11       8.017294882303e-12      -6.464448650628e-15 
   43       1.731686492995e-10       9.775067803028e-15       2.043638305148e-13       0.000000000000e+00       7.251063818376e-11       7.666521077044e-12      -6.483134536676e-15 
   44       1.757098673295e-10       1.054618625360e-14       1.908167615093e-13       0.000000000000e+00       6.908115589454e-11       7.340099348059e-12      -6.814437040978e-15 
   45       1.782732901070e-10       1.135467549135e-14       1.758011298857e-13       0.000000000000e+00       6.587893655197e-11       7.036757193253e-12      -7.347739320587e-15 
   46       1.808640799148e-10       1.220107647645e-14       1.592266714144e-13       0.000000000000e+00       6.288892471049e-11       6.753888560524e-12      -7.946879511786e-15 
   47       1.834852832453e-10       1.308588758668e-14       1.409924233755e-13       0.000000000000e+00       6.008365771842e-11       6.487453830142e-12      -8.448652942411e-15 
   48       1.861380929961e-10       1.400953171114e-14       1.210053400130e-13       0.000000000000e+00       5.743170873639e-11       6.233149936317e-12      -8.707353279215e-15 
   49       1.888232299326e-10       1.497225060190e-14       9.924396764614e-14       0.000000000000e+00       5.492792331585e-11       5.990544146848e-12      -8.746737856998e-15 
   50       1.915395769704e-10       1.597417776730e-14       7.571152328371e-14       0.000000000000e+00       5.257016485987e-11       5.759933703848e-12      -8.648326147606e-15 
   51       1.942835452250e-10       1.701536380711e-14       5.041843279468e-14       0.000000000000e+00       5.035030849745e-11       5.541143074751e-12      -8.509931094122e-15 
   52       1.970488809948e-10       1.809577309098e-14       2.338262035084e-14       0.000000000000e+00       4.825382054043e-11       5.333488737712e-12      -8.446510248441e-15 
   53       1.998291878046e-10       1.921534812663e-14      -5.380064307852e-15       0.000000000000e+00       4.626431531954e-11       5.136080501688e-12      -8.560597987585e-15 
   54       2.026266982075e-10       2.037422974234e-14      -3.588812022321e-14       0.000000000000e+00       4.437956938414e-11       4.948897491227e-12      -8.842716816916e-15 
   55       2.054454211894e-10       2.157258773377e-14      -6.816991553061e-14       0.000000000000e+00       4.259889229295e-11       4.771927469468e-12      -9.246840956096e-15 
   56       2.082885471514e-10       2.281055765741e-14      -1.022546729877e-13       0.000000000000e+00       4.091830260326e-11       4.604833892666e-12      -9.718158975145e-15 
   57       2.111583687329e-10       2.408824034711e-14      -1.381725940403e-13       0.000000000000e+00       3.933031602296e-11       4.446934806059e-12      -1.019264950554e-14 
   58       2.140562016339e-10       2.540570143068e-14      -1.759549828887e-13       0.000000000000e+00       3.782373356252e-11       4.297181739744e-12      -1.059665695135e-14 
   59       2.169827665565e-10       2.676288023916e-14      -2.156252615829e-13       0.000000000000e+00       3.638672045801e-11       4.154444407490e-12      -1.086461669024e-14 
   60       2.199396184306e-10       2.815929293034e-14      -2.571692969482e-13       0.000000000000e+00       3.501735904870e-11       4.018489941053e-12      -1.099800114990e-14 
   61       2.229279097521e-10       2.959425944469e-14      -3.005583897112e-13       0.000000000000e+00       3.371517653595e-11       3.889194168830e-12      -1.101933722333e-14 
   62       2.259478964002e-10       3.106698456848e-14      -3.457575966387e-13       0.000000000000e+00       3.247797144134e-11       3.766245289081e-12      -1.095544743894e-14 
   63       2.289988740913e-10       3.257655437884e-14      -3.927255458252e-13       0.000000000000e+00       3.130171331022e-11       3.649133132006e-12      -1.083764090869e-14 
   64       2.320791148326e-10       3.412193268888e-14      -4.414142519804e-13       0.000000000000e+00       3.018044241524e-11       3.537138421813e-12      -1.070190427607e-14 
   65       2.351867601242e-10       3.570207289756e-14      -4.917791251816e-13       0.000000000000e+00       2.910791203050e-11       3.429531299144e-12      -1.058089695770e-14 
   66       2.383228631616e-10       3.731628905639e-14      -5.438118757165e-13       0.000000000000e+00       2.808314478738e-11       3.326239874404e-12      -1.047753756726e-14 
   67       2.414888792286e-10       3.896395726575e-14      -5.975142683161e-13       0.000000000000e+00       2.710587724651e-11       3.227304485778e-12      -1.038614836203e-14 
   68       2.446857297043e-10       4.064440688376e-14      -6.528886421425e-13       0.000000000000e+00       2.617487057198e-11       3.132676139284e-12      -1.030011975835e-14 
   69       2.479137652794e-10       4.235692019954e-14      -7.099380112081e-13       0.000000000000e+00       2.528785897806e-11       3.042211624281e-12      -1.021187202908e-14 
   70       2.511727291727e-10       4.410073210638e-14      -7.686661647947e-13       0.000000000000e+00       2.444149817606e-11       2.955668628981e-12      -1.011281700115e-14 
   71       2.544617203467e-10       4.587502977501e-14      -8.290777678729e-13       0.000000000000e+00       2.363131382108e-11       2.872700855957e-12      -9.993319753082e-15 
   72       2.577797737265e-10       4.767891529055e-14      -8.911712876346e-13       0.000000000000e+00       2.285285124114e-11       2.792952120408e-12      -9.845458154254e-15 
   73       2.611278115330e-10       4.951128598686e-14      -9.549159780548e-13       0.000000000000e+00       2.210549468257e-11       2.716370410095e-12      -9.671999830306e-15 
   74       2.645070017774e-10       5.137093044485e-14      -1.020270638422e-12       0.000000000000e+00       2.138929141711e-11       2.642945562830e-12      -9.479087129919e-15 
   75       2.679181521361e-10       5.325656234113e-14      -1.087190333496e-12       0.000000000000e+00       2.070379169953e-11       2.572613045162e-12      -9.273617100027e-15 
   76       2.713616872536e-10       5.516681927563e-14      -1.155626330142e-12       0.000000000000e+00       2.004802464089e-11       2.505251327766e-12      -9.063267061007e-15 
   77       2.748376260454e-10       5.710026159921e-14      -1.225526033961e-12       0.000000000000e+00       1.942047408192e-11       2.440679260834e-12      -8.856520181869e-15 
   78       2.783455590011e-10       5.905537124135e-14      -1.296832925922e-12       0.000000000000e+00       1.881905446633e-11       2.378653449466e-12      -8.662691055448e-15 
   79       2.818846254872e-10       6.103055053775e-14      -1.369486498992e-12       0.000000000000e+00       1.824108671412e-11       2.318865629056e-12      -8.491951273591e-15 
   80       2.854539699072e-10       6.302417388402e-14      -1.443427023167e-12       0.000000000000e+00       1.768396302644e-11       2.261019419176e-12      -8.352943589671e-15 
   81       2.890542513449e-10       6.503475560635e-14      -1.518610932968e-12       0.000000000000e+00       1.714732733974e-11       2.205081710112e-12      -8.245090973217e-15 
   82       2.926863558885e-10       6.706080924062e-14      -1.594998009065e-12       0.000000000000e+00       1.663123127166e-11       2.151070346760e-12      -8.164992333589e-15 
   83       2.963509274440e-10       6.910079710468e-14      -1.672546812868e-12       0.000000000000e+00       1.613546762957e-11       2.098977490928e-12      -8.108696514206e-15 
   84       3.000483539059e-10       7.115313010423e-14      -1.751214712583e-12       0.000000000000e+00       1.565955904184e-11       2.048768466693e-12      -8.071683211949e-15 
   85       3.037787533281e-10       7.321616753873e-14      -1.830957909253e-12       0.000000000000e+00       1.520274658922e-11       2.000380605768e-12      -8.048843896559e-15 
   86       3.075419600945e-10       7.528821690733e-14      -1.911731462806e-12       0.000000000000e+00       1.476397843608e-11       1.953722092863e-12      -8.034462730037e-15 
   87       3.113375110894e-10       7.736753371473e-14      -1.993489318104e-12       0.000000000000e+00       1.434189846179e-11       1.908670811047e-12      -8.022197486044e-15 
   88       3.151646318690e-10       7.945232127712e-14      -2.076184330984e-12       0.000000000000e+00       1.393483489203e-11       1.865073187109e-12      -8.005060469301e-15 
   89       3.190225411199e-10       8.154075566090e-14      -2.159766990874e-12       0.000000000000e+00       1.354119811995e-11       1.822782390728e-12      -7.976917757604e-15 
   90       3.229114489154e-10       8.363106540539e-14      -2.244181302203e-12       0.000000000000e+00       1.316077046935e-11       1.781782316106e-12      -7.937298045963e-15 
   91       3.268316903031e-10       8.572146400663e-14      -2.329368301901e-12       0.000000000000e+00       1.279359874888e-11       1.742081012181e-12      -7.887306508549e-15 
   92       3.307834120217e-10       8.781012607762e-14      -2.415267311746e-12       0.000000000000e+00       1.243959790766e-11       1.703672502985e-12      -7.828177243790e-15 
   93       3.347665634399e-10       8.989518753081e-14      -2.501815944886e-12       0.000000000000e+00       1.209854579684e-11       1.666536222575e-12      -7.761276940170e-15 
   94       3.387808874960e-10       9.197474576051e-14      -2.588950112360e-12       0.000000000000e+00       1.177007793108e-11       1.630636449968e-12      -7.688108542041e-15 
   95       3.428259116370e-10       9.404685982529e-14      -2.676604029614e-12       0.000000000000e+00       1.145368225005e-11       1.595921744068e-12      -7.610314915420e-15 
   96       3.469009387569e-10       9.610955063042e-14      -2.764710223021e-12       0.000000000000e+00       1.114869387993e-11       1.562324378605e-12      -7.529682513806e-15 
   97       3.510050381368e-10       9.816080111030e-14      -2.853199536403e-12       0.000000000000e+00       1.085428989493e-11       1.529759777063e-12      -7.448145043976e-15 
   98       3.551370363834e-10       1.001985564109e-13      -2.942001137549e-12       0.000000000000e+00       1.056948407879e-11       1.498125947611e-12      -7.367787131798e-15 
   99       3.592958086990e-10       1.022207707920e-13      -3.031043892994e-12       0.000000000000e+00       1.029335279720e-11       1.467327985427e-12      -7.290427482255e-15 
  100       3.634812193522e-10       1.042255555204e-13      -3.120260700456e-12       0.000000000000e+00       1.002576044332e-11       1.437356761070e-12      -7.216293067382e-15 
  101       3.676932982042e-10       1.062110523607e-13      -3.209584785017e-12       0.000000000000e+00       9.766727491884e-12       1.408220379764e-12      -7.145163084816e-15 
  102       3.719319469096e-10       1.081753894638e-13      -3.298948408422e-12       0.000000000000e+00       9.516206148799e-12       1.379919850415e-12      -7.076771297064e-15 
  103       3.761969334961e-10       1.101166821155e-13      -3.388282892183e-12       0.000000000000e+00       9.274077914034e-12       1.352448824396e-12      -7.010804600260e-15 
  104       3.804878869442e-10       1.120330334850e-13      -3.477518640685e-12       0.000000000000e+00       9.040151144457e-12       1.325793334325e-12      -6.946901592941e-15 
  105       3.848042917660e-10       1.139225353741e-13      -3.566585164288e-12       0.000000000000e+00       8.814158616686e-12       1.299931532844e-12      -6.884651144809e-15 
  106       3.891454825855e-10       1.157832689655e-13      -3.655411102435e-12       0.000000000000e+00       8.595755089930e-12       1.274833431399e-12      -6.823590965494e-15 
  107       3.935106387171e-10       1.176133055717e-13      -3.743924246750e-12       0.000000000000e+00       8.384514868847e-12       1.250460639018e-12      -6.763206173328e-15 
  108       3.978987787460e-10       1.194107073838e-13      -3.832051564152e-12       0.000000000000e+00       8.179929366386e-12       1.226766101091e-12      -6.702927864103e-15 
  109       4.023087551071e-10       1.211735282201e-13      -3.919719219950e-12       0.000000000000e+00       7.981404666635e-12       1.203693838152e-12      -6.642131679842e-15 
  110       4.067394481396e-10       1.228998624941e-13      -4.006853107120e-12       0.000000000000e+00       7.788395334640e-12       1.181192024140e-12      -6.580265999145e-15 
  111       4.111903881065e-10       1.245879976354e-13      -4.093380461535e-12       0.000000000000e+00       7.600830537900e-12       1.159254683925e-12      -6.517258224749e-15 
  112       4.156612030064e-10       1.262362826671e-13      -4.179228497647e-12       0.000000000000e+00       7.418738151920e-12       1.137884868133e-12      -6.453158055395e-15 
  113       4.201514227938e-10       1.278430829393e-13      -4.264323948558e-12       0.000000000000e+00       7.242112302612e-12       1.117081662058e-12      -6.388012356756e-15 
  114       4.246604759190e-10       1.294067813514e-13      -4.348593094096e-12       0.000000000000e+00       7.070912268181e-12       1.096840055537e-12      -6.321865004123e-15 
  115       4.291876858684e-10       1.309257795749e-13      -4.431961788901e-12       0.000000000000e+00       6.905061381006e-12       1.077150812837e-12      -6.254756725094e-15 
  116       4.337322677037e-10       1.323984992758e-13      -4.514355490495e-12       0.000000000000e+00       6.744445929529e-12       1.058000342530e-12      -6.186724942262e-15 
  117       4.382933246024e-10       1.338233833376e-13      -4.595699287369e-12       0.000000000000e+00       6.588914060135e-12       1.039370567374e-12      -6.117803615904e-15 
  118       4.428698443977e-10       1.351988970836e-13      -4.675917927058e-12       0.000000000000e+00       6.438274679042e-12       1.021238794195e-12      -6.048023086668e-15 
  119       4.474606961178e-10       1.365235294996e-13      -4.754935844218e-12       0.000000000000e+00       6.292296354181e-12       1.003577583764e-12      -5.977409918264e-15 
  120       4.520646265266e-10       1.377957944566e-13      -4.832677188711e-12       0.000000000000e+00       6.150706217084e-12       9.863546206793e-13      -5.905986740148e-15 
  121       4.566802566630e-10       1.390142319335e-13      -4.909065853680e-12       0.000000000000e+00       6.013188864766e-12       9.695325832454e-13      -5.833772090217e-15 
  122       4.613060783811e-10       1.401774092395e-13      -4.984025503630e-12       0.000000000000e+00       5.879385261613e-12       9.530690133534e-13      -5.760780257490e-15 
  123       4.659406350051e-10       1.412839699201e-13      -5.057480564488e-12       0.000000000000e+00       5.748970183929e-12       9.369262709647e-13      -5.687045254826e-15 
  124       4.705830941650e-10       1.423327842330e-13      -5.129359262775e-12       0.000000000000e+00       5.621896966766e-12       9.211029696214e-13      -5.612696190559e-15 
  125       4.752327345550e-10       1.433228183434e-13      -5.199590990126e-12       0.000000000000e+00       5.498178935511e-12       9.056059239011e-13      -5.537890299546e-15 
  126       4.798887657218e-10       1.442530897713e-13      -5.268105407858e-12       0.000000000000e+00       5.377812906400e-12       8.904403380245e-13      -5.462789620914e-15 
  127       4.845503260531e-10       1.451226689883e-13      -5.334832482617e-12       0.000000000000e+00       5.260778706361e-12       8.756097550791e-13      -5.387561030593e-15 
  128       4.892164807665e-10       1.459306810163e-13      -5.399702522025e-12       0.000000000000e+00       5.147038692860e-12       8.611160062432e-13      -5.312376273855e-15 
  129       4.938862198973e-10       1.466763070246e-13      -5.462646210334e-12       0.000000000000e+00       5.036537273746e-12       8.469591600093e-13      -5.237411997857e-15 
  130       4.985584562876e-10       1.473587859280e-13      -5.523594644065e-12       0.000000000000e+00       4.929200427089e-12       8.331374714086e-13      -5.162849784177e-15 
  131       5.032320235745e-10       1.479774159847e-13      -5.582479367661e-12       0.000000000000e+00       4.824935221035e-12       8.196473312343e-13      -5.088876181352e-15 
  132       5.079056741785e-10       1.485315563937e-13      -5.639232409135e-12       0.000000000000e+00       4.723629333640e-12       8.064832152657e-13      -5.015682737422e-15 
  133       5.125780772922e-10       1.490206288931e-13      -5.693786315716e-12       0.000000000000e+00       4.625150572720e-12       7.936376334921e-13      -4.943466032463e-15 
  134       5.172478168688e-10       1.494441193573e-13      -5.746074189496e-12       0.000000000000e+00       4.529346395695e-12       7.811010793362e-13      -4.872427711130e-15 
  135       5.219133896104e-10       1.498015793955e-13      -5.796029723082e-12       0.000000000000e+00       4.436043429430e-12       7.688619788785e-13      -4.802774515197e-15 
  136       5.265732029567e-10       1.500926279487e-13      -5.843587235237e-12       0.000000000000e+00       4.345046990085e-12       7.569066400810e-13      -4.734718316091e-15 
  137       5.312257129149e-10       1.503169805665e-13      -5.888682318139e-12       0.000000000000e+00       4.256182376671e-12       7.452220450046e-13      -4.668423774544e-15 
  138       5.358698579056e-10       1.504745372715e-13      -5.931253779252e-12       0.000000000000e+00       4.169424590738e-12       7.338046600441e-13      -4.603845137908e-15 
  139       5.405046662064e-10       1.505653068586e-13      -5.971241968925e-12       0.000000000000e+00       4.084781192069e-12       7.226524453393e-13      -4.540872537837e-15 
  140       5.451291190244e-10       1.505893817897e-13      -6.008588225973e-12       0.000000000000e+00       4.002251516369e-12       7.117620611556e-13      -4.479382550780e-15 
  141       5.497421493724e-10       1.505469399666e-13      -6.043234917212e-12       0.000000000000e+00       3.921826460252e-12       7.011288351527e-13      -4.419237898103e-15 
  142       5.543426409456e-10       1.504382465052e-13      -6.075125476987e-12       0.000000000000e+00       3.843488266235e-12       6.907467296529e-13      -4.360287146203e-15 
  143       5.589294269967e-10       1.502636555085e-13      -6.104204446702e-12       0.000000000000e+00       3.767210307723e-12       6.806083089107e-13      -4.302364406631e-15 
  144       5.635012892128e-10       1.500236118400e-13      -6.130417514350e-12       0.000000000000e+00       3.692956874001e-12       6.707047063813e-13      -4.245289036206e-15 
  145       5.680569565911e-10       1.497186528975e-13      -6.153711554043e-12       0.000000000000e+00       3.620682955229e-12       6.610255919895e-13      -4.188865337138e-15 
  146       5.725951043153e-10       1.493494103865e-13      -6.174034665540e-12       0.000000000000e+00       3.550334027422e-12       6.515591393986e-13      -4.132882257141e-15 
  147       5.771143526311e-10       1.489166120935e-13      -6.191336213780e-12       0.000000000000e+00       3.481845837451e-12       6.422919932792e-13      -4.077113089555e-15 
  148       5.816132657231e-10       1.484210836596e-13      -6.205566868408e-12       0.000000000000e+00       3.415144188025e-12       6.332092365783e-13      -4.021315173464e-15 
  149       5.860903505901e-10       1.478637503539e-13      -6.216678643306e-12       0.000000000000e+00       3.350144722684e-12       6.242943577879e-13      -3.965229593813e-15 
  150       5.905440559217e-10       1.472456388469e-13      -6.224624936126e-12       0.000000000000e+00       3.286752710792e-12       6.155292182139e-13      -3.908580881525e-15 
  151       5.949727709745e-10       1.465678789843e-13      -6.229360567815e-12       0.000000000000e+00       3.224862832521e-12       6.068940192451e-13      -3.851076713624e-15 
  152       5.993748244475e-10       1.458317055601e-13      -6.230841822147e-12       0.000000000000e+00       3.164358963846e-12       5.983672696221e-13      -3.792407613349e-15 
  153       6.037486066650e-10       1.450384442594e-13      -6.229026724070e-12       0.000000000000e+00       3.105138177015e-12       5.899307546013e-13      -3.732322842295e-15 
  154       6.080929512652e-10       1.441894642845e-13      -6.223875820661e-12       0.000000000000e+00       3.047185704317e-12       5.815850319838e-13      -3.670866644386e-15 
  155       6.124067870065e-10       1.432862246869e-13      -6.215351548455e-12       0.000000000000e+00       2.990506563725e-12       5.733353205413e-13      -3.608163488188e-15 
  156       6.166890171581e-10       1.423302914811e-13      -6.203418041561e-12       0.000000000000e+00       2.935101878642e-12       5.651866203591e-13      -3.544343935593e-15 
  157       6.209385190037e-10       1.413233393370e-13      -6.188041172403e-12       0.000000000000e+00       2.880968786227e-12       5.571437055789e-13      -3.479544729983e-15 
  158       6.251541433461e-10       1.402671532737e-13      -6.169188592470e-12       0.000000000000e+00       2.828100345709e-12       5.492111171424e-13      -3.413908884386e-15 
  159       6.293347140109e-10       1.391636303515e-13      -6.146829773062e-12       0.000000000000e+00       2.776485446709e-12       5.413931555345e-13      -3.347585769637e-15 
  160       6.334790273506e-10       1.380147813649e-13      -6.120936046032e-12       0.000000000000e+00       2.726108717551e-12       5.336938735263e-13      -3.280731202542e-15 
  161       6.375858517489e-10       1.368227325358e-13      -6.091480644536e-12       0.000000000000e+00       2.676950433590e-12       5.261170689186e-13      -3.213507534034e-15 
  162       6.416539271245e-10       1.355897272059e-13      -6.058438743777e-12       0.000000000000e+00       2.628986425521e-12       5.186662772853e-13      -3.146083737332e-15 
  163       6.456819644354e-10       1.343181275301e-13      -6.021787501754e-12       0.000000000000e+00       2.582187987705e-12       5.113447647160e-13      -3.078635496107e-15 
  164       6.496686451830e-10       1.330104161686e-13      -5.981506100003e-12       0.000000000000e+00       2.536521786481e-12       5.041555205602e-13      -3.011345292637e-15 
  165       6.536126209160e-10       1.316691979805e-13      -5.937575784348e-12       0.000000000000e+00       2.491949768488e-12       4.971012501697e-13      -2.944402495969e-15 
  166       6.575125127346e-10       1.302972017159e-13      -5.889979905642e-12       0.000000000000e+00       2.448429068982e-12       4.901843676423e-13      -2.878003450080e-15 
  167       6.613669107947e-10       1.288972817096e-13      -5.838703960519e-12       0.000000000000e+00       2.405911920155e-12       4.834069885650e-13      -2.812351562037e-15 
  168       6.651743738116e-10       1.274724195730e-13      -5.783735632136e-12       0.000000000000e+00       2.364345559452e-12       4.767709227571e-13      -2.747657390153e-15 
  169       6.689334285645e-10       1.260257258879e-13      -5.725064830919e-12       0.000000000000e+00       2.323672137889e-12       4.702776670136e-13      -2.684138732154e-15 
  170       6.726425694005e-10       1.245604418986e-13      -5.662683735310e-12       0.000000000000e+00       2.283828628373e-12       4.639283978486e-13      -2.622020713335e-15 
  171       6.763003559536e-10       1.230798434465e-13      -5.596586108750e-12       0.000000000000e+00       2.244759573470e-12       4.577236105889e-13      -2.561487687978e-15 
  172       6.799057164850e-10       1.215869402405e-13      -5.526765101416e-12       0.000000000000e+00       2.206456713425e-12       4.516620180800e-13      -2.502534258582e-15 
  173       6.834576690032e-10       1.200847546387e-13      -5.453215342413e-12       0.000000000000e+00       2.168922502067e-12       4.457415458205e-13      -2.445101945557e-15 
  174       6.869552252311e-10       1.185764184337e-13      -5.375933684551e-12       0.000000000000e+00       2.132157525786e-12       4.399596687105e-13      -2.389126148179e-15 
  175       6.903973905108e-10       1.170651741472e-13      -5.294919242137e-12       0.000000000000e+00       2.096160464229e-12       4.343134023526e-13      -2.334536036151e-15 
  176       6.937831637081e-10       1.155543763235e-13      -5.210173428770e-12       0.000000000000e+00       2.060928051009e-12       4.287992943523e-13      -2.281254441163e-15 
  177       6.971115371180e-10       1.140474928235e-13      -5.121699995132e-12       0.000000000000e+00       2.026455034402e-12       4.234134156178e-13      -2.229197748449e-15 
  178       7.003814963687e-10       1.125481061192e-13      -5.029505066781e-12       0.000000000000e+00       1.992734138056e-12       4.181513516610e-13      -2.178275788352e-15 
  179       7.035920203268e-10       1.110599145871e-13      -4.933597181945e-12       0.000000000000e+00       1.959756021686e-12       4.130081938976e-13      -2.128391727880e-15 
  180       7.067420810022e-10       1.095867338024e-13      -4.833987329317e-12       0.000000000000e+00       1.927509241787e-12       4.079785309473e-13      -2.079441962266e-15 
  181       7.098306434525e-10       1.081324978332e-13      -4.730688985842e-12       0.000000000000e+00       1.895980212325e-12       4.030564399347e-13      -2.031316006529e-15 
  182       7.128566656884e-10       1.067012605341e-13      -4.623718154518e-12       0.000000000000e+00       1.865153165449e-12       3.982354777890e-13      -1.983896387034e-15 
  183       7.158190985778e-10       1.052971968408e-13      -4.513093402184e-12       0.000000000000e+00       1.835010112191e-12       3.935086725449e-13      -1.937058533052e-15 
  184       7.187168857510e-10       1.039246040633e-13      -4.398835897313e-12       0.000000000000e+00       1.805530803166e-12       3.888685146429e-13      -1.890670668318e-15 
  185       7.215489635058e-10       1.025879031804e-13      -4.280969447809e-12       0.000000000000e+00       1.776692689279e-12       3.843069482293e-13      -1.844593702592e-15 
  186       7.243142607114e-10       1.012916401338e-13      -4.159520538794e-12       0.000000000000e+00       1.748470882424e-12       3.798153624571e-13      -1.798681123219e-15 
  187       7.270116987140e-10       1.000404871216e-13      -4.034518370409e-12       0.000000000000e+00       1.720838116191e-12       3.753845827859e-13      -1.752778886690e-15 
  188       7.296401912415e-10       9.883924389288e-14      -3.905994895599e-12       0.000000000000e+00       1.693764706565e-12       3.710048622828e-13      -1.706725310198e-15 
  189       7.321986443079e-10       9.769283904115e-14      -3.773984857911e-12       0.000000000000e+00       1.667218512629e-12       3.666658729221e-13      -1.660350963203e-15 
  190       7.346859561183e-10       9.660633129868e-14      -3.638525829287e-12       0.000000000000e+00       1.641164897269e-12       3.623566968863e-13      -1.613478558987e-15 
  191       7.371010918204e-10       9.558470165136e-14      -3.499656045368e-12       0.000000000000e+00       1.615573572275e-12       3.580681083629e-13      -1.565962026788e-15 
  192       7.394433142183e-10       9.463220957261e-14      -3.357407651325e-12       0.000000000000e+00       1.590439788933e-12       3.537996282085e-13      -1.517807227202e-15 
  193       7.417119702203e-10       9.375299088158e-14      -3.211813020993e-12       0.000000000000e+00       1.565764664910e-12       3.495529829121e-13      -1.469060103487e-15 
  194       7.439064176977e-10       9.295126318522e-14      -3.062906944179e-12       0.000000000000e+00       1.541548426135e-12       3.453298604874e-13      -1.419768334877e-15 
  195       7.460260256341e-10       9.223132648779e-14      -2.910726657248e-12       0.000000000000e+00       1.517790390029e-12       3.411319092684e-13      -1.369981356361e-15 
  196       7.480701742754e-10       9.159756380035e-14      -2.755311873707e-12       0.000000000000e+00       1.494488948735e-12       3.369607367045e-13      -1.319750378443e-15 
  197       7.500382552796e-10       9.105444175031e-14      -2.596704814795e-12       0.000000000000e+00       1.471641552349e-12       3.328179081565e-13      -1.269128406915e-15 
  198       7.519296718662e-10       9.060651119087e-14      -2.434950240067e-12       0.000000000000e+00       1.449244692148e-12       3.287049456917e-13      -1.218170262626e-15 
  199       7.537438389659e-10       9.025840781060e-14      -2.270095477977e-12       0.000000000000e+00       1.427293883824e-12       3.246233268794e-13      -1.166932601246e-15 
  200       7.554801833709e-10       9.001485274288e-14      -2.102190456470e-12       0.000000000000e+00       1.405783650712e-12       3.205744835863e-13      -1.115473933039e-15 
  201       7.571381438838e-10       8.988065317546e-14      -1.931287733562e-12       0.000000000000e+00       1.384707507019e-12       3.165598007723e-13      -1.063854642632e-15 
  202       7.587171714680e-10       8.986070295994e-14      -1.757442527932e-12       0.000000000000e+00       1.364057941058e-12       3.125806152854e-13      -1.012137008777e-15 
  203       7.602167293969e-10       8.995998322127e-14      -1.580712749503e-12       0.000000000000e+00       1.343826398475e-12       3.086382146577e-13      -9.603852241279e-16 
  204       7.616362934040e-10       9.018356296728e-14      -1.401159030029e-12       0.000000000000e+00       1.324003265479e-12       3.047338359005e-13      -9.086654150032e-16 
  205       7.629753518325e-10       9.053659969818e-14      -1.218844753683e-12       0.000000000000e+00       1.304577852076e-12       3.008686642999e-13      -8.570456611569e-16 
  206       7.642334057847e-10       9.102434001604e-14      -1.033836087643e-12       0.000000000000e+00       1.285538375295e-12       2.970438322122e-13      -8.055960155465e-16 
  207       7.654099692724e-10       9.165212023433e-14      -8.462020126750e-13       0.000000000000e+00       1.266871942419e-12       2.932604178594e-13      -7.543885241013e-16 
  208       7.665045693657e-10       9.242536698744e-14      -6.560143537215e-13       0.000000000000e+00       1.248564534220e-12       2.895194441247e-13      -7.034972454914e-16 
  209       7.675167463438e-10       9.334959784012e-14      -4.633478104871e-13       0.000000000000e+00       1.230600988183e-12       2.858218773477e-13      -6.529982708958e-16 
  210       7.684460538436e-10       9.443042189705e-14      -2.682799880243e-13       0.000000000000e+00       1.212964981737e-12       2.821686261203e-13      -6.029697437708e-16 
  211       7.692920590102e-10       9.567354041233e-14      -7.089142731934e-14       0.000000000000e+00       1.195639015491e-12       2.785605400817e-13      -5.534918796192e-16 
  212       7.700543426465e-10       9.708474739898e-14       1.287343641215e-13       0.000000000000e+00       1.178604396458e-12       2.749984087142e-13      -5.046469857578e-16 
  213       7.707325373828e-10       9.866959906730e-14       3.305151771020e-13       0.000000000000e+00       1.161844885937e-12       2.714829254812e-13      -4.565045353594e-16 
  214       7.713264447439e-10       1.004323960443e-13       5.343832790581e-13       0.000000000000e+00       1.145357951970e-12       2.680145800483e-13      -4.090752273546e-16 
  215       7.718359262810e-10       1.023771335699e-13       7.402730669685e-13       0.000000000000e+00       1.129144244705e-12       2.645937564528e-13      -3.623538609804e-16 
  216       7.722608665095e-10       1.045078262304e-13       9.481168327605e-13       0.000000000000e+00       1.113203992959e-12       2.612207658190e-13      -3.163339832260e-16 
  217       7.726011731596e-10       1.068285076960e-13       1.157844744032e-12       0.000000000000e+00       1.097536997098e-12       2.578958450625e-13      -2.710078692554e-16 
  218       7.728567774254e-10       1.093432304584e-13       1.369384824774e-12       0.000000000000e+00       1.082142621915e-12       2.546191555942e-13      -2.263665028289e-16 
  219       7.730276342154e-10       1.120560655685e-13       1.582662936092e-12       0.000000000000e+00       1.067019789504e-12       2.513907820249e-13      -1.823995567256e-16 
  220       7.731137224016e-10       1.149711023743e-13       1.797602756931e-12       0.000000000000e+00       1.052166972145e-12       2.482107308688e-13      -1.390953731653e-16 
  221       7.731150450698e-10       1.180924482580e-13       2.014125764792e-12       0.000000000000e+00       1.037582185175e-12       2.450789292486e-13      -9.644094423072e-17 
  222       7.730316297694e-10       1.214242283743e-13       2.232151216460e-12       0.000000000000e+00       1.023262979870e-12       2.419952235992e-13      -5.442189228977e-17 
  223       7.728635287629e-10       1.249705853876e-13       2.451596128724e-12       0.000000000000e+00       1.009206436320e-12       2.389593783717e-13      -1.302245041733e-17 
  224       7.726108192758e-10       1.287356792099e-13       2.672375259097e-12       0.000000000000e+00       9.954091563099e-13       2.359710747384e-13       2.777455718243e-17 
  225       7.722736037467e-10       1.327236867384e-13       2.894401086543e-12       0.000000000000e+00       9.818672561957e-13       2.330299092961e-13       6.798773475396e-17 
  226       7.718520100768e-10       1.369388015931e-13       3.117583792194e-12       0.000000000000e+00       9.685763597822e-13       2.301353927711e-13       1.076371345683e-16 
  227       7.713461918798e-10       1.413852338544e-13       3.341831240076e-12       0.000000000000e+00       9.555315912012e-13       2.272869487229e-13       1.467442765008e-16 
  228       7.707563287316e-10       1.460672098012e-13       3.567048957829e-12       0.000000000000e+00       9.427275677896e-13       2.244839122485e-13       1.853321676091e-16 
  229       7.700826264205e-10       1.509889716479e-13       3.793140117431e-12       0.000000000000e+00       9.301583929670e-13       2.217255286870e-13       2.234253217113e-16 
  230       7.693253171965e-10       1.561547772824e-13       4.020005515917e-12       0.000000000000e+00       9.178176491137e-13       2.190109523232e-13       2.610497789633e-16 
  231       7.684846600213e-10       1.615689000039e-13       4.247543556106e-12       0.000000000000e+00       9.056983904484e-13       2.163392450924e-13       2.982331254370e-16 
  232       7.675609408183e-10       1.672356282604e-13       4.475650227318e-12       0.000000000000e+00       8.937931359063e-13       2.137093752842e-13       3.350045126983e-16 
  233       7.665544727222e-10       1.731592653861e-13       4.704219086100e-12       0.000000000000e+00       8.820938620169e-13       2.111202162469e-13       3.713946773847e-16 
  234       7.654655963288e-10       1.793441293397e-13       4.933141236948e-12       0.000000000000e+00       8.705919957819e-13       2.085705450918e-13       4.074359607833e-16 
  235       7.642946799450e-10       1.857945524415e-13       5.162305313025e-12       0.000000000000e+00       8.592784075527e-13       2.060590413971e-13       4.431623284089e-16 
  236       7.630421198382e-10       1.925148811110e-13       5.391597456889e-12       0.000000000000e+00       8.481434039089e-13       2.035842859125e-13       4.786093895815e-16 
  237       7.617083404867e-10       1.995094756053e-13       5.620901301210e-12       0.000000000000e+00       8.371767205358e-13       2.011447592632e-13       5.138144170045e-16 
  238       7.602937904791e-10       2.067823155494e-13       5.850104596902e-12       0.000000000000e+00       8.263694971369e-13       1.987391022826e-13       5.488079783959e-16 
  239       7.587989294220e-10       2.143357905540e-13       6.079119582938e-12       0.000000000000e+00       8.157203496617e-13       1.963669171901e-13       5.835882283300e-16 
  240       7.572242407236e-10       2.221718358203e-13       6.307863813219e-12       0.000000000000e+00       8.052296521419e-13       1.940280124386e-13       6.181450968759e-16 
  241       7.555702361122e-10       2.302923186696e-13       6.536253614936e-12       0.000000000000e+00       7.948975848184e-13       1.917221447114e-13       6.524685393369e-16 
  242       7.538374558758e-10       2.386990374487e-13       6.764204083314e-12       0.000000000000e+00       7.847241312006e-13       1.894490181784e-13       6.865485381333e-16 
  243       7.520264691038e-10       2.473937204358e-13       6.991629076361e-12       0.000000000000e+00       7.747090751256e-13       1.872082837524e-13       7.203751046846e-16 
  244       7.501378739270e-10       2.563780247473e-13       7.218441209607e-12       0.000000000000e+00       7.648519978175e-13       1.849995383454e-13       7.539382812921e-16 
  245       7.481722977584e-10       2.656535352431e-13       7.444551850859e-12       0.000000000000e+00       7.551522749463e-13       1.828223241241e-13       7.872281430212e-16 
  246       7.461303975337e-10       2.752217634329e-13       7.669871114938e-12       0.000000000000e+00       7.456090736877e-13       1.806761277669e-13       8.202347995840e-16 
  247       7.440128599523e-10       2.850841463822e-13       7.894307858431e-12       0.000000000000e+00       7.362213497819e-13       1.785603797195e-13       8.529483972212e-16 
  248       7.418204017174e-10       2.952420456184e-13       8.117769674433e-12       0.000000000000e+00       7.269878445929e-13       1.764744534512e-13       8.853591205854e-16 
  249       7.395537697772e-10       3.056967460368e-13       8.340162887295e-12       0.000000000000e+00       7.179070821681e-13       1.744176647111e-13       9.174571946225e-16 
  250       7.372137415651e-10       3.164494548065e-13       8.561392547369e-12       0.000000000000e+00       7.089773662969e-13       1.723892707841e-13       9.492328864550e-16 
  251       7.348011252405e-10       3.275013002767e-13       8.781362425752e-12       0.000000000000e+00       7.001967775703e-13       1.703884697475e-13       9.806765072639e-16 
  252       7.323167599293e-10       3.388533308825e-13       8.999975009036e-12       0.000000000000e+00       6.915631704403e-13       1.684143997265e-13       1.011778414171e-15 
  253       7.297615159648e-10       3.505065140508e-13       9.217131494049e-12       0.000000000000e+00       6.830741702788e-13       1.664661381509e-13       1.042529012123e-15 
  254       7.271362951282e-10       3.624617351067e-13       9.432731782603e-12       0.000000000000e+00       6.747271704370e-13       1.645427010109e-13       1.072918755770e-15 
  255       7.244420308890e-10       3.747197961795e-13       9.646674476241e-12       0.000000000000e+00       6.665193293046e-13       1.626430421135e-13       1.102938151353e-15 
  256       7.216796886460e-10       3.872814151082e-13       9.858856870981e-12       0.000000000000e+00       6.584475673690e-13       1.607660523386e-13       1.132577758581e-15 
  257       7.188502659677e-10       4.001472243484e-13       1.006917495206e-11       0.000000000000e+00       6.505085642747e-13       1.589105588951e-13       1.161828192519e-15 
  258       7.159547928331e-10       4.133177698773e-13       1.027752338868e-11       0.000000000000e+00       6.426987558821e-13       1.570753245769e-13       1.190680125467e-15 
  259       7.129943318721e-10       4.267935101008e-13       1.048379552877e-11       0.000000000000e+00       6.350143313274e-13       1.552590470195e-13       1.219124288841e-15 
  260       7.099699786063e-10       4.405748147586e-13       1.068788339370e-11       0.000000000000e+00       6.274512300812e-13       1.534603579557e-13       1.247151475059e-15 
  261       7.068828616895e-10       4.546619638308e-13       1.088967767305e-11       0.000000000000e+00       6.200051390082e-13       1.516778224721e-13       1.274752539422e-15 
  262       7.037341431487e-10       4.690551464438e-13       1.108906771935e-11       0.000000000000e+00       6.126714894261e-13       1.499099382649e-13       1.301918401996e-15 
  263       7.005250186242e-10       4.837544597763e-13       1.128594154283e-11       0.000000000000e+00       6.054454541650e-13       1.481551348963e-13       1.328640049495e-15 
  264       6.972567176104e-10       4.987599079651e-13       1.148018580615e-11       0.000000000000e+00       5.983219446267e-13       1.464117730508e-13       1.354908537162e-15 
  265       6.939305036969e-10       5.140714010116e-13       1.167168581918e-11       0.000000000000e+00       5.912956078436e-13       1.446781437910e-13       1.380714990652e-15 
  266       6.905476159735e-10       5.296884929846e-13       1.186033347365e-11       0.000000000000e+00       5.843618414444e-13       1.429528416798e-13       1.406052301429e-15 
  267       6.871090892273e-10       5.456095831369e-13       1.204605153542e-11       0.000000000000e+00       5.775199056581e-13       1.412359081220e-13       1.430920311039e-15 
  268       6.836159244506e-10       5.618326692786e-13       1.222877066115e-11       0.000000000000e+00       5.707699745776e-13       1.395277486619e-13       1.455320912014e-15 
  269       6.800691469368e-10       5.783556030477e-13       1.240842158523e-11       0.000000000000e+00       5.641121322537e-13       1.378287645953e-13       1.479256384433e-15 
  270       6.764698064220e-10       5.951760883753e-13       1.258493512792e-11       0.000000000000e+00       5.575463714741e-13       1.361393528579e-13       1.502729400661e-15 
  271       6.728189772261e-10       6.122916799513e-13       1.275824220353e-11       0.000000000000e+00       5.510725925427e-13       1.344599059127e-13       1.525743030095e-15 
  272       6.691177583937e-10       6.296997816899e-13       1.292827382861e-11       0.000000000000e+00       5.446906020585e-13       1.327908116379e-13       1.548300743909e-15 
  273       6.653672738361e-10       6.473976451951e-13       1.309496113005e-11       0.000000000000e+00       5.384001116948e-13       1.311324532152e-13       1.570406419794e-15 
  274       6.615686724717e-10       6.653823682263e-13       1.325823535327e-11       0.000000000000e+00       5.322007369782e-13       1.294852090168e-13       1.592064346704e-15 
  275       6.577231283677e-10       6.836508931639e-13       1.341802787042e-11       0.000000000000e+00       5.260919960679e-13       1.278494524942e-13       1.613279229602e-15 
  276       6.538318408812e-10       7.022000054745e-13       1.357427018848e-11       0.000000000000e+00       5.200733085348e-13       1.262255520654e-13       1.634056194199e-15 
  277       6.498960348003e-10       7.210263321770e-13       1.372689395743e-11       0.000000000000e+00       5.141439941402e-13       1.246138710029e-13       1.654400791704e-15 
  278       6.459169604857e-10       7.401263403077e-13       1.387583097846e-11       0.000000000000e+00       5.083032716155e-13       1.230147673216e-13       1.674319003560e-15 
  279       6.418958940113e-10       7.594963353860e-13       1.402101321209e-11       0.000000000000e+00       5.025502574409e-13       1.214285936668e-13       1.693817246196e-15 
  280       6.378341373061e-10       7.791324598800e-13       1.416237278632e-11       0.000000000000e+00       4.968839646246e-13       1.198556972015e-13       1.712902375763e-15 
  281       6.337330182949e-10       7.990306916719e-13       1.429984200484e-11       0.000000000000e+00       4.913033014820e-13       1.182964194951e-13       1.731581692886e-15 
  282       6.295938910399e-10       8.191868425235e-13       1.443335335515e-11       0.000000000000e+00       4.858070704147e-13       1.167510964103e-13       1.749862947399e-15 
  283       6.254181358816e-10       8.395965565421e-13       1.456283951673e-11       0.000000000000e+00       4.803939666896e-13       1.152200579918e-13       1.767754343098e-15 
  284       6.212071595803e-10       8.602553086456e-13       1.468823336921e-11       0.000000000000e+00       4.750625772181e-13       1.137036283535e-13       1.785264542475e-15 
  285       6.169623954571e-10       8.811584030284e-13       1.480946800053e-11       0.000000000000e+00       4.698113793350e-13       1.122021255668e-13       1.802402671471e-15 
  286       6.126853035354e-10       9.023009716266e-13       1.492647671508e-11       0.000000000000e+00       4.646387395780e-13       1.107158615481e-13       1.819178324213e-15 
  287       6.083773706815e-10       9.236779725839e-13       1.503919304191e-11       0.000000000000e+00       4.595429124663e-13       1.092451419468e-13       1.835601567763e-15 
  288       6.040401107469e-10       9.452841887167e-13       1.514755074283e-11       0.000000000000e+00       4.545220392802e-13       1.077902660334e-13       1.851682946857e-15 
  289       5.996750647084e-10       9.671142259803e-13       1.525148382061e-11       0.000000000000e+00       4.495741468397e-13       1.063515265867e-13       1.867433488653e-15 
  290       5.952838008099e-10       9.891625119337e-13       1.535092652715e-11       0.000000000000e+00       4.446971462842e-13       1.049292097822e-13       1.882864707471e-15 
  291       5.908679147038e-10       1.011423294206e-12       1.544581337159e-11       0.000000000000e+00       4.398888318510e-13       1.035235950800e-13       1.897988609541e-15 
  292       5.864290295916e-10       1.033890638960e-12       1.553607912855e-11       0.000000000000e+00       4.351468796547e-13       1.021349551122e-13       1.912817697741e-15 
  293       5.819687963657e-10       1.056558429361e-12       1.562165884621e-11       0.000000000000e+00       4.304688464665e-13       1.007635555710e-13       1.927364976349e-15 
  294       5.774888937503e-10       1.079420364039e-12       1.570248785451e-11       0.000000000000e+00       4.258521684928e-13       9.940965509648e-14       1.941643955778e-15 
  295       5.729910284429e-10       1.102469955558e-12       1.577850177333e-11       0.000000000000e+00       4.212941601549e-13       9.807350516465e-14       1.955668657327e-15 
  296       5.684769352551e-10       1.125700528877e-12       1.584963652061e-11       0.000000000000e+00       4.167920128676e-13       9.675534997501e-14       1.969453617918e-15 
  297       5.639482720248e-10       1.149105395250e-12       1.591583487070e-11       0.000000000000e+00       4.123433231393e-13       9.545537679428e-14       1.983010682442e-15 
  298       5.594062984009e-10       1.172678386439e-12       1.597706646582e-11       0.000000000000e+00       4.079477078290e-13       9.417356454220e-14       1.996339198212e-15 
  299       5.548521816868e-10       1.196413343531e-12       1.603330879529e-11       0.000000000000e+00       4.036052651886e-13       9.290982761127e-14       2.009435352123e-15 
  300       5.502871006590e-10       1.220303942554e-12       1.608454075020e-11       0.000000000000e+00       3.993160521314e-13       9.166406456779e-14       2.022295340397e-15 
  301       5.457122455651e-10       1.244343693187e-12       1.613074264046e-11       0.000000000000e+00       3.950800837292e-13       9.043615797252e-14       2.034915368971e-15 
  302       5.411288181227e-10       1.268525937462e-12       1.617189621183e-11       0.000000000000e+00       3.908973327091e-13       8.922597420135e-14       2.047291653886e-15 
  303       5.365380315175e-10       1.292843848464e-12       1.620798466297e-11       0.000000000000e+00       3.867677289502e-13       8.803336326602e-14       2.059420421676e-15 
  304       5.319411104025e-10       1.317290429038e-12       1.623899266245e-11       0.000000000000e+00       3.826911589801e-13       8.685815863471e-14       2.071297909755e-15 
  305       5.273392908958e-10       1.341858510491e-12       1.626490636587e-11       0.000000000000e+00       3.786674654723e-13       8.570017705280e-14       2.082920366805e-15 
  306       5.227338205800e-10       1.366540751294e-12       1.628571343279e-11       0.000000000000e+00       3.746964467425e-13       8.455921836347e-14       2.094284053167e-15 
  307       5.181259584997e-10       1.391329635790e-12       1.630140304389e-11       0.000000000000e+00       3.707778562455e-13       8.343506532843e-14       2.105385241225e-15 
  308       5.135169751611e-10       1.416217472891e-12       1.631196591793e-11       0.000000000000e+00       3.669114020721e-13       8.232748344854e-14       2.116220215800e-15 
  309       5.089081525299e-10       1.441196394786e-12       1.631739432882e-11       0.000000000000e+00       3.630967464455e-13       8.123622078452e-14       2.126785274531e-15 
  310       5.043007840299e-10       1.466258355646e-12       1.631768212267e-11       0.000000000000e+00       3.593335052187e-13       8.016100777761e-14       2.137076728271e-15 
  311       4.996961745419e-10       1.491395130319e-12       1.631282473480e-11       0.000000000000e+00       3.556212473708e-13       7.910155707024e-14       2.147090901469e-15 
  312       4.950956404019e-10       1.516598313043e-12       1.630281920683e-11       0.000000000000e+00       3.519594945037e-13       7.805756332669e-14       2.156824132562e-15 
  313       4.905005093998e-10       1.541859316144e-12       1.628766420368e-11       0.000000000000e+00       3.483477203394e-13       7.702870305379e-14       2.166272774361e-15 
  314       4.859121207779e-10       1.567169368741e-12       1.626736003066e-11       0.000000000000e+00       3.447853502163e-13       7.601463442158e-14       2.175433194444e-15 
  315       4.813318252295e-10       1.592519515448e-12       1.624190865044e-11       0.000000000000e+00       3.412717605862e-13       7.501499708396e-14       2.184301775535e-15 
  316       4.767609848972e-10       1.617900615080e-12       1.621131370016e-11       0.000000000000e+00       3.378062785110e-13       7.402941199941e-14       2.192874915903e-15 
  317       4.722009733721e-10       1.643303339356e-12       1.617558050844e-11       0.000000000000e+00       3.343881811596e-13       7.305748125161e-14       2.201149029744e-15 
  318       4.676531756915e-10       1.668718171597e-12       1.613471611243e-11       0.000000000000e+00       3.310166953045e-13       7.209878787015e-14       2.209120547569e-15 
  319       4.631189883380e-10       1.694135405437e-12       1.608872927485e-11       0.000000000000e+00       3.276909968186e-13       7.115289565118e-14       2.216785916596e-15 
  320       4.585998192381e-10       1.719545143524e-12       1.603763050103e-11       0.000000000000e+00       3.244102101723e-13       7.021934897809e-14       2.224141601134e-15 
  321       4.540970877602e-10       1.744937296220e-12       1.598143205596e-11       0.000000000000e+00       3.211734079297e-13       6.929767264219e-14       2.231184082977e-15 
  322       4.496122247137e-10       1.770301580307e-12       1.592014798132e-11       0.000000000000e+00       3.179796102459e-13       6.838737166336e-14       2.237909861784e-15 
  323       4.451466723475e-10       1.795627517693e-12       1.585379411253e-11       0.000000000000e+00       3.148277843636e-13       6.748793111076e-14       2.244315455477e-15 
  324       4.407018843481e-10       1.820904434109e-12       1.578238809581e-11       0.000000000000e+00       3.117168441098e-13       6.659881592345e-14       2.250397400622e-15 
  325       4.362793258386e-10       1.846121457820e-12       1.570594940517e-11       0.000000000000e+00       3.086456493926e-13       6.571947073111e-14       2.256152252818e-15 
  326       4.318804733771e-10       1.871267518321e-12       1.562449935952e-11       0.000000000000e+00       3.056130056982e-13       6.484931967470e-14       2.261576587091e-15 
  327       4.275068149554e-10       1.896331345046e-12       1.553806113966e-11       0.000000000000e+00       3.026176635873e-13       6.398776622710e-14       2.266666998275e-15 
  328       4.231598499970e-10       1.921301466069e-12       1.544665980534e-11       0.000000000000e+00       2.996583181922e-13       6.313419301382e-14       2.271420101405e-15 
  329       4.188410893565e-10       1.946166206807e-12       1.535032231231e-11       0.000000000000e+00       2.967336087134e-13       6.228796163366e-14       2.275832532103e-15 
  330       4.145520553173e-10       1.970913688725e-12       1.524907752935e-11       0.000000000000e+00       2.938421179164e-13       6.144841247939e-14       2.279900946968e-15 
  331       4.102942815909e-10       1.995531828037e-12       1.514295625533e-11       0.000000000000e+00       2.909823716288e-13       6.061486455839e-14       2.283622023964e-15 
  332       4.060691948211e-10       2.020009216578e-12       1.503199163126e-11       0.000000000000e+00       2.881531139627e-13       5.978675414552e-14       2.286993381194e-15 
  333       4.018777533912e-10       2.044337809511e-12       1.491622036164e-11       0.000000000000e+00       2.853541472785e-13       5.896405779088e-14       2.290016376713e-15 
  334       3.977207928526e-10       2.068510352368e-12       1.479568157974e-11       0.000000000000e+00       2.825855278918e-13       5.814688742064e-14       2.292693431656e-15 
  335       3.935991428667e-10       2.092519509130e-12       1.467041647482e-11       0.000000000000e+00       2.798472934501e-13       5.733535314138e-14       2.295027124250e-15 
  336       3.895136270752e-10       2.116357861882e-12       1.454046830957e-11       0.000000000000e+00       2.771394627289e-13       5.652956321143e-14       2.297020191200e-15 
  337       3.854650629698e-10       2.140017910480e-12       1.440588243756e-11       0.000000000000e+00       2.744620354278e-13       5.572962401228e-14       2.298675529072e-15 
  338       3.814542617624e-10       2.163492072208e-12       1.426670632076e-11       0.000000000000e+00       2.718149919666e-13       5.493564001989e-14       2.299996195682e-15 
  339       3.774820282547e-10       2.186772681442e-12       1.412298954700e-11       0.000000000000e+00       2.691982932811e-13       5.414771377611e-14       2.300985411475e-15 
  340       3.735491607086e-10       2.209851989306e-12       1.397478384739e-11       0.000000000000e+00       2.666118806196e-13       5.336594586000e-14       2.301646560916e-15 
  341       3.696564507157e-10       2.232722163339e-12       1.382214311386e-11       0.000000000000e+00       2.640556753386e-13       5.259043485922e-14       2.301983193874e-15 
  342       3.658046830672e-10       2.255375287150e-12       1.366512341659e-11       0.000000000000e+00       2.615295786989e-13       5.182127734137e-14       2.301999027004e-15 
  343       3.619946356243e-10       2.277803360086e-12       1.350378302149e-11       0.000000000000e+00       2.590334716618e-13       5.105856782538e-14       2.301697945136e-15 
  344       3.582270791877e-10       2.299998296885e-12       1.333818240768e-11       0.000000000000e+00       2.565672146852e-13       5.030239875286e-14       2.301084002656e-15 
  345       3.545027773677e-10       2.321951927341e-12       1.316838428494e-11       0.000000000000e+00       2.541306475194e-13       4.955286045944e-14       2.300161424896e-15 
  346       3.508224864543e-10       2.343655995968e-12       1.299445361120e-11       0.000000000000e+00       2.517235890034e-13       4.881004114621e-14       2.298934609515e-15 
  347       3.471869552865e-10       2.365102161655e-12       1.281645761002e-11       0.000000000000e+00       2.493458368607e-13       4.807402685097e-14       2.297408127886e-15 
  348       3.435969251232e-10       2.386281997328e-12       1.263446578801e-11       0.000000000000e+00       2.469971674958e-13       4.734490141970e-14       2.295586726482e-15 
  349       3.400531295123e-10       2.407186989616e-12       1.244854995238e-11       0.000000000000e+00       2.446773357898e-13       4.662274647787e-14       2.293475328258e-15 
  350       3.365562941610e-10       2.427808538505e-12       1.225878422834e-11       0.000000000000e+00       2.423860748967e-13       4.590764140180e-14       2.291079034040e-15 
  351       3.331071368057e-10       2.448137957005e-12       1.206524507661e-11       0.000000000000e+00       2.401230960393e-13       4.519966329004e-14       2.288403123907e-15 
  352       3.297063670819e-10       2.468166470806e-12       1.186801131087e-11       0.000000000000e+00       2.378880883055e-13       4.449888693475e-14       2.285453058578e-15 
  353       3.263546863942e-10       2.487885217943e-12       1.166716411526e-11       0.000000000000e+00       2.356807184442e-13       4.380538479302e-14       2.282234480796e-15 
  354       3.230527877861e-10       2.507285248454e-12       1.146278706183e-11       0.000000000000e+00       2.335006306614e-13       4.311922695826e-14       2.278753216715e-15 
  355       3.198013558100e-10       2.526357524040e-12       1.125496612798e-11       0.000000000000e+00       2.313474464161e-13       4.244048113158e-14       2.275015277283e-15 
  356       3.166010663973e-10       2.545092917732e-12       1.104378971401e-11       0.000000000000e+00       2.292207642167e-13       4.176921259311e-14       2.271026859627e-15 
  357       3.134525867280e-10       2.563482213545e-12       1.082934866052e-11       0.000000000000e+00       2.271201594166e-13       4.110548417342e-14       2.266794348440e-15 
  358       3.103565751008e-10       2.581516106142e-12       1.061173626590e-11       0.000000000000e+00       2.250451840108e-13       4.044935622482e-14       2.262324317366e-15 
  359       3.073136808032e-10       2.599185200494e-12       1.039104830384e-11       0.000000000000e+00       2.229953664315e-13       3.980088659277e-14       2.257623530382e-15 
  360       3.043245439811e-10       2.616480011544e-12       1.016738304073e-11       0.000000000000e+00       2.209702113444e-13       3.916013058723e-14       2.252698943188e-15 
  361       3.013897955090e-10       2.633390963863e-12       9.940841253190e-12       0.000000000000e+00       2.189691994447e-13       3.852714095404e-14       2.247557704588e-15 
  362       2.985100568599e-10       2.649908391315e-12       9.711526245519e-12       0.000000000000e+00       2.169917872530e-13       3.790196784623e-14       2.242207157878e-15 
  363       2.956859399750e-10       2.666022536714e-12       9.479543867165e-12       0.000000000000e+00       2.150374069117e-13       3.728465879545e-14       2.236654842228e-15 
  364       2.929180471340e-10       2.681723551490e-12       9.245002530197e-12       0.000000000000e+00       2.131054659809e-13       3.667525868329e-14       2.230908494070e-15 
  365       2.902069708247e-10       2.697001495346e-12       9.008013226781e-12       0.000000000000e+00       2.111953472342e-13       3.607380971268e-14       2.224976048482e-15 
  366       2.875532936130e-10       2.711846335919e-12       8.768689546645e-12       0.000000000000e+00       2.093064084553e-13       3.548035137920e-14       2.218865640575e-15 
  367       2.849575880132e-10       2.726247948444e-12       8.527147694552e-12       0.000000000000e+00       2.074379822333e-13       3.489492044251e-14       2.212585606874e-15 
  368       2.824204163573e-10       2.740196115411e-12       8.283506507773e-12       0.000000000000e+00       2.055893757597e-13       3.431755089764e-14       2.206144486705e-15 
  369       2.799423306654e-10       2.753680526229e-12       8.037887473555e-12       0.000000000000e+00       2.037598706237e-13       3.374827394642e-14       2.199551023584e-15 
  370       2.775238725156e-10       2.766690776885e-12       7.790414746596e-12       0.000000000000e+00       2.019487226085e-13       3.318711796882e-14       2.192814166596e-15 
  371       2.751655128704e-10       2.779217658693e-12       7.541206287736e-12       0.000000000000e+00       2.001552968323e-13       3.263409970072e-14       2.185941665067e-15 
  372       2.728674692268e-10       2.791257080804e-12       7.290346862192e-12       0.000000000000e+00       1.983794794151e-13       3.208919744529e-14       2.178935789135e-15 
  373       2.706298810617e-10       2.802806300405e-12       7.037914019787e-12       0.000000000000e+00       1.966212815087e-13       3.155237675802e-14       2.171797444564e-15 
  374       2.684528690482e-10       2.813862648256e-12       6.783986888130e-12       0.000000000000e+00       1.948807053187e-13       3.102359910956e-14       2.164527564516e-15 
  375       2.663365348731e-10       2.824423529475e-12       6.528646182370e-12       0.000000000000e+00       1.931577440184e-13       3.050282184945e-14       2.157127109715e-15 
  376       2.642809610549e-10       2.834486424313e-12       6.271974214947e-12       0.000000000000e+00       1.914523816624e-13       2.998999816986e-14       2.149597068608e-15 
  377       2.622862107612e-10       2.844048888943e-12       6.014054905339e-12       0.000000000000e+00       1.897645931007e-13       2.948507706926e-14       2.141938457525e-15 
  378       2.603523276269e-10       2.853108556238e-12       5.754973789820e-12       0.000000000000e+00       1.880943438919e-13       2.898800331617e-14       2.134152320847e-15 
  379       2.584793355715e-10       2.861663136553e-12       5.494818031205e-12       0.000000000000e+00       1.864415902173e-13       2.849871741288e-14       2.126239731160e-15 
  380       2.566672386169e-10       2.869710418508e-12       5.233676428604e-12       0.000000000000e+00       1.848062787947e-13       2.801715555917e-14       2.118201789422e-15 
  381       2.549160207054e-10       2.877248269768e-12       4.971639427170e-12       0.000000000000e+00       1.831883467918e-13       2.754324961598e-14       2.110039625126e-15 
  382       2.532256455170e-10       2.884274637826e-12       4.708799127855e-12       0.000000000000e+00       1.815877217403e-13       2.707692706920e-14       2.101754396458e-15 
  383       2.515960562876e-10       2.890787550786e-12       4.445249297156e-12       0.000000000000e+00       1.800043214494e-13       2.661811099335e-14       2.093347290460e-15 
  384       2.500271756263e-10       2.896785118141e-12       4.181085376870e-12       0.000000000000e+00       1.784380539196e-13       2.616672001528e-14       2.084819523197e-15 
  385       2.485189053334e-10       2.902265531559e-12       3.916404493842e-12       0.000000000000e+00       1.768888172566e-13       2.572266827793e-14       2.076172339911e-15 
  386       2.470711262179e-10       2.907227065662e-12       3.651305469716e-12       0.000000000000e+00       1.753564995846e-13       2.528586540400e-14       2.067407015188e-15 
  387       2.456836979155e-10       2.911668078809e-12       3.385888830689e-12       0.000000000000e+00       1.738409789607e-13       2.485621645973e-14       2.058524853121e-15 
  388       2.443564587062e-10       2.915587013876e-12       3.120256817261e-12       0.000000000000e+00       1.723421232881e-13       2.443362191856e-14       2.049527187468e-15 
  389       2.430892253318e-10       2.918982399041e-12       2.854513393982e-12       0.000000000000e+00       1.708597902300e-13       2.401797762486e-14       2.040415381817e-15 
  390       2.418817928141e-10       2.921852848563e-12       2.588764259209e-12       0.000000000000e+00       1.693938271234e-13       2.360917475768e-14       2.031190829746e-15 
  391       2.407339342722e-10       2.924197063565e-12       2.323116854853e-12       0.000000000000e+00       1.679440708927e-13       2.320709979443e-14       2.021854954988e-15 
  392       2.396454007403e-10       2.926013832815e-12       2.057680376131e-12       0.000000000000e+00       1.665103479638e-13       2.281163447462e-14       2.012409211588e-15 
  393       2.386159209859e-10       2.927302033509e-12       1.792565781318e-12       0.000000000000e+00       1.650924741773e-13       2.242265576356e-14       2.002855084072e-15 
  394       2.376452013266e-10       2.928060632051e-12       1.527885801496e-12       0.000000000000e+00       1.636902547026e-13       2.204003581611e-14       1.993194087602e-15 
  395       2.367329254487e-10       2.928288684837e-12       1.263754950307e-12       0.000000000000e+00       1.623034839516e-13       2.166364194035e-14       1.983427768142e-15 
  396       2.358787542246e-10       2.927985339034e-12       1.000289533704e-12       0.000000000000e+00       1.609319454925e-13       2.129333656134e-14       1.973557702620e-15 
  397       2.350823255303e-10       2.927149833364e-12       7.376076596991e-13       0.000000000000e+00       1.595754119632e-13       2.092897718482e-14       1.963585499087e-15 
  398       2.343432540635e-10       2.925781498886e-12       4.758292481191e-13       0.000000000000e+00       1.582336449854e-13       2.057041636092e-14       1.953512796884e-15 
  399       2.336611311612e-10       2.923879759775e-12       2.150760403522e-13       0.000000000000e+00       1.569063950782e-13       2.021750164791e-14       1.943341266798e-15 
  400       2.330355246173e-10       2.921444134108e-12      -4.452839089847e-14       0.000000000000e+00       1.555934015719e-13       1.987007557585e-14       1.933072611231e-15 
  401       2.324659785004e-10       2.918474234641e-12      -3.028586318646e-13       0.000000000000e+00       1.542943925217e-13       1.952797561041e-14       1.922708564353e-15 
  402       2.319520129716e-10       2.914969769594e-12      -5.597874179618e-13       0.000000000000e+00       1.530090846214e-13       1.919103411649e-14       1.912250892275e-15 
  403       2.314931241021e-10       2.910930543432e-12      -8.151856240381e-13       0.000000000000e+00       1.517371831170e-13       1.885907832198e-14       1.901701393200e-15 
  404       2.310887836911e-10       2.906356457647e-12      -1.068922254624e-12       0.000000000000e+00       1.504783817211e-13       1.853193028150e-14       1.891061897593e-15 
  405       2.307384390833e-10       2.901247511539e-12      -1.320864434179e-12       0.000000000000e+00       1.492323625256e-13       1.820940684008e-14       1.880334268339e-15 
  406       2.304415129868e-10       2.895603802998e-12      -1.570877397345e-12       0.000000000000e+00       1.479987959163e-13       1.789131959688e-14       1.869520400907e-15 
  407       2.301974032908e-10       2.889425529287e-12      -1.818824479190e-12       0.000000000000e+00       1.467773404863e-13       1.757747486894e-14       1.858622223512e-15 
  408       2.300054828833e-10       2.882712987821e-12      -2.064567105461e-12       0.000000000000e+00       1.455676429498e-13       1.726767365486e-14       1.847641697274e-15 
  409       2.298650994687e-10       2.875466576953e-12      -2.307964782832e-12       0.000000000000e+00       1.443693380557e-13       1.696171159854e-14       1.836580816382e-15 
  410       2.297756177214e-10       2.867687507481e-12      -2.548889401904e-12       0.000000000000e+00       1.431821126372e-13       1.665941618841e-14       1.825441413715e-15 
  411       2.297365477627e-10       2.859379963367e-12      -2.787268724252e-12       0.000000000000e+00       1.420059004356e-13       1.636075988075e-14       1.814224569766e-15 
  412       2.297474208761e-10       2.850549019082e-12      -3.023044416465e-12       0.000000000000e+00       1.408406940072e-13       1.606575091173e-14       1.802931183102e-15 
  413       2.298077474311e-10       2.841199937080e-12      -3.256157876966e-12       0.000000000000e+00       1.396864811706e-13       1.577439641411e-14       1.791562163035e-15 
  414       2.299170167311e-10       2.831338169077e-12      -3.486550236447e-12       0.000000000000e+00       1.385432449662e-13       1.548670240743e-14       1.780118429648e-15 
  415       2.300746968611e-10       2.820969357348e-12      -3.714162358316e-12       0.000000000000e+00       1.374109636154e-13       1.520267378827e-14       1.768600913820e-15 
  416       2.302802345361e-10       2.810099336008e-12      -3.938934839137e-12       0.000000000000e+00       1.362896104801e-13       1.492231432049e-14       1.757010557243e-15 
  417       2.305330549482e-10       2.798734132301e-12      -4.160808009070e-12       0.000000000000e+00       1.351791540222e-13       1.464562662544e-14       1.745348312456e-15 
  418       2.308325616150e-10       2.786879967893e-12      -4.379721932315e-12       0.000000000000e+00       1.340795577631e-13       1.437261217221e-14       1.733615142859e-15 
  419       2.311781362276e-10       2.774543260154e-12      -4.595616407550e-12       0.000000000000e+00       1.329907802427e-13       1.410327126788e-14       1.721812022740e-15 
  420       2.315691384977e-10       2.761730623446e-12      -4.808430968377e-12       0.000000000000e+00       1.319127749791e-13       1.383760304771e-14       1.709939937299e-15 
  421       2.320049060066e-10       2.748448870417e-12      -5.018104883757e-12       0.000000000000e+00       1.308454904282e-13       1.357560546542e-14       1.697999882673e-15 
  422       2.324847540520e-10       2.734705013281e-12      -5.224577158459e-12       0.000000000000e+00       1.297888699427e-13       1.331727528340e-14       1.685992865954e-15 
  423       2.330079754965e-10       2.720506265112e-12      -5.427786533496e-12       0.000000000000e+00       1.287428517318e-13       1.306260806294e-14       1.673919905217e-15 
  424       2.335738406153e-10       2.705860041129e-12      -5.627671486568e-12       0.000000000000e+00       1.277073688204e-13       1.281159815447e-14       1.661782029545e-15 
  425       2.341815969442e-10       2.690773959985e-12      -5.824170232505e-12       0.000000000000e+00       1.266823490088e-13       1.256423868781e-14       1.649580279047e-15 
  426       2.348304691273e-10       2.675255845052e-12      -6.017220723705e-12       0.000000000000e+00       1.256677148319e-13       1.232052156239e-14       1.637315704884e-15 
  427       2.355196587648e-10       2.659313725715e-12      -6.206760650580e-12       0.000000000000e+00       1.246633835185e-13       1.208043743747e-14       1.624989369295e-15 
  428       2.362483442612e-10       2.642955838654e-12      -6.392727441993e-12       0.000000000000e+00       1.236692669512e-13       1.184397572240e-14       1.612602345616e-15 
  429       2.370156806729e-10       2.626190629133e-12      -6.575058265702e-12       0.000000000000e+00       1.226852716251e-13       1.161112456684e-14       1.600155718308e-15 
  430       2.378207995561e-10       2.609026752291e-12      -6.753690028801e-12       0.000000000000e+00       1.217112986078e-13       1.138187085100e-14       1.587650582975e-15 
  431       2.386628088149e-10       2.591473074428e-12      -6.928559378162e-12       0.000000000000e+00       1.207472434987e-13       1.115620017586e-14       1.575088046395e-15 
  432       2.395407925489e-10       2.573538674290e-12      -7.099602700874e-12       0.000000000000e+00       1.197929963881e-13       1.093409685342e-14       1.562469226535e-15 
  433       2.404538109011e-10       2.555232844363e-12      -7.266756124687e-12       0.000000000000e+00       1.188484418170e-13       1.071554389694e-14       1.549795252581e-15 
  434       2.414008999060e-10       2.536565092155e-12      -7.429955518454e-12       0.000000000000e+00       1.179134587363e-13       1.050052301114e-14       1.537067264958e-15 
  435       2.423810713373e-10       2.517545141489e-12      -7.589136492569e-12       0.000000000000e+00       1.169879204662e-13       1.028901458248e-14       1.524286415354e-15 
  436       2.433933125558e-10       2.498182933786e-12      -7.744234399413e-12       0.000000000000e+00       1.160716946557e-13       1.008099766936e-14       1.511453866746e-15 
  437       2.444365863572e-10       2.478488629355e-12      -7.895184333789e-12       0.000000000000e+00       1.151646432421e-13       9.876449992366e-15       1.498570793420e-15 
  438       2.455098308201e-10       2.458472608684e-12      -8.041921133372e-12       0.000000000000e+00       1.142666224100e-13       9.675347924497e-15       1.485638380995e-15 
  439       2.466119591538e-10       2.438145473723e-12      -8.184379379144e-12       0.000000000000e+00       1.133774825514e-13       9.477666481415e-15       1.472657826450e-15 
  440       2.477418595463e-10       2.417518049173e-12      -8.322493395835e-12       0.000000000000e+00       1.124970682244e-13       9.283379311665e-15       1.459630338142e-15 
  441       2.488983950120e-10       2.396601383778e-12      -8.456197252371e-12       0.000000000000e+00       1.116252181131e-13       9.092458686914e-15       1.446557135834e-15 
  442       2.500804032395e-10       2.375406751606e-12      -8.585424762308e-12       0.000000000000e+00       1.107617649868e-13       8.904875492182e-15       1.433439450717e-15 
  443       2.512866964400e-10       2.353945653343e-12      -8.710109484279e-12       0.000000000000e+00       1.099065356594e-13       8.720599216082e-15       1.420278525432e-15 
  444       2.525160611943e-10       2.332229817578e-12      -8.830184722430e-12       0.000000000000e+00       1.090593509489e-13       8.539597941047e-15       1.407075614096e-15 
  445       2.537672583016e-10       2.310271202091e-12      -8.945583526868e-12       0.000000000000e+00       1.082200256369e-13       8.361838333570e-15       1.393831982322e-15 
  446       2.550390226268e-10       2.288081995141e-12      -9.056238694097e-12       0.000000000000e+00       1.073883684277e-13       8.187285634434e-15       1.380548907248e-15 
  447       2.563300629483e-10       2.265674616757e-12      -9.162082767463e-12       0.000000000000e+00       1.065641819080e-13       8.015903648947e-15       1.367227677554e-15 
  448       2.576390618064e-10       2.243061720019e-12      -9.263048037591e-12       0.000000000000e+00       1.057472625063e-13       7.847654737179e-15       1.353869593490e-15 
  449       2.589647986577e-10       2.220255708376e-12      -9.359078331607e-12       0.000000000000e+00       1.049374351384e-13       7.682503521818e-15       1.340475932621e-15 
  450       2.603065240386e-10       2.197267267756e-12      -9.450164799998e-12       0.000000000000e+00       1.041346584616e-13       7.520428163762e-15       1.327047845794e-15 
  451       2.616635972139e-10       2.174106789471e-12      -9.536311289026e-12       0.000000000000e+00       1.033389229478e-13       7.361409432301e-15       1.313586457849e-15 
  452       2.630353638864e-10       2.150784850901e-12      -9.617522664077e-12       0.000000000000e+00       1.025502164854e-13       7.205427012942e-15       1.300092901597e-15 
  453       2.644211561175e-10       2.127312216488e-12      -9.693804817098e-12       0.000000000000e+00       1.017685243590e-13       7.052459499853e-15       1.286568317821e-15 
  454       2.658202922485e-10       2.103699838744e-12      -9.765164674042e-12       0.000000000000e+00       1.009938292294e-13       6.902484388300e-15       1.273013855279e-15 
  455       2.672320768216e-10       2.079958859243e-12      -9.831610202311e-12       0.000000000000e+00       1.002261111140e-13       6.755478067093e-15       1.259430670708e-15 
  456       2.686558005012e-10       2.056100609630e-12      -9.893150418198e-12       0.000000000000e+00       9.946534736641e-14       6.611415811028e-15       1.245819928827e-15 
  457       2.700907399948e-10       2.032136612616e-12      -9.949795394330e-12       0.000000000000e+00       9.871151265668e-14       6.470271773327e-15       1.232182802341e-15 
  458       2.715361579744e-10       2.008078582979e-12      -1.000155626711e-11       0.000000000000e+00       9.796457895125e-14       6.332018978080e-15       1.218520471943e-15 
  459       2.729913029972e-10       1.983938428567e-12      -1.004844524417e-11       0.000000000000e+00       9.722451549295e-14       6.196629312690e-15       1.204834126316e-15 
  460       2.744554094270e-10       1.959728251295e-12      -1.009047561180e-11       0.000000000000e+00       9.649128878104e-14       6.064073520311e-15       1.191124962138e-15 
  461       2.759276973552e-10       1.935460348149e-12      -1.012766174239e-11       0.000000000000e+00       9.576486255120e-14       5.934321192294e-15       1.177394184085e-15 
  462       2.774073725218e-10       1.911147212183e-12      -1.016001910188e-11       0.000000000000e+00       9.504519775557e-14       5.807340760625e-15       1.163643004834e-15 
  463       2.788936262370e-10       1.886801533522e-12      -1.018756425722e-11       0.000000000000e+00       9.433225254274e-14       5.683099490370e-15       1.149872645063e-15 
  464       2.803856353017e-10       1.862436200363e-12      -1.021031488378e-11       0.000000000000e+00       9.362598223776e-14       5.561563472116e-15       1.136084333461e-15 
  465       2.818825619288e-10       1.838064299973e-12      -1.022828977280e-11       0.000000000000e+00       9.292633932219e-14       5.442697614412e-15       1.122279306723e-15 
  466       2.833835536644e-10       1.813699119688e-12      -1.024150883885e-11       0.000000000000e+00       9.223327341406e-14       5.326465636214e-15       1.108458809561e-15 
  467       2.848877433091e-10       1.789354147921e-12      -1.024999312728e-11       0.000000000000e+00       9.154673124793e-14       5.212830059321e-15       1.094624094698e-15 
  468       2.863942488385e-10       1.765043075153e-12      -1.025376482163e-11       0.000000000000e+00       9.086665665488e-14       5.101752200826e-15       1.080776422882e-15 
  469       2.879021733250e-10       1.740779794942e-12      -1.025284725108e-11       0.000000000000e+00       9.019299054250e-14       4.993192165549e-15       1.066917062878e-15 
  470       2.894106048584e-10       1.716578404914e-12      -1.024726489792e-11       0.000000000000e+00       8.952567087496e-14       4.887108838485e-15       1.053047291481e-15 
  471       2.909186164673e-10       1.692453207775e-12      -1.023704340498e-11       0.000000000000e+00       8.886463265298e-14       4.783459877243e-15       1.039168393512e-15 
  472       2.924252660401e-10       1.668418712301e-12      -1.022220958304e-11       0.000000000000e+00       8.820980789386e-14       4.682201704489e-15       1.025281661824e-15 
  473       2.939295962460e-10       1.644489634343e-12      -1.020279141835e-11       0.000000000000e+00       8.756112561146e-14       4.583289500389e-15       1.011388397306e-15 
  474       2.954306344564e-10       1.620680897830e-12      -1.017881807997e-11       0.000000000000e+00       8.691851179628e-14       4.486677195049e-15       9.974899088834e-16 
  475       2.969273926657e-10       1.597007635765e-12      -1.015031992731e-11       0.000000000000e+00       8.628188939542e-14       4.392317460959e-15       9.835875135232e-16 
  476       2.984188674126e-10       1.573485191225e-12      -1.011732851750e-11       0.000000000000e+00       8.565117829258e-14       4.300161705431e-15       9.696825362368e-16 
  477       2.999040397012e-10       1.550129118368e-12      -1.007987661289e-11       0.000000000000e+00       8.502629528813e-14       4.210160063047e-15       9.557763100826e-16 
  478       3.013818749218e-10       1.526955183425e-12      -1.003799818845e-11       0.000000000000e+00       8.440715407909e-14       4.122261388098e-15       9.418701761694e-16 
  479       3.028513227725e-10       1.503979365707e-12      -9.991728439228e-12       0.000000000000e+00       8.379366523913e-14       4.036413247024e-15       9.279654836596e-16 
  480       3.043113171800e-10       1.481217858602e-12      -9.941103787806e-12       0.000000000000e+00       8.318573619860e-14       3.952561910859e-15       9.140635897719e-16 
  481       3.057607762209e-10       1.458687070576e-12      -9.886161891724e-12       0.000000000000e+00       8.258327122455e-14       3.870652347671e-15       9.001658597849e-16 
  482       3.071986020423e-10       1.436403626175e-12      -9.826941650930e-12       0.000000000000e+00       8.198617140074e-14       3.790628215008e-15       8.862736670398e-16 
  483       3.086236807838e-10       1.414384367023e-12      -9.763483215224e-12       0.000000000000e+00       8.139433460762e-14       3.712431852333e-15       8.723883929440e-16 
  484       3.100348824977e-10       1.392646352826e-12      -9.695827991702e-12       0.000000000000e+00       8.080765550240e-14       3.636004273472e-15       8.585114269735e-16 
  485       3.114310610707e-10       1.371206862367e-12      -9.624018652194e-12       0.000000000000e+00       8.022602549901e-14       3.561285159055e-15       8.446441666767e-16 
  486       3.128110541447e-10       1.350083394512e-12      -9.548099140711e-12       0.000000000000e+00       7.964933274815e-14       3.488212848953e-15       8.307880176771e-16 
  487       3.141736830381e-10       1.329293669208e-12      -9.468114680889e-12       0.000000000000e+00       7.907746211728e-14       3.416724334729e-15       8.169443936767e-16 
  488       3.155178968952e-10       1.308853986463e-12      -9.384114093407e-12       0.000000000000e+00       7.851031405128e-14       3.346766333180e-15       8.031146450146e-16 
  489       3.168432100216e-10       1.288774247455e-12      -9.296156809113e-12       0.000000000000e+00       7.794786181337e-14       3.278328885423e-15       7.892998419958e-16 
  490       3.181492774276e-10       1.269062786999e-12      -9.204306079582e-12       0.000000000000e+00       7.739009591082e-14       3.211412744318e-15       7.755009851108e-16 
  491       3.194357517725e-10       1.249728002332e-12      -9.108626694627e-12       0.000000000000e+00       7.683700535814e-14       3.146018381930e-15       7.617190758634e-16 
  492       3.207022833581e-10       1.230778353277e-12      -9.009184990892e-12       0.000000000000e+00       7.628857766656e-14       3.082145987537e-15       7.479551167377e-16 
  493       3.219485201220e-10       1.212222362427e-12      -8.906048860466e-12       0.000000000000e+00       7.574479883356e-14       3.019795465646e-15       7.342101111655e-16 
  494       3.231741076317e-10       1.194068615315e-12      -8.799287759482e-12       0.000000000000e+00       7.520565333236e-14       2.958966434011e-15       7.204850634931e-16 
  495       3.243786890780e-10       1.176325760591e-12      -8.688972716724e-12       0.000000000000e+00       7.467112410142e-14       2.899658221642e-15       7.067809789488e-16 
  496       3.255619052685e-10       1.159002510194e-12      -8.575176342232e-12       0.000000000000e+00       7.414119253398e-14       2.841869866824e-15       6.930988636102e-16 
  497       3.267233946217e-10       1.142107639528e-12      -8.457972835903e-12       0.000000000000e+00       7.361583846755e-14       2.785600115128e-15       6.794397243709e-16 
  498       3.278627931602e-10       1.125649987639e-12      -8.337437996099e-12       0.000000000000e+00       7.309504017339e-14       2.730847417427e-15       6.658045689080e-16 
  499       3.289797345043e-10       1.109638457386e-12      -8.213649228253e-12       0.000000000000e+00       7.257877434606e-14       2.677609927909e-15       6.521944056494e-16 
  500       3.300738498659e-10       1.094082015619e-12      -8.086685553468e-12       0.000000000000e+00       7.206701609291e-14       2.625885502092e-15       6.386102437407e-16 
  501       3.311447680423e-10       1.078989693351e-12      -7.956627617126e-12       0.000000000000e+00       7.155973892360e-14       2.575671694840e-15       6.250530930124e-16 
  502       3.321921154093e-10       1.064370585934e-12      -7.823557697490e-12       0.000000000000e+00       7.105691473956e-14       2.526965758374e-15       6.115239639475e-16 
  503       3.332155159151e-10       1.050233853236e-12      -7.687559714313e-12       0.000000000000e+00       7.055851382357e-14       2.479764640290e-15       5.980238676481e-16 
  504       3.342145910741e-10       1.036588719811e-12      -7.548719237436e-12       0.000000000000e+00       7.006450482920e-14       2.434064981569e-15       5.845538158030e-16 
  505       3.351889599602e-10       1.023444475077e-12      -7.407123495398e-12       0.000000000000e+00       6.957485477036e-14       2.389863114595e-15       5.711148206546e-16 
  506       3.361382392008e-10       1.010810473491e-12      -7.262861384038e-12       0.000000000000e+00       6.908952901080e-14       2.347155061170e-15       5.577078949663e-16 
  507       3.370620429702e-10       9.986961347198e-13      -7.116023475099e-12       0.000000000000e+00       6.860849125361e-14       2.305936530521e-15       5.443340519897e-16 
  508       3.379599829833e-10       9.871109438213e-13      -6.966702024834e-12       0.000000000000e+00       6.813170353071e-14       2.266202917326e-15       5.309943054314e-16 
  509       3.388316684890e-10       9.760644514136e-13      -6.814990982613e-12       0.000000000000e+00       6.765912619240e-14       2.227949299717e-15       5.176896694207e-16 
  510       3.396767062644e-10       9.655662738520e-13      -6.660985999520e-12       0.000000000000e+00       6.719071789684e-14       2.191170437303e-15       5.044211584766e-16 
  511       3.404947006079e-10       9.556260934037e-13      -6.504784436966e-12       0.000000000000e+00       6.672643559955e-14       2.155860769177e-15       4.911897874747e-16 
  512       3.412852533330e-10       9.462536584224e-13      -6.346485375288e-12       0.000000000000e+00       6.626623454293e-14       2.122014411936e-15       4.779965716147e-16 
  513       3.420479637621e-10       9.374587835226e-13      -6.186189622357e-12       0.000000000000e+00       6.581006824579e-14       2.089625157694e-15       4.648425263876e-16 
  514       3.427824287198e-10       9.292513497551e-13      -6.023999722178e-12       0.000000000000e+00       6.535788849279e-14       2.058686472095e-15       4.517286675426e-16 
  515       3.434882425270e-10       9.216413047811e-13      -5.860019963501e-12       0.000000000000e+00       6.490964532403e-14       2.029191492325e-15       4.386560110547e-16 
  516       3.441649969940e-10       9.146386630474e-13      -5.694356388420e-12       0.000000000000e+00       6.446528702450e-14       2.001133025134e-15       4.256255730913e-16 
  517       3.448122814146e-10       9.082535059607e-13      -5.527116800980e-12       0.000000000000e+00       6.402476011361e-14       1.974503544842e-15       4.126383699800e-16 
  518       3.454296825595e-10       9.024959820628e-13      -5.358410775782e-12       0.000000000000e+00       6.358800933469e-14       1.949295191359e-15       3.996954181755e-16 
  519       3.460167846697e-10       8.973763072050e-13      -5.188349666585e-12       0.000000000000e+00       6.315497764451e-14       1.925499768194e-15       3.867977342266e-16 
  520       3.465731694509e-10       8.929047647229e-13      -5.017046614915e-12       0.000000000000e+00       6.272560620276e-14       1.903108740477e-15       3.739463347436e-16 
  521       3.470984160662e-10       8.890917056113e-13      -4.844616558663e-12       0.000000000000e+00       6.229983436158e-14       1.882113232964e-15       3.611422363657e-16 
  522       3.475921011305e-10       8.859475486990e-13      -4.671176240698e-12       0.000000000000e+00       6.187759965509e-14       1.862504028061e-15       3.483864557276e-16 
  523       3.480537987036e-10       8.834827808229e-13      -4.496844217464e-12       0.000000000000e+00       6.145883778883e-14       1.844271563828e-15       3.356800094273e-16 
  524       3.484830802841e-10       8.817079570037e-13      -4.321740867588e-12       0.000000000000e+00       6.104348262932e-14       1.827405932004e-15       3.230239139927e-16 
  525       3.488795148031e-10       8.806337006200e-13      -4.145988400484e-12       0.000000000000e+00       6.063146619358e-14       1.811896876012e-15       3.104191858495e-16 
  526       3.492426686175e-10       8.802707035831e-13      -3.969710864959e-12       0.000000000000e+00       6.022271863857e-14       1.797733788980e-15       2.978668412875e-16 
  527       3.495722019604e-10       8.806278680524e-13      -3.793025565630e-12       0.000000000000e+00       5.981717932347e-14       1.784905174598e-15       2.853679080942e-16 
  528       3.498681612321e-10       8.817066748079e-13      -3.616017034115e-12       0.000000000000e+00       5.941483035337e-14       1.773397017366e-15       2.729234608735e-16 
  529       3.501306947683e-10       8.835066597010e-13      -3.438762356012e-12       0.000000000000e+00       5.901566394119e-14       1.763194363427e-15       2.605345866369e-16 
  530       3.503599571487e-10       8.860272574211e-13      -3.261339702951e-12       0.000000000000e+00       5.861967141309e-14       1.754281851431e-15       2.482023731993e-16 
  531       3.505561092326e-10       8.892678008694e-13      -3.083828337492e-12       0.000000000000e+00       5.822684320268e-14       1.746643710324e-15       2.359279091502e-16 
  532       3.507193181938e-10       8.932275205317e-13      -2.906308618028e-12       0.000000000000e+00       5.783716884539e-14       1.740263757127e-15       2.237122838269e-16 
  533       3.508497575563e-10       8.979055438519e-13      -2.728862003681e-12       0.000000000000e+00       5.745063697270e-14       1.735125394719e-15       2.115565872857e-16 
  534       3.509476072288e-10       9.033008946052e-13      -2.551571059202e-12       0.000000000000e+00       5.706723530642e-14       1.731211609620e-15       1.994619102750e-16 
  535       3.510130535407e-10       9.094124922715e-13      -2.374519459869e-12       0.000000000000e+00       5.668695065303e-14       1.728504969775e-15       1.874293442070e-16 
  536       3.510462892768e-10       9.162391514084e-13      -2.197791996388e-12       0.000000000000e+00       5.630976889786e-14       1.726987622335e-15       1.754599811300e-16 
  537       3.510475137129e-10       9.237795810247e-13      -2.021474579790e-12       0.000000000000e+00       5.593567499949e-14       1.726641291440e-15       1.635549137008e-16 
  538       3.510169326506e-10       9.320323839534e-13      -1.845654246334e-12       0.000000000000e+00       5.556465298395e-14       1.727447276003e-15       1.517152351567e-16 
  539       3.509547584531e-10       9.409960562254e-13      -1.670419162401e-12       0.000000000000e+00       5.519668593903e-14       1.729386447489e-15       1.399420392877e-16 
  540       3.508612100798e-10       9.506689864424e-13      -1.495858629396e-12       0.000000000000e+00       5.483175600855e-14       1.732439247703e-15       1.282364204090e-16 
  541       3.507365131222e-10       9.610494551502e-13      -1.322063088647e-12       0.000000000000e+00       5.446984438667e-14       1.736585686569e-15       1.165994733328e-16 
  542       3.505808998385e-10       9.721356342121e-13      -1.149124126305e-12       0.000000000000e+00       5.411093131216e-14       1.741805339913e-15       1.050322933408e-16 
  543       3.503946091892e-10       9.839255861823e-13      -9.771344782387e-13       0.000000000000e+00       5.375499606266e-14       1.748077347245e-15       9.353597615659e-17 
  544       3.501778868723e-10       9.964172636786e-13      -8.061880349402e-13       0.000000000000e+00       5.340201694900e-14       1.755380409547e-15       8.211161791725e-17 
  545       3.499309853585e-10       1.009608508756e-12      -6.363798464189e-13       0.000000000000e+00       5.305197130945e-14       1.763692787047e-15       7.076031514611e-17 
  546       3.496541639263e-10       1.023497052281e-12      -4.678061271028e-13       0.000000000000e+00       5.270483550401e-14       1.772992297008e-15       5.948316472477e-17 
  547       3.493476886976e-10       1.038080513303e-12      -3.005642607373e-13       0.000000000000e+00       5.236058490873e-14       1.783256311509e-15       4.828126386531e-17 
  548       3.490118326723e-10       1.053356398428e-12      -1.347528052843e-13       0.000000000000e+00       5.201919390992e-14       1.794461755229e-15       3.715571008253e-17 
  549       3.486468757643e-10       1.069322101193e-12       2.952850217886e-14       0.000000000000e+00       5.168063589851e-14       1.806585103225e-15       2.610760116613e-17 
  550       3.482531048361e-10       1.085974901438e-12       1.921787405600e-13       0.000000000000e+00       5.134488326428e-14       1.819602378720e-15       1.513803515297e-17 
  551       3.478308137344e-10       1.103311964681e-12       3.530957998532e-13       0.000000000000e+00       5.101190739015e-14       1.833489150883e-15       4.248110299243e-18 
  552       3.473803033251e-10       1.121330341490e-12       5.121763762397e-13       0.000000000000e+00       5.068167864650e-14       1.848220532612e-15      -6.561074947283e-18 
  553       3.469018815288e-10       1.140026966855e-12       6.693159671886e-13       0.000000000000e+00       5.035416638538e-14       1.863771178317e-15      -1.728842197508e-17 
  554       3.463958633558e-10       1.159398659563e-12       8.244088665578e-13       0.000000000000e+00       5.002933893489e-14       1.880115281704e-15      -2.793283203661e-17 
  555       3.458625709414e-10       1.179442121571e-12       9.773481596951e-13       0.000000000000e+00       4.970716359337e-14       1.897226573553e-15      -3.849320627617e-17 
  556       3.453023335811e-10       1.200153937381e-12       1.128025718539e-12       0.000000000000e+00       4.938760662374e-14       1.915078319507e-15      -4.896844575760e-17 
  557       3.447154877659e-10       1.221530573409e-12       1.276332196719e-12       0.000000000000e+00       4.907063324775e-14       1.933643317849e-15      -5.935745149214e-17 
  558       3.441023772177e-10       1.243568377361e-12       1.422157024658e-12       0.000000000000e+00       4.875620764029e-14       1.952893897289e-15      -6.965912446618e-17 
  559       3.434633529241e-10       1.266263577608e-12       1.565388404671e-12       0.000000000000e+00       4.844429292365e-14       1.972801914745e-15      -7.987236566906e-17 
  560       3.427987731740e-10       1.289612282554e-12       1.705913306067e-12       0.000000000000e+00       4.813485116184e-14       1.993338753123e-15      -8.999607612085e-17 
  561       3.421090035926e-10       1.313610480016e-12       1.843617460253e-12       0.000000000000e+00       4.782784335480e-14       2.014475319105e-15      -1.000291569001e-16 
  562       3.413944171768e-10       1.338254036592e-12       1.978385355828e-12       0.000000000000e+00       4.752322943275e-14       2.036182040927e-15      -1.099705091718e-16 
  563       3.406553943305e-10       1.363538697035e-12       2.110100233690e-12       0.000000000000e+00       4.722096825046e-14       2.058428866165e-15      -1.198190342148e-16 
  564       3.398923228994e-10       1.389460083629e-12       2.238644082134e-12       0.000000000000e+00       4.692101758152e-14       2.081185259515e-15      -1.295736334501e-16 
  565       3.391055982069e-10       1.416013695559e-12       2.363897631955e-12       0.000000000000e+00       4.662333411259e-14       2.104420200578e-15      -1.392332084682e-16 
  566       3.382956340160e-10       1.443194055545e-12       2.485754692188e-12       0.000000000000e+00       4.632788004598e-14       2.128105350513e-15      -1.487968719233e-16 
  567       3.374628956552e-10       1.470992126872e-12       2.604165572531e-12       0.000000000000e+00       4.603464310530e-14       2.152224646019e-15      -1.582645861211e-16 
  568       3.366078678150e-10       1.499397828671e-12       2.719094768361e-12       0.000000000000e+00       4.574361703314e-14       2.176764947798e-15      -1.676365409144e-16 
  569       3.357310437361e-10       1.528400881705e-12       2.830506721630e-12       0.000000000000e+00       4.545479502622e-14       2.201712892982e-15      -1.769129444301e-16 
  570       3.348329252495e-10       1.557990807422e-12       2.938365821329e-12       0.000000000000e+00       4.516816973212e-14       2.227054894103e-15      -1.860940231751e-16 
  571       3.339140228154e-10       1.588156927011e-12       3.042636403955e-12       0.000000000000e+00       4.488373324601e-14       2.252777138060e-15      -1.951800221440e-16 
  572       3.329748555628e-10       1.618888360456e-12       3.143282753971e-12       0.000000000000e+00       4.460147710746e-14       2.278865585086e-15      -2.041712049247e-16 
  573       3.320159513284e-10       1.650174025591e-12       3.240269104268e-12       0.000000000000e+00       4.432139229715e-14       2.305305967716e-15      -2.130678538059e-16 
  574       3.310378466963e-10       1.682002637153e-12       3.333559636631e-12       0.000000000000e+00       4.404346923363e-14       2.332083789755e-15      -2.218702698828e-16 
  575       3.300410870372e-10       1.714362705837e-12       3.423118482202e-12       0.000000000000e+00       4.376769777008e-14       2.359184325245e-15      -2.305787731649e-16 
  576       3.290262265478e-10       1.747242537351e-12       3.508909721940e-12       0.000000000000e+00       4.349406719108e-14       2.386592617434e-15      -2.391937026814e-16 
  577       3.279938282898e-10       1.780630231470e-12       3.590897387089e-12       0.000000000000e+00       4.322256620933e-14       2.414293477739e-15      -2.477154165888e-16 
  578       3.269444642297e-10       1.814513681090e-12       3.669045459635e-12       0.000000000000e+00       4.295318296243e-14       2.442271484721e-15      -2.561442922771e-16 
  579       3.258787152776e-10       1.848880571283e-12       3.743317872777e-12       0.000000000000e+00       4.268590500961e-14       2.470510983046e-15      -2.644807264764e-16 
  580       3.247971713270e-10       1.883718378353e-12       3.813678511382e-12       0.000000000000e+00       4.242071932851e-14       2.498996082455e-15      -2.727251353638e-16 
  581       3.237004312938e-10       1.919014368884e-12       3.880091212455e-12       0.000000000000e+00       4.215761231191e-14       2.527710656733e-15      -2.808779546696e-16 
  582       3.225891031558e-10       1.954755598805e-12       3.942519765598e-12       0.000000000000e+00       4.189656976451e-14       2.556638342674e-15      -2.889396397844e-16 
  583       3.214638039919e-10       1.990928912433e-12       4.000927913474e-12       0.000000000000e+00       4.163757689966e-14       2.585762539051e-15      -2.969106658656e-16 
  584       3.203251600214e-10       2.027520941536e-12       4.055279352272e-12       0.000000000000e+00       4.138061833611e-14       2.615066405581e-15      -3.047915279438e-16 
  585       3.191738066435e-10       2.064518104384e-12       4.105537732167e-12       0.000000000000e+00       4.112567809478e-14       2.644532861896e-15      -3.125827410297e-16 
  586       3.180103884763e-10       2.101906604802e-12       4.151666657787e-12       0.000000000000e+00       4.087273959553e-14       2.674144586507e-15      -3.202848402206e-16 
  587       3.168355593965e-10       2.139672431228e-12       4.193629688673e-12       0.000000000000e+00       4.062178565386e-14       2.703884015772e-15      -3.278983808072e-16 
  588       3.156499825786e-10       2.177801355764e-12       4.231390339743e-12       0.000000000000e+00       4.037279847772e-14       2.733733342867e-15      -3.354239383798e-16 
  589       3.144543305338e-10       2.216278933233e-12       4.264912081757e-12       0.000000000000e+00       4.012575966422e-14       2.763674516751e-15      -3.428621089356e-16 
  590       3.132492851500e-10       2.255090500231e-12       4.294158341776e-12       0.000000000000e+00       3.988065019641e-14       2.793689241133e-15      -3.502135089849e-16 
  591       3.120355377307e-10       2.294221174184e-12       4.319092503631e-12       0.000000000000e+00       3.963745044003e-14       2.823758973440e-15      -3.574787756575e-16 
  592       3.108137890344e-10       2.333655852399e-12       4.339677908382e-12       0.000000000000e+00       3.939614014026e-14       2.853864923787e-15      -3.646585668101e-16 
  593       3.095847493139e-10       2.373379211124e-12       4.355877854780e-12       0.000000000000e+00       3.915669841847e-14       2.883988053940e-15      -3.717535611322e-16 
  594       3.083491383556e-10       2.413375704595e-12       4.367655599736e-12       0.000000000000e+00       3.891910376897e-14       2.914109076289e-15      -3.787644582530e-16 
  595       3.071076855190e-10       2.453629564097e-12       4.374974358778e-12       0.000000000000e+00       3.868333405578e-14       2.944208452810e-15      -3.856919788483e-16 
  596       3.058611297758e-10       2.494124797014e-12       4.377797306517e-12       0.000000000000e+00       3.844936650937e-14       2.974266394037e-15      -3.925368647466e-16 
  597       3.046102197493e-10       2.534845185887e-12       4.376087577113e-12       0.000000000000e+00       3.821717772341e-14       3.004262858028e-15      -3.992998790362e-16 
  598       3.033557137536e-10       2.575774287465e-12       4.369808264730e-12       0.000000000000e+00       3.798674365154e-14       3.034177549332e-15      -4.059818061716e-16 
  599       3.020983798334e-10       2.616895431761e-12       4.358922424008e-12       0.000000000000e+00       3.775803960411e-14       3.063989917956e-15      -4.125834520801e-16 
  600       3.008389958025e-10       2.658191721107e-12       4.343393070521e-12       0.000000000000e+00       3.753104024494e-14       3.093679158336e-15      -4.191056442687e-16 
  601       2.995783492839e-10       2.699646029206e-12       4.323183181243e-12       0.000000000000e+00       3.730571958807e-14       3.123224208301e-15      -4.255492319304e-16 
  602       2.983172377486e-10       2.741241000192e-12       4.298255695008e-12       0.000000000000e+00       3.708205099452e-14       3.152603748042e-15      -4.319150860512e-16 
  603       2.970564685553e-10       2.782959047676e-12       4.268573512976e-12       0.000000000000e+00       3.686000716903e-14       3.181796199078e-15      -4.382040995162e-16 
  604       2.957968589894e-10       2.824782353808e-12       4.234099499095e-12       0.000000000000e+00       3.663956015682e-14       3.210779723227e-15      -4.444171872168e-16 
  605       2.945391725346e-10       2.866693699049e-12       4.194807868537e-12       0.000000000000e+00       3.642068546992e-14       3.239536669753e-15      -4.505550194842e-16 
  606       2.932839259216e-10       2.908678975366e-12       4.150718653239e-12       0.000000000000e+00       3.620337458188e-14       3.268067036516e-15      -4.566172151250e-16 
  607       2.920315775111e-10       2.950724731683e-12       4.101864067183e-12       0.000000000000e+00       3.598762272749e-14       3.296375330918e-15      -4.626031291650e-16 
  608       2.907825906595e-10       2.992817347971e-12       4.048277197719e-12       0.000000000000e+00       3.577342479855e-14       3.324466151480e-15      -4.685121177832e-16 
  609       2.895374337369e-10       3.034943034566e-12       3.989992009754e-12       0.000000000000e+00       3.556077534202e-14       3.352344188266e-15      -4.743435383305e-16 
  610       2.882965801463e-10       3.077087831502e-12       3.927043349943e-12       0.000000000000e+00       3.534966855809e-14       3.380014223304e-15      -4.800967493498e-16 
  611       2.870605083414e-10       3.119237607833e-12       3.859466950882e-12       0.000000000000e+00       3.514009829826e-14       3.407481131015e-15      -4.857711105944e-16 
  612       2.858297018454e-10       3.161378060963e-12       3.787299435295e-12       0.000000000000e+00       3.493205806350e-14       3.434749878631e-15      -4.913659830485e-16 
  613       2.846046492692e-10       3.203494715969e-12       3.710578320227e-12       0.000000000000e+00       3.472554100233e-14       3.461825526620e-15      -4.968807289454e-16 
  614       2.833858443302e-10       3.245572924928e-12       3.629342021235e-12       0.000000000000e+00       3.452053990891e-14       3.488713229113e-15      -5.023147117878e-16 
  615       2.821737858704e-10       3.287597866246e-12       3.543629856575e-12       0.000000000000e+00       3.431704722117e-14       3.515418234322e-15      -5.076672963664e-16 
  616       2.809689778751e-10       3.329554543979e-12       3.453482051396e-12       0.000000000000e+00       3.411505501891e-14       3.541945884966e-15      -5.129378487799e-16 
  617       2.797719294910e-10       3.371427787167e-12       3.358939741929e-12       0.000000000000e+00       3.391455502188e-14       3.568301618696e-15      -5.181257364538e-16 
  618       2.785831550452e-10       3.413202249152e-12       3.260044979679e-12       0.000000000000e+00       3.371553858793e-14       3.594490968518e-15      -5.232303281602e-16 
  619       2.774031740630e-10       3.454862406910e-12       3.156840735613e-12       0.000000000000e+00       3.351799671108e-14       3.620519563212e-15      -5.282509940367e-16 
  620       2.762325112870e-10       3.496392560375e-12       3.049370904352e-12       0.000000000000e+00       3.332192001963e-14       3.646393127763e-15      -5.331871056063e-16 
  621       2.750716966950e-10       3.537776831765e-12       2.937680308362e-12       0.000000000000e+00       3.312729877428e-14       3.672117483777e-15      -5.380380357962e-16 
  622       2.739212655186e-10       3.578999164911e-12       2.821814702144e-12       0.000000000000e+00       3.293412286621e-14       3.697698549912e-15      -5.428031589575e-16 
  623       2.727817582620e-10       3.620043324579e-12       2.701820776423e-12       0.000000000000e+00       3.274238181523e-14       3.723142342294e-15      -5.474818508844e-16 
  624       2.716537207198e-10       3.660892895801e-12       2.577746162343e-12       0.000000000000e+00       3.255206476782e-14       3.748454974946e-15      -5.520734888337e-16 
  625       2.705377039962e-10       3.701531283198e-12       2.449639435651e-12       0.000000000000e+00       3.236316049531e-14       3.773642660209e-15      -5.565774515439e-16 
  626       2.694342645228e-10       3.741941710306e-12       2.317550120894e-12       0.000000000000e+00       3.217565739192e-14       3.798711709166e-15      -5.609931192549e-16 
  627       2.683439640773e-10       3.782107218905e-12       2.181528695605e-12       0.000000000000e+00       3.198954347290e-14       3.823668532065e-15      -5.653198737270e-16 
  628       2.672673698020e-10       3.822010668345e-12       2.041626594495e-12       0.000000000000e+00       3.180480637262e-14       3.848519638745e-15      -5.695570982605e-16 
  629       2.662050542223e-10       3.861634734868e-12       1.897896213643e-12       0.000000000000e+00       3.162143334270e-14       3.873271639055e-15      -5.737041777148e-16 
  630       2.651575952648e-10       3.900961910941e-12       1.750390914691e-12       0.000000000000e+00       3.143941125007e-14       3.897931243281e-15      -5.777604985281e-16 
  631       2.641255762763e-10       3.939974504577e-12       1.599165029024e-12       0.000000000000e+00       3.125872657513e-14       3.922505262570e-15      -5.817254487364e-16 
  632       2.631095860417e-10       3.978654638662e-12       1.444273861974e-12       0.000000000000e+00       3.107936540981e-14       3.947000609349e-15      -5.855984179932e-16 
  633       2.621102188027e-10       4.016984250286e-12       1.285773697000e-12       0.000000000000e+00       3.090131345570e-14       3.971424297754e-15      -5.893787975884e-16 
  634       2.611280742763e-10       4.054945090062e-12       1.123721799881e-12       0.000000000000e+00       3.072455602215e-14       3.995783444050e-15      -5.930659804682e-16 
  635       2.601637576732e-10       4.092518721458e-12       9.581764229113e-13       0.000000000000e+00       3.054907802436e-14       4.020085267055e-15      -5.966593612538e-16 
  636       2.592178797162e-10       4.129686520121e-12       7.891968090852e-13       0.000000000000e+00       3.037486398152e-14       4.044337088566e-15      -6.001583362615e-16 
  637       2.582910566587e-10       4.166429673204e-12       6.168431962904e-13       0.000000000000e+00       3.020189801487e-14       4.068546333777e-15      -6.035623035214e-16 
  638       2.573839103029e-10       4.202729178691e-12       4.411768214977e-13       0.000000000000e+00       3.003016384584e-14       4.092720531709e-15      -6.068706627972e-16 
  639       2.564970680188e-10       4.238565844725e-12       2.622599249520e-13       0.000000000000e+00       2.985964479415e-14       4.116867315630e-15      -6.100828156052e-16 
  640       2.556311627622e-10       4.273920288934e-12       8.015575436228e-14       0.000000000000e+00       2.969032377589e-14       4.140994423477e-15      -6.131981652339e-16 
  641       2.547868330930e-10       4.308772937756e-12      -1.050714309074e-13       0.000000000000e+00       2.952218330167e-14       4.165109698283e-15      -6.162161167632e-16 
  642       2.539647231943e-10       4.343104025766e-12      -2.933563556478e-13       0.000000000000e+00       2.935520547467e-14       4.189221088600e-15      -6.191360770839e-16 
  643       2.531654828902e-10       4.376893595003e-12      -4.846327246135e-13       0.000000000000e+00       2.918937198880e-14       4.213336648918e-15      -6.219574549170e-16 
  644       2.523896786056e-10       4.410123607865e-12      -6.788315501290e-13       0.000000000000e+00       2.902466672905e-14       4.237461872625e-15      -6.246798377171e-16 
  645       2.516375239948e-10       4.442784339646e-12      -8.758761018406e-13       0.000000000000e+00       2.886108364106e-14       4.261591623742e-15      -6.273035267397e-16 
  646       2.509091432533e-10       4.474868129331e-12      -1.075686834390e-12       0.000000000000e+00       2.869861903593e-14       4.285718023435e-15      -6.298290141207e-16 
  647       2.502046596179e-10       4.506367279063e-12      -1.278183040607e-12       0.000000000000e+00       2.853726900288e-14       4.309833100611e-15      -6.322568071594e-16 
  648       2.495241953590e-10       4.537274054077e-12      -1.483282846840e-12       0.000000000000e+00       2.837702940813e-14       4.333928791565e-15      -6.345874283883e-16 
  649       2.488678717735e-10       4.567580682638e-12      -1.690903208281e-12       0.000000000000e+00       2.821789589374e-14       4.357996939641e-15      -6.368214156440e-16 
  650       2.482358091777e-10       4.597279355979e-12      -1.900959904291e-12       0.000000000000e+00       2.805986387648e-14       4.382029294877e-15      -6.389593221373e-16 
  651       2.476281268997e-10       4.626362228238e-12      -2.113367533734e-12       0.000000000000e+00       2.790292854670e-14       4.406017513663e-15      -6.410017165241e-16 
  652       2.470449432723e-10       4.654821416393e-12      -2.328039510300e-12       0.000000000000e+00       2.774708486715e-14       4.429953158392e-15      -6.429491829754e-16 
  653       2.464863756258e-10       4.682649000200e-12      -2.544888057832e-12       0.000000000000e+00       2.759232757186e-14       4.453827697114e-15      -6.448023212481e-16 
  654       2.459525402805e-10       4.709837022129e-12      -2.763824205655e-12       0.000000000000e+00       2.743865116501e-14       4.477632503186e-15      -6.465617467551e-16 
  655       2.454435525397e-10       4.736377487304e-12      -2.984757783906e-12       0.000000000000e+00       2.728604991975e-14       4.501358854928e-15      -6.482280906361e-16 
  656       2.449595266819e-10       4.762262363435e-12      -3.207597418855e-12       0.000000000000e+00       2.713451787709e-14       4.524997935276e-15      -6.498019998278e-16 
  657       2.445005759543e-10       4.787483580761e-12      -3.432250528241e-12       0.000000000000e+00       2.698404884475e-14       4.548540831432e-15      -6.512841371345e-16 
  658       2.440668125648e-10       4.812033031980e-12      -3.658623316592e-12       0.000000000000e+00       2.683463639600e-14       4.571978534520e-15      -6.526751812986e-16 
  659       2.436583476752e-10       4.835902572190e-12      -3.886620770556e-12       0.000000000000e+00       2.668627386853e-14       4.595301939235e-15      -6.539758270707e-16 
  660       2.432752913934e-10       4.859084018827e-12      -4.116146654231e-12       0.000000000000e+00       2.653895436333e-14       4.618501843502e-15      -6.551867852805e-16 
  661       2.429177527667e-10       4.881569151599e-12      -4.347103504485e-12       0.000000000000e+00       2.639267074349e-14       4.641568948121e-15      -6.563087829071e-16 
  662       2.425858397744e-10       4.903349712425e-12      -4.579392626292e-12       0.000000000000e+00       2.624741563310e-14       4.664493856428e-15      -6.573425631493e-16 
  663       2.422796593200e-10       4.924417405368e-12      -4.812914088055e-12       0.000000000000e+00       2.610318141611e-14       4.687267073942e-15      -6.582888854960e-16 
  664       2.419993172246e-10       4.944763896578e-12      -5.047566716934e-12       0.000000000000e+00       2.595996023516e-14       4.709879008019e-15      -6.591485257972e-16 
  665       2.417449182191e-10       4.964380814225e-12      -5.283248094174e-12       0.000000000000e+00       2.581774399047e-14       4.732319967508e-15      -6.599222763336e-16 
  666       2.415165659374e-10       4.983259748435e-12      -5.519854550433e-12       0.000000000000e+00       2.567652433864e-14       4.754580162399e-15      -6.606109458880e-16 
  667       2.413143629085e-10       5.001392251232e-12      -5.757281161109e-12       0.000000000000e+00       2.553629269158e-14       4.776649703482e-15      -6.612153598150e-16 
  668       2.411384105500e-10       5.018769836468e-12      -5.995421741666e-12       0.000000000000e+00       2.539704021531e-14       4.798518601993e-15      -6.617363601115e-16 
  669       2.409888091599e-10       5.035383979764e-12      -6.234168842965e-12       0.000000000000e+00       2.525875782887e-14       4.820176769272e-15      -6.621748054878e-16 
  670       2.408656579103e-10       5.051226118447e-12      -6.473413746589e-12       0.000000000000e+00       2.512143620309e-14       4.841614016414e-15      -6.625315714374e-16 
  671       2.407690548393e-10       5.066287651488e-12      -6.713046460172e-12       0.000000000000e+00       2.498506575957e-14       4.862820053922e-15      -6.628075503077e-16 
  672       2.406990968441e-10       5.080559939432e-12      -6.952955712725e-12       0.000000000000e+00       2.484963666940e-14       4.883784491358e-15      -6.630036513703e-16 
  673       2.406558796738e-10       5.094034304345e-12      -7.193028949963e-12       0.000000000000e+00       2.471513885215e-14       4.904496837001e-15      -6.631208008918e-16 
  674       2.406394979218e-10       5.106702029743e-12      -7.433152329637e-12       0.000000000000e+00       2.458156197462e-14       4.924946497496e-15      -6.631599422038e-16 
  675       2.406500450188e-10       5.118554360533e-12      -7.673210716855e-12       0.000000000000e+00       2.444889544975e-14       4.945122777504e-15      -6.631220357738e-16 
  676       2.406876132255e-10       5.129582502947e-12      -7.913087679417e-12       0.000000000000e+00       2.431712843548e-14       4.965014879364e-15      -6.630080592752e-16 
  677       2.407522936251e-10       5.139777624483e-12      -8.152665483134e-12       0.000000000000e+00       2.418624983358e-14       4.984611902736e-15      -6.628190076582e-16 
  678       2.408441761162e-10       5.149130853837e-12      -8.391825087162e-12       0.000000000000e+00       2.405624828853e-14       5.003902844260e-15      -6.625558932198e-16 
  679       2.409633494055e-10       5.157633280844e-12      -8.630446139330e-12       0.000000000000e+00       2.392711218635e-14       5.022876597207e-15      -6.622197456747e-16 
  680       2.411099010005e-10       5.165275956413e-12      -8.868406971461e-12       0.000000000000e+00       2.379882965350e-14       5.041521951131e-15      -6.618116122253e-16 
  681       2.412839172021e-10       5.172049892463e-12      -9.105584594707e-12       0.000000000000e+00       2.367138855570e-14       5.059827591524e-15      -6.613325576327e-16 
  682       2.414854830976e-10       5.177946061862e-12      -9.341854694871e-12       0.000000000000e+00       2.354477649680e-14       5.077782099468e-15      -6.607836642865e-16 
  683       2.417146239944e-10       5.182957523171e-12      -9.577100430755e-12       0.000000000000e+00       2.341898253601e-14       5.095376004435e-15      -6.601658662972e-16 
  684       2.419711283645e-10       5.187085844787e-12      -9.811239044761e-12       0.000000000000e+00       2.329400238220e-14       5.112607991487e-15      -6.594794477427e-16 
  685       2.422547211063e-10       5.190334817801e-12      -1.004419581106e-11       0.000000000000e+00       2.316983330822e-14       5.129478825885e-15      -6.587245338507e-16 
  686       2.425651217389e-10       5.192708344093e-12      -1.027589528163e-11       0.000000000000e+00       2.304647244187e-14       5.145989312126e-15      -6.579012560351e-16 
  687       2.429020443796e-10       5.194210436813e-12      -1.050626128381e-11       0.000000000000e+00       2.292391676517e-14       5.162140294113e-15      -6.570097519239e-16 
  688       2.432651977218e-10       5.194845220863e-12      -1.073521691790e-11       0.000000000000e+00       2.280216311369e-14       5.177932655345e-15      -6.560501653872e-16 
  689       2.436542850126e-10       5.194616933383e-12      -1.096268455478e-11       0.000000000000e+00       2.268120817582e-14       5.193367319091e-15      -6.550226465647e-16 
  690       2.440690040302e-10       5.193529924227e-12      -1.118858583345e-11       0.000000000000e+00       2.256104849210e-14       5.208445248571e-15      -6.539273518936e-16 
  691       2.445090470622e-10       5.191588656455e-12      -1.141284165866e-11       0.000000000000e+00       2.244168045449e-14       5.223167447141e-15      -6.527644441365e-16 
  692       2.449741008825e-10       5.188797706806e-12      -1.163537219847e-11       0.000000000000e+00       2.232310030569e-14       5.237534958466e-15      -6.515340924094e-16 
  693       2.454638467298e-10       5.185161766187e-12      -1.185609688186e-11       0.000000000000e+00       2.220530413841e-14       5.251548866707e-15      -6.502364722090e-16 
  694       2.459779602845e-10       5.180685640155e-12      -1.207493439630e-11       0.000000000000e+00       2.208828789470e-14       5.265210296696e-15      -6.488717654410e-16 
  695       2.465161116470e-10       5.175374249397e-12      -1.229180268534e-11       0.000000000000e+00       2.197204736522e-14       5.278520414120e-15      -6.474401604476e-16 
  696       2.470779653149e-10       5.169232630215e-12      -1.250661894624e-11       0.000000000000e+00       2.185657818858e-14       5.291480425700e-15      -6.459418520356e-16 
  697       2.476631801609e-10       5.162265935008e-12      -1.271929962749e-11       0.000000000000e+00       2.174187585058e-14       5.304091579369e-15      -6.443770415041e-16 
  698       2.482714094107e-10       5.154479432755e-12      -1.292976042645e-11       0.000000000000e+00       2.162793568356e-14       5.316355164456e-15      -6.427459366721e-16 
  699       2.489023006202e-10       5.145878509497e-12      -1.313791628691e-11       0.000000000000e+00       2.151475286567e-14       5.328272511865e-15      -6.410487519068e-16 
  700       2.495554956536e-10       5.136468668820e-12      -1.334368139672e-11       0.000000000000e+00       2.140232242018e-14       5.339844994254e-15      -6.392857081507e-16 
  701       2.502306306605e-10       5.126255532338e-12      -1.354696918532e-11       0.000000000000e+00       2.129063921476e-14       5.351074026216e-15      -6.374570329503e-16 
  702       2.509273360546e-10       5.115244840175e-12      -1.374769232137e-11       0.000000000000e+00       2.117969796081e-14       5.361961064459e-15      -6.355629604831e-16 
  703       2.516452364902e-10       5.103442451448e-12      -1.394576271033e-11       0.000000000000e+00       2.106949321273e-14       5.372507607989e-15      -6.336037315861e-16 
  704       2.523839508407e-10       5.090854344751e-12      -1.414109149204e-11       0.000000000000e+00       2.096001936724e-14       5.382715198284e-15      -6.315795937830e-16 
  705       2.531430921759e-10       5.077486618636e-12      -1.433358903833e-11       0.000000000000e+00       2.085127066266e-14       5.392585419483e-15      -6.294908013125e-16 
  706       2.539222677398e-10       5.063345492095e-12      -1.452316495057e-11       0.000000000000e+00       2.074324117822e-14       5.402119898556e-15      -6.273376151558e-16 
  707       2.547210789283e-10       5.048437305045e-12      -1.470972805730e-11       0.000000000000e+00       2.063592483334e-14       5.411320305495e-15      -6.251203030648e-16 
  708       2.555391212668e-10       5.032768518810e-12      -1.489318641181e-11       0.000000000000e+00       2.052931538696e-14       5.420188353484e-15      -6.228391395893e-16 
  709       2.563759843879e-10       5.016345716603e-12      -1.507344728968e-11       0.000000000000e+00       2.042340643682e-14       5.428725799089e-15      -6.204944061056e-16 
  710       2.572312520091e-10       4.999175604007e-12      -1.525041718646e-11       0.000000000000e+00       2.031819141874e-14       5.436934442430e-15      -6.180863908434e-16 
  711       2.581045019104e-10       4.981265009462e-12      -1.542400181517e-11       0.000000000000e+00       2.021366360597e-14       5.444816127367e-15      -6.156153889146e-16 
  712       2.589953059122e-10       4.962620884744e-12      -1.559410610394e-11       0.000000000000e+00       2.010981610843e-14       5.452372741675e-15      -6.130817023404e-16 
  713       2.599032298526e-10       4.943250305451e-12      -1.576063419358e-11       0.000000000000e+00       2.000664187203e-14       5.459606217230e-15      -6.104856400793e-16 
  714       2.608278335655e-10       4.923160471481e-12      -1.592348943519e-11       0.000000000000e+00       1.990413367800e-14       5.466518530187e-15      -6.078275180551e-16 
  715       2.617686708578e-10       4.902358707518e-12      -1.608257438772e-11       0.000000000000e+00       1.980228414214e-14       5.473111701157e-15      -6.051076591846e-16 
  716       2.627252894877e-10       4.880852463516e-12      -1.623779081556e-11       0.000000000000e+00       1.970108571414e-14       5.479387795392e-15      -6.023263934052e-16 
  717       2.636972311418e-10       4.858649315177e-12      -1.638903968615e-11       0.000000000000e+00       1.960053067689e-14       5.485348922964e-15      -5.994840577033e-16 
  718       2.646840314130e-10       4.835756964439e-12      -1.653622116757e-11       0.000000000000e+00       1.950061114574e-14       5.490997238942e-15      -5.965809961413e-16 
  719       2.656852197783e-10       4.812183239955e-12      -1.667923462610e-11       0.000000000000e+00       1.940131906786e-14       5.496334943577e-15      -5.936175598861e-16 
  720       2.667003195762e-10       4.787936097576e-12      -1.681797862384e-11       0.000000000000e+00       1.930264622148e-14       5.501364282480e-15      -5.905941072367e-16 
  721       2.677288479845e-10       4.763023620835e-12      -1.695235091626e-11       0.000000000000e+00       1.920458421521e-14       5.506087546801e-15      -5.875110036520e-16 
  722       2.687703199302e-10       4.737454813296e-12      -1.708226212349e-11       0.000000000000e+00       1.910712561085e-14       5.510506780179e-15      -5.843687191988e-16 
  723       2.698242599488e-10       4.711241992178e-12      -1.720767705176e-11       0.000000000000e+00       1.901026731810e-14       5.514622892719e-15      -5.811681230004e-16 
  724       2.708901905205e-10       4.684398444034e-12      -1.732857420183e-11       0.000000000000e+00       1.891400726702e-14       5.518436529473e-15      -5.779101947905e-16 
  725       2.719676281380e-10       4.656937637932e-12      -1.744493217164e-11       0.000000000000e+00       1.881834329031e-14       5.521948362166e-15      -5.745959280822e-16 
  726       2.730560832851e-10       4.628873226114e-12      -1.755672965709e-11       0.000000000000e+00       1.872327312284e-14       5.525159089308e-15      -5.712263302183e-16 
  727       2.741550604158e-10       4.600219044663e-12      -1.766394545271e-11       0.000000000000e+00       1.862879440123e-14       5.528069436307e-15      -5.678024224207e-16 
  728       2.752640579323e-10       4.570989114170e-12      -1.776655845247e-11       0.000000000000e+00       1.853490466339e-14       5.530680155582e-15      -5.643252398417e-16 
  729       2.763825681639e-10       4.541197640396e-12      -1.786454765043e-11       0.000000000000e+00       1.844160134811e-14       5.532992026676e-15      -5.607958316132e-16 
  730       2.775100773455e-10       4.510859014937e-12      -1.795789214153e-11       0.000000000000e+00       1.834888179456e-14       5.535005856366e-15      -5.572152608978e-16 
  731       2.786460655961e-10       4.479987815889e-12      -1.804657112231e-11       0.000000000000e+00       1.825674324189e-14       5.536722478783e-15      -5.535846049383e-16 
  732       2.797900068977e-10       4.448598808515e-12      -1.813056389163e-11       0.000000000000e+00       1.816518282879e-14       5.538142755516e-15      -5.499049551083e-16 
  733       2.809413690734e-10       4.416706945905e-12      -1.820984985139e-11       0.000000000000e+00       1.807419759301e-14       5.539267575732e-15      -5.461774169624e-16 
  734       2.820996137663e-10       4.384327369644e-12      -1.828440850730e-11       0.000000000000e+00       1.798378447094e-14       5.540097856284e-15      -5.424031102862e-16 
  735       2.832641964180e-10       4.351475410479e-12      -1.835421946958e-11       0.000000000000e+00       1.789394029719e-14       5.540634541828e-15      -5.385831691467e-16 
  736       2.844345662472e-10       4.318166588976e-12      -1.841926245372e-11       0.000000000000e+00       1.780466180408e-14       5.540878604931e-15      -5.347187419426e-16 
  737       2.856101662284e-10       4.284416616195e-12      -1.847951728118e-11       0.000000000000e+00       1.771594562128e-14       5.540831046189e-15      -5.308109914541e-16 
  738       2.867904330700e-10       4.250241394344e-12      -1.853496388014e-11       0.000000000000e+00       1.762778827529e-14       5.540492894336e-15      -5.268610948935e-16 
  739       2.879747971937e-10       4.215657017452e-12      -1.858558228624e-11       0.000000000000e+00       1.754018618904e-14       5.539865206358e-15      -5.228702439554e-16 
  740       2.891626827121e-10       4.180679772031e-12      -1.863135264328e-11       0.000000000000e+00       1.745313568147e-14       5.538949067608e-15      -5.188396448668e-16 
  741       2.903535074082e-10       4.145326137739e-12      -1.867225520399e-11       0.000000000000e+00       1.736663296700e-14       5.537745591915e-15      -5.147705184371e-16 
  742       2.915466827134e-10       4.109612788048e-12      -1.870827033075e-11       0.000000000000e+00       1.728067415518e-14       5.536255921699e-15      -5.106641001087e-16 
  743       2.927416136862e-10       4.073556590904e-12      -1.873937849632e-11       0.000000000000e+00       1.719525525019e-14       5.534481228085e-15      -5.065216400071e-16 
  744       2.939376989909e-10       4.037174609398e-12      -1.876556028455e-11       0.000000000000e+00       1.711037215042e-14       5.532422711014e-15      -5.023444029910e-16 
  745       2.951343308762e-10       4.000484102425e-12      -1.878679639114e-11       0.000000000000e+00       1.702602064803e-14       5.530081599356e-15      -4.981336687025e-16 
  746       2.963308951535e-10       3.963502525352e-12      -1.880306762438e-11       0.000000000000e+00       1.694219642847e-14       5.527459151023e-15      -4.938907316176e-16 
  747       2.975267711759e-10       3.926247530682e-12      -1.881435490585e-11       0.000000000000e+00       1.685889507010e-14       5.524556653082e-15      -4.896169010958e-16 
  748       2.987213318163e-10       3.888736968718e-12      -1.882063927118e-11       0.000000000000e+00       1.677611204368e-14       5.521375421869e-15      -4.853135014311e-16 
  749       2.999139434464e-10       3.850988888228e-12      -1.882190187075e-11       0.000000000000e+00       1.669384271197e-14       5.517916803099e-15      -4.809818719018e-16 
  750       3.011039659152e-10       3.813021537111e-12      -1.881812397046e-11       0.000000000000e+00       1.661208232927e-14       5.514182171984e-15      -4.766233668204e-16 
  751       3.022907525272e-10       3.774853363060e-12      -1.880928695244e-11       0.000000000000e+00       1.653082604098e-14       5.510172933339e-15      -4.722393555844e-16 
  752       3.034736500216e-10       3.736503014227e-12      -1.879537231580e-11       0.000000000000e+00       1.645006888317e-14       5.505890521699e-15      -4.678312227264e-16 
  753       3.046519985503e-10       3.697989339890e-12      -1.877636167732e-11       0.000000000000e+00       1.636980578210e-14       5.501336401434e-15      -4.634003679638e-16 
  754       3.058251316569e-10       3.659331391113e-12      -1.875223677223e-11       0.000000000000e+00       1.629003155382e-14       5.496512066855e-15      -4.589482062498e-16 
  755       3.069923762551e-10       3.620548421417e-12      -1.872297945492e-11       0.000000000000e+00       1.621074090370e-14       5.491419042333e-15      -4.544761678227e-16 
  756       3.081530526072e-10       3.581659887438e-12      -1.868857169968e-11       0.000000000000e+00       1.613192842599e-14       5.486058882411e-15      -4.499856982572e-16 
  757       3.093064743029e-10       3.542685449596e-12      -1.864899560141e-11       0.000000000000e+00       1.605358860338e-14       5.480433171913e-15      -4.454782585135e-16 
  758       3.104519482378e-10       3.503644972762e-12      -1.860423337639e-11       0.000000000000e+00       1.597571580656e-14       5.474543526062e-15      -4.409553249884e-16 
  759       3.115887745917e-10       3.464558526914e-12      -1.855426736298e-11       0.000000000000e+00       1.589830429377e-14       5.468391590587e-15      -4.364183895649e-16 
  760       3.127162468077e-10       3.425446387811e-12      -1.849908002235e-11       0.000000000000e+00       1.582134821036e-14       5.461979041844e-15      -4.318689596628e-16 
  761       3.138337098377e-10       3.386327966508e-12      -1.843866420613e-11       0.000000000000e+00       1.574484235391e-14       5.455307192901e-15      -4.273083449713e-16 
  762       3.149407361484e-10       3.347218574067e-12      -1.837305417363e-11       0.000000000000e+00       1.566878448653e-14       5.448375803318e-15      -4.227370130615e-16 
  763       3.160369530470e-10       3.308132596144e-12      -1.830229517060e-11       0.000000000000e+00       1.559317306602e-14       5.441184246781e-15      -4.181552215208e-16 
  764       3.171219847101e-10       3.269084558960e-12      -1.822643321912e-11       0.000000000000e+00       1.551800648399e-14       5.433731903080e-15      -4.135632301572e-16 
  765       3.181954521743e-10       3.230089129739e-12      -1.814551512045e-11       0.000000000000e+00       1.544328306565e-14       5.426018158145e-15      -4.089613010057e-16 
  766       3.192569733271e-10       3.191161117158e-12      -1.805958845785e-11       0.000000000000e+00       1.536900106946e-14       5.418042404073e-15      -4.043496983339e-16 
  767       3.203061628973e-10       3.152315471786e-12      -1.796870159946e-11       0.000000000000e+00       1.529515868687e-14       5.409804039164e-15      -3.997286886486e-16 
  768       3.213426324455e-10       3.113567286527e-12      -1.787290370117e-11       0.000000000000e+00       1.522175404206e-14       5.401302467950e-15      -3.950985407014e-16 
  769       3.223659903552e-10       3.074931797063e-12      -1.777224470944e-11       0.000000000000e+00       1.514878519160e-14       5.392537101225e-15      -3.904595254952e-16 
  770       3.233758418229e-10       3.036424382299e-12      -1.766677536419e-11       0.000000000000e+00       1.507625012422e-14       5.383507356079e-15      -3.858119162898e-16 
  771       3.243717888493e-10       2.998060564804e-12      -1.755654720165e-11       0.000000000000e+00       1.500414676048e-14       5.374212655927e-15      -3.811559886083e-16 
  772       3.253534302294e-10       2.959856011257e-12      -1.744161255721e-11       0.000000000000e+00       1.493247295251e-14       5.364652430541e-15      -3.764920202433e-16 
  773       3.263203615434e-10       2.921826532884e-12      -1.732202456827e-11       0.000000000000e+00       1.486122648374e-14       5.354826116084e-15      -3.718202912623e-16 
  774       3.272721751475e-10       2.883988085910e-12      -1.719783717711e-11       0.000000000000e+00       1.479040506857e-14       5.344733155137e-15      -3.671410840147e-16 
  775       3.282084601642e-10       2.846356771993e-12      -1.706910513373e-11       0.000000000000e+00       1.472000635212e-14       5.334372996731e-15      -3.624546831371e-16 
  776       3.291288024732e-10       2.808948838673e-12      -1.693588399875e-11       0.000000000000e+00       1.465002790994e-14       5.323745096382e-15      -3.577613755597e-16 
  777       3.300327847017e-10       2.771780679813e-12      -1.679823014621e-11       0.000000000000e+00       1.458046724771e-14       5.312848916120e-15      -3.530614505124e-16 
  778       3.309199862156e-10       2.734868836042e-12      -1.665620076645e-11       0.000000000000e+00       1.451132180098e-14       5.301683924518e-15      -3.483551995307e-16 
  779       3.317899831097e-10       2.698229995199e-12      -1.650985386898e-11       0.000000000000e+00       1.444258893486e-14       5.290249596728e-15      -3.436429164620e-16 
  780       3.326423481982e-10       2.661880992774e-12      -1.635924828532e-11       0.000000000000e+00       1.437426594375e-14       5.278545414507e-15      -3.389248974714e-16 
  781       3.334766510060e-10       2.625838812355e-12      -1.620444367185e-11       0.000000000000e+00       1.430635005104e-14       5.266570866254e-15      -3.342014410479e-16 
  782       3.342924577587e-10       2.590120586067e-12      -1.604550051272e-11       0.000000000000e+00       1.423883840886e-14       5.254325447037e-15      -3.294728480107e-16 
  783       3.350893313734e-10       2.554743595016e-12      -1.588248012260e-11       0.000000000000e+00       1.417172809774e-14       5.241808658626e-15      -3.247394215148e-16 
  784       3.358668314495e-10       2.519725269732e-12      -1.571544464967e-11       0.000000000000e+00       1.410501612638e-14       5.229020009524e-15      -3.200014670573e-16 
  785       3.366245142594e-10       2.485083190617e-12      -1.554445707835e-11       0.000000000000e+00       1.403869943133e-14       5.215959014999e-15      -3.152592924837e-16 
  786       3.373619327387e-10       2.450835088378e-12      -1.536958123226e-11       0.000000000000e+00       1.397277487671e-14       5.202625197115e-15      -3.105132079935e-16 
  787       3.380786364772e-10       2.416998844481e-12      -1.519088177701e-11       0.000000000000e+00       1.390723925395e-14       5.189018084760e-15      -3.057635261468e-16 
  788       3.387741717096e-10       2.383592491585e-12      -1.500842422307e-11       0.000000000000e+00       1.384208928147e-14       5.175137213686e-15      -3.010105618697e-16 
  789       3.394480813059e-10       2.350634213991e-12      -1.482227492866e-11       0.000000000000e+00       1.377732160440e-14       5.160982126529e-15      -2.962546324611e-16 
  790       3.400999047621e-10       2.318142348083e-12      -1.463250110256e-11       0.000000000000e+00       1.371293279434e-14       5.146552372849e-15      -2.914960575984e-16 
  791       3.407291781909e-10       2.286135382770e-12      -1.443917080699e-11       0.000000000000e+00       1.364891934902e-14       5.131847509158e-15      -2.867351593433e-16 
  792       3.413354343123e-10       2.254631959931e-12      -1.424235296050e-11       0.000000000000e+00       1.358527769202e-14       5.116867098953e-15      -2.819722621485e-16 
  793       3.419182024443e-10       2.223650874858e-12      -1.404211734073e-11       0.000000000000e+00       1.352200417254e-14       5.101610712742e-15      -2.772076928632e-16 
  794       3.424770084935e-10       2.193211076697e-12      -1.383853458739e-11       0.000000000000e+00       1.345909506504e-14       5.086077928083e-15      -2.724417807395e-16 
  795       3.430113749456e-10       2.163331668892e-12      -1.363167620502e-11       0.000000000000e+00       1.339654656900e-14       5.070268329610e-15      -2.676748574385e-16 
  796       3.435208208564e-10       2.134031909631e-12      -1.342161456588e-11       0.000000000000e+00       1.333435480864e-14       5.054181509066e-15      -2.629072570359e-16 
  797       3.440048618419e-10       2.105331212282e-12      -1.320842291282e-11       0.000000000000e+00       1.327251583262e-14       5.037817065335e-15      -2.581393160288e-16 
  798       3.444630100695e-10       2.077249145845e-12      -1.299217536214e-11       0.000000000000e+00       1.321102561373e-14       5.021174604471e-15      -2.533713733411e-16 
  799       3.448947742483e-10       2.049805435389e-12      -1.277294690640e-11       0.000000000000e+00       1.314988004865e-14       5.004253739733e-15      -2.486037703299e-16 
  800       3.452997341062e-10       2.023017650994e-12      -1.255081430630e-11       0.000000000000e+00       1.308907548000e-14       4.987055257686e-15      -2.438368413534e-16 
  801       3.456777653299e-10       1.996894227462e-12      -1.232585877820e-11       0.000000000000e+00       1.302861027346e-14       4.969584639778e-15      -2.390708852734e-16 
  802       3.460288187094e-10       1.971441318168e-12      -1.209816336125e-11       0.000000000000e+00       1.296848326887e-14       4.951848605058e-15      -2.343061934450e-16 
  803       3.463528460276e-10       1.946665095032e-12      -1.186781203590e-11       0.000000000000e+00       1.290869326025e-14       4.933853950174e-15      -2.295430591119e-16 
  804       3.466498000652e-10       1.922571748531e-12      -1.163488972691e-11       0.000000000000e+00       1.284923899565e-14       4.915607549624e-15      -2.247817774108e-16 
  805       3.469196346049e-10       1.899167487709e-12      -1.139948230637e-11       0.000000000000e+00       1.279011917697e-14       4.897116356000e-15      -2.200226453757e-16 
  806       3.471623044365e-10       1.876458540188e-12      -1.116167659675e-11       0.000000000000e+00       1.273133245974e-14       4.878387400244e-15      -2.152659619420e-16 
  807       3.473777653609e-10       1.854451152178e-12      -1.092156037387e-11       0.000000000000e+00       1.267287745295e-14       4.859427791895e-15      -2.105120279512e-16 
  808       3.475659741952e-10       1.833151588485e-12      -1.067922236999e-11       0.000000000000e+00       1.261475271888e-14       4.840244719336e-15      -2.057611461548e-16 
  809       3.477268887771e-10       1.812566132524e-12      -1.043475227677e-11       0.000000000000e+00       1.255695677286e-14       4.820845450049e-15      -2.010136212188e-16 
  810       3.478604679693e-10       1.792701086329e-12      -1.018824074834e-11       0.000000000000e+00       1.249948808316e-14       4.801237330862e-15      -1.962697597279e-16 
  811       3.479666716643e-10       1.773562770560e-12      -9.939779404300e-12       0.000000000000e+00       1.244234507072e-14       4.781427788197e-15      -1.915298701899e-16 
  812       3.480454607890e-10       1.755157524519e-12      -9.689460832742e-12       0.000000000000e+00       1.238552610905e-14       4.761424328323e-15      -1.867942630402e-16 
  813       3.480967973091e-10       1.737491706152e-12      -9.437378593287e-12       0.000000000000e+00       1.232902952396e-14       4.741234537602e-15      -1.820632506455e-16 
  814       3.481206442341e-10       1.720571692069e-12      -9.183627220098e-12       0.000000000000e+00       1.227285359342e-14       4.720866082743e-15      -1.773371473087e-16 
  815       3.481169656213e-10       1.704403877545e-12      -8.928302224907e-12       0.000000000000e+00       1.221699654736e-14       4.700326711049e-15      -1.726162692729e-16 
  816       3.480857265808e-10       1.688994676537e-12      -8.671500100034e-12       0.000000000000e+00       1.216145656749e-14       4.679624250667e-15      -1.679009347258e-16 
  817       3.480268932800e-10       1.674350521691e-12      -8.413318321415e-12       0.000000000000e+00       1.210623178712e-14       4.658766610836e-15      -1.631914638041e-16 
  818       3.479404329480e-10       1.660477864351e-12      -8.153855351622e-12       0.000000000000e+00       1.205132029093e-14       4.637761782140e-15      -1.584881785974e-16 
  819       3.478263138807e-10       1.647383174572e-12      -7.893210642889e-12       0.000000000000e+00       1.199672011484e-14       4.616617836758e-15      -1.537914031529e-16 
  820       3.476845054446e-10       1.635072941130e-12      -7.631484640131e-12       0.000000000000e+00       1.194242924579e-14       4.595342928709e-15      -1.491014634798e-16 
  821       3.475149780821e-10       1.623553671531e-12      -7.368778783972e-12       0.000000000000e+00       1.188844562156e-14       4.573945294105e-15      -1.444186875530e-16 
  822       3.473177033158e-10       1.612831892020e-12      -7.105195513763e-12       0.000000000000e+00       1.183476713057e-14       4.552433251402e-15      -1.397434053182e-16 
  823       3.470926537530e-10       1.602914147594e-12      -6.840838270609e-12       0.000000000000e+00       1.178139161172e-14       4.530815201645e-15      -1.350759486954e-16 
  824       3.468398030905e-10       1.593807002011e-12      -6.575811500392e-12       0.000000000000e+00       1.172831685418e-14       4.509099628724e-15      -1.304166515838e-16 
  825       3.465591261189e-10       1.585517037799e-12      -6.310220656792e-12       0.000000000000e+00       1.167554059722e-14       4.487295099618e-15      -1.257658498658e-16 
  826       3.462505987275e-10       1.578050856268e-12      -6.044172204311e-12       0.000000000000e+00       1.162306053000e-14       4.465410264646e-15      -1.211238814116e-16 
  827       3.459141979088e-10       1.571415077521e-12      -5.777773621297e-12       0.000000000000e+00       1.157087429140e-14       4.443453857721e-15      -1.164910860830e-16 
  828       3.455499017627e-10       1.565616340459e-12      -5.511133402968e-12       0.000000000000e+00       1.151897946985e-14       4.421434696594e-15      -1.118678057382e-16 
  829       3.451576895019e-10       1.560661302798e-12      -5.244361064430e-12       0.000000000000e+00       1.146737360309e-14       4.399361683105e-15      -1.072543842357e-16 
  830       3.447375414557e-10       1.556556641074e-12      -4.977567143707e-12       0.000000000000e+00       1.141605417804e-14       4.377243803437e-15      -1.026511674391e-16 
  831       3.442894390750e-10       1.553309050658e-12      -4.710863204760e-12       0.000000000000e+00       1.136501863057e-14       4.355090128360e-15      -9.805850322078e-17 
  832       3.438133649367e-10       1.550925245761e-12      -4.444361840512e-12       0.000000000000e+00       1.131426434534e-14       4.332909813482e-15      -9.347674146674e-17 
  833       3.433093027484e-10       1.549411959448e-12      -4.178176675868e-12       0.000000000000e+00       1.126378865561e-14       4.310712099502e-15      -8.890623408057e-17 
  834       3.427772373530e-10       1.548775943645e-12      -3.912422370743e-12       0.000000000000e+00       1.121358884302e-14       4.288506312458e-15      -8.434733498792e-17 
  835       3.422171547332e-10       1.549023969153e-12      -3.647214623081e-12       0.000000000000e+00       1.116366213747e-14       4.266301863972e-15      -7.980040014070e-17 
  836       3.416290420163e-10       1.550162825655e-12      -3.382670171880e-12       0.000000000000e+00       1.111400571686e-14       4.244108251509e-15      -7.526578752147e-17 
  837       3.410128874783e-10       1.552199321729e-12      -3.118906800216e-12       0.000000000000e+00       1.106461670694e-14       4.221935058617e-15      -7.074385714768e-17 
  838       3.403686805491e-10       1.555140284856e-12      -2.856043338264e-12       0.000000000000e+00       1.101549218112e-14       4.199791955185e-15      -6.623497107598e-17 
  839       3.396964592289e-10       1.558990417567e-12      -2.594191114750e-12       0.000000000000e+00       1.096662952371e-14       4.177686520674e-15      -6.173954393738e-17 
  840       3.389964532349e-10       1.563745824991e-12      -2.333428142172e-12       0.000000000000e+00       1.091802752692e-14       4.155617671826e-15      -5.725819549765e-17 
  841       3.382689433537e-10       1.569400374730e-12      -2.073824488499e-12       0.000000000000e+00       1.086968531253e-14       4.133582121122e-15      -5.279160075942e-17 
  842       3.375142142680e-10       1.575947830169e-12      -1.815450789607e-12       0.000000000000e+00       1.082160197014e-14       4.111576543308e-15      -4.834043968466e-17 
  843       3.367325545687e-10       1.583381850120e-12      -1.558378250852e-12       0.000000000000e+00       1.077377655701e-14       4.089597575280e-15      -4.390539720765e-17 
  844       3.359242567680e-10       1.591695988464e-12      -1.302678648635e-12       0.000000000000e+00       1.072620809793e-14       4.067641815960e-15      -3.948716324786e-17 
  845       3.350896173117e-10       1.600883693800e-12      -1.048424331965e-12       0.000000000000e+00       1.067889558509e-14       4.045705826173e-15      -3.508643272284e-17 
  846       3.342289365920e-10       1.610938309088e-12      -7.956882240338e-13       0.000000000000e+00       1.063183797797e-14       4.023786128529e-15      -3.070390556116e-17 
  847       3.333425189603e-10       1.621853071296e-12      -5.445438237759e-13       0.000000000000e+00       1.058503420324e-14       4.001879207301e-15      -2.634028671529e-17 
  848       3.324306727397e-10       1.633621111042e-12      -2.950652074402e-13       0.000000000000e+00       1.053848315457e-14       3.979981508306e-15      -2.199628617450e-17 
  849       3.314937102374e-10       1.646235452242e-12      -4.732703015481e-14       0.000000000000e+00       1.049218369256e-14       3.958089438778e-15      -1.767261897779e-17 
  850       3.305319477581e-10       1.659689011756e-12       1.985954725051e-13       0.000000000000e+00       1.044613464459e-14       3.936199367254e-15      -1.337000522680e-17 
  851       3.295457056158e-10       1.673974599028e-12       4.426264829505e-13       0.000000000000e+00       1.040033480468e-14       3.914307623450e-15      -9.089170098658e-18 
  852       3.285353081473e-10       1.689084915737e-12       6.846896000111e-13       0.000000000000e+00       1.035478293343e-14       3.892410498138e-15      -4.830843858965e-18 
  853       3.275010837240e-10       1.705012555440e-12       9.247078373688e-13       0.000000000000e+00       1.030947775781e-14       3.870504243030e-15      -5.957618746443e-19 
  854       3.264433647653e-10       1.721750003214e-12       1.162603621990e-12       0.000000000000e+00       1.026441797108e-14       3.848585070652e-15       3.615335373134e-18 
  855       3.253624877507e-10       1.739289635308e-12       1.398298792559e-12       0.000000000000e+00       1.021960223268e-14       3.826649154225e-15       7.801702276047e-18 
  856       3.242587932329e-10       1.757623718782e-12       1.631714597911e-12       0.000000000000e+00       1.017502916805e-14       3.804692627544e-15       1.196258808572e-17 
  857       3.231326258502e-10       1.776744411154e-12       1.862771695465e-12       0.000000000000e+00       1.013069736858e-14       3.782711584858e-15       1.609723690080e-17 
  858       3.219843343393e-10       1.796643760046e-12       2.091390149656e-12       0.000000000000e+00       1.008660539140e-14       3.760702080749e-15       2.020488765409e-17 
  859       3.208142715477e-10       1.817313702830e-12       2.317489430369e-12       0.000000000000e+00       1.004275175933e-14       3.738660130007e-15       2.428477409961e-17 
  860       3.196227944468e-10       1.838746066271e-12       2.540988411371e-12       0.000000000000e+00       9.999134960700e-15       3.716581707514e-15       2.833612479970e-17 
  861       3.184102641442e-10       1.860932566172e-12       2.761805368744e-12       0.000000000000e+00       9.955753449262e-15       3.694462748121e-15       3.235816311211e-17 
  862       3.171770458963e-10       1.883864807021e-12       2.979857979320e-12       0.000000000000e+00       9.912605644042e-15       3.672299146527e-15       3.635010717712e-17 
  863       3.159235091215e-10       1.907534281636e-12       3.195063319110e-12       0.000000000000e+00       9.869689929227e-15       3.650086757157e-15       4.031116990459e-17 
  864       3.146500274121e-10       1.931932370808e-12       3.407337861742e-12       0.000000000000e+00       9.827004654031e-15       3.627821394044e-15       4.424055896110e-17 
  865       3.133569785476e-10       1.957050342949e-12       3.616597476888e-12       0.000000000000e+00       9.784548132576e-15       3.605498830705e-15       4.813747675701e-17 
  866       3.120447445070e-10       1.982879353736e-12       3.822757428702e-12       0.000000000000e+00       9.742318643765e-15       3.583114800020e-15       5.200112043359e-17 
  867       3.107137114818e-10       2.009410445754e-12       4.025732374250e-12       0.000000000000e+00       9.700314431156e-15       3.560664994113e-15       5.583068185006e-17 
  868       3.093642698880e-10       2.036634548146e-12       4.225436361945e-12       0.000000000000e+00       9.658533702835e-15       3.538145064231e-15       5.962534757075e-17 
  869       3.079968143796e-10       2.064542476253e-12       4.421782829978e-12       0.000000000000e+00       9.616974631296e-15       3.515550620622e-15       6.338429885214e-17 
  870       3.066117438607e-10       2.093124931262e-12       4.614684604752e-12       0.000000000000e+00       9.575635353311e-15       3.492877232411e-15       6.710671163000e-17 
  871       3.052094614982e-10       2.122372499851e-12       4.804053899315e-12       0.000000000000e+00       9.534513969805e-15       3.470120427486e-15       7.079175650643e-17 
  872       3.037903747348e-10       2.152275653835e-12       4.989802311793e-12       0.000000000000e+00       9.493608545734e-15       3.447275692370e-15       7.443859873702e-17 
  873       3.023548953012e-10       2.182824749806e-12       5.171840823821e-12       0.000000000000e+00       9.452917109957e-15       3.424338472106e-15       7.804639821788e-17 
  874       3.009034392291e-10       2.214010028787e-12       5.350079798978e-12       0.000000000000e+00       9.412437655111e-15       3.401304170130e-15       8.161430947278e-17 
  875       2.994364268639e-10       2.245821615868e-12       5.524428981222e-12       0.000000000000e+00       9.372168137486e-15       3.378168148156e-15       8.514148164023e-17 
  876       2.979542828770e-10       2.278249519860e-12       5.694797493316e-12       0.000000000000e+00       9.332106476900e-15       3.354925726050e-15       8.862705846058e-17 
  877       2.964574362787e-10       2.311283632930e-12       5.861093835270e-12       0.000000000000e+00       9.292250556574e-15       3.331572181711e-15       9.207017826308e-17 
  878       2.949463177222e-10       2.344913046264e-12       6.023238514154e-12       0.000000000000e+00       9.252598478622e-15       3.308104284799e-15       9.547017521472e-17 
  879       2.934213513405e-10       2.379123985262e-12       6.181202166890e-12       0.000000000000e+00       9.213149335439e-15       3.284524926109e-15       9.882718675992e-17 
  880       2.918829627988e-10       2.413901839303e-12       6.334968068219e-12       0.000000000000e+00       9.173902450890e-15       3.260838564924e-15       1.021415562551e-16 
  881       2.903315820032e-10       2.449231842165e-12       6.484519557163e-12       0.000000000000e+00       9.134857125772e-15       3.237049702271e-15       1.054136326407e-16 
  882       2.887676431129e-10       2.485099071567e-12       6.629840037415e-12       0.000000000000e+00       9.096012637728e-15       3.213162881027e-15       1.086437704596e-16 
  883       2.871915845523e-10       2.521488448703e-12       6.770912977744e-12       0.000000000000e+00       9.057368241162e-15       3.189182686046e-15       1.118323298755e-16 
  884       2.856038490234e-10       2.558384737784e-12       6.907721912386e-12       0.000000000000e+00       9.018923167153e-15       3.165113744270e-15       1.149796766913e-16 
  885       2.840048835181e-10       2.595772545574e-12       7.040250441443e-12       0.000000000000e+00       8.980676623368e-15       3.140960724849e-15       1.180861823673e-16 
  886       2.823951393301e-10       2.633636320934e-12       7.168482231280e-12       0.000000000000e+00       8.942627793980e-15       3.116728339261e-15       1.211522240402e-16 
  887       2.807750720676e-10       2.671960354356e-12       7.292401014921e-12       0.000000000000e+00       8.904775839578e-15       3.092421341424e-15       1.241781845406e-16 
  888       2.791451416652e-10       2.710728777501e-12       7.411990592449e-12       0.000000000000e+00       8.867119897086e-15       3.068044527817e-15       1.271644524122e-16 
  889       2.775058123963e-10       2.749925562744e-12       7.527234831397e-12       0.000000000000e+00       8.829659079674e-15       3.043602737599e-15       1.301114219296e-16 
  890       2.758575528853e-10       2.789534522706e-12       7.638117667153e-12       0.000000000000e+00       8.792392476674e-15       3.019100852722e-15       1.330194931171e-16 
  891       2.742008361198e-10       2.829539309797e-12       7.744623103350e-12       0.000000000000e+00       8.755319153495e-15       2.994543798052e-15       1.358890717668e-16 
  892       2.725361394628e-10       2.869923415754e-12       7.846735212266e-12       0.000000000000e+00       8.718438151536e-15       2.969936541485e-15       1.387205694572e-16 
  893       2.708639446651e-10       2.910670171178e-12       7.944438135222e-12       0.000000000000e+00       8.681748488100e-15       2.945284094066e-15       1.415144035714e-16 
  894       2.691847378775e-10       2.951762745074e-12       8.037716082975e-12       0.000000000000e+00       8.645249156312e-15       2.920591510105e-15       1.442709973157e-16 
  895       2.674990096628e-10       2.993184144392e-12       8.126553336121e-12       0.000000000000e+00       8.608939125029e-15       2.895863887294e-15       1.469907797378e-16 
  896       2.658072550084e-10       3.034917213562e-12       8.210934245485e-12       0.000000000000e+00       8.572817338758e-15       2.871106366826e-15       1.496741857452e-16 
  897       2.641099733383e-10       3.076944634035e-12       8.290843232523e-12       0.000000000000e+00       8.536882717568e-15       2.846324133511e-15       1.523216561237e-16 
  898       2.624076685253e-10       3.119248923821e-12       8.366264789719e-12       0.000000000000e+00       8.501134157007e-15       2.821522415897e-15       1.549336375558e-16 
  899       2.607008489036e-10       3.161812437028e-12       8.437183480979e-12       0.000000000000e+00       8.465570528013e-15       2.796706486383e-15       1.575105826390e-16 
  900       2.589900272806e-10       3.204617363403e-12       8.503583942029e-12       0.000000000000e+00       8.430190676831e-15       2.771881661338e-15       1.600529499041e-16 
  901       2.572757209492e-10       3.247645727867e-12       8.565450880812e-12       0.000000000000e+00       8.394993424927e-15       2.747053301220e-15       1.625612038338e-16 
  902       2.555584517004e-10       3.290879390055e-12       8.622769077887e-12       0.000000000000e+00       8.359977568903e-15       2.722226810691e-15       1.650358148811e-16 
  903       2.538387458352e-10       3.334300043856e-12       8.675523386824e-12       0.000000000000e+00       8.325141880411e-15       2.697407638739e-15       1.674772594873e-16 
  904       2.521171341769e-10       3.377889216953e-12       8.723698734599e-12       0.000000000000e+00       8.290485106065e-15       2.672601278788e-15       1.698860201009e-16 
  905       2.503941520834e-10       3.421628270358e-12       8.767280121997e-12       0.000000000000e+00       8.256005967360e-15       2.647813268823e-15       1.722625851957e-16 
  906       2.486703394595e-10       3.465498397952e-12       8.806252624002e-12       0.000000000000e+00       8.221703160583e-15       2.623049191504e-15       1.746074492891e-16 
  907       2.469462407689e-10       3.509480626028e-12       8.840601390199e-12       0.000000000000e+00       8.187575356730e-15       2.598314674282e-15       1.769211129609e-16 
  908       2.452224050467e-10       3.553555812823e-12       8.870311645169e-12       0.000000000000e+00       8.153621201418e-15       2.573615389522e-15       1.792040828711e-16 
  909       2.434993859115e-10       3.597704648061e-12       8.895368688884e-12       0.000000000000e+00       8.119839314801e-15       2.548957054613e-15       1.814568717790e-16 
  910       2.417777415776e-10       3.641907652494e-12       8.915757897109e-12       0.000000000000e+00       8.086228291483e-15       2.524345432091e-15       1.836799985608e-16 
  911       2.400580348676e-10       3.686145177433e-12       8.931464721795e-12       0.000000000000e+00       8.052786700435e-15       2.499786329755e-15       1.858739882286e-16 
  912       2.383408332239e-10       3.730397404296e-12       8.942474691476e-12       0.000000000000e+00       8.019513084908e-15       2.475285600785e-15       1.880393719485e-16 
  913       2.366267087217e-10       3.774644344140e-12       8.948773411669e-12       0.000000000000e+00       7.986405962346e-15       2.450849143858e-15       1.901766870592e-16 
  914       2.349162380809e-10       3.818865837202e-12       8.950346565267e-12       0.000000000000e+00       7.953463824303e-15       2.426482903265e-15       1.922864770901e-16 
  915       2.332100026782e-10       3.863041552441e-12       8.947179912938e-12       0.000000000000e+00       7.920685136356e-15       2.402192869033e-15       1.943692917798e-16 
  916       2.315085885597e-10       3.907150987070e-12       8.939259293524e-12       0.000000000000e+00       7.888068338021e-15       2.377985077037e-15       1.964256870948e-16 
  917       2.298125404325e-10       3.951174627647e-12       8.926579917031e-12       0.000000000000e+00       7.855612028139e-15       2.353864898663e-15       1.984560806999e-16 
  918       2.281222228124e-10       3.995097454519e-12       8.909174404959e-12       0.000000000000e+00       7.823315524456e-15       2.329834897162e-15       2.004603158136e-16 
  919       2.264379566900e-10       4.038905492258e-12       8.887085197248e-12       0.000000000000e+00       7.791178312785e-15       2.305896937392e-15       2.024380904445e-16 
  920       2.247600653557e-10       4.082584652884e-12       8.860355301868e-12       0.000000000000e+00       7.759199862278e-15       2.282052893204e-15       2.043891013074e-16 
  921       2.230888744057e-10       4.126120735567e-12       8.829028296542e-12       0.000000000000e+00       7.727379625371e-15       2.258304647455e-15       2.063130438212e-16 
  922       2.214247117475e-10       4.169499426332e-12       8.793148330469e-12       0.000000000000e+00       7.695717037726e-15       2.234654092022e-15       2.082096121059e-16 
  923       2.197679076059e-10       4.212706297760e-12       8.752760126045e-12       0.000000000000e+00       7.664211518163e-15       2.211103127823e-15       2.100784989814e-16 
  924       2.181187945283e-10       4.255726808698e-12       8.707908980582e-12       0.000000000000e+00       7.632862468612e-15       2.187653664830e-15       2.119193959645e-16 
  925       2.164777073907e-10       4.298546303960e-12       8.658640768034e-12       0.000000000000e+00       7.601669274047e-15       2.164307622086e-15       2.137319932672e-16 
  926       2.148449834030e-10       4.341150014030e-12       8.605001940715e-12       0.000000000000e+00       7.570631302429e-15       2.141066927722e-15       2.155159797940e-16 
  927       2.132209621150e-10       4.383523054770e-12       8.547039531023e-12       0.000000000000e+00       7.539747904646e-15       2.117933518972e-15       2.172710431402e-16 
  928       2.116059854223e-10       4.425650427123e-12       8.484801153159e-12       0.000000000000e+00       7.509018414455e-15       2.094909342189e-15       2.189968695893e-16 
  929       2.100003975711e-10       4.467517016816e-12       8.418335004853e-12       0.000000000000e+00       7.478442148423e-15       2.071996352863e-15       2.206931441108e-16 
  930       2.084045451649e-10       4.509107594067e-12       8.347689869081e-12       0.000000000000e+00       7.448018405867e-15       2.049196515637e-15       2.223595503584e-16 
  931       2.068187771696e-10       4.550406813285e-12       8.272915115788e-12       0.000000000000e+00       7.417746468796e-15       2.026511804320e-15       2.239957706673e-16 
  932       2.052434449191e-10       4.591399212780e-12       8.194060703612e-12       0.000000000000e+00       7.387625601849e-15       2.003944201907e-15       2.256014860520e-16 
  933       2.036789021215e-10       4.632069214464e-12       8.111177181604e-12       0.000000000000e+00       7.357655052240e-15       1.981495700594e-15       2.271763762044e-16 
  934       2.021255048642e-10       4.672401123554e-12       8.024315690947e-12       0.000000000000e+00       7.327834049697e-15       1.959168301794e-15       2.287201194916e-16 
  935       2.005836116199e-10       4.712379128282e-12       7.933527966682e-12       0.000000000000e+00       7.298161806402e-15       1.936964016152e-15       2.302323929533e-16 
  936       1.990535832524e-10       4.751987299593e-12       7.838866339428e-12       0.000000000000e+00       7.268637516935e-15       1.914884863565e-15       2.317128722996e-16 
  937       1.975357830218e-10       4.791209590853e-12       7.740383737103e-12       0.000000000000e+00       7.239260358209e-15       1.892932873194e-15       2.331612319095e-16 
  938       1.960305765907e-10       4.830029837553e-12       7.638133686645e-12       0.000000000000e+00       7.210029489417e-15       1.871110083481e-15       2.345771448277e-16 
  939       1.945383320295e-10       4.868431757011e-12       7.532170315736e-12       0.000000000000e+00       7.180944051971e-15       1.849418542169e-15       2.359602827630e-16 
  940       1.930594198224e-10       4.906398948081e-12       7.422548354522e-12       0.000000000000e+00       7.152003169441e-15       1.827860306313e-15       2.373103160860e-16 
  941       1.915942128728e-10       4.943914890854e-12       7.309323137334e-12       0.000000000000e+00       7.123205947499e-15       1.806437442300e-15       2.386269138267e-16 
  942       1.901430865091e-10       4.980962946361e-12       7.192550604412e-12       0.000000000000e+00       7.094551473856e-15       1.785152025862e-15       2.399097436724e-16 
  943       1.887064184903e-10       5.017526356282e-12       7.072287303624e-12       0.000000000000e+00       7.066038818207e-15       1.764006142096e-15       2.411584719654e-16 
  944       1.872845890118e-10       5.053588242647e-12       6.948590392189e-12       0.000000000000e+00       7.037667032170e-15       1.743001885477e-15       2.423727637012e-16 
  945       1.858779807112e-10       5.089131607541e-12       6.821517638400e-12       0.000000000000e+00       7.009435149225e-15       1.722141359877e-15       2.435522825255e-16 
  946       1.844869786735e-10       5.124139332809e-12       6.691127423342e-12       0.000000000000e+00       6.981342184659e-15       1.701426678577e-15       2.446966907327e-16 
  947       1.831119704373e-10       5.158594179760e-12       6.557478742616e-12       0.000000000000e+00       6.953387135504e-15       1.680859964290e-15       2.458056492632e-16 
  948       1.817533460001e-10       5.192478788870e-12       6.420631208062e-12       0.000000000000e+00       6.925568980479e-15       1.660443349169e-15       2.468788177017e-16 
  949       1.804114978244e-10       5.225775679491e-12       6.280645049477e-12       0.000000000000e+00       6.897886679930e-15       1.640178974829e-15       2.479158542743e-16 
  950       1.790868208428e-10       5.258467249549e-12       6.137581116340e-12       0.000000000000e+00       6.870339175772e-15       1.620068992363e-15       2.489164158469e-16 
  951       1.777797124641e-10       5.290535775254e-12       5.991500879532e-12       0.000000000000e+00       6.842925391430e-15       1.600115562355e-15       2.498801579227e-16 
  952       1.764905725791e-10       5.321963410799e-12       5.842466433057e-12       0.000000000000e+00       6.815644231776e-15       1.580320854898e-15       2.508067346400e-16 
  953       1.752198035657e-10       5.352732188071e-12       5.690540495766e-12       0.000000000000e+00       6.788494583078e-15       1.560687049611e-15       2.516957987700e-16 
  954       1.739678102953e-10       5.382824016349e-12       5.535786413077e-12       0.000000000000e+00       6.761475312933e-15       1.541216335655e-15       2.525470017145e-16 
  955       1.727350001377e-10       5.412220682011e-12       5.378268158695e-12       0.000000000000e+00       6.734585270212e-15       1.521910911747e-15       2.533599935040e-16 
  956       1.715217239509e-10       5.440906119903e-12       5.218051380951e-12       0.000000000000e+00       6.707823416065e-15       1.502772314190e-15       2.541345510142e-16 
  957       1.703280980483e-10       5.468873266046e-12       5.055206555849e-12       0.000000000000e+00       6.681189219254e-15       1.483799389671e-15       2.548709647678e-16 
  958       1.691541795227e-10       5.496117309020e-12       4.889805885600e-12       0.000000000000e+00       6.654682266742e-15       1.464990291527e-15       2.555696580374e-16 
  959       1.680000250146e-10       5.522633427803e-12       4.721922260231e-12       0.000000000000e+00       6.628302133134e-15       1.446343148852e-15       2.562310591766e-16 
  960       1.668656907098e-10       5.548416791761e-12       4.551629259447e-12       0.000000000000e+00       6.602048380634e-15       1.427856066430e-15       2.568556016343e-16 
  961       1.657512323374e-10       5.573462560662e-12       4.379001154482e-12       0.000000000000e+00       6.575920559004e-15       1.409527124657e-15       2.574437239697e-16 
  962       1.646567051680e-10       5.597765884670e-12       4.204112909967e-12       0.000000000000e+00       6.549918205520e-15       1.391354379476e-15       2.579958698669e-16 
  963       1.635821640114e-10       5.621321904352e-12       4.027040185782e-12       0.000000000000e+00       6.524040844935e-15       1.373335862298e-15       2.585124881490e-16 
  964       1.625276632147e-10       5.644125750680e-12       3.847859338915e-12       0.000000000000e+00       6.498287989431e-15       1.355469579936e-15       2.589940327932e-16 
  965       1.614932566598e-10       5.666172545028e-12       3.666647425324e-12       0.000000000000e+00       6.472659138581e-15       1.337753514530e-15       2.594409629452e-16 
  966       1.604789977622e-10       5.687457399184e-12       3.483482201796e-12       0.000000000000e+00       6.447153779306e-15       1.320185623474e-15       2.598537429339e-16 
  967       1.594849394678e-10       5.707975415342e-12       3.298442127799e-12       0.000000000000e+00       6.421771385834e-15       1.302763839348e-15       2.602328422860e-16 
  968       1.585111342520e-10       5.727721686113e-12       3.111606367349e-12       0.000000000000e+00       6.396511419657e-15       1.285486069843e-15       2.605787357402e-16 
  969       1.575576341168e-10       5.746691294522e-12       2.923054790864e-12       0.000000000000e+00       6.371373329487e-15       1.268350197690e-15       2.608919032626e-16 
  970       1.566244905891e-10       5.764879314011e-12       2.732867977022e-12       0.000000000000e+00       6.346356551220e-15       1.251354080588e-15       2.611728300605e-16 
  971       1.557117547185e-10       5.782280808445e-12       2.541127214623e-12       0.000000000000e+00       6.321460507889e-15       1.234495551130e-15       2.614220065975e-16 
  972       1.548194770753e-10       5.798890832108e-12       2.347914504446e-12       0.000000000000e+00       6.296684609622e-15       1.217772416738e-15       2.616399286079e-16 
  973       1.539477077486e-10       5.814704429712e-12       2.153312561105e-12       0.000000000000e+00       6.272028253605e-15       1.201182459581e-15       2.618270971113e-16 
  974       1.530964963440e-10       5.829716636394e-12       1.957404814913e-12       0.000000000000e+00       6.247490824035e-15       1.184723436511e-15       2.619840184273e-16 
  975       1.522658919815e-10       5.843922477724e-12       1.760275413737e-12       0.000000000000e+00       6.223071692079e-15       1.168393078990e-15       2.621112041899e-16 
  976       1.514559432937e-10       5.857316969701e-12       1.562009224857e-12       0.000000000000e+00       6.198770215835e-15       1.152189093012e-15       2.622091713626e-16 
  977       1.506666984235e-10       5.869895118758e-12       1.362691836824e-12       0.000000000000e+00       6.174585740287e-15       1.136109159039e-15       2.622784422523e-16 
  978       1.498982050221e-10       5.881651921767e-12       1.162409561322e-12       0.000000000000e+00       6.150517597264e-15       1.120150931925e-15       2.623195445242e-16 
  979       1.491505102472e-10       5.892582366038e-12       9.612494350234e-13       0.000000000000e+00       6.126565105400e-15       1.104312040844e-15       2.623330112169e-16 
  980       1.484236607605e-10       5.902681429322e-12       7.592992214483e-13       0.000000000000e+00       6.102727570088e-15       1.088590089219e-15       2.623193807560e-16 
  981       1.477177027257e-10       5.911944079814e-12       5.566474128238e-13       0.000000000000e+00       6.079004283443e-15       1.072982654651e-15       2.622791969696e-16 
  982       1.470326818070e-10       5.920365276155e-12       3.533832319423e-13       0.000000000000e+00       6.055394524256e-15       1.057487288844e-15       2.622130091024e-16 
  983       1.463686431663e-10       5.927939967436e-12       1.495966340204e-13       0.000000000000e+00       6.031897557953e-15       1.042101517537e-15       2.621213718305e-16 
  984       1.457256314615e-10       5.934663093195e-12      -5.462169144301e-14       0.000000000000e+00       6.008512636556e-15       1.026822840429e-15       2.620048452759e-16 
  985       1.451036908445e-10       5.940529583426e-12      -2.591803188076e-13       0.000000000000e+00       5.985238998638e-15       1.011648731108e-15       2.618639950213e-16 
  986       1.445028649589e-10       5.945534358579e-12      -4.639870844330e-13       0.000000000000e+00       5.962075869281e-15       9.965766369796e-16       2.616993921243e-16 
  987       1.439231969383e-10       5.949672329560e-12      -6.689490848204e-13       0.000000000000e+00       5.939022460035e-15       9.816039791953e-16       2.615116131325e-16 
  988       1.433647294037e-10       5.952938397735e-12      -8.739726747537e-13       0.000000000000e+00       5.916077968879e-15       9.667281525793e-16       2.613012400976e-16 
  989       1.428275044620e-10       5.955327454934e-12      -1.078963465441e-12       0.000000000000e+00       5.893241580173e-15       9.519465255577e-16       2.610688605905e-16 
  990       1.423115637036e-10       5.956834383451e-12      -1.283826322656e-12       0.000000000000e+00       5.870512464621e-15       9.372564400861e-16       2.608150677156e-16 
  991       1.418169482003e-10       5.957454056047e-12      -1.488465364878e-12       0.000000000000e+00       5.847889779228e-15       9.226552115777e-16       2.605404601252e-16 
  992       1.413436985037e-10       5.957181335953e-12      -1.692783961437e-12       0.000000000000e+00       5.825372667255e-15       9.081401288316e-16       2.602456420348e-16 
  993       1.408918546423e-10       5.956011076871e-12      -1.896684730650e-12       0.000000000000e+00       5.802960258183e-15       8.937084539607e-16       2.599312232368e-16 
  994       1.404614561205e-10       5.953938122978e-12      -2.100069537966e-12       0.000000000000e+00       5.780651667665e-15       8.793574223197e-16       2.595978191158e-16 
  995       1.400525031254e-10       5.950959309728e-12      -2.302846544709e-12       0.000000000000e+00       5.758446095949e-15       8.650847578156e-16       2.592458959944e-16 
  996       1.396648395312e-10       5.947079498427e-12      -2.504951471399e-12       0.000000000000e+00       5.736343124797e-15       8.508902272692e-16       2.588753046548e-16 
  997       1.392982681740e-10       5.942305630247e-12      -2.706326642885e-12       0.000000000000e+00       5.714342424842e-15       8.367741087283e-16       2.584857399985e-16 
  998       1.389525894788e-10       5.936644733708e-12      -2.906913965037e-12       0.000000000000e+00       5.692443657487e-15       8.227366781451e-16       2.580768950896e-16 
  999       1.386276014530e-10       5.930103924916e-12      -3.106654923740e-12       0.000000000000e+00       5.670646474883e-15       8.087782093666e-16       2.576484611508e-16 
 1000       1.383230996801e-10       5.922690407809e-12      -3.305490583889e-12       0.000000000000e+00       5.648950519891e-15       7.948989741249e-16       2.572001275593e-16 
 1001       1.380388773122e-10       5.914411474404e-12      -3.503361588389e-12       0.000000000000e+00       5.627355426058e-15       7.810992420278e-16       2.567315818429e-16 
 1002       1.377747250638e-10       5.905274505040e-12      -3.700208157144e-12       0.000000000000e+00       5.605860817584e-15       7.673792805495e-16       2.562425096752e-16 
 1003       1.375304312047e-10       5.895286968623e-12      -3.895970086054e-12       0.000000000000e+00       5.584466309292e-15       7.537393550207e-16       2.557325948723e-16 
 1004       1.373057815535e-10       5.884456422871e-12      -4.090586746012e-12       0.000000000000e+00       5.563171506601e-15       7.401797286194e-16       2.552015193879e-16 
 1005       1.371005594706e-10       5.872790514555e-12      -4.283997081898e-12       0.000000000000e+00       5.541976005492e-15       7.267006623612e-16       2.546489633099e-16 
 1006       1.369145458517e-10       5.860296979751e-12      -4.476139611571e-12       0.000000000000e+00       5.520879392479e-15       7.133024150899e-16       2.540746048558e-16 
 1007       1.367475191207e-10       5.846983644078e-12      -4.666952424870e-12       0.000000000000e+00       5.499881244583e-15       6.999852434680e-16       2.534781203685e-16 
 1008       1.365992552234e-10       5.832858422945e-12      -4.856373182605e-12       0.000000000000e+00       5.478981129295e-15       6.867494019670e-16       2.528591843126e-16 
 1009       1.364695276204e-10       5.817929321796e-12      -5.044339115552e-12       0.000000000000e+00       5.458178604553e-15       6.735951428580e-16       2.522174692700e-16 
 1010       1.363581072801e-10       5.802204436353e-12      -5.230787023451e-12       0.000000000000e+00       5.437473218708e-15       6.605227162024e-16       2.515526459356e-16 
 1011       1.362647626728e-10       5.785691952863e-12      -5.415653273997e-12       0.000000000000e+00       5.416864510493e-15       6.475323698420e-16       2.508643831137e-16 
 1012       1.361892597630e-10       5.768400148342e-12      -5.598873801839e-12       0.000000000000e+00       5.396352008999e-15       6.346243493898e-16       2.501523477133e-16 
 1013       1.361313620033e-10       5.750337390817e-12      -5.780384107574e-12       0.000000000000e+00       5.375935233636e-15       6.217988982202e-16       2.494162047443e-16 
 1014       1.360908303272e-10       5.731512139574e-12      -5.960119256738e-12       0.000000000000e+00       5.355613694112e-15       6.090562574599e-16       2.486556173133e-16 
 1015       1.360674231426e-10       5.711932945401e-12      -6.138013878809e-12       0.000000000000e+00       5.335386890397e-15       5.963966659778e-16       2.478702466196e-16 
 1016       1.360608963250e-10       5.691608450832e-12      -6.314002166195e-12       0.000000000000e+00       5.315254312696e-15       5.838203603762e-16       2.470597519507e-16 
 1017       1.360710032106e-10       5.670547390395e-12      -6.488017873232e-12       0.000000000000e+00       5.295215441416e-15       5.713275749805e-16       2.462237906785e-16 
 1018       1.360974945899e-10       5.648758590851e-12      -6.659994315180e-12       0.000000000000e+00       5.275269747142e-15       5.589185418305e-16       2.453620182552e-16 
 1019       1.361401187004e-10       5.626250971443e-12      -6.829864367215e-12       0.000000000000e+00       5.255416690598e-15       5.465934906702e-16       2.444740882089e-16 
 1020       1.361986212204e-10       5.603033544139e-12      -6.997560463429e-12       0.000000000000e+00       5.235655722626e-15       5.343526489386e-16       2.435596521398e-16 
 1021       1.362727452616e-10       5.579115413878e-12      -7.163014595819e-12       0.000000000000e+00       5.215986284151e-15       5.221962417604e-16       2.426183597157e-16 
 1022       1.363622313632e-10       5.554505778812e-12      -7.326158313287e-12       0.000000000000e+00       5.196407806151e-15       5.101244919358e-16       2.416498586682e-16 
 1023       1.364668174843e-10       5.529213930554e-12      -7.486922720633e-12       0.000000000000e+00       5.176919709630e-15       4.981376199318e-16       2.406537947885e-16 
 1024       1.365862389976e-10       5.503249254419e-12      -7.645238477551e-12       0.000000000000e+00       5.157521405585e-15       4.862358438722e-16       2.396298119230e-16 
 1025       1.367202286826e-10       5.476621229671e-12      -7.801035797621e-12       0.000000000000e+00       5.138212294976e-15       4.744193795282e-16       2.385775519696e-16 
 1026       1.368685167187e-10       5.449339429767e-12      -7.954244447310e-12       0.000000000000e+00       5.118991768700e-15       4.626884403088e-16       2.374966548733e-16 
 1027       1.370308306785e-10       5.421413522601e-12      -8.104793744961e-12       0.000000000000e+00       5.099859207557e-15       4.510432372515e-16       2.363867586222e-16 
 1028       1.372068955211e-10       5.392853270752e-12      -8.252612559792e-12       0.000000000000e+00       5.080813982219e-15       4.394839790125e-16       2.352474992431e-16 
 1029       1.373964335854e-10       5.363668531722e-12      -8.397629310890e-12       0.000000000000e+00       5.061855453206e-15       4.280108718577e-16       2.340785107979e-16 
 1030       1.375991645831e-10       5.333869258187e-12      -8.539771966205e-12       0.000000000000e+00       5.042982970850e-15       4.166241196523e-16       2.328794253787e-16 
 1031       1.378148055921e-10       5.303465498238e-12      -8.678968041547e-12       0.000000000000e+00       5.024195875267e-15       4.053239238523e-16       2.316498731047e-16 
 1032       1.380430710499e-10       5.272467395627e-12      -8.815144599580e-12       0.000000000000e+00       5.005493496329e-15       3.941104834942e-16       2.303894821169e-16 
 1033       1.382836727464e-10       5.240885190011e-12      -8.948228248816e-12       0.000000000000e+00       4.986875153631e-15       3.829839951859e-16       2.290978785751e-16 
 1034       1.385363188809e-10       5.208729799250e-12      -9.078155553288e-12       0.000000000000e+00       4.968340231240e-15       3.719450567030e-16       2.277749084249e-16 
 1035       1.388007112313e-10       5.176014574812e-12      -9.204904424668e-12       0.000000000000e+00       4.949888403151e-15       3.609958840420e-16       2.264213061420e-16 
 1036       1.390765479311e-10       5.142753571654e-12      -9.328463171668e-12       0.000000000000e+00       4.931519410957e-15       3.501391115429e-16       2.250380354282e-16 
 1037       1.393635243960e-10       5.108960968727e-12      -9.448820129748e-12       0.000000000000e+00       4.913232989337e-15       3.393773898788e-16       2.236260683169e-16 
 1038       1.396613333167e-10       5.074651069289e-12      -9.565963661272e-12       0.000000000000e+00       4.895028866038e-15       3.287133860907e-16       2.221863851939e-16 
 1039       1.399696646523e-10       5.039838301209e-12      -9.679882155677e-12       0.000000000000e+00       4.876906761850e-15       3.181497836240e-16       2.207199748181e-16 
 1040       1.402882056233e-10       5.004537217285e-12      -9.790564029629e-12       0.000000000000e+00       4.858866390585e-15       3.076892823641e-16       2.192278343422e-16 
 1041       1.406166407046e-10       4.968762495547e-12      -9.897997727190e-12       0.000000000000e+00       4.840907459057e-15       2.973345986716e-16       2.177109693334e-16 
 1042       1.409546516190e-10       4.932528939570e-12      -1.000217171998e-11       0.000000000000e+00       4.823029667059e-15       2.870884654190e-16       2.161703937941e-16 
 1043       1.413019173300e-10       4.895851478782e-12      -1.010307450733e-11       0.000000000000e+00       4.805232707341e-15       2.769536320254e-16       2.146071301831e-16 
 1044       1.416581140350e-10       4.858745168777e-12      -1.020069461648e-11       0.000000000000e+00       4.787516265592e-15       2.669328644931e-16       2.130222094356e-16 
 1045       1.420229151587e-10       4.821225191623e-12      -1.029502060267e-11       0.000000000000e+00       4.769880020412e-15       2.570289454428e-16       2.114166709844e-16 
 1046       1.423959913458e-10       4.783306856170e-12      -1.038604104938e-11       0.000000000000e+00       4.752323643296e-15       2.472446741497e-16       2.097915627807e-16 
 1047       1.427770104545e-10       4.745005598363e-12      -1.047374456845e-11       0.000000000000e+00       4.734846798611e-15       2.375828665790e-16       2.081479413147e-16 
 1048       1.431656375495e-10       4.706336981550e-12      -1.055811980026e-11       0.000000000000e+00       4.717449143572e-15       2.280463554215e-16       2.064868716360e-16 
 1049       1.435615348951e-10       4.667316696795e-12      -1.063915541386e-11       0.000000000000e+00       4.700130328223e-15       2.186379901300e-16       2.048094273752e-16 
 1050       1.439643619483e-10       4.627960563182e-12      -1.071684010718e-11       0.000000000000e+00       4.682889995416e-15       2.093606369543e-16       2.031166907635e-16 
 1051       1.443737753522e-10       4.588284528131e-12      -1.079116260716e-11       0.000000000000e+00       4.665727780785e-15       2.002171789773e-16       2.014097526547e-16 
 1052       1.447894289287e-10       4.548304667703e-12      -1.086211166992e-11       0.000000000000e+00       4.648643312732e-15       1.912105161508e-16       1.996897125447e-16 
 1053       1.452109736722e-10       4.508037186913e-12      -1.092967608093e-11       0.000000000000e+00       4.631636212395e-15       1.823435653309e-16       1.979576785932e-16 
 1054       1.456380577420e-10       4.467498420040e-12      -1.099384465516e-11       0.000000000000e+00       4.614706093638e-15       1.736192603142e-16       1.962147676440e-16 
 1055       1.460703264563e-10       4.426704830935e-12      -1.105460623725e-11       0.000000000000e+00       4.597852563019e-15       1.650405518732e-16       1.944621052458e-16 
 1056       1.465074222845e-10       4.385673013330e-12      -1.111194970167e-11       0.000000000000e+00       4.581075219777e-15       1.566104077923e-16       1.927008256729e-16 
 1057       1.469489848410e-10       4.344419691152e-12      -1.116586395288e-11       0.000000000000e+00       4.564373655803e-15       1.483318129033e-16       1.909320719459e-16 
 1058       1.473946508779e-10       4.302961718830e-12      -1.121633792551e-11       0.000000000000e+00       4.547747455624e-15       1.402077691212e-16       1.891569958528e-16 
 1059       1.478440542784e-10       4.261316081604e-12      -1.126336058449e-11       0.000000000000e+00       4.531196196378e-15       1.322412954801e-16       1.873767579693e-16 
 1060       1.482968260498e-10       4.219499895839e-12      -1.130692092525e-11       0.000000000000e+00       4.514719447795e-15       1.244354281687e-16       1.855925276797e-16 
 1061       1.487525943165e-10       4.177530409329e-12      -1.134700797385e-11       0.000000000000e+00       4.498316772173e-15       1.167932205664e-16       1.838054831976e-16 
 1062       1.492109843137e-10       4.135425001611e-12      -1.138361078715e-11       0.000000000000e+00       4.481987724358e-15       1.093177432785e-16       1.820168115868e-16 
 1063       1.496716183798e-10       4.093201184275e-12      -1.141671845299e-11       0.000000000000e+00       4.465731851722e-15       1.020120841725e-16       1.802277087818e-16 
 1064       1.501341159499e-10       4.050876601272e-12      -1.144632009034e-11       0.000000000000e+00       4.449548694140e-15       9.487934841365e-17       1.784393796089e-16 
 1065       1.505980935491e-10       4.008469029225e-12      -1.147240484946e-11       0.000000000000e+00       4.433437783971e-15       8.792265850040e-17       1.766530378065e-16 
 1066       1.510631647852e-10       3.965996377736e-12      -1.149496191207e-11       0.000000000000e+00       4.417398646036e-15       8.114515430058e-17       1.748699060461e-16 
 1067       1.515289403424e-10       3.923476689703e-12      -1.151398049149e-11       0.000000000000e+00       4.401430797592e-15       7.454999308687e-17       1.730912159528e-16 
 1068       1.519950279738e-10       3.880928141622e-12      -1.152944983284e-11       0.000000000000e+00       4.385533748318e-15       6.814034957266e-17       1.713182081267e-16 
 1069       1.524610324951e-10       3.838369043900e-12      -1.154135921318e-11       0.000000000000e+00       4.369707000286e-15       6.191941594776e-17       1.695521321626e-16 
 1070       1.529265557773e-10       3.795817841167e-12      -1.154969794167e-11       0.000000000000e+00       4.353950047944e-15       5.589040191411e-17       1.677942466717e-16 
 1071       1.533911967402e-10       3.753293112583e-12      -1.155445535974e-11       0.000000000000e+00       4.338262378094e-15       5.005653472156e-17       1.660458193018e-16 
 1072       1.538545513453e-10       3.710813572148e-12      -1.155562084124e-11       0.000000000000e+00       4.322643469869e-15       4.442105920364e-17       1.643081267581e-16 
 1073       1.543162443883e-10       3.668396977072e-12      -1.155319144137e-11       0.000000000000e+00       4.307092848354e-15       3.898616997376e-17       1.625821553323e-16 
 1074       1.547760253656e-10       3.626056835971e-12      -1.154719495712e-11       0.000000000000e+00       4.291610246301e-15       3.374979201963e-17       1.608676979809e-16 
 1075       1.552336738994e-10       3.583805656464e-12      -1.153766718115e-11       0.000000000000e+00       4.276195444570e-15       2.870875634195e-17       1.591642449934e-16 
 1076       1.556889680536e-10       3.541656033242e-12      -1.152464428247e-11       0.000000000000e+00       4.260848218679e-15       2.385986374320e-17       1.574712823581e-16 
 1077       1.561416843297e-10       3.499620648265e-12      -1.150816280741e-11       0.000000000000e+00       4.245568338780e-15       1.919988475224e-17       1.557882917523e-16 
 1078       1.565915976639e-10       3.457712270963e-12      -1.148825968057e-11       0.000000000000e+00       4.230355569644e-15       1.472555954879e-17       1.541147505315e-16 
 1079       1.570384814231e-10       3.415943758423e-12      -1.146497220579e-11       0.000000000000e+00       4.215209670650e-15       1.043359788802e-17       1.524501317190e-16 
 1080       1.574821074015e-10       3.374328055595e-12      -1.143833806711e-11       0.000000000000e+00       4.200130395763e-15       6.320679025101e-18       1.507939039956e-16 
 1081       1.579222458170e-10       3.332878195480e-12      -1.140839532969e-11       0.000000000000e+00       4.185117493522e-15       2.383451639737e-18       1.491455316890e-16 
 1082       1.583586653075e-10       3.291607299334e-12      -1.137518244084e-11       0.000000000000e+00       4.170170707023e-15      -1.381466239283e-18       1.475044747634e-16 
 1083       1.587911329277e-10       3.250528576856e-12      -1.133873823092e-11       0.000000000000e+00       4.155289773900e-15      -4.977487309537e-18       1.458701888091e-16 
 1084       1.592194141453e-10       3.209655326390e-12      -1.129910191430e-11       0.000000000000e+00       4.140474426315e-15      -8.408055070417e-18       1.442421250320e-16 
 1085       1.596432728376e-10       3.169000935120e-12      -1.125631309038e-11       0.000000000000e+00       4.125724390937e-15      -1.167664389859e-17       1.426197302431e-16 
 1086       1.600624712876e-10       3.128578879264e-12      -1.121041174446e-11       0.000000000000e+00       4.111039388926e-15      -1.478675912343e-17       1.410024468482e-16 
 1087       1.604767701809e-10       3.088402724272e-12      -1.116143824877e-11       0.000000000000e+00       4.096419135920e-15      -1.774193710249e-17       1.393897128373e-16 
 1088       1.608859286019e-10       3.048486125023e-12      -1.110943336341e-11       0.000000000000e+00       4.081863342019e-15      -2.054574529697e-17       1.377809617744e-16 
 1089       1.612897040302e-10       3.008842826020e-12      -1.105443823728e-11       0.000000000000e+00       4.067371711765e-15      -2.320178234710e-17       1.361756227867e-16 
 1090       1.616878523373e-10       2.969486661584e-12      -1.099649440908e-11       0.000000000000e+00       4.052943944129e-15      -2.571367814768e-17       1.345731205544e-16 
 1091       1.620801277827e-10       2.930431556055e-12      -1.093564380823e-11       0.000000000000e+00       4.038579732496e-15      -2.808509392347e-17       1.329728753001e-16 
 1092       1.624662830107e-10       2.891691523985e-12      -1.087192875588e-11       0.000000000000e+00       4.024278764645e-15      -3.031972230467e-17       1.313743027785e-16 
 1093       1.628460690466e-10       2.853280670334e-12      -1.080539196581e-11       0.000000000000e+00       4.010040722739e-15      -3.242128740234e-17       1.297768142661e-16 
 1094       1.632192352932e-10       2.815213190667e-12      -1.073607654542e-11       0.000000000000e+00       3.995865283302e-15      -3.439354488391e-17       1.281798165502e-16 
 1095       1.635855295273e-10       2.777503371351e-12      -1.066402599671e-11       0.000000000000e+00       3.981752117207e-15      -3.624028204858e-17       1.265827119190e-16 
 1096       1.639446978961e-10       2.740165589749e-12      -1.058928421719e-11       0.000000000000e+00       3.967700889662e-15      -3.796531790278e-17       1.249848981509e-16 
 1097       1.642964849138e-10       2.703214314419e-12      -1.051189550087e-11       0.000000000000e+00       3.953711260189e-15      -3.957250323564e-17       1.233857685041e-16 
 1098       1.646406334577e-10       2.666664105308e-12      -1.043190453921e-11       0.000000000000e+00       3.939782882611e-15      -4.106572069444e-17       1.217847117062e-16 
 1099       1.649768847650e-10       2.630529613948e-12      -1.034935642209e-11       0.000000000000e+00       3.925915405035e-15      -4.244888486003e-17       1.201811119436e-16 
 1100       1.653049784291e-10       2.594825583654e-12      -1.026429663876e-11       0.000000000000e+00       3.912108469837e-15      -4.372594232234e-17       1.185743488514e-16 
 1101       1.656246523960e-10       2.559566849720e-12      -1.017677107879e-11       0.000000000000e+00       3.898361713645e-15      -4.490087175576e-17       1.169637975025e-16 
 1102       1.659356429608e-10       2.524768339611e-12      -1.008682603304e-11       0.000000000000e+00       3.884674767324e-15      -4.597768399466e-17       1.153488283975e-16 
 1103       1.662376847643e-10       2.490445073167e-12      -9.994508194632e-12       0.000000000000e+00       3.871047255959e-15      -4.696042210880e-17       1.137288074539e-16 
 1104       1.665305107891e-10       2.456612162792e-12      -9.899864659869e-12       0.000000000000e+00       3.857478798839e-15      -4.785316147878e-17       1.121030959963e-16 
 1105       1.668138523564e-10       2.423284813653e-12      -9.802942929238e-12       0.000000000000e+00       3.843969009442e-15      -4.866000987153e-17       1.104710507451e-16 
 1106       1.670874391222e-10       2.390478323877e-12      -9.703790908344e-12       0.000000000000e+00       3.830517495417e-15      -4.938510751572e-17       1.088320238067e-16 
 1107       1.673509990738e-10       2.358208084744e-12      -9.602456908873e-12       0.000000000000e+00       3.817123858571e-15      -5.003262717723e-17       1.071853626629e-16 
 1108       1.676042585265e-10       2.326489580890e-12      -9.498989649555e-12       0.000000000000e+00       3.803787694850e-15      -5.060677423460e-17       1.055304101602e-16 
 1109       1.678469421196e-10       2.295338390494e-12      -9.393438257119e-12       0.000000000000e+00       3.790508594325e-15      -5.111178675448e-17       1.038665044997e-16 
 1110       1.680787728131e-10       2.264770185481e-12      -9.285852267255e-12       0.000000000000e+00       3.777286141175e-15      -5.155193556710e-17       1.021929792264e-16 
 1111       1.682994718844e-10       2.234800731715e-12      -9.176281625569e-12       0.000000000000e+00       3.764119913672e-15      -5.193152434169e-17       1.005091632189e-16 
 1112       1.685088010967e-10       2.205443862530e-12      -9.064777651187e-12       0.000000000000e+00       3.751009527795e-15      -5.225432498047e-17       9.881455652551e-17 
 1113       1.687066898211e-10       2.176705369763e-12      -8.951395939489e-12       0.000000000000e+00       3.737954768739e-15      -5.252187552481e-17       9.710936042334e-17 
 1114       1.688931095780e-10       2.148589032831e-12      -8.836193499422e-12       0.000000000000e+00       3.724955461107e-15      -5.273516003182e-17       9.539395430396e-17 
 1115       1.690680320171e-10       2.121098638120e-12      -8.719227795371e-12       0.000000000000e+00       3.712011425416e-15      -5.289517124803e-17       9.366872046503e-17 
 1116       1.692314289175e-10       2.094237978983e-12      -8.600556748210e-12       0.000000000000e+00       3.699122478091e-15      -5.300291063012e-17       9.193404411697e-17 
 1117       1.693832721886e-10       2.068010855738e-12      -8.480238736357e-12       0.000000000000e+00       3.686288431449e-15      -5.305938836561e-17       9.019031338954e-17 
 1118       1.695235338703e-10       2.042421075673e-12      -8.358332596822e-12       0.000000000000e+00       3.673509093691e-15      -5.306562339355e-17       8.843791933842e-17 
 1119       1.696521861337e-10       2.017472453038e-12      -8.234897626263e-12       0.000000000000e+00       3.660784268888e-15      -5.302264342523e-17       8.667725595186e-17 
 1120       1.697692012818e-10       1.993168809053e-12      -8.109993582034e-12       0.000000000000e+00       3.648113756969e-15      -5.293148496488e-17       8.490872015723e-17 
 1121       1.698745517496e-10       1.969513971901e-12      -7.983680683242e-12       0.000000000000e+00       3.635497353710e-15      -5.279319333038e-17       8.313271182768e-17 
 1122       1.699682101051e-10       1.946511776731e-12      -7.856019611798e-12       0.000000000000e+00       3.622934850722e-15      -5.260882267394e-17       8.134963378868e-17 
 1123       1.700501490496e-10       1.924166065657e-12      -7.727071513465e-12       0.000000000000e+00       3.610426035440e-15      -5.237943600284e-17       7.955989182468e-17 
 1124       1.701203414182e-10       1.902480687757e-12      -7.596897998917e-12       0.000000000000e+00       3.597970691110e-15      -5.210610520008e-17       7.776389468569e-17 
 1125       1.701787601804e-10       1.881459499075e-12      -7.465561144786e-12       0.000000000000e+00       3.585568596779e-15      -5.178991104514e-17       7.596205409386e-17 
 1126       1.702253784408e-10       1.861106362617e-12      -7.333123494716e-12       0.000000000000e+00       3.573219527278e-15      -5.143194323463e-17       7.415478475012e-17 
 1127       1.702601694392e-10       1.841425148353e-12      -7.199648060415e-12       0.000000000000e+00       3.560923253220e-15      -5.103330040301e-17       7.234250434078e-17 
 1128       1.702831065518e-10       1.822419733217e-12      -7.065198322709e-12       0.000000000000e+00       3.548679540977e-15      -5.059509014332e-17       7.052563354408e-17 
 1129       1.702941632910e-10       1.804094001106e-12      -6.929838232591e-12       0.000000000000e+00       3.536488152678e-15      -5.011842902783e-17       6.870459603688e-17 
 1130       1.702933133064e-10       1.786451842880e-12      -6.793632212277e-12       0.000000000000e+00       3.524348846189e-15      -4.960444262879e-17       6.687981850119e-17 
 1131       1.702805303854e-10       1.769497156360e-12      -6.656645156254e-12       0.000000000000e+00       3.512261375107e-15      -4.905426553908e-17       6.505173063081e-17 
 1132       1.702557884532e-10       1.753233846329e-12      -6.518942432335e-12       0.000000000000e+00       3.500225488748e-15      -4.846904139298e-17       6.322076513790e-17 
 1133       1.702190615741e-10       1.737665824534e-12      -6.380589882712e-12       0.000000000000e+00       3.488240932129e-15      -4.784992288681e-17       6.138735775963e-17 
 1134       1.701703239514e-10       1.722797009681e-12      -6.241653825006e-12       0.000000000000e+00       3.476307445965e-15      -4.719807179965e-17       5.955194726475e-17 
 1135       1.701095499281e-10       1.708631327438e-12      -6.102201053319e-12       0.000000000000e+00       3.464424766651e-15      -4.651465901408e-17       5.771497546021e-17 
 1136       1.700367139878e-10       1.695172710434e-12      -5.962298839290e-12       0.000000000000e+00       3.452592626251e-15      -4.580086453680e-17       5.587688719773e-17 
 1137       1.699517907546e-10       1.682425098257e-12      -5.822014933142e-12       0.000000000000e+00       3.440810752491e-15      -4.505787751941e-17       5.403813038044e-17 
 1138       1.698547549942e-10       1.670392437457e-12      -5.681417564739e-12       0.000000000000e+00       3.429078868739e-15      -4.428689627909e-17       5.219915596947e-17 
 1139       1.697455816141e-10       1.659078681542e-12      -5.540575444635e-12       0.000000000000e+00       3.417396694002e-15      -4.348912831928e-17       5.036041799057e-17 
 1140       1.696242456644e-10       1.648487790981e-12      -5.399557765127e-12       0.000000000000e+00       3.405763942907e-15      -4.266579035038e-17       4.852237354065e-17 
 1141       1.694907223380e-10       1.638623733202e-12      -5.258434201309e-12       0.000000000000e+00       3.394180325694e-15      -4.181810831051e-17       4.668548279448e-17 
 1142       1.693449869715e-10       1.629490482590e-12      -5.117274912120e-12       0.000000000000e+00       3.382645548202e-15      -4.094731738612e-17       4.485020901121e-17 
 1143       1.691870150453e-10       1.621092020489e-12      -4.976150541403e-12       0.000000000000e+00       3.371159311856e-15      -4.005466203277e-17       4.301701854101e-17 
 1144       1.690167821848e-10       1.613432335204e-12      -4.835132218950e-12       0.000000000000e+00       3.359721313661e-15      -3.914139599580e-17       4.118638083166e-17 
 1145       1.688342641601e-10       1.606515421993e-12      -4.694291561559e-12       0.000000000000e+00       3.348331246181e-15      -3.820878233102e-17       3.935876843518e-17 
 1146       1.686394368873e-10       1.600345283076e-12      -4.553700674085e-12       0.000000000000e+00       3.336988797536e-15      -3.725809342544e-17       3.753465701440e-17 
 1147       1.684322764284e-10       1.594925927627e-12      -4.413432150491e-12       0.000000000000e+00       3.325693651386e-15      -3.629061101796e-17       3.571452534958e-17 
 1148       1.682127589925e-10       1.590261371779e-12      -4.273559074901e-12       0.000000000000e+00       3.314445486918e-15      -3.530762622005e-17       3.389885534499e-17 
 1149       1.679808609357e-10       1.586355638620e-12      -4.134155022654e-12       0.000000000000e+00       3.303243978838e-15      -3.431043953649e-17       3.208813203556e-17 
 1150       1.677365587620e-10       1.583212758195e-12      -3.995294061354e-12       0.000000000000e+00       3.292088797356e-15      -3.330036088603e-17       3.028284359344e-17 
 1151       1.674798573472e-10       1.580835028827e-12      -3.857045317157e-12       0.000000000000e+00       3.280979641415e-15      -3.227800072475e-17       2.848345501124e-17 
 1152       1.672108750022e-10       1.579217776914e-12      -3.719456595973e-12       0.000000000000e+00       3.269916338855e-15      -3.124113352018e-17       2.669032877252e-17 
 1153       1.669297594909e-10       1.578354530595e-12      -3.582570556393e-12       0.000000000000e+00       3.258898747495e-15      -3.018680719022e-17       2.490380318718e-17 
 1154       1.666366599078e-10       1.578238752236e-12      -3.446430126146e-12       0.000000000000e+00       3.247926722006e-15      -2.911204949670e-17       2.312421862765e-17 
 1155       1.663317266809e-10       1.578863838272e-12      -3.311078502661e-12       0.000000000000e+00       3.237000113894e-15      -2.801386800192e-17       2.135191753314e-17 
 1156       1.660151115749e-10       1.580223119051e-12      -3.176559153631e-12       0.000000000000e+00       3.226118771500e-15      -2.688925002520e-17       1.958724441383e-17 
 1157       1.656869676945e-10       1.582309858671e-12      -3.042915817570e-12       0.000000000000e+00       3.215282539986e-15      -2.573516259943e-17       1.783054585514e-17 
 1158       1.653474494870e-10       1.585117254830e-12      -2.910192504374e-12       0.000000000000e+00       3.204491261325e-15      -2.454855242760e-17       1.608217052191e-17 
 1159       1.649967127459e-10       1.588638438662e-12      -2.778433495882e-12       0.000000000000e+00       3.193744774297e-15      -2.332634583936e-17       1.434246916263e-17 
 1160       1.646349146138e-10       1.592866474583e-12      -2.647683346435e-12       0.000000000000e+00       3.183042914478e-15      -2.206544874756e-17       1.261179461367e-17 
 1161       1.642622135852e-10       1.597794360130e-12      -2.517986883439e-12       0.000000000000e+00       3.172385514230e-15      -2.076274660481e-17       1.089050180350e-17 
 1162       1.638787695103e-10       1.603415025808e-12      -2.389389207923e-12       0.000000000000e+00       3.161772402694e-15      -1.941510436000e-17       9.178947756892e-18 
 1163       1.634847435971e-10       1.609721334928e-12      -2.261935695099e-12       0.000000000000e+00       3.151203405779e-15      -1.801936641487e-17       7.477491599161e-18 
 1164       1.630802984156e-10       1.616706083452e-12      -2.135671994927e-12       0.000000000000e+00       3.140678346156e-15      -1.657235658052e-17       5.786494560379e-18 
 1165       1.626655978998e-10       1.624361999833e-12      -2.010644032667e-12       0.000000000000e+00       3.130197043248e-15      -1.507087803400e-17       4.106319979592e-18 
 1166       1.622408073517e-10       1.632681744860e-12      -1.886898009450e-12       0.000000000000e+00       3.119759313221e-15      -1.351171327485e-17       2.437333309048e-18 
 1167       1.618060934439e-10       1.641657911498e-12      -1.764480402828e-12       0.000000000000e+00       3.109364968975e-15      -1.189162408161e-17       7.799021184087e-19 
 1168       1.613616242228e-10       1.651283024731e-12      -1.643437967341e-12       0.000000000000e+00       3.099013820137e-15      -1.020735146839e-17      -8.656039010215e-19 
 1169       1.609075691116e-10       1.661549541407e-12      -1.523817735075e-12       0.000000000000e+00       3.088705673047e-15      -8.455615641423e-18      -2.498812932080e-18 
 1170       1.604440989135e-10       1.672449850074e-12      -1.405667016225e-12       0.000000000000e+00       3.078440330759e-15      -6.633115955593e-18      -4.119351027525e-18 
 1171       1.599713858150e-10       1.683976270831e-12      -1.289033399650e-12       0.000000000000e+00       3.068217593021e-15      -4.736530870994e-18      -5.726842105812e-18 
 1172       1.594896033884e-10       1.696121055161e-12      -1.173964753439e-12       0.000000000000e+00       3.058037256274e-15      -2.762517909470e-18      -7.320907946876e-18 
 1173       1.589989265955e-10       1.708876385781e-12      -1.060509225467e-12       0.000000000000e+00       3.047899113642e-15      -7.077136111629e-19      -8.901168187910e-18 
 1174       1.584995317905e-10       1.722234376481e-12      -9.487152439608e-13       0.000000000000e+00       3.037802954918e-15       1.431266508946e-18      -1.046724031914e-17 
 1175       1.579915967227e-10       1.736187071964e-12      -8.386315180522e-13       0.000000000000e+00       3.027748566564e-15       3.657828004484e-18      -1.201873967962e-17 
 1176       1.574753005402e-10       1.750726447693e-12      -7.303070383442e-13       0.000000000000e+00       3.017735731694e-15       5.975397541146e-18      -1.355527945299e-17 
 1177       1.569508237927e-10       1.765844409733e-12      -6.237910774692e-13       0.000000000000e+00       3.007764230070e-15       8.387422940147e-18      -1.507647066327e-17 
 1178       1.564183484345e-10       1.781532794587e-12      -5.191331906493e-13       0.000000000000e+00       2.997833838091e-15       1.089737322168e-17      -1.658192217063e-17 
 1179       1.558780578278e-10       1.797783369046e-12      -4.163832162569e-13       0.000000000000e+00       2.987944328787e-15       1.350873864835e-17      -1.807124066717e-17 
 1180       1.553301367455e-10       1.814587830028e-12      -3.155912763754e-13       0.000000000000e+00       2.978095471807e-15       1.622503076867e-17      -1.954403067273e-17 
 1181       1.547747713747e-10       1.831937804419e-12      -2.168077773591e-13       0.000000000000e+00       2.968287033411e-15       1.904978246048e-17      -2.099989453060e-17 
 1182       1.542121493196e-10       1.849824848919e-12      -1.200834103939e-13       0.000000000000e+00       2.958518776463e-15       2.198654797439e-17      -2.243843240339e-17 
 1183       1.536424596041e-10       1.868240449881e-12      -2.546915205753e-14       0.000000000000e+00       2.948790460420e-15       2.503890297730e-17      -2.385924226871e-17 
 1184       1.530658926760e-10       1.887176023153e-12       6.698373512003e-14       0.000000000000e+00       2.939101841326e-15       2.821044459577e-17      -2.526191991506e-17 
 1185       1.524826404089e-10       1.906622913925e-12       1.572237020961e-13       0.000000000000e+00       2.929452671800e-15       3.150479145952e-17      -2.664605893750e-17 
 1186       1.518928961061e-10       1.926572396565e-12       2.451989127550e-13       0.000000000000e+00       2.919842701029e-15       3.492558374491e-17      -2.801125073350e-17 
 1187       1.512968545034e-10       1.947015674467e-12       3.308572433476e-13       0.000000000000e+00       2.910271674759e-15       3.847648321832e-17      -2.935708449870e-17 
 1188       1.506947117720e-10       1.967943879889e-12       4.141462819309e-13       0.000000000000e+00       2.900739335286e-15       4.216117327967e-17      -3.068314722268e-17 
 1189       1.500866655222e-10       1.989348073797e-12       4.950133278079e-13       0.000000000000e+00       2.891245421448e-15       4.598335900585e-17      -3.198902368478e-17 
 1190       1.494729161156e-10       2.011218755646e-12       5.734133908146e-13       0.000000000000e+00       2.881789693060e-15       4.994509434909e-17      -3.327442949639e-17 
 1191       1.488536706163e-10       2.033544386441e-12       6.493332978644e-13       0.000000000000e+00       2.872372004570e-15       5.404174115320e-17      -3.453961202549e-17 
 1192       1.482291388948e-10       2.056312847218e-12       7.227678813805e-13       0.000000000000e+00       2.862992232288e-15       5.826694830739e-17      -3.578495438814e-17 
 1193       1.475995323254e-10       2.079511927267e-12       7.937120064217e-13       0.000000000000e+00       2.853650250022e-15       6.261431887728e-17      -3.701084285562e-17 
 1194       1.469650637898e-10       2.103129323932e-12       8.621605707991e-13       0.000000000000e+00       2.844345929067e-15       6.707741000670e-17      -3.821766686144e-17 
 1195       1.463259476804e-10       2.127152642409e-12       9.281085051934e-13       0.000000000000e+00       2.835079138201e-15       7.164973281948e-17      -3.940581900840e-17 
 1196       1.456823999028e-10       2.151569395548e-12       9.915507732713e-13       0.000000000000e+00       2.825849743676e-15       7.632475232132e-17      -4.057569507565e-17 
 1197       1.450346378799e-10       2.176367003655e-12       1.052482371803e-12       0.000000000000e+00       2.816657609212e-15       8.109588730157e-17      -4.172769402569e-17 
 1198       1.443828805543e-10       2.201532794293e-12       1.110898330779e-12       0.000000000000e+00       2.807502595993e-15       8.595651023504e-17      -4.286221801149e-17 
 1199       1.437273483921e-10       2.227054002082e-12       1.166793713527e-12       0.000000000000e+00       2.798384562657e-15       9.089994718387e-17      -4.397967238344e-17 
 1200       1.430682633857e-10       2.252917768499e-12       1.220163616828e-12       0.000000000000e+00       2.789303365287e-15       9.591947769926e-17      -4.508046569646e-17 
 1201       1.424058490573e-10       2.279111141680e-12       1.271003171035e-12       0.000000000000e+00       2.780258857413e-15       1.010083347234e-16      -4.616500971703e-17 
 1202       1.417403304620e-10       2.305621076220e-12       1.319307540190e-12       0.000000000000e+00       2.771250889997e-15       1.061597044911e-16      -4.723371943024e-17 
 1203       1.410719341907e-10       2.332434432975e-12       1.365071922138e-12       0.000000000000e+00       2.762279311429e-15       1.113667264319e-16      -4.828701304679e-17 
 1204       1.404008883739e-10       2.359537978864e-12       1.408291548646e-12       0.000000000000e+00       2.753343967521e-15       1.166224930716e-16      -4.932531201010e-17 
 1205       1.397274226843e-10       2.386918386663e-12       1.448961685522e-12       0.000000000000e+00       2.744444701500e-15       1.219200499342e-16      -5.034904100331e-17 
 1206       1.390517683405e-10       2.414562234817e-12       1.487077632727e-12       0.000000000000e+00       2.735581354001e-15       1.272523954437e-16      -5.135862795635e-17 
 1207       1.383741581098e-10       2.442456007230e-12       1.522634724498e-12       0.000000000000e+00       2.726753763060e-15       1.326124808260e-16      -5.235450405294e-17 
 1208       1.376948263117e-10       2.470586093072e-12       1.555628329459e-12       0.000000000000e+00       2.717961764108e-15       1.379932100106e-16      -5.333710373771e-17 
 1209       1.370140088208e-10       2.498938786580e-12       1.586053850742e-12       0.000000000000e+00       2.709205189964e-15       1.433874395324e-16      -5.430686472316e-17 
 1210       1.363319430704e-10       2.527500286854e-12       1.613906726102e-12       0.000000000000e+00       2.700483870828e-15       1.487879784337e-16      -5.526422799676e-17 
 1211       1.356488680553e-10       2.556256697664e-12       1.639182428036e-12       0.000000000000e+00       2.691797634276e-15       1.541875881658e-16      -5.620963782799e-17 
 1212       1.349650243353e-10       2.585194027246e-12       1.661876463897e-12       0.000000000000e+00       2.683146305249e-15       1.595789824910e-16      -5.714354177534e-17 
 1213       1.342806540381e-10       2.614298188106e-12       1.681984376012e-12       0.000000000000e+00       2.674529706052e-15       1.649548273841e-16      -5.806639069344e-17 
 1214       1.335960008630e-10       2.643554996818e-12       1.699501741802e-12       0.000000000000e+00       2.665947656342e-15       1.703077409348e-16      -5.897863873999e-17 
 1215       1.329113100835e-10       2.672950173827e-12       1.714424173894e-12       0.000000000000e+00       2.657399973127e-15       1.756302932487e-16      -5.988074338291e-17 
 1216       1.322268285509e-10       2.702469343250e-12       1.726747320242e-12       0.000000000000e+00       2.648886470752e-15       1.809150063501e-16      -6.077316540732e-17 
 1217       1.315428046973e-10       2.732098032674e-12       1.736466864240e-12       0.000000000000e+00       2.640406960900e-15       1.861543540829e-16      -6.165636892260e-17 
 1218       1.308594885391e-10       2.761821672962e-12       1.743578524845e-12       0.000000000000e+00       2.631961252579e-15       1.913407620130e-16      -6.253082136946e-17 
 1219       1.301771316797e-10       2.791625598047e-12       1.748078056687e-12       0.000000000000e+00       2.623549152120e-15       1.964666073299e-16      -6.339699352694e-17 
 1220       1.294959873132e-10       2.821495044739e-12       1.749961250190e-12       0.000000000000e+00       2.615170463167e-15       2.015242187484e-16      -6.425535951949e-17 
 1221       1.288163102274e-10       2.851415152522e-12       1.749223931688e-12       0.000000000000e+00       2.606824986671e-15       2.065058764107e-16      -6.510639682399e-17 
 1222       1.281383568068e-10       2.881370963357e-12       1.745861963543e-12       0.000000000000e+00       2.598512520886e-15       2.114038117881e-16      -6.595058627681e-17 
 1223       1.274623850361e-10       2.911347421483e-12       1.739871244260e-12       0.000000000000e+00       2.590232861358e-15       2.162102075827e-16      -6.678841208086e-17 
 1224       1.267886545034e-10       2.941329373213e-12       1.731247708606e-12       0.000000000000e+00       2.581985800921e-15       2.209171976294e-16      -6.762036181260e-17 
 1225       1.261174264032e-10       2.971301566743e-12       1.719987327725e-12       0.000000000000e+00       2.573771129691e-15       2.255168667975e-16      -6.844692642913e-17 
 1226       1.254489635397e-10       3.001248651946e-12       1.706086109256e-12       0.000000000000e+00       2.565588635056e-15       2.300012508928e-16      -6.926860027520e-17 
 1227       1.247835303300e-10       3.031155180176e-12       1.689540097449e-12       0.000000000000e+00       2.557438101673e-15       2.343623365592e-16      -7.008588109027e-17 
 1228       1.241213928073e-10       3.061005604068e-12       1.670345373286e-12       0.000000000000e+00       2.549319311458e-15       2.385920611806e-16      -7.089927001556e-17 
 1229       1.234627969820e-10       3.090785201082e-12       1.648503826287e-12       0.000000000000e+00       2.541232064970e-15       2.426846092252e-16      -7.170913282994e-17 
 1230       1.228079036365e-10       3.120482856558e-12       1.624040544866e-12       0.000000000000e+00       2.533176245834e-15       2.466433313725e-16      -7.251528183705e-17 
 1231       1.221568527611e-10       3.150088313367e-12       1.596986633053e-12       0.000000000000e+00       2.525151757072e-15       2.504739074884e-16      -7.331738901908e-17 
 1232       1.215097851276e-10       3.179591251044e-12       1.567373458136e-12       0.000000000000e+00       2.517158499776e-15       2.541820577311e-16      -7.411512435291e-17 
 1233       1.208668422902e-10       3.208981285664e-12       1.535232651238e-12       0.000000000000e+00       2.509196373103e-15       2.577735426357e-16      -7.490815580605e-17 
 1234       1.202281665875e-10       3.238247969715e-12       1.500596107890e-12       0.000000000000e+00       2.501265274275e-15       2.612541631982e-16      -7.569614933273e-17 
 1235       1.195939011438e-10       3.267380791973e-12       1.463495988604e-12       0.000000000000e+00       2.493365098567e-15       2.646297609595e-16      -7.647876886990e-17 
 1236       1.189641898705e-10       3.296369177374e-12       1.423964719455e-12       0.000000000000e+00       2.485495739306e-15       2.679062180899e-16      -7.725567633326e-17 
 1237       1.183391774676e-10       3.325202486893e-12       1.382034992648e-12       0.000000000000e+00       2.477657087868e-15       2.710894574726e-16      -7.802653161329e-17 
 1238       1.177190094254e-10       3.353870017410e-12       1.337739767100e-12       0.000000000000e+00       2.469849033667e-15       2.741854427882e-16      -7.879099257128e-17 
 1239       1.171038320258e-10       3.382361001595e-12       1.291112269010e-12       0.000000000000e+00       2.462071464156e-15       2.772001785989e-16      -7.954871503537e-17 
 1240       1.164937923437e-10       3.410664607770e-12       1.242185992437e-12       0.000000000000e+00       2.454324264818e-15       2.801397104323e-16      -8.029935279655e-17 
 1241       1.158890382487e-10       3.438769939795e-12       1.190994699875e-12       0.000000000000e+00       2.446607319163e-15       2.830101248659e-16      -8.104255760472e-17 
 1242       1.152897184064e-10       3.466666036932e-12       1.137572422826e-12       0.000000000000e+00       2.438920508721e-15       2.858175496107e-16      -8.177797916469e-17 
 1243       1.146959822800e-10       3.494341873728e-12       1.081953462378e-12       0.000000000000e+00       2.431263713041e-15       2.885681535959e-16      -8.250526513224e-17 
 1244       1.141079801318e-10       3.521786359881e-12       1.024172389777e-12       0.000000000000e+00       2.423636809681e-15       2.912681470524e-16      -8.322406111010e-17 
 1245       1.135258630244e-10       3.548988340119e-12       9.642640470052e-13       0.000000000000e+00       2.416039674207e-15       2.939237815976e-16      -8.393401064404e-17 
 1246       1.129497828227e-10       3.575936594076e-12       9.022635473551e-13       0.000000000000e+00       2.408472180186e-15       2.965413503188e-16      -8.463475521884e-17 
 1247       1.123798921949e-10       3.602619836160e-12       8.382062760033e-13       0.000000000000e+00       2.400934199180e-15       2.991271878580e-16      -8.532593425436e-17 
 1248       1.118163446143e-10       3.629026715433e-12       7.721278905868e-13       0.000000000000e+00       2.393425600744e-15       3.016876704954e-16      -8.600718510155e-17 
 1249       1.112592943605e-10       3.655145815479e-12       7.040643217781e-13       0.000000000000e+00       2.385946252419e-15       3.042292162339e-16      -8.667814303848e-17 
 1250       1.107088965213e-10       3.680965654286e-12       6.340517738601e-13       0.000000000000e+00       2.378496019727e-15       3.067582848831e-16      -8.733844126637e-17 
 1251       1.101653069936e-10       3.706474684115e-12       5.621267253011e-13       0.000000000000e+00       2.371074766166e-15       3.092813781435e-16      -8.798771090561e-17 
 1252       1.096286824855e-10       3.731661291372e-12       4.883259293303e-13       0.000000000000e+00       2.363682353207e-15       3.118050396904e-16      -8.862558099181e-17 
 1253       1.090991805173e-10       3.756513796490e-12       4.126864145125e-13       0.000000000000e+00       2.356318640285e-15       3.143358552581e-16      -8.925167847181e-17 
 1254       1.085769594232e-10       3.781020453795e-12       3.352454853238e-13       0.000000000000e+00       2.348983484798e-15       3.168804527244e-16      -8.986562819970e-17 
 1255       1.080621783530e-10       3.805169451385e-12       2.560407227259e-13       0.000000000000e+00       2.341676742101e-15       3.194455021939e-16      -9.046705293286e-17 
 1256       1.075549972729e-10       3.828948911003e-12       1.751099847419e-13       0.000000000000e+00       2.334398265497e-15       3.220377160830e-16      -9.105557332802e-17 
 1257       1.070555769679e-10       3.852346887911e-12       9.249140703126e-14       0.000000000000e+00       2.327147906240e-15       3.246638492033e-16      -9.163080793722e-17 
 1258       1.065640790424e-10       3.875351370762e-12       8.223403464751e-15       0.000000000000e+00       2.319925513520e-15       3.273306988462e-16      -9.219237320390e-17 
 1259       1.060806659224e-10       3.897950281480e-12      -7.765533330029e-14       0.000000000000e+00       2.312730934469e-15       3.300451048668e-16      -9.273988345889e-17 
 1260       1.056055008565e-10       3.920131475128e-12      -1.651058312448e-13       0.000000000000e+00       2.305564014145e-15       3.328139497679e-16      -9.327295091645e-17 
 1261       1.051387479177e-10       3.941882739784e-12      -2.540888384131e-13       0.000000000000e+00       2.298424595537e-15       3.356441587845e-16      -9.379118567032e-17 
 1262       1.046805720045e-10       3.963191796418e-12      -3.445648223374e-13       0.000000000000e+00       2.291312519551e-15       3.385426999676e-16      -9.429419568971e-17 
 1263       1.042311388429e-10       3.984046298762e-12      -4.364939694629e-13       0.000000000000e+00       2.284227625013e-15       3.415165842681e-16      -9.478158681534e-17 
 1264       1.037906149875e-10       4.004433833187e-12      -5.298361845728e-13       0.000000000000e+00       2.277169748657e-15       3.445728656216e-16      -9.525296275550e-17 
 1265       1.033591678230e-10       4.024341918576e-12      -6.245510902128e-13       0.000000000000e+00       2.270138725126e-15       3.477186410319e-16      -9.570792508204e-17 
 1266       1.029369655660e-10       4.043758006198e-12      -7.205980261165e-13       0.000000000000e+00       2.263134386963e-15       3.509610506554e-16      -9.614607322641e-17 
 1267       1.025241772659e-10       4.062669479584e-12      -8.179360486296e-13       0.000000000000e+00       2.256156564607e-15       3.543072778851e-16      -9.656700447569e-17 
 1268       1.021209440734e-10       4.081065335147e-12      -9.165233445249e-13       0.000000000000e+00       2.249205102037e-15       3.577623471307e-16      -9.697040403629e-17 
 1269       1.017272926772e-10       4.098941245513e-12      -1.016315466205e-12       0.000000000000e+00       2.242279903905e-15       3.613224892010e-16      -9.735631636951e-17 
 1270       1.013432208716e-10       4.116294554317e-12      -1.117267075010e-12       0.000000000000e+00       2.235380888938e-15       3.649816995953e-16      -9.772487697646e-17 
 1271       1.009687261997e-10       4.133122600754e-12      -1.219332524361e-12       0.000000000000e+00       2.228507974332e-15       3.687339337880e-16      -9.807622261685e-17 
 1272       1.006038059520e-10       4.149422719574e-12      -1.322465859143e-12       0.000000000000e+00       2.221661075749e-15       3.725731071485e-16      -9.841049131184e-17 
 1273       1.002484571662e-10       4.165192241083e-12      -1.426620815087e-12       0.000000000000e+00       2.214840107313e-15       3.764930948613e-16      -9.872782234669e-17 
 1274       9.990267662632e-11       4.180428491144e-12      -1.531750818150e-12       0.000000000000e+00       2.208044981608e-15       3.804877318455e-16      -9.902835627355e-17 
 1275       9.956646086216e-11       4.195128791175e-12      -1.637808983896e-12       0.000000000000e+00       2.201275609672e-15       3.845508126751e-16      -9.931223491422e-17 
 1276       9.923980614861e-11       4.209290458147e-12      -1.744748116877e-12       0.000000000000e+00       2.194531900996e-15       3.886760914985e-16      -9.957960136284e-17 
 1277       9.892270850496e-11       4.222910804588e-12      -1.852520710018e-12       0.000000000000e+00       2.187813763515e-15       3.928572819585e-16      -9.983059998870e-17 
 1278       9.861516369427e-11       4.235987138578e-12      -1.961078943990e-12       0.000000000000e+00       2.181121103610e-15       3.970880571123e-16      -1.000653764389e-16 
 1279       9.831716722271e-11       4.248516763750e-12      -2.070374686601e-12       0.000000000000e+00       2.174453826101e-15       4.013620493514e-16      -1.002840776413e-16 
 1280       9.802871433887e-11       4.260496979291e-12      -2.180359492169e-12       0.000000000000e+00       2.167811834241e-15       4.056728503210e-16      -1.004868518069e-16 
 1281       9.774980003315e-11       4.271925079940e-12      -2.290984600909e-12       0.000000000000e+00       2.161195029719e-15       4.100140108405e-16      -1.006738484330e-16 
 1282       9.748041903706e-11       4.282798355986e-12      -2.402200938312e-12       0.000000000000e+00       2.154603312650e-15       4.143790408231e-16      -1.008452183056e-16 
 1283       9.722056582256e-11       4.293114093273e-12      -2.513959114523e-12       0.000000000000e+00       2.148036581572e-15       4.187614091955e-16      -1.010011135023e-16 
 1284       9.697023460145e-11       4.302869573192e-12      -2.626209423728e-12       0.000000000000e+00       2.141494733445e-15       4.231545438181e-16      -1.011416873951e-16 
 1285       9.672941932464e-11       4.312062072687e-12      -2.738901843533e-12       0.000000000000e+00       2.134977663646e-15       4.275518314047e-16      -1.012670946531e-16 
 1286       9.649811368154e-11       4.320688864250e-12      -2.851986034343e-12       0.000000000000e+00       2.128485265963e-15       4.319466174423e-16      -1.013774912452e-16 
 1287       9.627631109940e-11       4.328747215922e-12      -2.965411338745e-12       0.000000000000e+00       2.122017432593e-15       4.363322061113e-16      -1.014730344429e-16 
 1288       9.606400474260e-11       4.336234391295e-12      -3.079126780890e-12       0.000000000000e+00       2.115574054139e-15       4.407018602049e-16      -1.015538828228e-16 
 1289       9.586118751207e-11       4.343147649509e-12      -3.193081065873e-12       0.000000000000e+00       2.109155019605e-15       4.450488010494e-16      -1.016201962699e-16 
 1290       9.566785204456e-11       4.349484245248e-12      -3.307222579114e-12       0.000000000000e+00       2.102760216391e-15       4.493662084237e-16      -1.016721359798e-16 
 1291       9.548399071201e-11       4.355241428749e-12      -3.421499385740e-12       0.000000000000e+00       2.096389530292e-15       4.536472204795e-16      -1.017098644616e-16 
 1292       9.530959562089e-11       4.360416445792e-12      -3.535859229966e-12       0.000000000000e+00       2.090042845492e-15       4.578849336612e-16      -1.017335455409e-16 
 1293       9.514465861156e-11       4.365006537704e-12      -3.650249534477e-12       0.000000000000e+00       2.083720044561e-15       4.620724026252e-16      -1.017433443622e-16 
 1294       9.498917125756e-11       4.369008941359e-12      -3.764617399807e-12       0.000000000000e+00       2.077421008450e-15       4.662026401607e-16      -1.017394273918e-16 
 1295       9.484312486500e-11       4.372420889175e-12      -3.878909603722e-12       0.000000000000e+00       2.071145616489e-15       4.702686171086e-16      -1.017219624207e-16 
 1296       9.470651047186e-11       4.375239609115e-12      -3.993072600600e-12       0.000000000000e+00       2.064893746382e-15       4.742632622821e-16      -1.016911185668e-16 
 1297       9.457931884737e-11       4.377462324687e-12      -4.107052520815e-12       0.000000000000e+00       2.058665274204e-15       4.781794623864e-16      -1.016470662784e-16 
 1298       9.446154049133e-11       4.379086254943e-12      -4.220795170114e-12       0.000000000000e+00       2.052460074396e-15       4.820100619382e-16      -1.015899773363e-16 
 1299       9.435316563345e-11       4.380108614478e-12      -4.334246029002e-12       0.000000000000e+00       2.046278019762e-15       4.857478631862e-16      -1.015200248571e-16 
 1300       9.425418423268e-11       4.380526613429e-12      -4.447350252121e-12       0.000000000000e+00       2.040118981464e-15       4.893856260303e-16      -1.014373832954e-16 
 1301       9.416458597658e-11       4.380337457476e-12      -4.560052667630e-12       0.000000000000e+00       2.033982829021e-15       4.929160679421e-16      -1.013422284469e-16 
 1302       9.408436028063e-11       4.379538347842e-12      -4.672297776590e-12       0.000000000000e+00       2.027869430301e-15       4.963318638842e-16      -1.012347374511e-16 
 1303       9.401349628760e-11       4.378126481289e-12      -4.784029752344e-12       0.000000000000e+00       2.021778651521e-15       4.996256462308e-16      -1.011150887939e-16 
 1304       9.395198286686e-11       4.376099050122e-12      -4.895192439895e-12       0.000000000000e+00       2.015710357242e-15       5.027900046866e-16      -1.009834623104e-16 
 1305       9.389980861373e-11       4.373453242186e-12      -5.005729355291e-12       0.000000000000e+00       2.009664410362e-15       5.058174862077e-16      -1.008400391879e-16 
 1306       9.385696184886e-11       4.370186240865e-12      -5.115583685004e-12       0.000000000000e+00       2.003640672118e-15       5.087005949206e-16      -1.006850019683e-16 
 1307       9.382341205527e-11       4.366296644369e-12      -5.224702569198e-12       0.000000000000e+00       1.997639014792e-15       5.114338591035e-16      -1.005185199269e-16 
 1308       9.379905396388e-11       4.361788740973e-12      -5.333050005209e-12       0.000000000000e+00       1.991659360005e-15       5.140200575924e-16      -1.003407050250e-16 
 1309       9.378376284119e-11       4.356668281599e-12      -5.440594087177e-12       0.000000000000e+00       1.985701640845e-15       5.164640628672e-16      -1.001516554700e-16 
 1310       9.377741299286e-11       4.350941064971e-12      -5.547302734941e-12       0.000000000000e+00       1.979765789191e-15       5.187707803747e-16      -9.995147029651e-17 
 1311       9.377987776170e-11       4.344612937715e-12      -5.653143693718e-12       0.000000000000e+00       1.973851735705e-15       5.209451485935e-16      -9.974024936806e-17 
 1312       9.379102952573e-11       4.337689794455e-12      -5.758084533788e-12       0.000000000000e+00       1.967959409833e-15       5.229921390991e-16      -9.951809337890e-17 
 1313       9.381073969620e-11       4.330177577913e-12      -5.862092650174e-12       0.000000000000e+00       1.962088739801e-15       5.249167566287e-16      -9.928510385557e-17 
 1314       9.383887871568e-11       4.322082279011e-12      -5.965135262324e-12       0.000000000000e+00       1.956239652612e-15       5.267240391464e-16      -9.904138315872e-17 
 1315       9.387531605600e-11       4.313409936964e-12      -6.067179413794e-12       0.000000000000e+00       1.950412074043e-15       5.284190579080e-16      -9.878703448482e-17 
 1316       9.391992021640e-11       4.304166639387e-12      -6.168191971928e-12       0.000000000000e+00       1.944605928641e-15       5.300069175260e-16      -9.852216186780e-17 
 1317       9.397255872147e-11       4.294358522387e-12      -6.268139627541e-12       0.000000000000e+00       1.938821139722e-15       5.314927560344e-16      -9.824687018089e-17 
 1318       9.403309811925e-11       4.283991770667e-12      -6.366988894603e-12       0.000000000000e+00       1.933057629367e-15       5.328817449542e-16      -9.796126513822e-17 
 1319       9.410140397925e-11       4.273072617622e-12      -6.464706109917e-12       0.000000000000e+00       1.927315318419e-15       5.341790893577e-16      -9.766545329665e-17 
 1320       9.417734089049e-11       4.261607345441e-12      -6.561257432801e-12       0.000000000000e+00       1.921594126481e-15       5.353900279340e-16      -9.735954205737e-17 
 1321       9.426077245951e-11       4.249602285204e-12      -6.656608844776e-12       0.000000000000e+00       1.915893971912e-15       5.365198330535e-16      -9.704363966774e-17 
 1322       9.435156130845e-11       4.237063816980e-12      -6.750726149241e-12       0.000000000000e+00       1.910214771823e-15       5.375738108334e-16      -9.671785522292e-17 
 1323       9.444956907306e-11       4.223998369930e-12      -6.843574971157e-12       0.000000000000e+00       1.904556442077e-15       5.385573012023e-16      -9.638229866761e-17 
 1324       9.455465640075e-11       4.210412422403e-12      -6.935120756730e-12       0.000000000000e+00       1.898918897284e-15       5.394756779651e-16      -9.603708079781e-17 
 1325       9.466668294863e-11       4.196312502036e-12      -7.025328773093e-12       0.000000000000e+00       1.893302050799e-15       5.403343488683e-16      -9.568231326247e-17 
 1326       9.478550738151e-11       4.181705185854e-12      -7.114164107987e-12       0.000000000000e+00       1.887705814718e-15       5.411387556648e-16      -9.531810856527e-17 
 1327       9.491098737001e-11       4.166597100367e-12      -7.201591669441e-12       0.000000000000e+00       1.882130099875e-15       5.418943741788e-16      -9.494458006630e-17 
 1328       9.504297958853e-11       4.150994921672e-12      -7.287576185459e-12       0.000000000000e+00       1.876574815840e-15       5.426067143708e-16      -9.456184198380e-17 
 1329       9.518133971332e-11       4.134905375550e-12      -7.372082203697e-12       0.000000000000e+00       1.871039870918e-15       5.432813204026e-16      -9.417000939587e-17 
 1330       9.532592242051e-11       4.118335237564e-12      -7.455074091148e-12       0.000000000000e+00       1.865525172141e-15       5.439237707025e-16      -9.376919824218e-17 
 1331       9.547658138414e-11       4.101291333164e-12      -7.536516033821e-12       0.000000000000e+00       1.860030625268e-15       5.445396780297e-16      -9.335952532571e-17 
 1332       9.563316927423e-11       4.083780537777e-12      -7.616372036426e-12       0.000000000000e+00       1.854556134784e-15       5.451346895398e-16      -9.294110831446e-17 
 1333       9.579553775477e-11       4.065809776915e-12      -7.694605922055e-12       0.000000000000e+00       1.849101603893e-15       5.457144868496e-16      -9.251406574314e-17 
 1334       9.596353748178e-11       4.047386026268e-12      -7.771181331863e-12       0.000000000000e+00       1.843666934518e-15       5.462847861021e-16      -9.207851701495e-17 
 1335       9.613701810137e-11       4.028516311807e-12      -7.846061724748e-12       0.000000000000e+00       1.838252027296e-15       5.468513380311e-16      -9.163458240323e-17 
 1336       9.631582824775e-11       4.009207709879e-12      -7.919210377039e-12       0.000000000000e+00       1.832856781577e-15       5.474199280268e-16      -9.118238305324e-17 
 1337       9.649981554125e-11       3.989467347312e-12      -7.990590382171e-12       0.000000000000e+00       1.827481095421e-15       5.479963762004e-16      -9.072204098382e-17 
 1338       9.668882658641e-11       3.969302401508e-12      -8.060164650373e-12       0.000000000000e+00       1.822124865593e-15       5.485865374491e-16      -9.025367908917e-17 
 1339       9.688270696997e-11       3.948720100547e-12      -8.127895908344e-12       0.000000000000e+00       1.816787987560e-15       5.491963015210e-16      -8.977742114050e-17 
 1340       9.708130125894e-11       3.927727723282e-12      -8.193746698941e-12       0.000000000000e+00       1.811470355493e-15       5.498315930802e-16      -8.929339178784e-17 
 1341       9.728445299863e-11       3.906332599441e-12      -8.257679380854e-12       0.000000000000e+00       1.806171862257e-15       5.504983717719e-16      -8.880171656164e-17 
 1342       9.749200471064e-11       3.884542109726e-12      -8.319656128295e-12       0.000000000000e+00       1.800892399413e-15       5.512026322870e-16      -8.830252187461e-17 
 1343       9.770379789100e-11       3.862363685910e-12      -8.379638930676e-12       0.000000000000e+00       1.795631857214e-15       5.519504044273e-16      -8.779593502336e-17 
 1344       9.791967300809e-11       3.839804810939e-12      -8.437589592289e-12       0.000000000000e+00       1.790390124599e-15       5.527477531706e-16      -8.728208419012e-17 
 1345       9.813946950078e-11       3.816873019029e-12      -8.493469731994e-12       0.000000000000e+00       1.785167089196e-15       5.536007787352e-16      -8.676109844451e-17 
 1346       9.836302629099e-11       3.793576283445e-12      -8.547246920187e-12       0.000000000000e+00       1.779962647345e-15       5.545139539678e-16      -8.623310303170e-17 
 1347       9.859018333167e-11       3.769924184250e-12      -8.598913163318e-12       0.000000000000e+00       1.774776734309e-15       5.554851166106e-16      -8.569820517754e-17 
 1348       9.882078007180e-11       3.745926753438e-12      -8.648466619548e-12       0.000000000000e+00       1.769609294389e-15       5.565104227622e-16      -8.515650813264e-17 
 1349       9.905465494131e-11       3.721594088535e-12      -8.695905479761e-12       0.000000000000e+00       1.764460270917e-15       5.575860045750e-16      -8.460811587335e-17 
 1350       9.929164534921e-11       3.696936352715e-12      -8.741227967653e-12       0.000000000000e+00       1.759329606256e-15       5.587079702095e-16      -8.405313310311e-17 
 1351       9.953158768166e-11       3.671963774933e-12      -8.784432339821e-12       0.000000000000e+00       1.754217241797e-15       5.598724037897e-16      -8.349166525388e-17 
 1352       9.977431730002e-11       3.646686650046e-12      -8.825516885850e-12       0.000000000000e+00       1.749123117956e-15       5.610753653579e-16      -8.292381848755e-17 
 1353       1.000196685389e-10       3.621115338938e-12      -8.864479928401e-12       0.000000000000e+00       1.744047174174e-15       5.623128908296e-16      -8.234969969737e-17 
 1354       1.002674747043e-10       3.595260268646e-12      -8.901319823301e-12       0.000000000000e+00       1.738989348909e-15       5.635809919483e-16      -8.176941650928e-17 
 1355       1.005175680717e-10       3.569131932482e-12      -8.936034959628e-12       0.000000000000e+00       1.733949579644e-15       5.648756562405e-16      -8.118307728341e-17 
 1356       1.007697798839e-10       3.542740890163e-12      -8.968623759803e-12       0.000000000000e+00       1.728927802872e-15       5.661928469710e-16      -8.059079111544e-17 
 1357       1.010239403494e-10       3.516097767929e-12      -8.999084679673e-12       0.000000000000e+00       1.723923954105e-15       5.675285030972e-16      -7.999266783799e-17 
 1358       1.012798786404e-10       3.489213258674e-12      -9.027416208605e-12       0.000000000000e+00       1.718937967865e-15       5.688785392242e-16      -7.938881802206e-17 
 1359       1.015374228906e-10       3.462098122066e-12      -9.053616869569e-12       0.000000000000e+00       1.713969777683e-15       5.702388455602e-16      -7.877935297843e-17 
 1360       1.017964001936e-10       3.434763184676e-12      -9.077685219230e-12       0.000000000000e+00       1.709019316100e-15       5.716052878707e-16      -7.816438475905e-17 
 1361       1.020566366009e-10       3.407219340100e-12      -9.099619848032e-12       0.000000000000e+00       1.704086514659e-15       5.729737074339e-16      -7.754402615847e-17 
 1362       1.023179571199e-10       3.379477549083e-12      -9.119419380292e-12       0.000000000000e+00       1.699171303907e-15       5.743399209956e-16      -7.691839071522e-17 
 1363       1.025801857120e-10       3.351548839647e-12      -9.137082474282e-12       0.000000000000e+00       1.694273613393e-15       5.756997207238e-16      -7.628759271325e-17 
 1364       1.028431452905e-10       3.323444307213e-12      -9.152607822320e-12       0.000000000000e+00       1.689393371661e-15       5.770488741641e-16      -7.565174718329e-17 
 1365       1.031066577191e-10       3.295175114728e-12      -9.165994150858e-12       0.000000000000e+00       1.684530506255e-15       5.783831241941e-16      -7.501096990432e-17 
 1366       1.033705438096e-10       3.266752492789e-12      -9.177240220570e-12       0.000000000000e+00       1.679684943710e-15       5.796981889788e-16      -7.436537740491e-17 
 1367       1.036346233200e-10       3.238187739764e-12      -9.186344826441e-12       0.000000000000e+00       1.674856609553e-15       5.809897619252e-16      -7.371508696468e-17 
 1368       1.038987149527e-10       3.209492221924e-12      -9.193306797854e-12       0.000000000000e+00       1.670045428299e-15       5.822535116373e-16      -7.306021661568e-17 
 1369       1.041626363526e-10       3.180677373563e-12      -9.198124998675e-12       0.000000000000e+00       1.665251323453e-15       5.834850818712e-16      -7.240088514378e-17 
 1370       1.044262041051e-10       3.151754697123e-12      -9.200798327350e-12       0.000000000000e+00       1.660474217501e-15       5.846800914896e-16      -7.173721209013e-17 
 1371       1.046892337340e-10       3.122735763319e-12      -9.201325716983e-12       0.000000000000e+00       1.655714031913e-15       5.858341344173e-16      -7.106931775252e-17 
 1372       1.049515397000e-10       3.093632211267e-12      -9.199706135430e-12       0.000000000000e+00       1.650970687140e-15       5.869427795956e-16      -7.039732318679e-17 
 1373       1.052129353982e-10       3.064455748603e-12      -9.195938585387e-12       0.000000000000e+00       1.646244102608e-15       5.880015709375e-16      -6.972135020828e-17 
 1374       1.054732331568e-10       3.035218151613e-12      -9.190022104475e-12       0.000000000000e+00       1.641534196721e-15       5.890060272827e-16      -6.904152139317e-17 
 1375       1.057322442347e-10       3.005931265355e-12      -9.181955765331e-12       0.000000000000e+00       1.636840886855e-15       5.899516423523e-16      -6.835796007994e-17 
 1376       1.059897788196e-10       2.976607003786e-12      -9.171738675694e-12       0.000000000000e+00       1.632164089357e-15       5.908338847036e-16      -6.767079037075e-17 
 1377       1.062456460265e-10       2.947257349882e-12      -9.159369978496e-12       0.000000000000e+00       1.627503719542e-15       5.916481976855e-16      -6.698013713288e-17 
 1378       1.064996538952e-10       2.917894355769e-12      -9.144848851947e-12       0.000000000000e+00       1.622859691692e-15       5.923899993930e-16      -6.628612600007e-17 
 1379       1.067516093887e-10       2.888530142843e-12      -9.128174509624e-12       0.000000000000e+00       1.618231919053e-15       5.930546826225e-16      -6.558888337401e-17 
 1380       1.070013183913e-10       2.859176901900e-12      -9.109346200561e-12       0.000000000000e+00       1.613620313834e-15       5.936376148261e-16      -6.488853642567e-17 
 1381       1.072485857067e-10       2.829846893252e-12      -9.088363209333e-12       0.000000000000e+00       1.609024787200e-15       5.941341380674e-16      -6.418521309676e-17 
 1382       1.074932150555e-10       2.800552446862e-12      -9.065224856151e-12       0.000000000000e+00       1.604445249277e-15       5.945395689755e-16      -6.347904210112e-17 
 1383       1.077350090743e-10       2.771305962463e-12      -9.039930496942e-12       0.000000000000e+00       1.599881609143e-15       5.948491987006e-16      -6.277015292613e-17 
 1384       1.079737693128e-10       2.742119909681e-12      -9.012479523442e-12       0.000000000000e+00       1.595333774830e-15       5.950582928687e-16      -6.205867583408e-17 
 1385       1.082093128730e-10       2.713006082636e-12      -8.982875735408e-12       0.000000000000e+00       1.590801661439e-15       5.951632726299e-16      -6.134473267463e-17 
 1386       1.084415225213e-10       2.683973354860e-12      -8.951140507585e-12       0.000000000000e+00       1.586285215583e-15       5.951652715387e-16      -6.062840921291e-17 
 1387       1.086702971014e-10       2.655029900918e-12      -8.917299761936e-12       0.000000000000e+00       1.581784391198e-15       5.950666161390e-16      -5.990978251200e-17 
 1388       1.088955349412e-10       2.626183939869e-12      -8.881379608491e-12       0.000000000000e+00       1.577299141446e-15       5.948696483067e-16      -5.918893009630e-17 
 1389       1.091171338515e-10       2.597443735340e-12      -8.843406345710e-12       0.000000000000e+00       1.572829418712e-15       5.945767252786e-16      -5.846592995232e-17 
 1390       1.093349911253e-10       2.568817595608e-12      -8.803406460844e-12       0.000000000000e+00       1.568375174603e-15       5.941902196808e-16      -5.774086052956e-17 
 1391       1.095490035368e-10       2.540313873674e-12      -8.761406630296e-12       0.000000000000e+00       1.563936359946e-15       5.937125195580e-16      -5.701380074130e-17 
 1392       1.097590673408e-10       2.511940967347e-12      -8.717433719982e-12       0.000000000000e+00       1.559512924788e-15       5.931460284019e-16      -5.628482996545e-17 
 1393       1.099650782715e-10       2.483707319317e-12      -8.671514785694e-12       0.000000000000e+00       1.555104818391e-15       5.924931651800e-16      -5.555402804539e-17 
 1394       1.101669315418e-10       2.455621417233e-12      -8.623677073459e-12       0.000000000000e+00       1.550711989232e-15       5.917563643643e-16      -5.482147529078e-17 
 1395       1.103645218423e-10       2.427691793787e-12      -8.573948019903e-12       0.000000000000e+00       1.546334385003e-15       5.909380759603e-16      -5.408725247842e-17 
 1396       1.105577433403e-10       2.399927026785e-12      -8.522355252612e-12       0.000000000000e+00       1.541971952604e-15       5.900407655355e-16      -5.335144085305e-17 
 1397       1.107464896793e-10       2.372335739231e-12      -8.468926590491e-12       0.000000000000e+00       1.537624638147e-15       5.890669142482e-16      -5.261412212823e-17 
 1398       1.109306539779e-10       2.344926599400e-12      -8.413690044129e-12       0.000000000000e+00       1.533292386952e-15       5.880190188764e-16      -5.187537848711e-17 
 1399       1.111101288285e-10       2.317708320923e-12      -8.356673816157e-12       0.000000000000e+00       1.528975143544e-15       5.868995918464e-16      -5.113529258332e-17 
 1400       1.112848062973e-10       2.290689662856e-12      -8.297906301612e-12       0.000000000000e+00       1.524672851652e-15       5.857111612618e-16      -5.039394754177e-17 
 1401       1.114545779226e-10       2.263879429767e-12      -8.237416088297e-12       0.000000000000e+00       1.520385454209e-15       5.844562709317e-16      -4.965142695948e-17 
 1402       1.116193347143e-10       2.237286471809e-12      -8.175231957144e-12       0.000000000000e+00       1.516112893347e-15       5.831374804001e-16      -4.890781490643e-17 
 1403       1.117789671529e-10       2.210919684800e-12      -8.111382882571e-12       0.000000000000e+00       1.511855110397e-15       5.817573649744e-16      -4.816319592638e-17 
 1404       1.119333651887e-10       2.184788010299e-12      -8.045898032851e-12       0.000000000000e+00       1.507612045890e-15       5.803185157540e-16      -4.741765503773e-17 
 1405       1.120824182409e-10       2.158900435690e-12      -7.978806770467e-12       0.000000000000e+00       1.503383639548e-15       5.788235396592e-16      -4.667127773428e-17 
 1406       1.122260151965e-10       2.133265994252e-12      -7.910138652475e-12       0.000000000000e+00       1.499169830290e-15       5.772750594601e-16      -4.592414998616e-17 
 1407       1.123640444098e-10       2.107893765243e-12      -7.839923430867e-12       0.000000000000e+00       1.494970556225e-15       5.756757138052e-16      -4.517635824058e-17 
 1408       1.124963937012e-10       2.082792873978e-12      -7.768191052932e-12       0.000000000000e+00       1.490785754653e-15       5.740281572498e-16      -4.442798942272e-17 
 1409       1.126229503563e-10       2.057972491902e-12      -7.694971661614e-12       0.000000000000e+00       1.486615362063e-15       5.723350602857e-16      -4.367913093652e-17 
 1410       1.127436011252e-10       2.033441836676e-12      -7.620295595881e-12       0.000000000000e+00       1.482459314127e-15       5.705991093688e-16      -4.292987066553e-17 
 1411       1.128582322217e-10       2.009210172249e-12      -7.544193391077e-12       0.000000000000e+00       1.478317545706e-15       5.688230069488e-16      -4.218029697376e-17 
 1412       1.129667293219e-10       1.985286808937e-12      -7.466695779290e-12       0.000000000000e+00       1.474189990842e-15       5.670094714976e-16      -4.143049870647e-17 
 1413       1.130689775640e-10       1.961681103505e-12      -7.387833689712e-12       0.000000000000e+00       1.470076582758e-15       5.651612375377e-16      -4.068056519105e-17 
 1414       1.131648615467e-10       1.938402459242e-12      -7.307638249001e-12       0.000000000000e+00       1.465977253857e-15       5.632810556717e-16      -3.993058623781e-17 
 1415       1.132542653291e-10       1.915460326038e-12      -7.226140781638e-12       0.000000000000e+00       1.461891935719e-15       5.613716926103e-16      -3.918065214084e-17 
 1416       1.133370724290e-10       1.892864200466e-12      -7.143372810295e-12       0.000000000000e+00       1.457820559100e-15       5.594359312016e-16      -3.843085367884e-17 
 1417       1.134131658227e-10       1.870623625857e-12      -7.059366056191e-12       0.000000000000e+00       1.453763053931e-15       5.574765704598e-16      -3.768128211594e-17 
 1418       1.134824279435e-10       1.848748192381e-12      -6.974152439458e-12       0.000000000000e+00       1.449719349315e-15       5.554964255934e-16      -3.693202920253e-17 
 1419       1.135447406815e-10       1.827247537121e-12      -6.887764079498e-12       0.000000000000e+00       1.445689373525e-15       5.534983280349e-16      -3.618318717612e-17 
 1420       1.135999853820e-10       1.806131344155e-12      -6.800233295348e-12       0.000000000000e+00       1.441673054001e-15       5.514851254685e-16      -3.543484876212e-17 
 1421       1.136480428452e-10       1.785409344634e-12      -6.711592606038e-12       0.000000000000e+00       1.437670317355e-15       5.494596818597e-16      -3.468710717475e-17 
 1422       1.136887933249e-10       1.765091316857e-12      -6.621874730957e-12       0.000000000000e+00       1.433681089359e-15       5.474248774838e-16      -3.394005611778e-17 
 1423       1.137221165278e-10       1.745187086353e-12      -6.531112590210e-12       0.000000000000e+00       1.429705294951e-15       5.453836089544e-16      -3.319378978545e-17 
 1424       1.137479128295e-10       1.725705189345e-12      -6.439339712275e-12       0.000000000000e+00       1.425742864817e-15       5.433383560414e-16      -3.244839741484e-17 
 1425       1.137661671629e-10       1.706648847978e-12      -6.346591460825e-12       0.000000000000e+00       1.421793755219e-15       5.412898771990e-16      -3.170394688033e-17 
 1426       1.137768857839e-10       1.688019953915e-12      -6.252903821222e-12       0.000000000000e+00       1.417857928368e-15       5.392385006978e-16      -3.096050093236e-17 
 1427       1.137800751148e-10       1.669820401192e-12      -6.158312994757e-12       0.000000000000e+00       1.413935345852e-15       5.371845566238e-16      -3.021812263100e-17 
 1428       1.137757417447e-10       1.652052086223e-12      -6.062855399032e-12       0.000000000000e+00       1.410025968640e-15       5.351283768806e-16      -2.947687534650e-17 
 1429       1.137638924292e-10       1.634716907794e-12      -5.966567668344e-12       0.000000000000e+00       1.406129757074e-15       5.330702951935e-16      -2.873682275976e-17 
 1430       1.137445340918e-10       1.617816767065e-12      -5.869486654077e-12       0.000000000000e+00       1.402246670872e-15       5.310106471122e-16      -2.799802886289e-17 
 1431       1.137176738234e-10       1.601353567571e-12      -5.771649425079e-12       0.000000000000e+00       1.398376669125e-15       5.289497700138e-16      -2.726055795969e-17 
 1432       1.136833188830e-10       1.585329215216e-12      -5.673093268054e-12       0.000000000000e+00       1.394519710295e-15       5.268880031064e-16      -2.652447466614e-17 
 1433       1.136414766982e-10       1.569745618275e-12      -5.573855687945e-12       0.000000000000e+00       1.390675752217e-15       5.248256874318e-16      -2.578984391096e-17 
 1434       1.135921548652e-10       1.554604687394e-12      -5.473974408319e-12       0.000000000000e+00       1.386844752094e-15       5.227631658686e-16      -2.505673093609e-17 
 1435       1.135353611497e-10       1.539908335588e-12      -5.373487371756e-12       0.000000000000e+00       1.383026666496e-15       5.207007831359e-16      -2.432520129720e-17 
 1436       1.134711034865e-10       1.525658478240e-12      -5.272432740228e-12       0.000000000000e+00       1.379221451360e-15       5.186388857958e-16      -2.359532086420e-17 
 1437       1.133993899809e-10       1.511857033101e-12      -5.170848895491e-12       0.000000000000e+00       1.375429061988e-15       5.165778222570e-16      -2.286715582176e-17 
 1438       1.133202289079e-10       1.498505920287e-12      -5.068774439467e-12       0.000000000000e+00       1.371649453046e-15       5.145179427776e-16      -2.214077266982e-17 
 1439       1.132336287136e-10       1.485607062282e-12      -4.966248194630e-12       0.000000000000e+00       1.367882578562e-15       5.124595994683e-16      -2.141623822407e-17 
 1440       1.131395980148e-10       1.473162383933e-12      -4.863309204393e-12       0.000000000000e+00       1.364128391925e-15       5.104031462959e-16      -2.069361961652e-17 
 1441       1.130381455999e-10       1.461173812452e-12      -4.759996733490e-12       0.000000000000e+00       1.360386845883e-15       5.083489390859e-16      -1.997298429596e-17 
 1442       1.129292804290e-10       1.449643277414e-12      -4.656350268368e-12       0.000000000000e+00       1.356657892542e-15       5.062973355260e-16      -1.925440002847e-17 
 1443       1.128130116342e-10       1.438572710755e-12      -4.552409517563e-12       0.000000000000e+00       1.352941483367e-15       5.042486951691e-16      -1.853793489795e-17 
 1444       1.126893485203e-10       1.427964046775e-12      -4.448214412096e-12       0.000000000000e+00       1.349237569175e-15       5.022033794364e-16      -1.782365730666e-17 
 1445       1.125583005647e-10       1.417819222131e-12      -4.343805105851e-12       0.000000000000e+00       1.345546100139e-15       5.001617516207e-16      -1.711163597564e-17 
 1446       1.124198774182e-10       1.408140175844e-12      -4.239221975962e-12       0.000000000000e+00       1.341867025784e-15       4.981241768894e-16      -1.640193994531e-17 
 1447       1.122740889052e-10       1.398928849290e-12      -4.134505623202e-12       0.000000000000e+00       1.338200294987e-15       4.960910222878e-16      -1.569463857593e-17 
 1448       1.121209450239e-10       1.390187186205e-12      -4.029696872364e-12       0.000000000000e+00       1.334545855973e-15       4.940626567418e-16      -1.498980154815e-17 
 1449       1.119604559468e-10       1.381917132682e-12      -3.924836772648e-12       0.000000000000e+00       1.330903656317e-15       4.920394510616e-16      -1.428749886346e-17 
 1450       1.117926320214e-10       1.374120637170e-12      -3.819966598050e-12       0.000000000000e+00       1.327273642941e-15       4.900217779446e-16      -1.358780084476e-17 
 1451       1.116174837699e-10       1.366799650472e-12      -3.715127847741e-12       0.000000000000e+00       1.323655762111e-15       4.880100119783e-16      -1.289077813684e-17 
 1452       1.114350218901e-10       1.359956125747e-12      -3.610362246458e-12       0.000000000000e+00       1.320049959439e-15       4.860045296439e-16      -1.219650170688e-17 
 1453       1.112452572554e-10       1.353592018509e-12      -3.505711744887e-12       0.000000000000e+00       1.316456179880e-15       4.840057093192e-16      -1.150504284501e-17 
 1454       1.110482009156e-10       1.347709286622e-12      -3.401218520049e-12       0.000000000000e+00       1.312874367729e-15       4.820139312814e-16      -1.081647316474e-17 
 1455       1.108438640969e-10       1.342309890304e-12      -3.296924975685e-12       0.000000000000e+00       1.309304466622e-15       4.800295777110e-16      -1.013086460356e-17 
 1456       1.106322582024e-10       1.337395792122e-12      -3.192873742644e-12       0.000000000000e+00       1.305746419534e-15       4.780530326942e-16      -9.448289423370e-18 
 1457       1.104133948123e-10       1.332968956997e-12      -3.089107679264e-12       0.000000000000e+00       1.302200168777e-15       4.760846822266e-16      -8.768820211051e-18 
 1458       1.101872856847e-10       1.329031352194e-12      -2.985669871762e-12       0.000000000000e+00       1.298665655999e-15       4.741249142157e-16      -8.092529878937e-18 
 1459       1.099539427554e-10       1.325584947332e-12      -2.882603634616e-12       0.000000000000e+00       1.295142822181e-15       4.721741184849e-16      -7.419491665341e-18 
 1460       1.097133781388e-10       1.322631714373e-12      -2.779952510953e-12       0.000000000000e+00       1.291631607641e-15       4.702326867759e-16      -6.749779135061e-18 
 1461       1.094656041277e-10       1.320173627630e-12      -2.677760272933e-12       0.000000000000e+00       1.288131952025e-15       4.683010127519e-16      -6.083466179893e-18 
 1462       1.092106331944e-10       1.318212663758e-12      -2.576070922137e-12       0.000000000000e+00       1.284643794311e-15       4.663794920014e-16      -5.420627019137e-18 
 1463       1.089484916747e-10       1.316749682224e-12      -2.474925434567e-12       0.000000000000e+00       1.281167077982e-15       4.644682375053e-16      -4.761327578740e-18 
 1464       1.086792609708e-10       1.315781054450e-12      -2.374351959291e-12       0.000000000000e+00       1.277701766602e-15       4.625662229235e-16      -4.105599533397e-18 
 1465       1.084030367617e-10       1.315302000965e-12      -2.274375522582e-12       0.000000000000e+00       1.274247828394e-15       4.606721307503e-16      -3.453466005965e-18 
 1466       1.081199153567e-10       1.315307707825e-12      -2.175021274612e-12       0.000000000000e+00       1.270805231076e-15       4.587846360597e-16      -2.804950165308e-18 
 1467       1.078299936970e-10       1.315793326543e-12      -2.076314489657e-12       0.000000000000e+00       1.267373941859e-15       4.569024064926e-16      -2.160075226326e-18 
 1468       1.075333693564e-10       1.316753974030e-12      -1.978280566295e-12       0.000000000000e+00       1.263953927448e-15       4.550241022438e-16      -1.518864449981e-18 
 1469       1.072301405431e-10       1.318184732529e-12      -1.880945027617e-12       0.000000000000e+00       1.260545154038e-15       4.531483760496e-16      -8.813411433287e-19 
 1470       1.069204061000e-10       1.320080649551e-12      -1.784333521421e-12       0.000000000000e+00       1.257147587317e-15       4.512738731744e-16      -2.475286595379e-19 
 1471       1.066042655066e-10       1.322436737815e-12      -1.688471820422e-12       0.000000000000e+00       1.253761192461e-15       4.493992313986e-16       3.825496020761e-19 
 1472       1.062818188796e-10       1.325247975180e-12      -1.593385822453e-12       0.000000000000e+00       1.250385934135e-15       4.475230810053e-16       1.008870196027e-18 
 1473       1.059531669742e-10       1.328509304586e-12      -1.499101550666e-12       0.000000000000e+00       1.247021776492e-15       4.456440447674e-16       1.631409630632e-18 
 1474       1.056184111855e-10       1.332215633984e-12      -1.405645153740e-12       0.000000000000e+00       1.243668683169e-15       4.437607379354e-16       2.250144367980e-18 
 1475       1.052776535491e-10       1.336361836279e-12      -1.313042906078e-12       0.000000000000e+00       1.240326617292e-15       4.418717682240e-16       2.865050823909e-18 
 1476       1.049309967426e-10       1.340942749263e-12      -1.221321208016e-12       0.000000000000e+00       1.236995541467e-15       4.399757357995e-16       3.476105367979e-18 
 1477       1.045785440869e-10       1.345953175552e-12      -1.130506586021e-12       0.000000000000e+00       1.233675417786e-15       4.380712332672e-16       4.083284323441e-18 
 1478       1.042203995467e-10       1.351387882522e-12      -1.040625692899e-12       0.000000000000e+00       1.230366207821e-15       4.361568456582e-16       4.686563967215e-18 
 1479       1.038566677324e-10       1.357241602248e-12      -9.517053079927e-13       0.000000000000e+00       1.227067872627e-15       4.342311504169e-16       5.285920529859e-18 
 1480       1.034874539007e-10       1.363509031434e-12      -8.637723373900e-13       0.000000000000e+00       1.223780372737e-15       4.322927173881e-16       5.881330195544e-18 
 1481       1.031128639557e-10       1.370184831359e-12      -7.768538141238e-13       0.000000000000e+00       1.220503668163e-15       4.303401088042e-16       6.472769102025e-18 
 1482       1.027330044506e-10       1.377263627804e-12      -6.909768983759e-13       0.000000000000e+00       1.217237718395e-15       4.283718792724e-16       7.060213340617e-18 
 1483       1.023479825882e-10       1.384740010995e-12      -6.061688776804e-13       0.000000000000e+00       1.213982482398e-15       4.263865757618e-16       7.643638956167e-18 
 1484       1.019579062223e-10       1.392608535536e-12      -5.224571671266e-13       0.000000000000e+00       1.210737918615e-15       4.243827375907e-16       8.223021947024e-18 
 1485       1.015628838589e-10       1.400863720346e-12      -4.398693095622e-13       0.000000000000e+00       1.207503984960e-15       4.223588964139e-16       8.798338265015e-18 
 1486       1.011630246574e-10       1.409500048597e-12      -3.584329757963e-13       0.000000000000e+00       1.204280638824e-15       4.203135762097e-16       9.369563815419e-18 
 1487       1.007584384313e-10       1.418511967648e-12      -2.781759648028e-13       0.000000000000e+00       1.201067837066e-15       4.182452932671e-16       9.936674456937e-18 
 1488       1.003492356497e-10       1.427893888984e-12      -1.991262039231e-13       0.000000000000e+00       1.197865536019e-15       4.161525561732e-16       1.049964600166e-17 
 1489       9.993552743856e-11       1.437640188150e-12      -1.213117490697e-13       0.000000000000e+00       1.194673691484e-15       4.140338658000e-16       1.105845421507e-17 
 1490       9.951742558144e-11       1.447745204689e-12      -4.476078492889e-14       0.000000000000e+00       1.191492258732e-15       4.118877152922e-16       1.161307481595e-17 
 1491       9.909504252086e-11       1.458203242076e-12       3.049837483580e-14       0.000000000000e+00       1.188321192502e-15       4.097125900538e-16       1.216348347645e-17 
 1492       9.866849135944e-11       1.469008567661e-12       1.044372873807e-13       0.000000000000e+00       1.185160446998e-15       4.075069677356e-16       1.270965582196e-17 
 1493       9.823788586094e-11       1.480155412595e-12       1.770273804787e-13       0.000000000000e+00       1.182009975891e-15       4.052693182224e-16       1.325156743117e-17 
 1494       9.780334045149e-11       1.491637971776e-12       2.482399523163e-13       0.000000000000e+00       1.178869732315e-15       4.029981036201e-16       1.378919383597e-17 
 1495       9.736497022065e-11       1.503450403781e-12       3.180461712905e-13       0.000000000000e+00       1.175739668868e-15       4.006917782430e-16       1.432251052147e-17 
 1496       9.692289092258e-11       1.515586830802e-12       3.864170758053e-13       0.000000000000e+00       1.172619737612e-15       3.983487886006e-16       1.485149292598e-17 
 1497       9.647721897717e-11       1.528041338583e-12       4.533235740690e-13       0.000000000000e+00       1.169509890066e-15       3.959675733857e-16       1.537611644094e-17 
 1498       9.602807147115e-11       1.540807976359e-12       5.187364438911e-13       0.000000000000e+00       1.166410077213e-15       3.935465634604e-16       1.589635641091e-17 
 1499       9.557556615926e-11       1.553880756788e-12       5.826263324788e-13       0.000000000000e+00       1.163320249494e-15       3.910841818444e-16       1.641218813358e-17 
 1500       9.511982146535e-11       1.567253655891e-12       6.449637562342e-13       0.000000000000e+00       1.160240356805e-15       3.885788437014e-16       1.692358685967e-17 
 1501       9.466095648354e-11       1.580920612986e-12       7.057191005510e-13       0.000000000000e+00       1.157170348503e-15       3.860289563268e-16       1.743052779297e-17 
 1502       9.419909087986e-11       1.594875227109e-12       7.648672766727e-13       0.000000000000e+00       1.154110177629e-15       3.834334604663e-16       1.793298694368e-17 
 1503       9.373434459390e-11       1.609109843169e-12       8.224017422818e-13       0.000000000000e+00       1.151059813655e-15       3.807934600650e-16       1.843094369758e-17 
 1504       9.326683813653e-11       1.623616456764e-12       8.783206170410e-13       0.000000000000e+00       1.148019229858e-15       3.781106083638e-16       1.892437827184e-17 
 1505       9.279669269021e-11       1.638387016816e-12       9.326220379662e-13       0.000000000000e+00       1.144988399108e-15       3.753865680236e-16       1.941327086389e-17 
 1506       9.232403011016e-11       1.653413425488e-12       9.853041594711e-13       0.000000000000e+00       1.141967293858e-15       3.726230111416e-16       1.989760165146e-17 
 1507       9.184897292543e-11       1.668687538104e-12       1.036365153411e-12       0.000000000000e+00       1.138955886149e-15       3.698216192667e-16       2.037735079258e-17 
 1508       9.137164434007e-11       1.684201163072e-12       1.085803209130e-12       0.000000000000e+00       1.135954147607e-15       3.669840834162e-16       2.085249842561e-17 
 1509       9.089216823425e-11       1.699946061803e-12       1.133616533499e-12       0.000000000000e+00       1.132962049442e-15       3.641121040911e-16       2.132302466924e-17 
 1510       9.041066916536e-11       1.715913948628e-12       1.179803350968e-12       0.000000000000e+00       1.129979562449e-15       3.612073912926e-16       2.178890962256e-17 
 1511       8.992727236920e-11       1.732096490725e-12       1.224361903605e-12       0.000000000000e+00       1.127006657004e-15       3.582716645378e-16       2.225013336500e-17 
 1512       8.944210376104e-11       1.748485308033e-12       1.267290451144e-12       0.000000000000e+00       1.124043303066e-15       3.553066528756e-16       2.270667595642e-17 
 1513       8.895528993679e-11       1.765071973175e-12       1.308587271025e-12       0.000000000000e+00       1.121089470174e-15       3.523140949028e-16       2.315851743709e-17 
 1514       8.846695817412e-11       1.781848011380e-12       1.348250658444e-12       0.000000000000e+00       1.118145127449e-15       3.492957387803e-16       2.360563782771e-17 
 1515       8.797723643355e-11       1.798804900398e-12       1.386278926392e-12       0.000000000000e+00       1.115210243587e-15       3.462533422484e-16       2.404801712943e-17 
 1516       8.748625335967e-11       1.815934070428e-12       1.422670405705e-12       0.000000000000e+00       1.112284786868e-15       3.431886726435e-16       2.448563532390e-17 
 1517       8.699413828215e-11       1.833226904030e-12       1.457423445102e-12       0.000000000000e+00       1.109368725144e-15       3.401035069138e-16       2.491847237324e-17 
 1518       8.650102121697e-11       1.850674736052e-12       1.490536411234e-12       0.000000000000e+00       1.106462025849e-15       3.369996316350e-16       2.534650822008e-17 
 1519       8.600703286748e-11       1.868268853545e-12       1.522007688730e-12       0.000000000000e+00       1.103564655988e-15       3.338788430267e-16       2.576972278758e-17 
 1520       8.551230462556e-11       1.886000495687e-12       1.551835680235e-12       0.000000000000e+00       1.100676582143e-15       3.307429469681e-16       2.618809597946e-17 
 1521       8.501696857276e-11       1.903860853703e-12       1.580018806459e-12       0.000000000000e+00       1.097797770471e-15       3.275937590141e-16       2.660160767999e-17 
 1522       8.452115748138e-11       1.921841070784e-12       1.606555506222e-12       0.000000000000e+00       1.094928186700e-15       3.244331044110e-16       2.701023775403e-17 
 1523       8.402500481564e-11       1.939932242005e-12       1.631444236496e-12       0.000000000000e+00       1.092067796131e-15       3.212628181131e-16       2.741396604703e-17 
 1524       8.352864473280e-11       1.958125414252e-12       1.654683472451e-12       0.000000000000e+00       1.089216563637e-15       3.180847447978e-16       2.781277238508e-17 
 1525       8.303221208428e-11       1.976411586135e-12       1.676271707498e-12       0.000000000000e+00       1.086374453661e-15       3.149007388824e-16       2.820663657489e-17 
 1526       8.253584241678e-11       1.994781707914e-12       1.696207453334e-12       0.000000000000e+00       1.083541430216e-15       3.117126645395e-16       2.859553840385e-17 
 1527       8.203967197343e-11       2.013226681413e-12       1.714489239988e-12       0.000000000000e+00       1.080717456884e-15       3.085223957133e-16       2.897945763999e-17 
 1528       8.154383769490e-11       2.031737359949e-12       1.731115615863e-12       0.000000000000e+00       1.077902496813e-15       3.053318161353e-16       2.935837403206e-17 
 1529       8.104847722056e-11       2.050304548243e-12       1.746085147783e-12       0.000000000000e+00       1.075096512721e-15       3.021428193404e-16       2.973226730952e-17 
 1530       8.055372888954e-11       2.068919002348e-12       1.759396421034e-12       0.000000000000e+00       1.072299466889e-15       2.989573086830e-16       3.010111718255e-17 
 1531       8.005973174193e-11       2.087571429562e-12       1.771048039411e-12       0.000000000000e+00       1.069511321167e-15       2.957771973529e-16       3.046490334208e-17 
 1532       7.956662551987e-11       2.106252488356e-12       1.781038625264e-12       0.000000000000e+00       1.066732036966e-15       2.926044083910e-16       3.082360545981e-17 
 1533       7.907455066870e-11       2.124952788289e-12       1.789366819537e-12       0.000000000000e+00       1.063961575262e-15       2.894408747057e-16       3.117720318823e-17 
 1534       7.858364833805e-11       2.143662889929e-12       1.796031281818e-12       0.000000000000e+00       1.061199896594e-15       2.862885390886e-16       3.152567616061e-17 
 1535       7.809406038301e-11       2.162373304775e-12       1.801030690380e-12       0.000000000000e+00       1.058446961062e-15       2.831493542305e-16       3.186900399108e-17 
 1536       7.760592936524e-11       2.181074495175e-12       1.804363742228e-12       0.000000000000e+00       1.055702728328e-15       2.800252827374e-16       3.220716627457e-17 
 1537       7.711939855408e-11       2.199756874249e-12       1.806029153139e-12       0.000000000000e+00       1.052967157613e-15       2.769182971465e-16       3.254014258690e-17 
 1538       7.663461192773e-11       2.218410805808e-12       1.806025657712e-12       0.000000000000e+00       1.050240207698e-15       2.738303799421e-16       3.286791248474e-17 
 1539       7.615171417431e-11       2.237026604273e-12       1.804352009410e-12       0.000000000000e+00       1.047521836921e-15       2.707635235718e-16       3.319045550568e-17 
 1540       7.567085069305e-11       2.255594534597e-12       1.801006980602e-12       0.000000000000e+00       1.044812003180e-15       2.677197304620e-16       3.350775116820e-17 
 1541       7.519215602454e-11       2.274105380500e-12       1.795992695843e-12       0.000000000000e+00       1.042110667363e-15       2.647007047569e-16       3.381978274057e-17 
 1542       7.471571901924e-11       2.292552155239e-12       1.789324666213e-12       0.000000000000e+00       1.039417803693e-15       2.617069243003e-16       3.412654858643e-17 
 1543       7.424161734059e-11       2.310928406918e-12       1.781021850312e-12       0.000000000000e+00       1.036733389481e-15       2.587385598763e-16       3.442805092696e-17 
 1544       7.376992900643e-11       2.329227651597e-12       1.771103329891e-12       0.000000000000e+00       1.034057401701e-15       2.557957826881e-16       3.472429208195e-17 
 1545       7.330073238945e-11       2.347443373240e-12       1.759588310056e-12       0.000000000000e+00       1.031389816985e-15       2.528787643575e-16       3.501527447007e-17 
 1546       7.283410621782e-11       2.365569023663e-12       1.746496119490e-12       0.000000000000e+00       1.028730611628e-15       2.499876769262e-16       3.530100060904e-17 
 1547       7.237012957571e-11       2.383598022484e-12       1.731846210659e-12       0.000000000000e+00       1.026079761581e-15       2.471226928559e-16       3.558147311587e-17 
 1548       7.190888190380e-11       2.401523757072e-12       1.715658160028e-12       0.000000000000e+00       1.023437242455e-15       2.442839850284e-16       3.585669470703e-17 
 1549       7.145044299985e-11       2.419339582498e-12       1.697951668271e-12       0.000000000000e+00       1.020803029520e-15       2.414717267466e-16       3.612666819869e-17 
 1550       7.099489301928e-11       2.437038821478e-12       1.678746560488e-12       0.000000000000e+00       1.018177097700e-15       2.386860917343e-16       3.639139650692e-17 
 1551       7.054231247562e-11       2.454614764330e-12       1.658062786416e-12       0.000000000000e+00       1.015559421578e-15       2.359272541370e-16       3.665088264789e-17 
 1552       7.009278224115e-11       2.472060668914e-12       1.635920420638e-12       0.000000000000e+00       1.012949975392e-15       2.331953885222e-16       3.690512973810e-17 
 1553       6.964638354740e-11       2.489369760592e-12       1.612339662802e-12       0.000000000000e+00       1.010348733034e-15       2.304906698796e-16       3.715414099456e-17 
 1554       6.920319798568e-11       2.506535232164e-12       1.587340837828e-12       0.000000000000e+00       1.007755668052e-15       2.278132736220e-16       3.739791973502e-17 
 1555       6.876330750765e-11       2.523550243830e-12       1.560944396127e-12       0.000000000000e+00       1.005170753645e-15       2.251633755850e-16       3.763646937816e-17 
 1556       6.832679442586e-11       2.540407923129e-12       1.533170913806e-12       0.000000000000e+00       1.002593962669e-15       2.225411520281e-16       3.786979344384e-17 
 1557       6.789374141427e-11       2.557101364892e-12       1.504041092888e-12       0.000000000000e+00       1.000025267627e-15       2.199467796346e-16       3.809789555326e-17 
 1558       6.746423150884e-11       2.573623631192e-12       1.473575761521e-12       0.000000000000e+00       9.974646406777e-16       2.173804355123e-16       3.832077942917e-17 
 1559       6.703834810801e-11       2.589967751292e-12       1.441795874191e-12       0.000000000000e+00       9.949120536288e-16       2.148422971937e-16       3.853844889613e-17 
 1560       6.661617497332e-11       2.606126721591e-12       1.408722511936e-12       0.000000000000e+00       9.923674779384e-16       2.123325426366e-16       3.875090788066e-17 
 1561       6.619779622987e-11       2.622093505580e-12       1.374376882556e-12       0.000000000000e+00       9.898308847140e-16       2.098513502243e-16       3.895816041150e-17 
 1562       6.578329636693e-11       2.637861033783e-12       1.338780320832e-12       0.000000000000e+00       9.873022447117e-16       2.073988987661e-16       3.916021061975e-17 
 1563       6.537276023846e-11       2.653422203711e-12       1.301954288729e-12       0.000000000000e+00       9.847815283358e-16       2.049753674978e-16       3.935706273917e-17 
 1564       6.496627306364e-11       2.668769879809e-12       1.263920375619e-12       0.000000000000e+00       9.822687056377e-16       2.025809360819e-16       3.954872110631e-17 
 1565       6.456392042745e-11       2.683896893407e-12       1.224700298486e-12       0.000000000000e+00       9.797637463158e-16       2.002157846082e-16       3.973519016075e-17 
 1566       6.416578828116e-11       2.698796042667e-12       1.184315902143e-12       0.000000000000e+00       9.772666197139e-16       1.978800935939e-16       3.991647444532e-17 
 1567       6.377196294294e-11       2.713460092532e-12       1.142789159444e-12       0.000000000000e+00       9.747772948214e-16       1.955740439846e-16       4.009257860628e-17 
 1568       6.338253109833e-11       2.727881774675e-12       1.100142171496e-12       0.000000000000e+00       9.722957402721e-16       1.932978171539e-16       4.026350739355e-17 
 1569       6.299757980085e-11       2.742053787451e-12       1.056397167871e-12       0.000000000000e+00       9.698219243438e-16       1.910515949045e-16       4.042926566093e-17 
 1570       6.261719647250e-11       2.755968795841e-12       1.011576506820e-12       0.000000000000e+00       9.673558149571e-16       1.888355594682e-16       4.058985836626e-17 
 1571       6.224146890432e-11       2.769619431405e-12       9.657026754883e-13       0.000000000000e+00       9.648973796754e-16       1.866498935063e-16       4.074529057169e-17 
 1572       6.187048525694e-11       2.782998292229e-12       9.187982901217e-13       0.000000000000e+00       9.624465857036e-16       1.844947801104e-16       4.089556744384e-17 
 1573       6.150433406111e-11       2.796097942874e-12       8.708860962854e-13       0.000000000000e+00       9.600033998877e-16       1.823704028023e-16       4.104069425403e-17 
 1574       6.114310421826e-11       2.808910914327e-12       8.219889690737e-13       0.000000000000e+00       9.575677887141e-16       1.802769455348e-16       4.118067637850e-17 
 1575       6.078688500101e-11       2.821429703946e-12       7.721299133238e-13       0.000000000000e+00       9.551397183088e-16       1.782145926918e-16       4.131551929858e-17 
 1576       6.043576605375e-11       2.833646775414e-12       7.213320638281e-13       0.000000000000e+00       9.527191544369e-16       1.761835290888e-16       4.144522860095e-17 
 1577       6.008983739318e-11       2.845554558684e-12       6.696186855472e-13       0.000000000000e+00       9.503060625016e-16       1.741839399734e-16       4.156980997780e-17 
 1578       5.974918940884e-11       2.857145449929e-12       6.170131738225e-13       0.000000000000e+00       9.479004075437e-16       1.722160110257e-16       4.168926922708e-17 
 1579       5.941391286364e-11       2.868411811493e-12       5.635390545891e-13       0.000000000000e+00       9.455021542409e-16       1.702799283586e-16       4.180361225267e-17 
 1580       5.908408383447e-11       2.879347009620e-12       5.092204087126e-13       0.000000000000e+00       9.431112697263e-16       1.683756299982e-16       4.191284810736e-17 
 1581       5.875971838031e-11       2.889948538263e-12       4.540831488692e-13       0.000000000000e+00       9.407277320743e-16       1.665020578071e-16       4.201699815202e-17 
 1582       5.844081745545e-11       2.900214924096e-12       3.981537549114e-13       0.000000000000e+00       9.383515218917e-16       1.646578986360e-16       4.211608698162e-17 
 1583       5.812738193123e-11       2.910144691358e-12       3.414588510498e-13       0.000000000000e+00       9.359826195056e-16       1.628418322032e-16       4.221013939057e-17 
 1584       5.781941259585e-11       2.919736361848e-12       2.840252060859e-13       0.000000000000e+00       9.336210049621e-16       1.610525310833e-16       4.229918037305e-17 
 1585       5.751691015416e-11       2.928988454925e-12       2.258797336455e-13       0.000000000000e+00       9.312666580263e-16       1.592886606955e-16       4.238323512338e-17 
 1586       5.721987522750e-11       2.937899487508e-12       1.670494924119e-13       0.000000000000e+00       9.289195581814e-16       1.575488792922e-16       4.246232903637e-17 
 1587       5.692830835355e-11       2.946467974074e-12       1.075616863587e-13       0.000000000000e+00       9.265796846283e-16       1.558318379474e-16       4.253648770768e-17 
 1588       5.664220998610e-11       2.954692426656e-12       4.744366498327e-14       0.000000000000e+00       9.242470162853e-16       1.541361805452e-16       4.260573693416e-17 
 1589       5.636158049488e-11       2.962571354844e-12      -1.327707646022e-14       0.000000000000e+00       9.219215317868e-16       1.524605437681e-16       4.267010271422e-17 
 1590       5.608642016544e-11       2.970103265782e-12      -7.457289672780e-14       0.000000000000e+00       9.196032094835e-16       1.508035570859e-16       4.272961124818e-17 
 1591       5.581672919886e-11       2.977286664167e-12      -1.364160083524e-13       0.000000000000e+00       9.172920274414e-16       1.491638427436e-16       4.278428893864e-17 
 1592       5.555250771169e-11       2.984120052248e-12      -1.987784774109e-13       0.000000000000e+00       9.149879634415e-16       1.475400157502e-16       4.283416239078e-17 
 1593       5.529375573566e-11       2.990601929826e-12      -2.616322232906e-13       0.000000000000e+00       9.126909949790e-16       1.459306838671e-16       4.287925841280e-17 
 1594       5.504047321761e-11       2.996730794252e-12      -3.249490184567e-13       0.000000000000e+00       9.104010992628e-16       1.443344475967e-16       4.291960401619e-17 
 1595       5.479266001920e-11       3.002505140425e-12      -3.887004882187e-13       0.000000000000e+00       9.081182532151e-16       1.427499001705e-16       4.295522641615e-17 
 1596       5.455031591682e-11       3.007923460791e-12      -4.528581104974e-13       0.000000000000e+00       9.058424334708e-16       1.411756275379e-16       4.298615303191e-17 
 1597       5.431344060135e-11       3.012984245343e-12      -5.173932155917e-13       0.000000000000e+00       9.035736163767e-16       1.396102083545e-16       4.301241148709e-17 
 1598       5.408203367802e-11       3.017685981620e-12      -5.822769859457e-13       0.000000000000e+00       9.013117779910e-16       1.380522139707e-16       4.303402961007e-17 
 1599       5.385609466621e-11       3.022027154705e-12      -6.474804559153e-13       0.000000000000e+00       8.990568940832e-16       1.365002084201e-16       4.305103543432e-17 
 1600       5.363562299926e-11       3.026006247222e-12      -7.129745115352e-13       0.000000000000e+00       8.968089401330e-16       1.349527484077e-16       4.306345719877e-17 
 1601       5.342061802433e-11       3.029621739339e-12      -7.787298902857e-13       0.000000000000e+00       8.945678913298e-16       1.334083832988e-16       4.307132334816e-17 
 1602       5.321107900217e-11       3.032872108764e-12      -8.447171808598e-13       0.000000000000e+00       8.923337225723e-16       1.318656551074e-16       4.307466253342e-17 
 1603       5.300700510697e-11       3.035755830743e-12      -9.109068229297e-13       0.000000000000e+00       8.901064084682e-16       1.303230984843e-16       4.307350361198e-17 
 1604       5.280839542620e-11       3.038271378062e-12      -9.772691069139e-13       0.000000000000e+00       8.878859233330e-16       1.287792407058e-16       4.306787564814e-17 
 1605       5.261524896036e-11       3.040417221043e-12      -1.043774173744e-12       0.000000000000e+00       8.856722411898e-16       1.272326016622e-16       4.305780791346e-17 
 1606       5.242756462288e-11       3.042191827544e-12      -1.110392014631e-12       0.000000000000e+00       8.834653357688e-16       1.256816938464e-16       4.304332988706e-17 
 1607       5.224534123989e-11       3.043593662960e-12      -1.177092470835e-12       0.000000000000e+00       8.812651805069e-16       1.241250223420e-16       4.302447125603e-17 
 1608       5.206857755006e-11       3.044621190216e-12      -1.243845233426e-12       0.000000000000e+00       8.790717485463e-16       1.225610848120e-16       4.300126191572e-17 
 1609       5.189727220442e-11       3.045272869771e-12      -1.310619843059e-12       0.000000000000e+00       8.768850127352e-16       1.209883714871e-16       4.297373197016e-17 
 1610       5.173142376616e-11       3.045547159617e-12      -1.377385689733e-12       0.000000000000e+00       8.747049456260e-16       1.194053651545e-16       4.294191173238e-17 
 1611       5.157103071049e-11       3.045442515273e-12      -1.444112012562e-12       0.000000000000e+00       8.725315194757e-16       1.178105411460e-16       4.290583172477e-17 
 1612       5.141609142440e-11       3.044957389789e-12      -1.510767899542e-12       0.000000000000e+00       8.703647062448e-16       1.162023673267e-16       4.286552267943e-17 
 1613       5.126660420656e-11       3.044090233743e-12      -1.577322287318e-12       0.000000000000e+00       8.682044775969e-16       1.145793040832e-16       4.282101553853e-17 
 1614       5.112256726706e-11       3.042839495238e-12      -1.643743960948e-12       0.000000000000e+00       8.660508048981e-16       1.129398043124e-16       4.277234145468e-17 
 1615       5.098397872729e-11       3.041203619904e-12      -1.710001553672e-12       0.000000000000e+00       8.639036592165e-16       1.112823134097e-16       4.271953179125e-17 
 1616       5.085083661971e-11       3.039181050893e-12      -1.776063546679e-12       0.000000000000e+00       8.617630113217e-16       1.096052692576e-16       4.266261812276e-17 
 1617       5.072313888773e-11       3.036770228884e-12      -1.841898268875e-12       0.000000000000e+00       8.596288316839e-16       1.079071022142e-16       4.260163223522e-17 
 1618       5.060088338548e-11       3.033969592075e-12      -1.907473896647e-12       0.000000000000e+00       8.575010904737e-16       1.061862351015e-16       4.253660612647e-17 
 1619       5.048405791497e-11       3.030778440571e-12      -1.972760727511e-12       0.000000000000e+00       8.553797598867e-16       1.044416443395e-16       4.246757166441e-17 
 1620       5.037261023944e-11       3.027199538090e-12      -2.037738023998e-12       0.000000000000e+00       8.532648211408e-16       1.026745489170e-16       4.239455955746e-17 
 1621       5.026647779868e-11       3.023236533762e-12      -2.102387231145e-12       0.000000000000e+00       8.511562575409e-16       1.008867366597e-16       4.231760037548e-17 
 1622       5.016559764651e-11       3.018893099917e-12      -2.166689708103e-12       0.000000000000e+00       8.490540521590e-16       9.908000448400e-17       4.223672489144e-17 
 1623       5.006990645011e-11       3.014172932125e-12      -2.230626728004e-12       0.000000000000e+00       8.469581878337e-16       9.725615841086e-17       4.215196408175e-17 
 1624       4.997934048938e-11       3.009079749231e-12      -2.294179477832e-12       0.000000000000e+00       8.448686471700e-16       9.541701358021e-17       4.206334912657e-17 
 1625       4.989383565635e-11       3.003617293397e-12      -2.357329058298e-12       0.000000000000e+00       8.427854125385e-16       9.356439426495e-17       4.197091141020e-17 
 1626       4.981332745448e-11       2.997789330137e-12      -2.420056483705e-12       0.000000000000e+00       8.407084660752e-16       9.170013388515e-17       4.187468252140e-17 
 1627       4.973775099809e-11       2.991599648357e-12      -2.482342681824e-12       0.000000000000e+00       8.386377896808e-16       8.982607502215e-17       4.177469425369e-17 
 1628       4.966704101167e-11       2.985052060393e-12      -2.544168493762e-12       0.000000000000e+00       8.365733650206e-16       8.794406943270e-17       4.167097860576e-17 
 1629       4.960113182927e-11       2.978150402052e-12      -2.605514673834e-12       0.000000000000e+00       8.345151735237e-16       8.605597806311e-17       4.156356778175e-17 
 1630       4.953995739388e-11       2.970898532644e-12      -2.666361889432e-12       0.000000000000e+00       8.324631963827e-16       8.416367106341e-17       4.145249419161e-17 
 1631       4.948345125676e-11       2.963300335029e-12      -2.726690720901e-12       0.000000000000e+00       8.304174145533e-16       8.226902780142e-17       4.133779045145e-17 
 1632       4.943154657681e-11       2.955359715647e-12      -2.786481661404e-12       0.000000000000e+00       8.283778087536e-16       8.037393687697e-17       4.121948938387e-17 
 1633       4.938417611997e-11       2.947080604562e-12      -2.845715116794e-12       0.000000000000e+00       8.263443594640e-16       7.848029613598e-17       4.109762401829e-17 
 1634       4.934127225855e-11       2.938466955498e-12      -2.904371405490e-12       0.000000000000e+00       8.243170469266e-16       7.659001268461e-17       4.097222759130e-17 
 1635       4.930276697058e-11       2.929522745880e-12      -2.962430758341e-12       0.000000000000e+00       8.222958511445e-16       7.470500290342e-17       4.084333354701e-17 
 1636       4.926859183923e-11       2.920251976866e-12      -3.019873318502e-12       0.000000000000e+00       8.202807518817e-16       7.282719246148e-17       4.071097553735e-17 
 1637       4.923867805213e-11       2.910658673394e-12      -3.076679141301e-12       0.000000000000e+00       8.182717286625e-16       7.095851633053e-17       4.057518742246e-17 
 1638       4.921295640075e-11       2.900746884214e-12      -3.132828194115e-12       0.000000000000e+00       8.162687607711e-16       6.910091879910e-17       4.043600327099e-17 
 1639       4.919135727973e-11       2.890520681929e-12      -3.188300356233e-12       0.000000000000e+00       8.142718272508e-16       6.725635348667e-17       4.029345736045e-17 
 1640       4.917381068633e-11       2.879984163033e-12      -3.243075418737e-12       0.000000000000e+00       8.122809069042e-16       6.542678335776e-17       4.014758417758e-17 
 1641       4.916024621969e-11       2.869141447949e-12      -3.297133084364e-12       0.000000000000e+00       8.102959782923e-16       6.361418073614e-17       3.999841841863e-17 
 1642       4.915059308026e-11       2.857996681067e-12      -3.350452967382e-12       0.000000000000e+00       8.083170197339e-16       6.182052731891e-17       3.984599498975e-17 
 1643       4.914478006917e-11       2.846554030785e-12      -3.403014593458e-12       0.000000000000e+00       8.063440093055e-16       6.004781419065e-17       3.969034900729e-17 
 1644       4.914273558753e-11       2.834817689544e-12      -3.454797399532e-12       0.000000000000e+00       8.043769248410e-16       5.829804183758e-17       3.953151579818e-17 
 1645       4.914438763587e-11       2.822791873867e-12      -3.505780733686e-12       0.000000000000e+00       8.024157439305e-16       5.657322016168e-17       3.936953090025e-17 
 1646       4.914966381347e-11       2.810480824401e-12      -3.555943855013e-12       0.000000000000e+00       8.004604439206e-16       5.487536849482e-17       3.920443006255e-17 
 1647       4.915849131770e-11       2.797888805949e-12      -3.605265933492e-12       0.000000000000e+00       7.985110019136e-16       5.320651561292e-17       3.903624924571e-17 
 1648       4.917079694343e-11       2.785020107516e-12      -3.653726049857e-12       0.000000000000e+00       7.965673947671e-16       5.156869975007e-17       3.886502462230e-17 
 1649       4.918650708236e-11       2.771879042339e-12      -3.701303195467e-12       0.000000000000e+00       7.946295990934e-16       4.996396861267e-17       3.869079257711e-17 
 1650       4.920554772242e-11       2.758469947932e-12      -3.747976272178e-12       0.000000000000e+00       7.926975912594e-16       4.839437939358e-17       3.851358970755e-17 
 1651       4.922784444710e-11       2.744797186124e-12      -3.793724092214e-12       0.000000000000e+00       7.907713473858e-16       4.686199878625e-17       3.833345282394e-17 
 1652       4.925332243481e-11       2.730865143091e-12      -3.838525378036e-12       0.000000000000e+00       7.888508433469e-16       4.536890299884e-17       3.815041894991e-17 
 1653       4.928190645830e-11       2.716678229404e-12      -3.882358762217e-12       0.000000000000e+00       7.869360547699e-16       4.391717776840e-17       3.796452532266e-17 
 1654       4.931352088394e-11       2.702240880057e-12      -3.925202787308e-12       0.000000000000e+00       7.850269570347e-16       4.250891837497e-17       3.777580939337e-17 
 1655       4.934808967117e-11       2.687557554516e-12      -3.967035905713e-12       0.000000000000e+00       7.831235252731e-16       4.114622965573e-17       3.758430882750e-17 
 1656       4.938553637180e-11       2.672632736747e-12      -4.007836479556e-12       0.000000000000e+00       7.812257343689e-16       3.983122601914e-17       3.739006150514e-17 
 1657       4.942578412941e-11       2.657470935263e-12      -4.047582780556e-12       0.000000000000e+00       7.793335589567e-16       3.856603145908e-17       3.719310552134e-17 
 1658       4.946875522629e-11       2.642076938369e-12      -4.086256323025e-12       0.000000000000e+00       7.774469753551e-16       3.735224677303e-17       3.699347823604e-17 
 1659       4.951436972119e-11       2.626456582301e-12      -4.123851895296e-12       0.000000000000e+00       7.755659673825e-16       3.618934604673e-17       3.679121341396e-17 
 1660       4.956254679832e-11       2.610615989942e-12      -4.160367616553e-12       0.000000000000e+00       7.736905205915e-16       3.507626604804e-17       3.658634406011e-17 
 1661       4.961320521797e-11       2.594561316275e-12      -4.195801611762e-12       0.000000000000e+00       7.718206203401e-16       3.401193772947e-17       3.637890336828e-17 
 1662       4.966626331584e-11       2.578298748437e-12      -4.230152011676e-12       0.000000000000e+00       7.699562517915e-16       3.299528621915e-17       3.616892472128e-17 
 1663       4.972163900244e-11       2.561834505762e-12      -4.263416952862e-12       0.000000000000e+00       7.680973999135e-16       3.202523081167e-17       3.595644169131e-17 
 1664       4.977924976239e-11       2.545174839835e-12      -4.295594577707e-12       0.000000000000e+00       7.662440494782e-16       3.110068495901e-17       3.574148804016e-17 
 1665       4.983901265378e-11       2.528326034540e-12      -4.326683034444e-12       0.000000000000e+00       7.643961850619e-16       3.022055626140e-17       3.552409771961e-17 
 1666       4.990084430753e-11       2.511294406110e-12      -4.356680477161e-12       0.000000000000e+00       7.625537910442e-16       2.938374645827e-17       3.530430487166e-17 
 1667       4.996466092669e-11       2.494086303174e-12      -4.385585065821e-12       0.000000000000e+00       7.607168516083e-16       2.858915141906e-17       3.508214382884e-17 
 1668       5.003037828584e-11       2.476708106813e-12      -4.413394966277e-12       0.000000000000e+00       7.588853507400e-16       2.783566113419e-17       3.485764911454e-17 
 1669       5.009791173039e-11       2.459166230600e-12      -4.440108350288e-12       0.000000000000e+00       7.570592722278e-16       2.712215970592e-17       3.463085544325e-17 
 1670       5.016717617595e-11       2.441467120660e-12      -4.465723395539e-12       0.000000000000e+00       7.552385996620e-16       2.644752533924e-17       3.440179772092e-17 
 1671       5.023808610766e-11       2.423617255709e-12      -4.490238285650e-12       0.000000000000e+00       7.534233164350e-16       2.581063033279e-17       3.417051104521e-17 
 1672       5.031055557955e-11       2.405623147114e-12      -4.513651210200e-12       0.000000000000e+00       7.516134057405e-16       2.521034106972e-17       3.393703070582e-17 
 1673       5.038449821388e-11       2.387491338933e-12      -4.535960364740e-12       0.000000000000e+00       7.498088505730e-16       2.464551800860e-17       3.370139218478e-17 
 1674       5.045982720046e-11       2.369228407972e-12      -4.557163950806e-12       0.000000000000e+00       7.480096337281e-16       2.411501567432e-17       3.346363115671e-17 
 1675       5.053645529604e-11       2.350840963829e-12      -4.577260175943e-12       0.000000000000e+00       7.462157378012e-16       2.361768264898e-17       3.322378348918e-17 
 1676       5.061429482360e-11       2.332335648947e-12      -4.596247253713e-12       0.000000000000e+00       7.444271451878e-16       2.315236156276e-17       3.298188524296e-17 
 1677       5.069325767176e-11       2.313719138662e-12      -4.614123403718e-12       0.000000000000e+00       7.426438380831e-16       2.271788908487e-17       3.273797267235e-17 
 1678       5.077325529407e-11       2.294998141253e-12      -4.630886851612e-12       0.000000000000e+00       7.408657984812e-16       2.231309591437e-17       3.249208222545e-17 
 1679       5.085419870837e-11       2.276179397991e-12      -4.646535829120e-12       0.000000000000e+00       7.390930081751e-16       2.193680677114e-17       3.224425054447e-17 
 1680       5.093599849614e-11       2.257269683191e-12      -4.661068574053e-12       0.000000000000e+00       7.373254487563e-16       2.158784038671e-17       3.199451446604e-17 
 1681       5.101856480185e-11       2.238275804256e-12      -4.674483330323e-12       0.000000000000e+00       7.355631016143e-16       2.126500949518e-17       3.174291102149e-17 
 1682       5.110180733229e-11       2.219204601733e-12      -4.686778347962e-12       0.000000000000e+00       7.338059479361e-16       2.096712082414e-17       3.148947743715e-17 
 1683       5.118563535594e-11       2.200062949359e-12      -4.697951883138e-12       0.000000000000e+00       7.320539687064e-16       2.069297508550e-17       3.123425113464e-17 
 1684       5.126995770227e-11       2.180857754108e-12      -4.708002198170e-12       0.000000000000e+00       7.303071447066e-16       2.044136696646e-17       3.097726973121e-17 
 1685       5.135468276112e-11       2.161595956247e-12      -4.716927561543e-12       0.000000000000e+00       7.285654565145e-16       2.021108512034e-17       3.071857103998e-17 
 1686       5.143971848205e-11       2.142284529382e-12      -4.724726247929e-12       0.000000000000e+00       7.268288845046e-16       2.000091215751e-17       3.045819307027e-17 
 1687       5.152497237365e-11       2.122930480505e-12      -4.731396538198e-12       0.000000000000e+00       7.250974088467e-16       1.980962463626e-17       3.019617402789e-17 
 1688       5.161035150292e-11       2.103540850047e-12      -4.736936719438e-12       0.000000000000e+00       7.233710095064e-16       1.963599305372e-17       2.993255231546e-17 
 1689       5.169576249460e-11       2.084122711929e-12      -4.741345084969e-12       0.000000000000e+00       7.216496662443e-16       1.947878183673e-17       2.966736653265e-17 
 1690       5.178111153050e-11       2.064683173606e-12      -4.744619934363e-12       0.000000000000e+00       7.199333586156e-16       1.933674933277e-17       2.940065547656e-17 
 1691       5.186630434887e-11       2.045229376121e-12      -4.746759573454e-12       0.000000000000e+00       7.182220659701e-16       1.920864780079e-17       2.913245814192e-17 
 1692       5.195124624373e-11       2.025768494154e-12      -4.747762314360e-12       0.000000000000e+00       7.165157674515e-16       1.909322340218e-17       2.886281372150e-17 
 1693       5.203584206422e-11       2.006307736068e-12      -4.747626475499e-12       0.000000000000e+00       7.148144419969e-16       1.898921619158e-17       2.859176160629e-17 
 1694       5.211999621395e-11       1.986854343964e-12      -4.746350381599e-12       0.000000000000e+00       7.131180683368e-16       1.889536010788e-17       2.831934138590e-17 
 1695       5.220361265032e-11       1.967415593727e-12      -4.743932363724e-12       0.000000000000e+00       7.114266249946e-16       1.881038296499e-17       2.804559284879e-17 
 1696       5.228659488390e-11       1.947998795075e-12      -4.740370759282e-12       0.000000000000e+00       7.097400902863e-16       1.873300644285e-17       2.777055598259e-17 
 1697       5.236885351664e-11       1.928610890637e-12      -4.735666354969e-12       0.000000000000e+00       7.080584439346e-16       1.866214396957e-17       2.749426936297e-17 
 1698       5.245032892905e-11       1.909257249297e-12      -4.729829738584e-12       0.000000000000e+00       7.063816719293e-16       1.859749625221e-17       2.721676530431e-17 
 1699       5.253096878735e-11       1.889942862545e-12      -4.722874010635e-12       0.000000000000e+00       7.047097617083e-16       1.853896086247e-17       2.693807466779e-17 
 1700       5.261072052195e-11       1.870672744538e-12      -4.714812347279e-12       0.000000000000e+00       7.030427005464e-16       1.848643481054e-17       2.665822846930e-17 
 1701       5.268953132713e-11       1.851451932132e-12      -4.705658000448e-12       0.000000000000e+00       7.013804755546e-16       1.843981454424e-17       2.637725787963e-17 
 1702       5.276734816072e-11       1.832285484918e-12      -4.695424297962e-12       0.000000000000e+00       6.997230736804e-16       1.839899594813e-17       2.609519422472e-17 
 1703       5.284411774370e-11       1.813178485250e-12      -4.684124643649e-12       0.000000000000e+00       6.980704817069e-16       1.836387434269e-17       2.581206898589e-17 
 1704       5.291978655991e-11       1.794136038283e-12      -4.671772517463e-12       0.000000000000e+00       6.964226862532e-16       1.833434448340e-17       2.552791380008e-17 
 1705       5.299430085571e-11       1.775163272002e-12      -4.658381475601e-12       0.000000000000e+00       6.947796737732e-16       1.831030055992e-17       2.524276046006e-17 
 1706       5.306760663960e-11       1.756265337257e-12      -4.643965150625e-12       0.000000000000e+00       6.931414305560e-16       1.829163619521e-17       2.495664091466e-17 
 1707       5.313964968189e-11       1.737447407795e-12      -4.628537251572e-12       0.000000000000e+00       6.915079427254e-16       1.827824444466e-17       2.466958726905e-17 
 1708       5.321037551439e-11       1.718714680292e-12      -4.612111564081e-12       0.000000000000e+00       6.898791962396e-16       1.827001779521e-17       2.438163178489e-17 
 1709       5.327972943004e-11       1.700072374387e-12      -4.594701950505e-12       0.000000000000e+00       6.882551768906e-16       1.826684816452e-17       2.409280688062e-17 
 1710       5.334765648257e-11       1.681525732715e-12      -4.576322350033e-12       0.000000000000e+00       6.866358703044e-16       1.826862690009e-17       2.380314513169e-17 
 1711       5.341410148616e-11       1.663080020940e-12      -4.556986778803e-12       0.000000000000e+00       6.850212619404e-16       1.827524477839e-17       2.351267927074e-17 
 1712       5.347900901512e-11       1.644740527785e-12      -4.536709330026e-12       0.000000000000e+00       6.834113370911e-16       1.828659200400e-17       2.322144218790e-17 
 1713       5.354232340351e-11       1.626512565068e-12      -4.515504174100e-12       0.000000000000e+00       6.818060808820e-16       1.830255820872e-17       2.292946693096e-17 
 1714       5.360398874483e-11       1.608401467735e-12      -4.493385558730e-12       0.000000000000e+00       6.802054782710e-16       1.832303245076e-17       2.263678670563e-17 
 1715       5.366394889166e-11       1.590412593890e-12      -4.470367809044e-12       0.000000000000e+00       6.786095140482e-16       1.834790321382e-17       2.234343487578e-17 
 1716       5.372214745534e-11       1.572551324830e-12      -4.446465327715e-12       0.000000000000e+00       6.770181728358e-16       1.837705840627e-17       2.204944496365e-17 
 1717       5.377852780561e-11       1.554823065078e-12      -4.421692595074e-12       0.000000000000e+00       6.754314390876e-16       1.841038536023e-17       2.175485065007e-17 
 1718       5.383303307025e-11       1.537233242412e-12      -4.396064169232e-12       0.000000000000e+00       6.738492970886e-16       1.844777083077e-17       2.145968577475e-17 
 1719       5.388560613481e-11       1.519787307905e-12      -4.369594686194e-12       0.000000000000e+00       6.722717309550e-16       1.848910099499e-17       2.116398433641e-17 
 1720       5.393618964217e-11       1.502490735951e-12      -4.342298859984e-12       0.000000000000e+00       6.706987246336e-16       1.853426145119e-17       2.086778049313e-17 
 1721       5.398472599228e-11       1.485349024302e-12      -4.314191482755e-12       0.000000000000e+00       6.691302619018e-16       1.858313721799e-17       2.057110856248e-17 
 1722       5.403115734178e-11       1.468367694098e-12      -4.285287424912e-12       0.000000000000e+00       6.675663263668e-16       1.863561273346e-17       2.027400302181e-17 
 1723       5.407542560367e-11       1.451552289903e-12      -4.255601635228e-12       0.000000000000e+00       6.660069014660e-16       1.869157185427e-17       1.997649850845e-17 
 1724       5.411747244695e-11       1.434908379733e-12      -4.225149140966e-12       0.000000000000e+00       6.644519704661e-16       1.875089785482e-17       1.967862981995e-17 
 1725       5.415723929631e-11       1.418441555095e-12      -4.193945047989e-12       0.000000000000e+00       6.629015164630e-16       1.881347342637e-17       1.938043191433e-17 
 1726       5.419466733177e-11       1.402157431014e-12      -4.162004540886e-12       0.000000000000e+00       6.613555223816e-16       1.887918067616e-17       1.908193991028e-17 
 1727       5.422969748832e-11       1.386061646071e-12      -4.129342883087e-12       0.000000000000e+00       6.598139709753e-16       1.894790112659e-17       1.878318908740e-17 
 1728       5.426227045563e-11       1.370159862432e-12      -4.095975416980e-12       0.000000000000e+00       6.582768448259e-16       1.901951571431e-17       1.848421488643e-17 
 1729       5.429232667766e-11       1.354457765880e-12      -4.061917564031e-12       0.000000000000e+00       6.567441263432e-16       1.909390478938e-17       1.818505290952e-17 
 1730       5.431980635234e-11       1.338961065854e-12      -4.027184824900e-12       0.000000000000e+00       6.552157977647e-16       1.917094811439e-17       1.788573892038e-17 
 1731       5.434464943122e-11       1.323675495475e-12      -3.991792779561e-12       0.000000000000e+00       6.536918411551e-16       1.925052486360e-17       1.758630884458e-17 
 1732       5.436679561913e-11       1.308606811582e-12      -3.955757087420e-12       0.000000000000e+00       6.521722384065e-16       1.933251362210e-17       1.728679876975e-17 
 1733       5.438618437386e-11       1.293760794765e-12      -3.919093487430e-12       0.000000000000e+00       6.506569712376e-16       1.941679238490e-17       1.698724494582e-17 
 1734       5.440275490578e-11       1.279143249396e-12      -3.881817798214e-12       0.000000000000e+00       6.491460211936e-16       1.950323855608e-17       1.668768378525e-17 
 1735       5.441644617754e-11       1.264760003665e-12      -3.843945918179e-12       0.000000000000e+00       6.476393696459e-16       1.959172894795e-17       1.638815186326e-17 
 1736       5.442720698685e-11       1.250616148979e-12      -3.805494214619e-12       0.000000000000e+00       6.461369991544e-16       1.968218497249e-17       1.608868354764e-17 
 1737       5.443502630859e-11       1.236713751106e-12      -3.766480694372e-12       0.000000000000e+00       6.446388975675e-16       1.977470863399e-17       1.578930386599e-17 
 1738       5.443990320781e-11       1.223054119804e-12      -3.726923843263e-12       0.000000000000e+00       6.431450539559e-16       1.986944768092e-17       1.549003557881e-17 
 1739       5.444183677977e-11       1.209638567709e-12      -3.686842238154e-12       0.000000000000e+00       6.416554572533e-16       1.996655051857e-17       1.519090154463e-17 
 1740       5.444082615008e-11       1.196468410330e-12      -3.646254547074e-12       0.000000000000e+00       6.401700962556e-16       2.006616620999e-17       1.489192472012e-17 
 1741       5.443687047471e-11       1.183544966055e-12      -3.605179529353e-12       0.000000000000e+00       6.386889596211e-16       2.016844447694e-17       1.459312816021e-17 
 1742       5.442996894005e-11       1.170869556154e-12      -3.563636035758e-12       0.000000000000e+00       6.372120358700e-16       2.027353570079e-17       1.429453501827e-17 
 1743       5.442012076299e-11       1.158443504781e-12      -3.521643008623e-12       0.000000000000e+00       6.357393133842e-16       2.038159092348e-17       1.399616854622e-17 
 1744       5.440732519096e-11       1.146268138978e-12      -3.479219481986e-12       0.000000000000e+00       6.342707804071e-16       2.049276184844e-17       1.369805209465e-17 
 1745       5.439158150204e-11       1.134344788672e-12      -3.436384581719e-12       0.000000000000e+00       6.328064250434e-16       2.060720084154e-17       1.340020911299e-17 
 1746       5.437288900492e-11       1.122674786686e-12      -3.393157525664e-12       0.000000000000e+00       6.313462352586e-16       2.072506093199e-17       1.310266314964e-17 
 1747       5.435124703908e-11       1.111259468734e-12      -3.349557623766e-12       0.000000000000e+00       6.298901988791e-16       2.084649581331e-17       1.280543785209e-17 
 1748       5.432665497474e-11       1.100100173428e-12      -3.305604278208e-12       0.000000000000e+00       6.284383035918e-16       2.097165984423e-17       1.250855696705e-17 
 1749       5.429911221302e-11       1.089198242278e-12      -3.261316983539e-12       0.000000000000e+00       6.269905369436e-16       2.110070804968e-17       1.221204434061e-17 
 1750       5.426861818590e-11       1.078555019698e-12      -3.216715326816e-12       0.000000000000e+00       6.255468863417e-16       2.123379612164e-17       1.191592391838e-17 
 1751       5.423517235637e-11       1.068171853005e-12      -3.171818987730e-12       0.000000000000e+00       6.241073390527e-16       2.137108042014e-17       1.162021974560e-17 
 1752       5.419877421843e-11       1.058050092422e-12      -3.126647738742e-12       0.000000000000e+00       6.226718822029e-16       2.151271797417e-17       1.132495596728e-17 
 1753       5.415942329717e-11       1.048191091083e-12      -3.081221445221e-12       0.000000000000e+00       6.212405027779e-16       2.165886648261e-17       1.103015682837e-17 
 1754       5.411711914883e-11       1.038596205033e-12      -3.035560065570e-12       0.000000000000e+00       6.198131876220e-16       2.180968431518e-17       1.073584667384e-17 
 1755       5.407186136087e-11       1.029266793232e-12      -2.989683651363e-12       0.000000000000e+00       6.183899234385e-16       2.196533051334e-17       1.044204994888e-17 
 1756       5.402364955201e-11       1.020204217557e-12      -2.943612347481e-12       0.000000000000e+00       6.169706967890e-16       2.212596479128e-17       1.014879119898e-17 
 1757       5.397248337230e-11       1.011409842803e-12      -2.897366392242e-12       0.000000000000e+00       6.155554940936e-16       2.229174753677e-17       9.856095070103e-18 
 1758       5.391836250317e-11       1.002885036691e-12      -2.850966117536e-12       0.000000000000e+00       6.141443016302e-16       2.246283981220e-17       9.563986308804e-18 
 1759       5.386128665752e-11       9.946311698623e-13      -2.804431948958e-12       0.000000000000e+00       6.127371055343e-16       2.263940335540e-17       9.272489762373e-18 
 1760       5.380125557975e-11       9.866496158886e-13      -2.757784405941e-12       0.000000000000e+00       6.113338917993e-16       2.282160058066e-17       8.981630378966e-18 
 1761       5.373826904580e-11       9.789417512702e-13      -2.711044101891e-12       0.000000000000e+00       6.099346462754e-16       2.300959457963e-17       8.691433207748e-18 
 1762       5.367232686329e-11       9.715089554397e-13      -2.664231744322e-12       0.000000000000e+00       6.085393546701e-16       2.320354912224e-17       8.401923399024e-18 
 1763       5.360342887148e-11       9.643526107651e-13      -2.617368134983e-12       0.000000000000e+00       6.071480025475e-16       2.340362865768e-17       8.113126204376e-18 
 1764       5.353157494140e-11       9.574741025515e-13      -2.570474170000e-12       0.000000000000e+00       6.057605753284e-16       2.360999831527e-17       7.825066976801e-18 
 1765       5.345676497590e-11       9.508748190442e-13      -2.523570840003e-12       0.000000000000e+00       6.043770582894e-16       2.382282390544e-17       7.537771170846e-18 
 1766       5.337899890967e-11       9.445561514310e-13      -2.476679230263e-12       0.000000000000e+00       6.029974365637e-16       2.404227192064e-17       7.251264342747e-18 
 1767       5.329827670934e-11       9.385194938448e-13      -2.429820520824e-12       0.000000000000e+00       6.016216951398e-16       2.426850953631e-17       6.965572150559e-18 
 1768       5.321459837352e-11       9.327662433662e-13      -2.383015986638e-12       0.000000000000e+00       6.002498188618e-16       2.450170461175e-17       6.680720354300e-18 
 1769       5.312796393289e-11       9.272978000262e-13      -2.336286997696e-12       0.000000000000e+00       5.988817924292e-16       2.474202569111e-17       6.396734816081e-18 
 1770       5.303837345021e-11       9.221155668084e-13      -2.289655019164e-12       0.000000000000e+00       5.975176003964e-16       2.498964200431e-17       6.113641500245e-18 
 1771       5.294582702041e-11       9.172209496517e-13      -2.243141611517e-12       0.000000000000e+00       5.961572271725e-16       2.524472346794e-17       5.831466473505e-18 
 1772       5.285032477066e-11       9.126153574529e-13      -2.196768430670e-12       0.000000000000e+00       5.948006570211e-16       2.550744068624e-17       5.550235905075e-18 
 1773       5.275186686042e-11       9.083002020695e-13      -2.150557228110e-12       0.000000000000e+00       5.934478740603e-16       2.577796495201e-17       5.269976066812e-18 
 1774       5.265045348146e-11       9.042768983215e-13      -2.104529851038e-12       0.000000000000e+00       5.920988622619e-16       2.605646824754e-17       4.990713333348e-18 
 1775       5.254609161682e-11       9.005462054380e-13      -2.058706699572e-12       0.000000000000e+00       5.907536066310e-16       2.634307228112e-17       4.712472180338e-18 
 1776       5.243881537825e-11       8.971062454517e-13      -2.013102084220e-12       0.000000000000e+00       5.894120967548e-16       2.663769513518e-17       4.435269160864e-18 
 1777       5.232866583651e-11       8.939544684731e-13      -1.967728830406e-12       0.000000000000e+00       5.880743232821e-16       2.694020335580e-17       4.159118879644e-18 
 1778       5.221568427807e-11       8.910883097420e-13      -1.922599817989e-12       0.000000000000e+00       5.867402767469e-16       2.725046280137e-17       3.884035990474e-18 
 1779       5.209991220544e-11       8.885051896048e-13      -1.877727981341e-12       0.000000000000e+00       5.854099475680e-16       2.756833864161e-17       3.610035196290e-18 
 1780       5.198139133750e-11       8.862025134922e-13      -1.833126309418e-12       0.000000000000e+00       5.840833260485e-16       2.789369535653e-17       3.337131249229e-18 
 1781       5.186016360979e-11       8.841776718963e-13      -1.788807845835e-12       0.000000000000e+00       5.827604023762e-16       2.822639673544e-17       3.065338950686e-18 
 1782       5.173627117482e-11       8.824280403486e-13      -1.744785688946e-12       0.000000000000e+00       5.814411666229e-16       2.856630587596e-17       2.794673151375e-18 
 1783       5.160975640244e-11       8.809509793973e-13      -1.701072991913e-12       0.000000000000e+00       5.801256087442e-16       2.891328518298e-17       2.525148751392e-18 
 1784       5.148066188009e-11       8.797438345845e-13      -1.657682962783e-12       0.000000000000e+00       5.788137185797e-16       2.926719636769e-17       2.256780700270e-18 
 1785       5.134903041317e-11       8.788039364240e-13      -1.614628864562e-12       0.000000000000e+00       5.775054858524e-16       2.962790044654e-17       1.989583997045e-18 
 1786       5.121490502532e-11       8.781286003787e-13      -1.571924015293e-12       0.000000000000e+00       5.762009001687e-16       2.999525774026e-17       1.723573690309e-18 
 1787       5.107832895877e-11       8.777151268380e-13      -1.529581788126e-12       0.000000000000e+00       5.748999510180e-16       3.036912787282e-17       1.458764878277e-18 
 1788       5.093934567463e-11       8.775608010955e-13      -1.487615611396e-12       0.000000000000e+00       5.736026277728e-16       3.074936977046e-17       1.195172708844e-18 
 1789       5.079799885322e-11       8.776628933262e-13      -1.446038968696e-12       0.000000000000e+00       5.723089196883e-16       3.113584166068e-17       9.328123796423e-19 
 1790       5.065433239439e-11       8.780186585640e-13      -1.404865398955e-12       0.000000000000e+00       5.710188159022e-16       3.152840107118e-17       6.716991381068e-19 
 1791       5.050839041782e-11       8.786253366796e-13      -1.364108496508e-12       0.000000000000e+00       5.697323054344e-16       3.192690482895e-17       4.118482815318e-19 
 1792       5.036021726335e-11       8.794801523574e-13      -1.323781911174e-12       0.000000000000e+00       5.684493771870e-16       3.233120905916e-17       1.532751571316e-19 
 1793       5.020985749131e-11       8.805803150734e-13      -1.283899348331e-12       0.000000000000e+00       5.671700199441e-16       3.274116918423e-17      -1.040048378990e-19 
 1794       5.005735588281e-11       8.819230190724e-13      -1.244474568990e-12       0.000000000000e+00       5.658942223714e-16       3.315663992278e-17      -3.599762563250e-19 
 1795       4.990275744008e-11       8.835054433458e-13      -1.205521389868e-12       0.000000000000e+00       5.646219730162e-16       3.357747528866e-17      -6.146236008110e-19 
 1796       4.974610738676e-11       8.853247516089e-13      -1.167053683466e-12       0.000000000000e+00       5.633532603069e-16       3.400352858988e-17      -8.679313238612e-19 
 1797       4.958745116826e-11       8.873780922782e-13      -1.129085378141e-12       0.000000000000e+00       5.620880725532e-16       3.443465242769e-17      -1.119883827759e-18 
 1798       4.942683445202e-11       8.896625984492e-13      -1.091630458185e-12       0.000000000000e+00       5.608263979457e-16       3.487069869550e-17      -1.370465464508e-18 
 1799       4.926430312790e-11       8.921753878737e-13      -1.054702963893e-12       0.000000000000e+00       5.595682245554e-16       3.531151857791e-17      -1.619660535771e-18 
 1800       4.909990330841e-11       8.949135629374e-13      -1.018316991645e-12       0.000000000000e+00       5.583135403341e-16       3.575696254971e-17      -1.867453292809e-18 
 1801       4.893368132910e-11       8.978742106372e-13      -9.824866939755e-13       0.000000000000e+00       5.570623331138e-16       3.620688037483e-17      -2.113827936424e-18 
 1802       4.876568374885e-11       9.010544025590e-13      -9.472262796508e-13       0.000000000000e+00       5.558145906065e-16       3.666112110538e-17      -2.358768616896e-18 
 1803       4.859595735017e-11       9.044511948547e-13      -9.125500137435e-13       0.000000000000e+00       5.545703004041e-16       3.711953308062e-17      -2.602259433925e-18 
 1804       4.842454913956e-11       9.080616282202e-13      -8.784722177071e-13       0.000000000000e+00       5.533294499781e-16       3.758196392596e-17      -2.844284436570e-18 
 1805       4.825150634778e-11       9.118827278724e-13      -8.450072694508e-13       0.000000000000e+00       5.520920266796e-16       3.804826055197e-17      -3.084827623188e-18 
 1806       4.807687643019e-11       9.159115035273e-13      -8.121696034142e-13       0.000000000000e+00       5.508580177389e-16       3.851826915331e-17      -3.323872941376e-18 
 1807       4.790070706708e-11       9.201449493767e-13      -7.799737106423e-13       0.000000000000e+00       5.496274102654e-16       3.899183520782e-17      -3.561404287911e-18 
 1808       4.772304616396e-11       9.245800440663e-13      -7.484341388602e-13       0.000000000000e+00       5.484001912471e-16       3.946880347543e-17      -3.797405508686e-18 
 1809       4.754394185188e-11       9.292137506730e-13      -7.175654925478e-13       0.000000000000e+00       5.471763475511e-16       3.994901799719e-17      -4.031860398656e-18 
 1810       4.736344248779e-11       9.340430166821e-13      -6.873824330149e-13       0.000000000000e+00       5.459558659225e-16       4.043232209428e-17      -4.264752701772e-18 
 1811       4.718159665479e-11       9.390647739655e-13      -6.578996784754e-13       0.000000000000e+00       5.447387329848e-16       4.091855836695e-17      -4.496066110926e-18 
 1812       4.699845316249e-11       9.442759387582e-13      -6.291320041231e-13       0.000000000000e+00       5.435249352397e-16       4.140756869356e-17      -4.725784267888e-18 
 1813       4.681406104733e-11       9.496734116366e-13      -6.010942422053e-13       0.000000000000e+00       5.423144590665e-16       4.189919422958e-17      -4.953890763245e-18 
 1814       4.662846999978e-11       9.552538619873e-13      -5.737989681737e-13       0.000000000000e+00       5.411072916549e-16       4.239330439915e-17      -5.180370208300e-18 
 1815       4.644173164914e-11       9.610130795586e-13      -5.472495385739e-13       0.000000000000e+00       5.399034238102e-16       4.288988412772e-17      -5.405211460324e-18 
 1816       4.625389828976e-11       9.669466176331e-13      -5.214469971411e-13       0.000000000000e+00       5.387028471707e-16       4.338894731112e-17      -5.628404423199e-18 
 1817       4.606502245536e-11       9.730500080310e-13      -4.963923836174e-13       0.000000000000e+00       5.375055532759e-16       4.389050788692e-17      -5.849938977806e-18 
 1818       4.587515691944e-11       9.793187610796e-13      -4.720867337419e-13       0.000000000000e+00       5.363115335672e-16       4.439457983443e-17      -6.069804982002e-18 
 1819       4.568435469554e-11       9.857483655829e-13      -4.485310792416e-13       0.000000000000e+00       5.351207793873e-16       4.490117717478e-17      -6.287992270602e-18 
 1820       4.549266903762e-11       9.923342887912e-13      -4.257264478216e-13       0.000000000000e+00       5.339332819802e-16       4.541031397096e-17      -6.504490655354e-18 
 1821       4.530015344035e-11       9.990719763710e-13      -4.036738631557e-13       0.000000000000e+00       5.327490324907e-16       4.592200432787e-17      -6.719289924921e-18 
 1822       4.510686163950e-11       1.005956852374e-12      -3.823743448767e-13       0.000000000000e+00       5.315680219648e-16       4.643626239239e-17      -6.932379844857e-18 
 1823       4.491284761222e-11       1.012984319208e-12      -3.618289085670e-13       0.000000000000e+00       5.303902413490e-16       4.695310235340e-17      -7.143750157591e-18 
 1824       4.471816557740e-11       1.020149757605e-12      -3.420385657489e-13       0.000000000000e+00       5.292156814905e-16       4.747253844182e-17      -7.353390582401e-18 
 1825       4.452286999599e-11       1.027448526592e-12      -3.230043238755e-13       0.000000000000e+00       5.280443331369e-16       4.799458493072e-17      -7.561290815396e-18 
 1826       4.432701557135e-11       1.034875963458e-12      -3.047271863204e-13       0.000000000000e+00       5.268761869358e-16       4.851925613531e-17      -7.767440529494e-18 
 1827       4.413065724956e-11       1.042427383730e-12      -2.872081523691e-13       0.000000000000e+00       5.257112334350e-16       4.904656641303e-17      -7.971829374399e-18 
 1828       4.393385021977e-11       1.050098081135e-12      -2.704482172085e-13       0.000000000000e+00       5.245494630822e-16       4.957653016355e-17      -8.174446976586e-18 
 1829       4.373664991452e-11       1.057883327574e-12      -2.544483719181e-13       0.000000000000e+00       5.233908662246e-16       5.010916182890e-17      -8.375282939273e-18 
 1830       4.353911201009e-11       1.065778373090e-12      -2.392096034603e-13       0.000000000000e+00       5.222354331091e-16       5.064447589344e-17      -8.574326842405e-18 
 1831       4.334129242680e-11       1.073778445840e-12      -2.247328946704e-13       0.000000000000e+00       5.210831538820e-16       5.118248688394e-17      -8.771568242628e-18 
 1832       4.314324732940e-11       1.081878752062e-12      -2.110192242476e-13       0.000000000000e+00       5.199340185887e-16       5.172320936966e-17      -8.966996673275e-18 
 1833       4.294503312733e-11       1.090074476044e-12      -1.980695667455e-13       0.000000000000e+00       5.187880171735e-16       5.226665796235e-17      -9.160601644340e-18 
 1834       4.274670647512e-11       1.098360780097e-12      -1.858848925621e-13       0.000000000000e+00       5.176451394798e-16       5.281284731633e-17      -9.352372642456e-18 
 1835       4.254832427267e-11       1.106732804523e-12      -1.744661679304e-13       0.000000000000e+00       5.165053752495e-16       5.336179212854e-17      -9.542299130879e-18 
 1836       4.234994366561e-11       1.115185667583e-12      -1.638143549093e-13       0.000000000000e+00       5.153687141230e-16       5.391350713858e-17      -9.730370549462e-18 
 1837       4.215162204564e-11       1.123714465469e-12      -1.539304113735e-13       0.000000000000e+00       5.142351456392e-16       5.446800712876e-17      -9.916576314638e-18 
 1838       4.195341705084e-11       1.132314272272e-12      -1.448152910043e-13       0.000000000000e+00       5.131046592351e-16       5.502530692415e-17      -1.010090581940e-17 
 1839       4.175538656602e-11       1.140980139954e-12      -1.364699432798e-13       0.000000000000e+00       5.119772442455e-16       5.558542139265e-17      -1.028334843326e-17 
 1840       4.155758872303e-11       1.149707098313e-12      -1.288953134657e-13       0.000000000000e+00       5.108528899032e-16       5.614836544501e-17      -1.046389350228e-17 
 1841       4.136008190113e-11       1.158490154958e-12      -1.220923426056e-13       0.000000000000e+00       5.097315853388e-16       5.671415403489e-17      -1.064253034898e-17 
 1842       4.116292472729e-11       1.167324295276e-12      -1.160619675112e-13       0.000000000000e+00       5.086133195802e-16       5.728280215894e-17      -1.081924827237e-17 
 1843       4.096617607652e-11       1.176204482400e-12      -1.108051207534e-13       0.000000000000e+00       5.074980815526e-16       5.785432485679e-17      -1.099403654792e-17 
 1844       4.076989507225e-11       1.185125657182e-12      -1.063227306520e-13       0.000000000000e+00       5.063858600784e-16       5.842873721117e-17      -1.116688442751e-17 
 1845       4.057414108660e-11       1.194082738160e-12      -1.026157212667e-13       0.000000000000e+00       5.052766438770e-16       5.900605434789e-17      -1.133778113945e-17 
 1846       4.037897374076e-11       1.203070621531e-12      -9.968501238744e-14       0.000000000000e+00       5.041704215646e-16       5.958629143594e-17      -1.150671588843e-17 
 1847       4.018445290528e-11       1.212084181116e-12      -9.753151952471e-14       0.000000000000e+00       5.030671816540e-16       6.016946368754e-17      -1.167367785551e-17 
 1848       3.999063870045e-11       1.221118268332e-12      -9.615615390020e-14       0.000000000000e+00       5.019669125545e-16       6.075558635814e-17      -1.183865619809e-17 
 1849       3.979759149662e-11       1.230167712162e-12      -9.555982243715e-14       0.000000000000e+00       5.008696025717e-16       6.134467474654e-17      -1.200164004992e-17 
 1850       3.960537191448e-11       1.239227319125e-12      -9.574342775086e-14       0.000000000000e+00       4.997752399074e-16       6.193674419489e-17      -1.216261852103e-17 
 1851       3.941404082547e-11       1.248291873244e-12      -9.670786813914e-14       0.000000000000e+00       4.986838126591e-16       6.253181008874e-17      -1.232158069774e-17 
 1852       3.922365935208e-11       1.257356136017e-12      -9.845403757277e-14       0.000000000000e+00       4.975953088205e-16       6.312988785714e-17      -1.247851564265e-17 
 1853       3.903428393011e-11       1.266415118942e-12      -1.009811142891e-13       0.000000000000e+00       4.965097171208e-16       6.373095617204e-17      -1.263341257973e-17 
 1854       3.884595145233e-11       1.275464903515e-12      -1.042814118148e-13       0.000000000000e+00       4.954270295538e-16       6.433484622892e-17      -1.278626145139e-17 
 1855       3.865869400814e-11       1.284501827646e-12      -1.083454872593e-13       0.000000000000e+00       4.943472388685e-16       6.494135159187e-17      -1.293705236581e-17 
 1856       3.847254381120e-11       1.293522213673e-12      -1.131638489514e-13       0.000000000000e+00       4.932703377312e-16       6.555026491355e-17      -1.308577541214e-17 
 1857       3.828753319954e-11       1.302522368340e-12      -1.187269563699e-13       0.000000000000e+00       4.921963187247e-16       6.616137793399e-17      -1.323242066049e-17 
 1858       3.810369463573e-11       1.311498582776e-12      -1.250252200740e-13       0.000000000000e+00       4.911251743486e-16       6.677448147934e-17      -1.337697816194e-17 
 1859       3.792106070703e-11       1.320447132473e-12      -1.320490016342e-13       0.000000000000e+00       4.900568970188e-16       6.738936546061e-17      -1.351943794852e-17 
 1860       3.773966412559e-11       1.329364277267e-12      -1.397886135630e-13       0.000000000000e+00       4.889914790677e-16       6.800581887247e-17      -1.365979003317e-17 
 1861       3.755953772856e-11       1.338246261316e-12      -1.482343192456e-13       0.000000000000e+00       4.879289127440e-16       6.862362979199e-17      -1.379802440973e-17 
 1862       3.738071447830e-11       1.347089313079e-12      -1.573763328703e-13       0.000000000000e+00       4.868691902123e-16       6.924258537742e-17      -1.393413105298e-17 
 1863       3.720322746248e-11       1.355889645297e-12      -1.672048193596e-13       0.000000000000e+00       4.858123035532e-16       6.986247186694e-17      -1.406809991855e-17 
 1864       3.702710989430e-11       1.364643454970e-12      -1.777098943006e-13       0.000000000000e+00       4.847582447631e-16       7.048307457745e-17      -1.419992094294e-17 
 1865       3.685239511261e-11       1.373346923336e-12      -1.888816238758e-13       0.000000000000e+00       4.837070057540e-16       7.110417790331e-17      -1.432958404351e-17 
 1866       3.667911658208e-11       1.381996215853e-12      -2.007100247937e-13       0.000000000000e+00       4.826585783536e-16       7.172556531510e-17      -1.445707911847e-17 
 1867       3.650730789339e-11       1.390587482174e-12      -2.131850642195e-13       0.000000000000e+00       4.816129543046e-16       7.234701935841e-17      -1.458239604683e-17 
 1868       3.633700276334e-11       1.399116856131e-12      -2.262966597060e-13       0.000000000000e+00       4.805701252653e-16       7.296832165260e-17      -1.470552468844e-17 
 1869       3.616823503504e-11       1.407580455709e-12      -2.400346791240e-13       0.000000000000e+00       4.795300828090e-16       7.358925288953e-17      -1.482645488393e-17 
 1870       3.600103867807e-11       1.415974383029e-12      -2.543889405930e-13       0.000000000000e+00       4.784928184237e-16       7.420959283238e-17      -1.494517645470e-17 
 1871       3.583544778863e-11       1.424294724326e-12      -2.693492124121e-13       0.000000000000e+00       4.774583235125e-16       7.482912031437e-17      -1.506167920294e-17 
 1872       3.567149658971e-11       1.432537549926e-12      -2.849052129905e-13       0.000000000000e+00       4.764265893931e-16       7.544761323754e-17      -1.517595291159e-17 
 1873       3.550921943123e-11       1.440698914231e-12      -3.010466107781e-13       0.000000000000e+00       4.753976072977e-16       7.606484857153e-17      -1.528798734430e-17 
 1874       3.534865079025e-11       1.448774855689e-12      -3.177630241967e-13       0.000000000000e+00       4.743713683728e-16       7.668060235231e-17      -1.539777224548e-17 
 1875       3.518982527105e-11       1.456761396783e-12      -3.350440215699e-13       0.000000000000e+00       4.733478636793e-16       7.729464968097e-17      -1.550529734022e-17 
 1876       3.503277760538e-11       1.464654544003e-12      -3.528791210544e-13       0.000000000000e+00       4.723270841921e-16       7.790676472249e-17      -1.561055233433e-17 
 1877       3.487754265254e-11       1.472450287830e-12      -3.712577905705e-13       0.000000000000e+00       4.713090208001e-16       7.851672070449e-17      -1.571352691428e-17 
 1878       3.472415539959e-11       1.480144602709e-12      -3.901694477326e-13       0.000000000000e+00       4.702936643059e-16       7.912428991599e-17      -1.581421074721e-17 
 1879       3.457265096152e-11       1.487733447036e-12      -4.096034597802e-13       0.000000000000e+00       4.692810054261e-16       7.972924370619e-17      -1.591259348092e-17 
 1880       3.442306458134e-11       1.495212763130e-12      -4.295491435083e-13       0.000000000000e+00       4.682710347905e-16       8.033135248323e-17      -1.600866474383e-17 
 1881       3.427543163033e-11       1.502578477218e-12      -4.499957651983e-13       0.000000000000e+00       4.672637429425e-16       8.093038571294e-17      -1.610241414500e-17 
 1882       3.412978760813e-11       1.509826499410e-12      -4.709325405486e-13       0.000000000000e+00       4.662591203386e-16       8.152611191763e-17      -1.619383127408e-17 
 1883       3.398616814294e-11       1.516952723679e-12      -4.923486346052e-13       0.000000000000e+00       4.652571573486e-16       8.211829867484e-17      -1.628290570132e-17 
 1884       3.384460899166e-11       1.523953027842e-12      -5.142331616926e-13       0.000000000000e+00       4.642578442553e-16       8.270671261610e-17      -1.636962697756e-17 
 1885       3.370514604006e-11       1.530823273537e-12      -5.365751853440e-13       0.000000000000e+00       4.632611712540e-16       8.329111942571e-17      -1.645398463418e-17 
 1886       3.356781530295e-11       1.537559306204e-12      -5.593637182329e-13       0.000000000000e+00       4.622671284531e-16       8.387128383949e-17      -1.653596818312e-17 
 1887       3.343265292429e-11       1.544156955061e-12      -5.825877221026e-13       0.000000000000e+00       4.612757058734e-16       8.444696964355e-17      -1.661556711687e-17 
 1888       3.329969517744e-11       1.550612033089e-12      -6.062361076980e-13       0.000000000000e+00       4.602868934480e-16       8.501793967306e-17      -1.669277090842e-17 
 1889       3.316897846524e-11       1.556920337003e-12      -6.302977346955e-13       0.000000000000e+00       4.593006810225e-16       8.558395581100e-17      -1.676756901127e-17 
 1890       3.304053932019e-11       1.563077647240e-12      -6.547614116340e-13       0.000000000000e+00       4.583170583544e-16       8.614477898695e-17      -1.683995085942e-17 
 1891       3.291441440463e-11       1.569079727930e-12      -6.796158958456e-13       0.000000000000e+00       4.573360151134e-16       8.670016917582e-17      -1.690990586733e-17 
 1892       3.279063389063e-11       1.574922867214e-12      -7.048496132160e-13       0.000000000000e+00       4.563575415887e-16       8.724993430995e-17      -1.697742493667e-17 
 1893       3.266920154337e-11       1.580605502782e-12      -7.304498152350e-13       0.000000000000e+00       4.553816308177e-16       8.779407743138e-17      -1.704250498920e-17 
 1894       3.255011448399e-11       1.586126608867e-12      -7.564034152879e-13       0.000000000000e+00       4.544082764739e-16       8.833265067535e-17      -1.710514446892e-17 
 1895       3.243336979586e-11       1.591485157046e-12      -7.826972681543e-13       0.000000000000e+00       4.534374721600e-16       8.886570646073e-17      -1.716534183854e-17 
 1896       3.231896452449e-11       1.596680116242e-12      -8.093181699305e-13       0.000000000000e+00       4.524692114081e-16       8.939329749043e-17      -1.722309557951e-17 
 1897       3.220689567744e-11       1.601710452720e-12      -8.362528579497e-13       0.000000000000e+00       4.515034876793e-16       8.991547675180e-17      -1.727840419208e-17 
 1898       3.209716022433e-11       1.606575130082e-12      -8.634880107042e-13       0.000000000000e+00       4.505402943639e-16       9.043229751702e-17      -1.733126619532e-17 
 1899       3.198975509670e-11       1.611273109266e-12      -8.910102477661e-13       0.000000000000e+00       4.495796247813e-16       9.094381334353e-17      -1.738168012716e-17 
 1900       3.188467718801e-11       1.615803348545e-12      -9.188061297090e-13       0.000000000000e+00       4.486214721795e-16       9.145007807440e-17      -1.742964454442e-17 
 1901       3.178192335353e-11       1.620164803520e-12      -9.468621580289e-13       0.000000000000e+00       4.476658297352e-16       9.195114583878e-17      -1.747515802285e-17 
 1902       3.168149041033e-11       1.624356427122e-12      -9.751647750658e-13       0.000000000000e+00       4.467126905539e-16       9.244707105224e-17      -1.751821915716e-17 
 1903       3.158337513717e-11       1.628377169605e-12      -1.003700363925e-12       0.000000000000e+00       4.457620476695e-16       9.293790841725e-17      -1.755882656109e-17 
 1904       3.148757427446e-11       1.632225978547e-12      -1.032455248398e-12       0.000000000000e+00       4.448138940443e-16       9.342371292351e-17      -1.759697886740e-17 
 1905       3.139408452420e-11       1.635901798842e-12      -1.061415692885e-12       0.000000000000e+00       4.438682225686e-16       9.390453984840e-17      -1.763267472791e-17 
 1906       3.130290254991e-11       1.639403572705e-12      -1.090567902313e-12       0.000000000000e+00       4.429250260612e-16       9.438044475738e-17      -1.766591281357e-17 
 1907       3.121402497658e-11       1.642730239663e-12      -1.119898022063e-12       0.000000000000e+00       4.419842972687e-16       9.485148350435e-17      -1.769669181448e-17 
 1908       3.112744839060e-11       1.645880736553e-12      -1.149392137884e-12       0.000000000000e+00       4.410460288657e-16       9.531771223213e-17      -1.772501043991e-17 
 1909       3.104316933970e-11       1.648853997522e-12      -1.179036275821e-12       0.000000000000e+00       4.401102134544e-16       9.577918737279e-17      -1.775086741835e-17 
 1910       3.096118433288e-11       1.651648954023e-12      -1.208816402131e-12       0.000000000000e+00       4.391768435649e-16       9.623596564809e-17      -1.777426149755e-17 
 1911       3.088148984037e-11       1.654264534810e-12      -1.238718423208e-12       0.000000000000e+00       4.382459116546e-16       9.668810406988e-17      -1.779519144455e-17 
 1912       3.080408229355e-11       1.656699665939e-12      -1.268728185502e-12       0.000000000000e+00       4.373174101087e-16       9.713565994051e-17      -1.781365604570e-17 
 1913       3.072895808489e-11       1.658953270763e-12      -1.298831475442e-12       0.000000000000e+00       4.363913312393e-16       9.757869085321e-17      -1.782965410674e-17 
 1914       3.065611356788e-11       1.661024269929e-12      -1.329014019355e-12       0.000000000000e+00       4.354676672860e-16       9.801725469252e-17      -1.784318445279e-17 
 1915       3.058554505702e-11       1.662911581376e-12      -1.359261483391e-12       0.000000000000e+00       4.345464104152e-16       9.845140963467e-17      -1.785424592840e-17 
 1916       3.051724882768e-11       1.664614120333e-12      -1.389559473441e-12       0.000000000000e+00       4.336275527206e-16       9.888121414799e-17      -1.786283739761e-17 
 1917       3.045122111609e-11       1.666130799316e-12      -1.419893535059e-12       0.000000000000e+00       4.327110862225e-16       9.930672699335e-17      -1.786895774395e-17 
 1918       3.038745811926e-11       1.667460528122e-12      -1.450249153383e-12       0.000000000000e+00       4.317970028679e-16       9.972800722449e-17      -1.787260587050e-17 
 1919       3.032595599493e-11       1.668602213832e-12      -1.480611753058e-12       0.000000000000e+00       4.308852945307e-16       1.001451141885e-16      -1.787378069990e-17 
 1920       3.026671086152e-11       1.669554760803e-12      -1.510966698157e-12       0.000000000000e+00       4.299759530109e-16       1.005581075262e-16      -1.787248117443e-17 
 1921       3.020971879800e-11       1.670317070669e-12      -1.541299292100e-12       0.000000000000e+00       4.290689700353e-16       1.009670471724e-16      -1.786870625601e-17 
 1922       3.015497584393e-11       1.670888042335e-12      -1.571594777577e-12       0.000000000000e+00       4.281643372566e-16       1.013719933567e-16      -1.786245492624e-17 
 1923       3.010247799933e-11       1.671266571978e-12      -1.601838336471e-12       0.000000000000e+00       4.272620462538e-16       1.017730066033e-16      -1.785372618645e-17 
 1924       3.005222122462e-11       1.671451553040e-12      -1.632015089774e-12       0.000000000000e+00       4.263620885319e-16       1.021701477321e-16      -1.784251905772e-17 
 1925       3.000420144059e-11       1.671441876230e-12      -1.662110097516e-12       0.000000000000e+00       4.254644555220e-16       1.025634778584e-16      -1.782883258092e-17 
 1926       2.995841452832e-11       1.671236429516e-12      -1.692108358678e-12       0.000000000000e+00       4.245691385806e-16       1.029530583938e-16      -1.781266581677e-17 
 1927       2.991485632913e-11       1.670834098127e-12      -1.721994811121e-12       0.000000000000e+00       4.236761289902e-16       1.033389510464e-16      -1.779401784584e-17 
 1928       2.987352264448e-11       1.670233764548e-12      -1.751754331499e-12       0.000000000000e+00       4.227854179588e-16       1.037212178214e-16      -1.777288776860e-17 
 1929       2.983440923596e-11       1.669434308515e-12      -1.781371735190e-12       0.000000000000e+00       4.218969966197e-16       1.040999210211e-16      -1.774927470546e-17 
 1930       2.979751182521e-11       1.668434607018e-12      -1.810831776210e-12       0.000000000000e+00       4.210108560316e-16       1.044751232457e-16      -1.772317779682e-17 
 1931       2.976282173526e-11       1.667234011950e-12      -1.840120214299e-12       0.000000000000e+00       4.201269877807e-16       1.048468564251e-16      -1.769459957996e-17 
 1932       2.973031277864e-11       1.665833787033e-12      -1.869227025184e-12       0.000000000000e+00       4.192453857914e-16       1.052150286577e-16      -1.766355614778e-17 
 1933       2.969995426977e-11       1.664235681777e-12      -1.898143214491e-12       0.000000000000e+00       4.183660445289e-16       1.055795166660e-16      -1.763006706713e-17 
 1934       2.967171537434e-11       1.662441454830e-12      -1.926859752747e-12       0.000000000000e+00       4.174889583984e-16       1.059401967011e-16      -1.759415200911e-17 
 1935       2.964556510909e-11       1.660452873984e-12      -1.955367575336e-12       0.000000000000e+00       4.166141217449e-16       1.062969445413e-16      -1.755583074914e-17 
 1936       2.962147234163e-11       1.658271716192e-12      -1.983657582452e-12       0.000000000000e+00       4.157415288528e-16       1.066496354922e-16      -1.751512316715e-17 
 1937       2.959940579021e-11       1.655899767580e-12      -2.011720639058e-12       0.000000000000e+00       4.148711739463e-16       1.069981443856e-16      -1.747204924773e-17 
 1938       2.957933402353e-11       1.653338823459e-12      -2.039547574840e-12       0.000000000000e+00       4.140030511889e-16       1.073423455791e-16      -1.742662908023e-17 
 1939       2.956122546055e-11       1.650590688338e-12      -2.067129184161e-12       0.000000000000e+00       4.131371546836e-16       1.076821129556e-16      -1.737888285896e-17 
 1940       2.954504837027e-11       1.647657175934e-12      -2.094456226020e-12       0.000000000000e+00       4.122734784726e-16       1.080173199227e-16      -1.732883088330e-17 
 1941       2.953077087154e-11       1.644540109189e-12      -2.121519424007e-12       0.000000000000e+00       4.114120165372e-16       1.083478394117e-16      -1.727649355785e-17 
 1942       2.951836093286e-11       1.641241320281e-12      -2.148309466254e-12       0.000000000000e+00       4.105527627979e-16       1.086735438778e-16      -1.722189139258e-17 
 1943       2.950778637216e-11       1.637762650635e-12      -2.174817005399e-12       0.000000000000e+00       4.096957111141e-16       1.089943052986e-16      -1.716504500297e-17 
 1944       2.949901485663e-11       1.634105950937e-12      -2.201032658531e-12       0.000000000000e+00       4.088408552841e-16       1.093099951741e-16      -1.710597511016e-17 
 1945       2.949201390247e-11       1.630273081146e-12      -2.226947007158e-12       0.000000000000e+00       4.079881890449e-16       1.096204845261e-16      -1.704470254110e-17 
 1946       2.948675087474e-11       1.626265910508e-12      -2.252550597150e-12       0.000000000000e+00       4.071377060723e-16       1.099256438974e-16      -1.698124822866e-17 
 1947       2.948319298714e-11       1.622086317566e-12      -2.277833938705e-12       0.000000000000e+00       4.062893999806e-16       1.102253433511e-16      -1.691563321183e-17 
 1948       2.948130730177e-11       1.617736190177e-12      -2.302787506298e-12       0.000000000000e+00       4.054432643227e-16       1.105194524703e-16      -1.684787863581e-17 
 1949       2.948106072901e-11       1.613217425518e-12      -2.327401738639e-12       0.000000000000e+00       4.045992925897e-16       1.108078403574e-16      -1.677800575220e-17 
 1950       2.948242002723e-11       1.608531930106e-12      -2.351667038631e-12       0.000000000000e+00       4.037574782112e-16       1.110903756334e-16      -1.670603591912e-17 
 1951       2.948535180265e-11       1.603681619806e-12      -2.375573773320e-12       0.000000000000e+00       4.029178145547e-16       1.113669264377e-16      -1.663199060135e-17 
 1952       2.948982250910e-11       1.598668419843e-12      -2.399112273856e-12       0.000000000000e+00       4.020802949262e-16       1.116373604267e-16      -1.655589137049e-17 
 1953       2.949579844785e-11       1.593494264819e-12      -2.422272835446e-12       0.000000000000e+00       4.012449125694e-16       1.119015447741e-16      -1.647775990509e-17 
 1954       2.950324576738e-11       1.588161098720e-12      -2.445045717308e-12       0.000000000000e+00       4.004116606659e-16       1.121593461699e-16      -1.639761799082e-17 
 1955       2.951213046321e-11       1.582670874935e-12      -2.467421142631e-12       0.000000000000e+00       3.995805323352e-16       1.124106308196e-16      -1.631548752058e-17 
 1956       2.952241837765e-11       1.577025556262e-12      -2.489389298529e-12       0.000000000000e+00       3.987515206346e-16       1.126552644440e-16      -1.623139049467e-17 
 1957       2.953407519965e-11       1.571227114925e-12      -2.510940335994e-12       0.000000000000e+00       3.979246185588e-16       1.128931122785e-16      -1.614534902093e-17 
 1958       2.954706646456e-11       1.565277532585e-12      -2.532064369853e-12       0.000000000000e+00       3.970998190401e-16       1.131240390723e-16      -1.605738531487e-17 
 1959       2.956135755396e-11       1.559178800355e-12      -2.552751478726e-12       0.000000000000e+00       3.962771149483e-16       1.133479090880e-16      -1.596752169983e-17 
 1960       2.957691369544e-11       1.552932918808e-12      -2.572991704979e-12       0.000000000000e+00       3.954564990903e-16       1.135645861011e-16      -1.587578060712e-17 
 1961       2.959369996237e-11       1.546541897994e-12      -2.592775054681e-12       0.000000000000e+00       3.946379642104e-16       1.137739333990e-16      -1.578218457618e-17 
 1962       2.961168127378e-11       1.540007757449e-12      -2.612091497559e-12       0.000000000000e+00       3.938215029900e-16       1.139758137810e-16      -1.568675625469e-17 
 1963       2.963082239405e-11       1.533332526211e-12      -2.630930966951e-12       0.000000000000e+00       3.930071080474e-16       1.141700895571e-16      -1.558951839873e-17 
 1964       2.965108793280e-11       1.526518242831e-12      -2.649283359769e-12       0.000000000000e+00       3.921947719381e-16       1.143566225480e-16      -1.549049387295e-17 
 1965       2.967244234465e-11       1.519566955385e-12      -2.667138536445e-12       0.000000000000e+00       3.913844871540e-16       1.145352740838e-16      -1.538970565068e-17 
 1966       2.969484992900e-11       1.512480721488e-12      -2.684486320896e-12       0.000000000000e+00       3.905762461240e-16       1.147059050042e-16      -1.528717681408e-17 
 1967       2.971827482988e-11       1.505261608305e-12      -2.701316500472e-12       0.000000000000e+00       3.897700412138e-16       1.148683756573e-16      -1.518293055431e-17 
 1968       2.974268103569e-11       1.497911692566e-12      -2.717618825916e-12       0.000000000000e+00       3.889658647252e-16       1.150225458993e-16      -1.507699017165e-17 
 1969       2.976803237904e-11       1.490433060575e-12      -2.733383011319e-12       0.000000000000e+00       3.881637088968e-16       1.151682750938e-16      -1.496937907564e-17 
 1970       2.979429242347e-11       1.482827978406e-12      -2.748600346369e-12       0.000000000000e+00       3.873635664396e-16       1.153054618411e-16      -1.486012500616e-17 
 1971       2.982142412318e-11       1.475099403829e-12      -2.763268546298e-12       0.000000000000e+00       3.865654321504e-16       1.154341634898e-16      -1.474927273054e-17 
 1972       2.984939016041e-11       1.467250478210e-12      -2.777386937881e-12       0.000000000000e+00       3.857693013103e-16       1.155544775120e-16      -1.463687144106e-17 
 1973       2.987815305799e-11       1.459284356696e-12      -2.790954850414e-12       0.000000000000e+00       3.849751691496e-16       1.156665018544e-16      -1.452297054286e-17 
 1974       2.990767517919e-11       1.451204208232e-12      -2.803971615728e-12       0.000000000000e+00       3.841830308476e-16       1.157703349393e-16      -1.440761965427e-17 
 1975       2.993791872750e-11       1.443013215579e-12      -2.816436568184e-12       0.000000000000e+00       3.833928815325e-16       1.158660756653e-16      -1.429086860700e-17 
 1976       2.996884574642e-11       1.434714575333e-12      -2.828349044685e-12       0.000000000000e+00       3.826047162816e-16       1.159538234072e-16      -1.417276744649e-17 
 1977       3.000041811925e-11       1.426311497941e-12      -2.839708384682e-12       0.000000000000e+00       3.818185301209e-16       1.160336780177e-16      -1.405336643215e-17 
 1978       3.003259756891e-11       1.417807207720e-12      -2.850513930174e-12       0.000000000000e+00       3.810343180251e-16       1.161057398272e-16      -1.393271603765e-17 
 1979       3.006534565769e-11       1.409204942875e-12      -2.860765025719e-12       0.000000000000e+00       3.802520749176e-16       1.161701096448e-16      -1.381086695117e-17 
 1980       3.009862378709e-11       1.400507955517e-12      -2.870461018436e-12       0.000000000000e+00       3.794717956703e-16       1.162268887587e-16      -1.368787007570e-17 
 1981       3.013239319760e-11       1.391719511679e-12      -2.879601258011e-12       0.000000000000e+00       3.786934751036e-16       1.162761789373e-16      -1.356377652932e-17 
 1982       3.016661496847e-11       1.382842891338e-12      -2.888185096706e-12       0.000000000000e+00       3.779171079865e-16       1.163180824294e-16      -1.343863764545e-17 
 1983       3.020125001755e-11       1.373881388427e-12      -2.896211889358e-12       0.000000000000e+00       3.771426890360e-16       1.163527019649e-16      -1.331250497313e-17 
 1984       3.023625910103e-11       1.364838310858e-12      -2.903680993391e-12       0.000000000000e+00       3.763702129176e-16       1.163801407555e-16      -1.318543027732e-17 
 1985       3.027160281329e-11       1.355716980538e-12      -2.910591768816e-12       0.000000000000e+00       3.755996742449e-16       1.164005024955e-16      -1.305746553913e-17 
 1986       3.030724158666e-11       1.346520733386e-12      -2.916943578241e-12       0.000000000000e+00       3.748310675795e-16       1.164138913621e-16      -1.292866295615e-17 
 1987       3.034313569123e-11       1.337252919352e-12      -2.922735786872e-12       0.000000000000e+00       3.740643874310e-16       1.164204120163e-16      -1.279907494269e-17 
 1988       3.037924523462e-11       1.327916902436e-12      -2.927967762523e-12       0.000000000000e+00       3.732996282571e-16       1.164201696034e-16      -1.266875413006e-17 
 1989       3.041553016181e-11       1.318516060701e-12      -2.932638875618e-12       0.000000000000e+00       3.725367844631e-16       1.164132697538e-16      -1.253775336684e-17 
 1990       3.045195025492e-11       1.309053786298e-12      -2.936748499198e-12       0.000000000000e+00       3.717758504022e-16       1.163998185834e-16      -1.240612571917e-17 
 1991       3.048846513299e-11       1.299533485479e-12      -2.940296008926e-12       0.000000000000e+00       3.710168203754e-16       1.163799226943e-16      -1.227392447102e-17 
 1992       3.052503425180e-11       1.289958578615e-12      -2.943280783093e-12       0.000000000000e+00       3.702596886310e-16       1.163536891756e-16      -1.214120312445e-17 
 1993       3.056161690364e-11       1.280332500216e-12      -2.945702202624e-12       0.000000000000e+00       3.695044493649e-16       1.163212256039e-16      -1.200801539991e-17 
 1994       3.059817221713e-11       1.270658698948e-12      -2.947559651079e-12       0.000000000000e+00       3.687510967207e-16       1.162826400439e-16      -1.187441523650e-17 
 1995       3.063465915698e-11       1.260940637651e-12      -2.948852514666e-12       0.000000000000e+00       3.679996247890e-16       1.162380410492e-16      -1.174045679224e-17 
 1996       3.067103652382e-11       1.251181793354e-12      -2.949580182240e-12       0.000000000000e+00       3.672500276078e-16       1.161875376627e-16      -1.160619444437e-17 
 1997       3.070726295399e-11       1.241385657299e-12      -2.949742045312e-12       0.000000000000e+00       3.665022991625e-16       1.161312394174e-16      -1.147168278958e-17 
 1998       3.074329691932e-11       1.231555734953e-12      -2.949337498052e-12       0.000000000000e+00       3.657564333852e-16       1.160692563372e-16      -1.133697664434e-17 
 1999       3.077909672691e-11       1.221695546030e-12      -2.948365937297e-12       0.000000000000e+00       3.650124241554e-16       1.160016989369e-16      -1.120213104514e-17 
 2000       3.081462051896e-11       1.211808624504e-12      -2.946826762556e-12       0.000000000000e+00       3.642702652993e-16       1.159286782237e-16      -1.106720124875e-17 
 2001       3.084982627256e-11       1.201898518635e-12      -2.944719376011e-12       0.000000000000e+00       3.635299505901e-16       1.158503056972e-16      -1.093224273255e-17 
 2002       3.088467179946e-11       1.191968790976e-12      -2.942043182531e-12       0.000000000000e+00       3.627914737479e-16       1.157666933502e-16      -1.079731119476e-17 
 2003       3.091911474587e-11       1.182023018401e-12      -2.938797589668e-12       0.000000000000e+00       3.620548284391e-16       1.156779536694e-16      -1.066246255472e-17 
 2004       3.095311259230e-11       1.172064792118e-12      -2.934982007670e-12       0.000000000000e+00       3.613200082772e-16       1.155841996362e-16      -1.052775295318e-17 
 2005       3.098662265327e-11       1.162097717685e-12      -2.930595849483e-12       0.000000000000e+00       3.605870068219e-16       1.154855447269e-16      -1.039323875258e-17 
 2006       3.101960207718e-11       1.152125415032e-12      -2.925638530756e-12       0.000000000000e+00       3.598558175795e-16       1.153821029137e-16      -1.025897653728e-17 
 2007       3.105200784608e-11       1.142151518479e-12      -2.920109469848e-12       0.000000000000e+00       3.591264340027e-16       1.152739886652e-16      -1.012502311390e-17 
 2008       3.108379677546e-11       1.132179676748e-12      -2.914008087832e-12       0.000000000000e+00       3.583988494905e-16       1.151613169470e-16      -9.991435511544e-18 
 2009       3.111492902376e-11       1.122213376260e-12      -2.907335023376e-12       0.000000000000e+00       3.576730578574e-16       1.150441851309e-16      -9.858259418535e-18 
 2010       3.114537864936e-11       1.112255409552e-12      -2.900095787038e-12       0.000000000000e+00       3.569490547456e-16       1.149226185771e-16      -9.725494399855e-18 
 2011       3.117512313011e-11       1.102308403020e-12      -2.892297133606e-12       0.000000000000e+00       3.562268362227e-16       1.147966246566e-16      -9.593128426831e-18 
 2012       3.120413986046e-11       1.092374993306e-12      -2.883945849679e-12       0.000000000000e+00       3.555063983139e-16       1.146662108071e-16      -9.461149417629e-18 
 2013       3.123240615140e-11       1.082457827314e-12      -2.875048753713e-12       0.000000000000e+00       3.547877370012e-16       1.145313845330e-16      -9.329545237186e-18 
 2014       3.125989923035e-11       1.072559562221e-12      -2.865612696060e-12       0.000000000000e+00       3.540708482239e-16       1.143921534055e-16      -9.198303697141e-18 
 2015       3.128659624104e-11       1.062682865488e-12      -2.855644559010e-12       0.000000000000e+00       3.533557278782e-16       1.142485250626e-16      -9.067412555767e-18 
 2016       3.131247424342e-11       1.052830414877e-12      -2.845151256834e-12       0.000000000000e+00       3.526423718173e-16       1.141005072093e-16      -8.936859517902e-18 
 2017       3.133751021354e-11       1.043004898458e-12      -2.834139735821e-12       0.000000000000e+00       3.519307758513e-16       1.139481076177e-16      -8.806632234881e-18 
 2018       3.136168104350e-11       1.033209014626e-12      -2.822616974327e-12       0.000000000000e+00       3.512209357470e-16       1.137913341270e-16      -8.676718304465e-18 
 2019       3.138496354130e-11       1.023445472111e-12      -2.810589982809e-12       0.000000000000e+00       3.505128472280e-16       1.136301946438e-16      -8.547105270776e-18 
 2020       3.140733443074e-11       1.013716989994e-12      -2.798065803872e-12       0.000000000000e+00       3.498065059746e-16       1.134646971420e-16      -8.417780624226e-18 
 2021       3.142877035136e-11       1.004026297715e-12      -2.785051512306e-12       0.000000000000e+00       3.491019076237e-16       1.132948496630e-16      -8.288731801449e-18 
 2022       3.144924785830e-11       9.943761350894e-13      -2.771554215133e-12       0.000000000000e+00       3.483990477687e-16       1.131206603156e-16      -8.159946185233e-18 
 2023       3.146874342221e-11       9.847692523180e-13      -2.757581051645e-12       0.000000000000e+00       3.476979219595e-16       1.129421372765e-16      -8.031411104450e-18 
 2024       3.148723342915e-11       9.752084100017e-13      -2.743139193443e-12       0.000000000000e+00       3.469985257024e-16       1.127592887900e-16      -7.903113833989e-18 
 2025       3.150469418049e-11       9.656963791531e-13      -2.728235844486e-12       0.000000000000e+00       3.463008544600e-16       1.125721231684e-16      -7.775041594685e-18 
 2026       3.152110189283e-11       9.562359412090e-13      -2.712878241125e-12       0.000000000000e+00       3.456049036514e-16       1.123806487917e-16      -7.647181553254e-18 
 2027       3.153643269784e-11       9.468298880437e-13      -2.697073652150e-12       0.000000000000e+00       3.449106686515e-16       1.121848741083e-16      -7.519520822222e-18 
 2028       3.155066264223e-11       9.374810219809e-13      -2.680829378828e-12       0.000000000000e+00       3.442181447916e-16       1.119848076344e-16      -7.392046459855e-18 
 2029       3.156376768759e-11       9.281921558066e-13      -2.664152754946e-12       0.000000000000e+00       3.435273273591e-16       1.117804579548e-16      -7.264745470095e-18 
 2030       3.157572371034e-11       9.189661127820e-13      -2.647051146853e-12       0.000000000000e+00       3.428382115973e-16       1.115718337222e-16      -7.137604802485e-18 
 2031       3.158650650158e-11       9.098057266557e-13      -2.629531953501e-12       0.000000000000e+00       3.421507927054e-16       1.113589436582e-16      -7.010611352109e-18 
 2032       3.159609176702e-11       9.007138416766e-13      -2.611602606485e-12       0.000000000000e+00       3.414650658386e-16       1.111417965527e-16      -6.883751959513e-18 
 2033       3.160445512689e-11       8.916933126063e-13      -2.593270570089e-12       0.000000000000e+00       3.407810261079e-16       1.109204012642e-16      -6.757013410645e-18 
 2034       3.161157211578e-11       8.827470047321e-13      -2.574543341322e-12       0.000000000000e+00       3.400986685799e-16       1.106947667201e-16      -6.630382436784e-18 
 2035       3.161741818263e-11       8.738777938791e-13      -2.555428449963e-12       0.000000000000e+00       3.394179882769e-16       1.104649019165e-16      -6.503845714466e-18 
 2036       3.162196869053e-11       8.650885664233e-13      -2.535933458602e-12       0.000000000000e+00       3.387389801769e-16       1.102308159185e-16      -6.377389865426e-18 
 2037       3.162519891671e-11       8.563822193038e-13      -2.516065962682e-12       0.000000000000e+00       3.380616392133e-16       1.099925178601e-16      -6.251001456519e-18 
 2038       3.162708405236e-11       8.477616600359e-13      -2.495833590539e-12       0.000000000000e+00       3.373859602752e-16       1.097500169447e-16      -6.124666999656e-18 
 2039       3.162759920260e-11       8.392298067234e-13      -2.475244003444e-12       0.000000000000e+00       3.367119382068e-16       1.095033224446e-16      -5.998372951738e-18 
 2040       3.162671938631e-11       8.307895880710e-13      -2.454304895646e-12       0.000000000000e+00       3.360395678078e-16       1.092524437016e-16      -5.872105714583e-18 
 2041       3.162441953608e-11       8.224439433977e-13      -2.433023994412e-12       0.000000000000e+00       3.353688438331e-16       1.089973901269e-16      -5.745851634857e-18 
 2042       3.162067449810e-11       8.141958226486e-13      -2.411409060069e-12       0.000000000000e+00       3.346997609930e-16       1.087381712013e-16      -5.619597004010e-18 
 2043       3.161545903205e-11       8.060481864080e-13      -2.389467886045e-12       0.000000000000e+00       3.340323139527e-16       1.084747964750e-16      -5.493328058205e-18 
 2044       3.160874781098e-11       7.980040059117e-13      -2.367208298914e-12       0.000000000000e+00       3.333664973324e-16       1.082072755680e-16      -5.367030978246e-18 
 2045       3.160051542124e-11       7.900662630600e-13      -2.344638158431e-12       0.000000000000e+00       3.327023057076e-16       1.079356181702e-16      -5.240691889516e-18 
 2046       3.159073636239e-11       7.822379504302e-13      -2.321765357580e-12       0.000000000000e+00       3.320397336085e-16       1.076598340414e-16      -5.114296861902e-18 
 2047       3.157938504704e-11       7.745220712888e-13      -2.298597822611e-12       0.000000000000e+00       3.313787755203e-16       1.073799330113e-16      -4.987831909732e-18 
 2048       3.156644041291e-11       7.669212663216e-13      -2.275143735957e-12       0.000000000000e+00       3.307194261825e-16       1.070959130309e-16      -4.861288465871e-18 
 2049       3.155189979499e-11       7.594366908797e-13      -2.251412206628e-12       0.000000000000e+00       3.300616814908e-16       1.068077242333e-16      -4.734679846925e-18 
 2050       3.153576515230e-11       7.520691297340e-13      -2.227412604692e-12       0.000000000000e+00       3.294055376018e-16       1.065153046160e-16      -4.608024905579e-18 
 2051       3.151803846484e-11       7.448193696314e-13      -2.203154338882e-12       0.000000000000e+00       3.287509906335e-16       1.062185919665e-16      -4.481342567205e-18 
 2052       3.149872173358e-11       7.376881992972e-13      -2.178646856645e-12       0.000000000000e+00       3.280980366655e-16       1.059175238619e-16      -4.354651829945e-18 
 2053       3.147781698053e-11       7.306764094370e-13      -2.153899644191e-12       0.000000000000e+00       3.274466717392e-16       1.056120376688e-16      -4.227971764801e-18 
 2054       3.145532624875e-11       7.237847927382e-13      -2.128922226541e-12       0.000000000000e+00       3.267968918572e-16       1.053020705426e-16      -4.101321515722e-18 
 2055       3.143125160239e-11       7.170141438725e-13      -2.103724167574e-12       0.000000000000e+00       3.261486929834e-16       1.049875594279e-16      -3.974720299694e-18 
 2056       3.140559512672e-11       7.103652594976e-13      -2.078315070074e-12       0.000000000000e+00       3.255020710434e-16       1.046684410580e-16      -3.848187406825e-18 
 2057       3.137835892816e-11       7.038389382591e-13      -2.052704575781e-12       0.000000000000e+00       3.248570219237e-16       1.043446519542e-16      -3.721742200436e-18 
 2058       3.134954513430e-11       6.974359807925e-13      -2.026902365435e-12       0.000000000000e+00       3.242135414723e-16       1.040161284264e-16      -3.595404117148e-18 
 2059       3.131915589395e-11       6.911571897253e-13      -2.000918158827e-12       0.000000000000e+00       3.235716254983e-16       1.036828065722e-16      -3.469192666966e-18 
 2060       3.128719337715e-11       6.850033696786e-13      -1.974761714846e-12       0.000000000000e+00       3.229312697717e-16       1.033446222768e-16      -3.343127433374e-18 
 2061       3.125365977524e-11       6.789753272694e-13      -1.948442831526e-12       0.000000000000e+00       3.222924700239e-16       1.030015112131e-16      -3.217228073417e-18 
 2062       3.121855730082e-11       6.730738711125e-13      -1.921971346097e-12       0.000000000000e+00       3.216552219470e-16       1.026534088408e-16      -3.091514317793e-18 
 2063       3.118188818787e-11       6.672998118221e-13      -1.895357135027e-12       0.000000000000e+00       3.210195211942e-16       1.023002504069e-16      -2.966005970938e-18 
 2064       3.114365469171e-11       6.616539620142e-13      -1.868610114077e-12       0.000000000000e+00       3.203853633794e-16       1.019419709449e-16      -2.840722911115e-18 
 2065       3.110385908904e-11       6.561371363083e-13      -1.841740238344e-12       0.000000000000e+00       3.197527440775e-16       1.015785052747e-16      -2.715685090501e-18 
 2066       3.106250367803e-11       6.507501513295e-13      -1.814757502309e-12       0.000000000000e+00       3.191216588241e-16       1.012097880027e-16      -2.590912535279e-18 
 2067       3.101959077826e-11       6.454938257101e-13      -1.787671939889e-12       0.000000000000e+00       3.184921031154e-16       1.008357535208e-16      -2.466425345720e-18 
 2068       3.097512273085e-11       6.403689800920e-13      -1.760493624481e-12       0.000000000000e+00       3.178640724083e-16       1.004563360071e-16      -2.342243696276e-18 
 2069       3.092910189838e-11       6.353764371286e-13      -1.733232669012e-12       0.000000000000e+00       3.172375621203e-16       1.000714694248e-16      -2.218387835664e-18 
 2070       3.088153066503e-11       6.305170214861e-13      -1.705899225985e-12       0.000000000000e+00       3.166125676294e-16       9.968108752259e-17      -2.094878086955e-18 
 2071       3.083241143654e-11       6.257915598465e-13      -1.678503487528e-12       0.000000000000e+00       3.159890842741e-16       9.928512383396e-17      -1.971734847666e-18 
 2072       3.078174664027e-11       6.212008809086e-13      -1.651055685443e-12       0.000000000000e+00       3.153671073533e-16       9.888351167722e-17      -1.848978589842e-18 
 2073       3.072953872520e-11       6.167458153906e-13      -1.623566091252e-12       0.000000000000e+00       3.147466321262e-16       9.847618415519e-17      -1.726629860146e-18 
 2074       3.067579016201e-11       6.124271960317e-13      -1.596045016248e-12       0.000000000000e+00       3.141276538122e-16       9.806307415492e-17      -1.604709279950e-18 
 2075       3.062050344307e-11       6.082458575940e-13      -1.568502811538e-12       0.000000000000e+00       3.135101675912e-16       9.764411434746e-17      -1.483237545418e-18 
 2076       3.056368108250e-11       6.042026368649e-13      -1.540949868094e-12       0.000000000000e+00       3.128941686029e-16       9.721923718767e-17      -1.362235427597e-18 
 2077       3.050532561616e-11       6.002983726584e-13      -1.513396616803e-12       0.000000000000e+00       3.122796519475e-16       9.678837491387e-17      -1.241723772505e-18 
 2078       3.044543960175e-11       5.965339058176e-13      -1.485853528510e-12       0.000000000000e+00       3.116666126850e-16       9.635145954770e-17      -1.121723501217e-18 
 2079       3.038402561874e-11       5.929100792163e-13      -1.458331114070e-12       0.000000000000e+00       3.110550458355e-16       9.590842289382e-17      -1.002255609956e-18 
 2080       3.032108626851e-11       5.894277377614e-13      -1.430839924394e-12       0.000000000000e+00       3.104449463789e-16       9.545919653967e-17      -8.833411701760e-19 
 2081       3.025662417431e-11       5.860877283940e-13      -1.403390550497e-12       0.000000000000e+00       3.098363092551e-16       9.500371185525e-17      -7.650013286563e-19 
 2082       3.019064198130e-11       5.828909000925e-13      -1.375993623546e-12       0.000000000000e+00       3.092291293638e-16       9.454189999285e-17      -6.472573075842e-19 
 2083       3.012314235661e-11       5.798381038733e-13      -1.348659814909e-12       0.000000000000e+00       3.086234015645e-16       9.407369188683e-17      -5.301304046452e-19 
 2084       3.005412798934e-11       5.769301927939e-13      -1.321399836202e-12       0.000000000000e+00       3.080191206764e-16       9.359901825333e-17      -4.136419931110e-19 
 2085       2.998360159061e-11       5.741680219540e-13      -1.294224439337e-12       0.000000000000e+00       3.074162814781e-16       9.311780959010e-17      -2.978135219266e-19 
 2086       2.991156589357e-11       5.715524484979e-13      -1.267144416569e-12       0.000000000000e+00       3.068148787082e-16       9.262999617618e-17      -1.826665157990e-19 
 2087       2.983802675009e-11       5.690839926399e-13      -1.240169889878e-12       0.000000000000e+00       3.062149074159e-16       9.213556530736e-17      -6.822303723996e-20 
 2088       2.976300244429e-11       5.667618181375e-13      -1.213308173565e-12       0.000000000000e+00       3.056163640185e-16       9.163473344166e-17       4.549292393885e-20 
 2089       2.968651444440e-11       5.645847446712e-13      -1.186565896759e-12       0.000000000000e+00       3.050192452515e-16       9.112777526074e-17       1.584568301999e-19 
 2090       2.960858431215e-11       5.625515861645e-13      -1.159949712750e-12       0.000000000000e+00       3.044235478179e-16       9.061496654521e-17       2.706440572497e-19 
 2091       2.952923370286e-11       5.606611507764e-13      -1.133466299023e-12       0.000000000000e+00       3.038292683881e-16       9.009658417596e-17       3.820298939381e-19 
 2092       2.944848436565e-11       5.589122408939e-13      -1.107122357280e-12       0.000000000000e+00       3.032364035997e-16       8.957290613549e-17       4.925895421576e-19 
 2093       2.936635814343e-11       5.573036531251e-13      -1.080924613474e-12       0.000000000000e+00       3.026449500577e-16       8.904421150925e-17       6.022981167427e-19 
 2094       2.928287697314e-11       5.558341782909e-13      -1.054879817832e-12       0.000000000000e+00       3.020549043345e-16       8.851078048694e-17       7.111306453695e-19 
 2095       2.919806288578e-11       5.545026014187e-13      -1.028994744888e-12       0.000000000000e+00       3.014662629694e-16       8.797289436389e-17       8.190620684545e-19 
 2096       2.911193800654e-11       5.533077017342e-13      -1.003276193510e-12       0.000000000000e+00       3.008790224691e-16       8.743083554238e-17       9.260672390545e-19 
 2097       2.902452455496e-11       5.522482526544e-13      -9.777309869243e-13       0.000000000000e+00       3.002931793074e-16       8.688488753293e-17       1.032120922766e-18 
 2098       2.893584484501e-11       5.513230217801e-13      -9.523659727509e-13       0.000000000000e+00       2.997087299249e-16       8.633533495568e-17       1.137197797622e-18 
 2099       2.884592128519e-11       5.505307708885e-13      -9.271880230267e-13       0.000000000000e+00       2.991256707296e-16       8.578246354171e-17       1.241272453998e-18 
 2100       2.875477637870e-11       5.498702559258e-13      -9.022040342355e-13       0.000000000000e+00       2.985439980960e-16       8.522656013436e-17       1.344319394503e-18 
 2101       2.866243272350e-11       5.493402270001e-13      -8.774209273363e-13       0.000000000000e+00       2.979637083660e-16       8.466791269057e-17       1.446313033884e-18 
 2102       2.856891301247e-11       5.489394283734e-13      -8.528456477920e-13       0.000000000000e+00       2.973847978480e-16       8.410681028222e-17       1.547227698925e-18 
 2103       2.847424003350e-11       5.486665984549e-13      -8.284851655968e-13       0.000000000000e+00       2.968072628174e-16       8.354354309743e-17       1.647037628343e-18 
 2104       2.837843666960e-11       5.485204697931e-13      -8.043464753056e-13       0.000000000000e+00       2.962310995161e-16       8.297840244195e-17       1.745716972693e-18 
 2105       2.828152589905e-11       5.484997690687e-13      -7.804365960618e-13       0.000000000000e+00       2.956563041532e-16       8.241168074043e-17       1.843239794263e-18 
 2106       2.818353079548e-11       5.486032170872e-13      -7.567625716256e-13       0.000000000000e+00       2.950828729040e-16       8.184367153779e-17       1.939580066972e-18 
 2107       2.808447452802e-11       5.488295287714e-13      -7.333314704026e-13       0.000000000000e+00       2.945108019106e-16       8.127466950054e-17       2.034711676276e-18 
 2108       2.798438036138e-11       5.491774131538e-13      -7.101503854722e-13       0.000000000000e+00       2.939400872817e-16       8.070497041813e-17       2.128608419059e-18 
 2109       2.788327165600e-11       5.496455733699e-13      -6.872264346156e-13       0.000000000000e+00       2.933707250925e-16       8.013487120423e-17       2.221244003540e-18 
 2110       2.778117186813e-11       5.502327066501e-13      -6.645667603446e-13       0.000000000000e+00       2.928027113846e-16       7.956466989814e-17       2.312592049167e-18 
 2111       2.767810454998e-11       5.509375043126e-13      -6.421785299295e-13       0.000000000000e+00       2.922360421661e-16       7.899466566604e-17       2.402626086519e-18 
 2112       2.757409334982e-11       5.517586517561e-13      -6.200689354278e-13       0.000000000000e+00       2.916707134115e-16       7.842515880240e-17       2.491319557202e-18 
 2113       2.746916201210e-11       5.526948284524e-13      -5.982451937126e-13       0.000000000000e+00       2.911067210616e-16       7.785645073124e-17       2.578645813756e-18 
 2114       2.736333437757e-11       5.537447079388e-13      -5.767145465006e-13       0.000000000000e+00       2.905440610233e-16       7.728884400753e-17       2.664578119543e-18 
 2115       2.725663438338e-11       5.549069578109e-13      -5.554842603808e-13       0.000000000000e+00       2.899827291700e-16       7.672264231845e-17       2.749089648658e-18 
 2116       2.714908606321e-11       5.561802397151e-13      -5.345616268426e-13       0.000000000000e+00       2.894227213411e-16       7.615815048479e-17       2.832153485820e-18 
 2117       2.704071354738e-11       5.575632093414e-13      -5.139539623043e-13       0.000000000000e+00       2.888640333423e-16       7.559567446225e-17       2.913742626274e-18 
 2118       2.693154106298e-11       5.590545164158e-13      -4.936686081415e-13       0.000000000000e+00       2.883066609451e-16       7.503552134276e-17       2.993829975692e-18 
 2119       2.682159293397e-11       5.606528046931e-13      -4.737129307154e-13       0.000000000000e+00       2.877505998872e-16       7.447799935583e-17       3.072388350070e-18 
 2120       2.671089358130e-11       5.623567119493e-13      -4.540943214010e-13       0.000000000000e+00       2.871958458725e-16       7.392341786989e-17       3.149390475628e-18 
 2121       2.659946752303e-11       5.641648699746e-13      -4.348201966158e-13       0.000000000000e+00       2.866423945704e-16       7.337208739360e-17       3.224808988712e-18 
 2122       2.648733937444e-11       5.660759045653e-13      -4.158979978477e-13       0.000000000000e+00       2.860902416165e-16       7.282431957720e-17       3.298616435687e-18 
 2123       2.637453384815e-11       5.680884355173e-13      -3.973351916839e-13       0.000000000000e+00       2.855393826120e-16       7.228042721383e-17       3.370785272844e-18 
 2124       2.626107575424e-11       5.702010766180e-13      -3.791392698388e-13       0.000000000000e+00       2.849898131242e-16       7.174072424087e-17       3.441287866292e-18 
 2125       2.614699000037e-11       5.724124356394e-13      -3.613177491825e-13       0.000000000000e+00       2.844415286859e-16       7.120552574125e-17       3.510096491865e-18 
 2126       2.603230177752e-11       5.747209828170e-13      -3.438770495065e-13       0.000000000000e+00       2.838945250852e-16       7.067508096176e-17       3.577196700701e-18 
 2127       2.591703711853e-11       5.771246553130e-13      -3.268191183175e-13       0.000000000000e+00       2.833487992360e-16       7.014937186099e-17       3.642627516796e-18 
 2128       2.580122234364e-11       5.796212500150e-13      -3.101447828605e-13       0.000000000000e+00       2.828043483134e-16       6.962831317691e-17       3.706441516029e-18 
 2129       2.568488387533e-11       5.822085547916e-13      -2.938548702698e-13       0.000000000000e+00       2.822611694646e-16       6.911181928363e-17       3.768691485859e-18 
 2130       2.556804823844e-11       5.848843484808e-13      -2.779502075676e-13       0.000000000000e+00       2.817192598088e-16       6.859980419085e-17       3.829430425579e-18 
 2131       2.545074206029e-11       5.876464008799e-13      -2.624316216629e-13       0.000000000000e+00       2.811786164371e-16       6.809218154350e-17       3.888711546573e-18 
 2132       2.533299207078e-11       5.904924727341e-13      -2.472999393499e-13       0.000000000000e+00       2.806392364129e-16       6.758886462126e-17       3.946588272562e-18 
 2133       2.521482510255e-11       5.934203157258e-13      -2.325559873063e-13       0.000000000000e+00       2.801011167712e-16       6.708976633813e-17       4.003114239869e-18 
 2134       2.509626809108e-11       5.964276724640e-13      -2.182005920923e-13       0.000000000000e+00       2.795642545190e-16       6.659479924194e-17       4.058343297662e-18 
 2135       2.497734807480e-11       5.995122764727e-13      -2.042345801490e-13       0.000000000000e+00       2.790286466352e-16       6.610387551398e-17       4.112329508218e-18 
 2136       2.485809219524e-11       6.026718521808e-13      -1.906587777969e-13       0.000000000000e+00       2.784942900704e-16       6.561690696847e-17       4.165127147169e-18 
 2137       2.473852769711e-11       6.059041149108e-13      -1.774740112345e-13       0.000000000000e+00       2.779611817470e-16       6.513380505220e-17       4.216790703762e-18 
 2138       2.461868192846e-11       6.092067708680e-13      -1.646811065371e-13       0.000000000000e+00       2.774293185592e-16       6.465448084401e-17       4.267374881107e-18 
 2139       2.449858234079e-11       6.125775171297e-13      -1.522808896550e-13       0.000000000000e+00       2.768986973728e-16       6.417884505438e-17       4.316934596437e-18 
 2140       2.437825648916e-11       6.160140416343e-13      -1.402741864124e-13       0.000000000000e+00       2.763693150252e-16       6.370680802500e-17       4.365524981359e-18 
 2141       2.425773203232e-11       6.195140231703e-13      -1.286618225058e-13       0.000000000000e+00       2.758411683254e-16       6.323827972828e-17       4.413201382109e-18 
 2142       2.413703673283e-11       6.230751313655e-13      -1.174446235025e-13       0.000000000000e+00       2.753142540542e-16       6.277316976695e-17       4.460019359805e-18 
 2143       2.401619845717e-11       6.266950266762e-13      -1.066234148395e-13       0.000000000000e+00       2.747885689635e-16       6.231138737358e-17       4.506034690700e-18 
 2144       2.389524517590e-11       6.303713603764e-13      -9.619902182176e-14       0.000000000000e+00       2.742641097771e-16       6.185284141016e-17       4.551303366439e-18 
 2145       2.377420496371e-11       6.341017745465e-13      -8.617226962087e-14       0.000000000000e+00       2.737408731898e-16       6.139744036763e-17       4.595881594313e-18 
 2146       2.365310599962e-11       6.378839020630e-13      -7.654398327367e-14       0.000000000000e+00       2.732188558682e-16       6.094509236545e-17       4.639825797509e-18 
 2147       2.353197656705e-11       6.417153665871e-13      -6.731498768078e-14       0.000000000000e+00       2.726980544500e-16       6.049570515118e-17       4.683192615367e-18 
 2148       2.341084505395e-11       6.455937825543e-13      -5.848610760519e-14       0.000000000000e+00       2.721784655443e-16       6.004918609997e-17       4.726038903636e-18 
 2149       2.328973995295e-11       6.495167551630e-13      -5.005816767083e-14       0.000000000000e+00       2.716600857315e-16       5.960544221416e-17       4.768421734723e-18 
 2150       2.316868986142e-11       6.534818803642e-13      -4.203199236116e-14       0.000000000000e+00       2.711429115630e-16       5.916438012284e-17       4.810398397951e-18 
 2151       2.304772348167e-11       6.574867448502e-13      -3.440840601771e-14       0.000000000000e+00       2.706269395617e-16       5.872590608139e-17       4.852026399811e-18 
 2152       2.292686962100e-11       6.615289260437e-13      -2.718823283869e-14       0.000000000000e+00       2.701121662215e-16       5.828992597101e-17       4.893363464219e-18 
 2153       2.280615719186e-11       6.656059920875e-13      -2.037229687756e-14       0.000000000000e+00       2.695985880074e-16       5.785634529832e-17       4.934467532764e-18 
 2154       2.268561521197e-11       6.697155018328e-13      -1.396142204157e-14       0.000000000000e+00       2.690862013554e-16       5.742506919490e-17       4.975396764968e-18 
 2155       2.256527280442e-11       6.738550048289e-13      -7.956432090405e-15       0.000000000000e+00       2.685750026727e-16       5.699600241683e-17       5.016209538539e-18 
 2156       2.244515919782e-11       6.780220413121e-13      -2.358150634672e-15       0.000000000000e+00       2.680649883373e-16       5.656904934423e-17       5.056964449622e-18 
 2157       2.232530372639e-11       6.822141421951e-13       2.832598865456e-15       0.000000000000e+00       2.675561546982e-16       5.614411398089e-17       5.097720313055e-18 
 2158       2.220573583010e-11       6.864288290555e-13       7.614993101696e-15       0.000000000000e+00       2.670484980754e-16       5.572109995372e-17       5.138536162624e-18 
 2159       2.208648505479e-11       6.906636141256e-13       1.198820891907e-14       0.000000000000e+00       2.665420147596e-16       5.529991051239e-17       5.179471251314e-18 
 2160       2.196758105229e-11       6.949160002813e-13       1.595142331735e-14       0.000000000000e+00       2.660367010124e-16       5.488044852883e-17       5.220585051568e-18 
 2161       2.184905358054e-11       6.991834810310e-13       1.950381345243e-14       0.000000000000e+00       2.655325530662e-16       5.446261649683e-17       5.261937255535e-18 
 2162       2.173093250371e-11       7.034635405049e-13       2.264455663783e-14       0.000000000000e+00       2.650295671240e-16       5.404631653154e-17       5.303587775329e-18 
 2163       2.161324779231e-11       7.077536534444e-13       2.537283034605e-14       0.000000000000e+00       2.645277393597e-16       5.363145036908e-17       5.345596743279e-18 
 2164       2.149602952335e-11       7.120512851905e-13       2.768781221005e-14       0.000000000000e+00       2.640270659176e-16       5.321791936606e-17       5.388024512188e-18 
 2165       2.137930559089e-11       7.163540029371e-13       2.958954028706e-14       0.000000000000e+00       2.635275431949e-16       5.280564221312e-17       5.430917853739e-18 
 2166       2.126309482083e-11       7.206598103317e-13       3.108150020495e-14       0.000000000000e+00       2.630291686890e-16       5.239460820738e-17       5.474268451222e-18 
 2167       2.114741380980e-11       7.249668151151e-13       3.216805551205e-14       0.000000000000e+00       2.625319401558e-16       5.198482433931e-17       5.518054126658e-18 
 2168       2.103227921057e-11       7.292731180555e-13       3.285358902643e-14       0.000000000000e+00       2.620358553279e-16       5.157629761145e-17       5.562252617064e-18 
 2169       2.091770773209e-11       7.335768129404e-13       3.314250285934e-14       0.000000000000e+00       2.615409119145e-16       5.116903503847e-17       5.606841574350e-18 
 2170       2.080371613952e-11       7.378759865684e-13       3.303921843867e-14       0.000000000000e+00       2.610471076016e-16       5.076304364712e-17       5.651798565219e-18 
 2171       2.069032125437e-11       7.421687187417e-13       3.254817653235e-14       0.000000000000e+00       2.605544400519e-16       5.035833047626e-17       5.697101071073e-18 
 2172       2.057753995447e-11       7.464530822573e-13       3.167383727183e-14       0.000000000000e+00       2.600629069045e-16       4.995490257687e-17       5.742726487910e-18 
 2173       2.046538917411e-11       7.507271428998e-13       3.042068017550e-14       0.000000000000e+00       2.595725057752e-16       4.955276701206e-17       5.788652126225e-18 
 2174       2.035388590404e-11       7.549889594327e-13       2.879320417213e-14       0.000000000000e+00       2.590832342563e-16       4.915193085708e-17       5.834855210911e-18 
 2175       2.024304719158e-11       7.592365835906e-13       2.679592762431e-14       0.000000000000e+00       2.585950899168e-16       4.875240119931e-17       5.881312881161e-18 
 2176       2.013289014066e-11       7.634680600715e-13       2.443338835189e-14       0.000000000000e+00       2.581080703020e-16       4.835418513828e-17       5.928002190369e-18 
 2177       2.002343191189e-11       7.676814265282e-13       2.171014365541e-14       0.000000000000e+00       2.576221729337e-16       4.795728978569e-17       5.974900106028e-18 
 2178       1.991468972263e-11       7.718747135607e-13       1.863077033956e-14       0.000000000000e+00       2.571373953099e-16       4.756172226540e-17       6.021983509635e-18 
 2179       1.980668084701e-11       7.760459447079e-13       1.519986473658e-14       0.000000000000e+00       2.566537349054e-16       4.716748971343e-17       6.069229196588e-18 
 2180       1.969942261605e-11       7.801931364397e-13       1.142204272976e-14       0.000000000000e+00       2.561711891709e-16       4.677459927800e-17       6.116613876090e-18 
 2181       1.959293241769e-11       7.843142981492e-13       7.301939776821e-15       0.000000000000e+00       2.556897555338e-16       4.638305811950e-17       6.164114171046e-18 
 2182       1.948722769686e-11       7.884074321441e-13       2.844210933376e-15       0.000000000000e+00       2.552094313974e-16       4.599287341054e-17       6.211706617969e-18 
 2183       1.938232595555e-11       7.924705336392e-13      -1.946469123624e-15       0.000000000000e+00       2.547302141416e-16       4.560405233591e-17       6.259367666876e-18 
 2184       1.927824475285e-11       7.965015907482e-13      -7.065406072458e-15       0.000000000000e+00       2.542521011222e-16       4.521660209263e-17       6.307073681191e-18 
 2185       1.917500170503e-11       8.004985844754e-13      -1.250788592320e-14       0.000000000000e+00       2.537750896714e-16       4.483052988993e-17       6.354800937648e-18 
 2186       1.907261448560e-11       8.044594887083e-13      -1.826917499427e-14       0.000000000000e+00       2.532991770973e-16       4.444584294928e-17       6.402525626187e-18 
 2187       1.897110082538e-11       8.083822702088e-13      -2.434451988901e-14       0.000000000000e+00       2.528243606845e-16       4.406254850437e-17       6.450223849858e-18 
 2188       1.887047851255e-11       8.122648886060e-13      -3.072914747222e-14       0.000000000000e+00       2.523506376931e-16       4.368065380115e-17       6.497871624722e-18 
 2189       1.877076539271e-11       8.161052963872e-13      -3.741826484676e-14       0.000000000000e+00       2.518780053598e-16       4.330016609780e-17       6.545444879750e-18 
 2190       1.867197936895e-11       8.199014388909e-13      -4.440705933006e-14       0.000000000000e+00       2.514064608970e-16       4.292109266478e-17       6.592919456726e-18 
 2191       1.857413840192e-11       8.236512542980e-13      -5.169069843072e-14       0.000000000000e+00       2.509360014930e-16       4.254344078480e-17       6.640271110147e-18 
 2192       1.847726050989e-11       8.273526736240e-13      -5.926432982505e-14       0.000000000000e+00       2.504666243123e-16       4.216721775287e-17       6.687475507121e-18 
 2193       1.838136376877e-11       8.310036207112e-13      -6.712308133366e-14       0.000000000000e+00       2.499983264951e-16       4.179243087625e-17       6.734508227274e-18 
 2194       1.828646631226e-11       8.346020122205e-13      -7.526206089798e-14       0.000000000000e+00       2.495311051575e-16       4.141908747452e-17       6.781344762646e-18 
 2195       1.819258633183e-11       8.381457576231e-13      -8.367635655685e-14       0.000000000000e+00       2.490649573916e-16       4.104719487953e-17       6.827960517590e-18 
 2196       1.809974207682e-11       8.416327591931e-13      -9.236103642306e-14       0.000000000000e+00       2.485998802650e-16       4.067676043547e-17       6.874330808682e-18 
 2197       1.800795185449e-11       8.450609119987e-13      -1.013111486599e-13       0.000000000000e+00       2.481358708212e-16       4.030779149882e-17       6.920430864611e-18 
 2198       1.791723403011e-11       8.484281038949e-13      -1.105217214579e-13       0.000000000000e+00       2.476729260796e-16       3.994029543838e-17       6.966235826085e-18 
 2199       1.782760702698e-11       8.517322155150e-13      -1.199877630110e-13       0.000000000000e+00       2.472110430351e-16       3.957427963530e-17       7.011720745735e-18 
 2200       1.773908932652e-11       8.549711202627e-13      -1.297042614935e-13       0.000000000000e+00       2.467502186583e-16       3.920975148304e-17       7.056860588009e-18 
 2201       1.765169946833e-11       8.581426843042e-13      -1.396661850364e-13       0.000000000000e+00       2.462904498954e-16       3.884671838743e-17       7.101630229077e-18 
 2202       1.756545605025e-11       8.612447665599e-13      -1.498684817040e-13       0.000000000000e+00       2.458317336683e-16       3.848518776664e-17       7.146004456732e-18 
 2203       1.748037772841e-11       8.642752186967e-13      -1.603060794707e-13       0.000000000000e+00       2.453740668744e-16       3.812516705120e-17       7.189957970288e-18 
 2204       1.739648010109e-11       8.672321392491e-13      -1.709736786779e-13       0.000000000000e+00       2.449174465073e-16       3.776667306559e-17       7.233461853450e-18 
 2205       1.731376633738e-11       8.701146378453e-13      -1.818651279468e-13       0.000000000000e+00       2.444618700200e-16       3.740976024100e-17       7.276472967507e-18 
 2206       1.723223648639e-11       8.729220760412e-13      -1.929740440739e-13       0.000000000000e+00       2.440073349640e-16       3.705449258996e-17       7.318944487484e-18 
 2207       1.715189058782e-11       8.756538136504e-13      -2.042940191450e-13       0.000000000000e+00       2.435538388690e-16       3.670093434205e-17       7.360829422601e-18 
 2208       1.707272867190e-11       8.783092087423e-13      -2.158186205070e-13       0.000000000000e+00       2.431013792424e-16       3.634914994411e-17       7.402080616080e-18 
 2209       1.699475075942e-11       8.808876176404e-13      -2.275413907391e-13       0.000000000000e+00       2.426499535700e-16       3.599920406051e-17       7.442650744960e-18 
 2210       1.691795686173e-11       8.833883949204e-13      -2.394558476242e-13       0.000000000000e+00       2.421995593153e-16       3.565116157334e-17       7.482492319913e-18 
 2211       1.684234698066e-11       8.858108934089e-13      -2.515554841206e-13       0.000000000000e+00       2.417501939199e-16       3.530508758272e-17       7.521557685056e-18 
 2212       1.676792110856e-11       8.881544641809e-13      -2.638337683332e-13       0.000000000000e+00       2.413018548032e-16       3.496104740698e-17       7.559799017767e-18 
 2213       1.669467922827e-11       8.904184565587e-13      -2.762841434850e-13       0.000000000000e+00       2.408545393625e-16       3.461910658292e-17       7.597168328494e-18 
 2214       1.662262131310e-11       8.926022181098e-13      -2.889000278885e-13       0.000000000000e+00       2.404082449729e-16       3.427933086605e-17       7.633617460574e-18 
 2215       1.655174732683e-11       8.947050946453e-13      -3.016748149172e-13       0.000000000000e+00       2.399629689873e-16       3.394178623084e-17       7.669098090044e-18 
 2216       1.648205722368e-11       8.967264302181e-13      -3.146018729770e-13       0.000000000000e+00       2.395187087366e-16       3.360653887094e-17       7.703561725454e-18 
 2217       1.641355094831e-11       8.986655671212e-13      -3.276745454779e-13       0.000000000000e+00       2.390754615292e-16       3.327365519943e-17       7.736959707684e-18 
 2218       1.634622843577e-11       9.005218458857e-13      -3.408861508048e-13       0.000000000000e+00       2.386332246513e-16       3.294320184906e-17       7.769243209754e-18 
 2219       1.628008961154e-11       9.022946052795e-13      -3.542299822896e-13       0.000000000000e+00       2.381919953668e-16       3.261524567249e-17       7.800363236640e-18 
 2220       1.621513439149e-11       9.039831823050e-13      -3.676993081823e-13       0.000000000000e+00       2.377517709172e-16       3.228985374252e-17       7.830270625088e-18 
 2221       1.615136268184e-11       9.055869121979e-13      -3.812873716224e-13       0.000000000000e+00       2.373125485218e-16       3.196709335234e-17       7.858916043427e-18 
 2222       1.608877437919e-11       9.071051284250e-13      -3.949873906106e-13       0.000000000000e+00       2.368743253773e-16       3.164703201577e-17       7.886249991381e-18 
 2223       1.602736937047e-11       9.085371626826e-13      -4.087925579799e-13       0.000000000000e+00       2.364370986581e-16       3.132973746749e-17       7.912222799886e-18 
 2224       1.596714753295e-11       9.098823448950e-13      -4.226960413675e-13       0.000000000000e+00       2.360008655159e-16       3.101527766328e-17       7.936784630902e-18 
 2225       1.590810873423e-11       9.111400032121e-13      -4.366909831856e-13       0.000000000000e+00       2.355656230803e-16       3.070372078027e-17       7.959885477227e-18 
 2226       1.585025283217e-11       9.123094640085e-13      -4.507705005934e-13       0.000000000000e+00       2.351313684579e-16       3.039513521719e-17       7.981475162311e-18 
 2227       1.579357967496e-11       9.133900518811e-13      -4.649276854684e-13       0.000000000000e+00       2.346980987332e-16       3.008958959456e-17       8.001503340068e-18 
 2228       1.573808910104e-11       9.143810896475e-13      -4.791556043774e-13       0.000000000000e+00       2.342658109678e-16       2.978715275499e-17       8.019919494694e-18 
 2229       1.568378093911e-11       9.152818983443e-13      -4.934472985487e-13       0.000000000000e+00       2.338345022008e-16       2.948789376338e-17       8.036672940475e-18 
 2230       1.563065500811e-11       9.160917972256e-13      -5.077957838430e-13       0.000000000000e+00       2.334041694486e-16       2.919188190718e-17       8.051712821606e-18 
 2231       1.557871111723e-11       9.168101037606e-13      -5.221940507249e-13       0.000000000000e+00       2.329748097050e-16       2.889918669661e-17       8.064988112001e-18 
 2232       1.552794906585e-11       9.174361336325e-13      -5.366350642344e-13       0.000000000000e+00       2.325464199409e-16       2.860987786492e-17       8.076447615110e-18 
 2233       1.547836864355e-11       9.179692007365e-13      -5.511117639584e-13       0.000000000000e+00       2.321189971047e-16       2.832402536862e-17       8.086039963728e-18 
 2234       1.542996963013e-11       9.184086171779e-13      -5.656170640022e-13       0.000000000000e+00       2.316925381218e-16       2.804169938771e-17       8.093713619815e-18 
 2235       1.538275179551e-11       9.187536932705e-13      -5.801438529606e-13       0.000000000000e+00       2.312670398950e-16       2.776297032593e-17       8.099416874305e-18 
 2236       1.533671489981e-11       9.190037375348e-13      -5.946849938897e-13       0.000000000000e+00       2.308424993041e-16       2.748790881102e-17       8.103097846922e-18 
 2237       1.529185869327e-11       9.191580566964e-13      -6.092333242781e-13       0.000000000000e+00       2.304189132062e-16       2.721658569492e-17       8.104704485991e-18 
 2238       1.524818291626e-11       9.192159556840e-13      -6.237816560186e-13       0.000000000000e+00       2.299962784352e-16       2.694907205402e-17       8.104184568255e-18 
 2239       1.520568729926e-11       9.191767376278e-13      -6.383227753793e-13       0.000000000000e+00       2.295745918024e-16       2.668543918942e-17       8.101485698689e-18 
 2240       1.516437156288e-11       9.190397038577e-13      -6.528494429751e-13       0.000000000000e+00       2.291538500960e-16       2.642575862716e-17       8.096555310311e-18 
 2241       1.512423541776e-11       9.188041539015e-13      -6.673543937396e-13       0.000000000000e+00       2.287340500811e-16       2.617010211845e-17       8.089340663995e-18 
 2242       1.508527856466e-11       9.184693854833e-13      -6.818303368959e-13       0.000000000000e+00       2.283151885001e-16       2.591854163991e-17       8.079788848291e-18 
 2243       1.504749853068e-11       9.180349345640e-13      -6.962704046627e-13       0.000000000000e+00       2.278972622718e-16       2.567112789734e-17       8.067864669349e-18 
 2244       1.501088416285e-11       9.175012971793e-13      -7.106695016291e-13       0.000000000000e+00       2.274802690934e-16       2.542782568317e-17       8.053604448710e-18 
 2245       1.497542209207e-11       9.168692123098e-13      -7.250229641301e-13       0.000000000000e+00       2.270642068429e-16       2.518857809758e-17       8.037062576281e-18 
 2246       1.494109889287e-11       9.161394222700e-13      -7.393261122940e-13       0.000000000000e+00       2.266490733790e-16       2.495332800636e-17       8.018293652340e-18 
 2247       1.490790108335e-11       9.153126727124e-13      -7.535742500248e-13       0.000000000000e+00       2.262348665420e-16       2.472201804067e-17       7.997352487775e-18 
 2248       1.487581512514e-11       9.143897126319e-13      -7.677626649839e-13       0.000000000000e+00       2.258215841531e-16       2.449459059676e-17       7.974294104328e-18 
 2249       1.484482742328e-11       9.133712943689e-13      -7.818866285727e-13       0.000000000000e+00       2.254092240143e-16       2.427098783570e-17       7.949173734830e-18 
 2250       1.481492432620e-11       9.122581736141e-13      -7.959413959143e-13       0.000000000000e+00       2.249977839092e-16       2.405115168308e-17       7.922046823446e-18 
 2251       1.478609212563e-11       9.110511094120e-13      -8.099222058360e-13       0.000000000000e+00       2.245872616018e-16       2.383502382878e-17       7.892969025910e-18 
 2252       1.475831705654e-11       9.097508641651e-13      -8.238242808512e-13       0.000000000000e+00       2.241776548374e-16       2.362254572666e-17       7.861996209772e-18 
 2253       1.473158529709e-11       9.083582036376e-13      -8.376428271418e-13       0.000000000000e+00       2.237689613424e-16       2.341365859431e-17       7.829184454634e-18 
 2254       1.470588296851e-11       9.068738969596e-13      -8.513730345399e-13       0.000000000000e+00       2.233611788238e-16       2.320830341278e-17       7.794590052388e-18 
 2255       1.468119613513e-11       9.052987166312e-13      -8.650100765104e-13       0.000000000000e+00       2.229543049696e-16       2.300642092626e-17       7.758269507464e-18 
 2256       1.465751080421e-11       9.036334385259e-13      -8.785491101329e-13       0.000000000000e+00       2.225483374488e-16       2.280795164188e-17       7.720279537062e-18 
 2257       1.463481292594e-11       9.018788418953e-13      -8.919852760838e-13       0.000000000000e+00       2.221432739112e-16       2.261283582939e-17       7.680677071397e-18 
 2258       1.461308839334e-11       9.000357093725e-13      -9.053136986185e-13       0.000000000000e+00       2.217391119874e-16       2.242101352088e-17       7.639519253938e-18 
 2259       1.459232304224e-11       8.981048269763e-13      -9.185294855535e-13       0.000000000000e+00       2.213358492887e-16       2.223242451054e-17       7.596863441649e-18 
 2260       1.457250265115e-11       8.960869841153e-13      -9.316277282487e-13       0.000000000000e+00       2.209334834073e-16       2.204700835438e-17       7.552767205229e-18 
 2261       1.455361294125e-11       8.939829735916e-13      -9.446035015894e-13       0.000000000000e+00       2.205320119161e-16       2.186470436992e-17       7.507288329349e-18 
 2262       1.453563957627e-11       8.917935916049e-13      -9.574518639682e-13       0.000000000000e+00       2.201314323688e-16       2.168545163596e-17       7.460484812899e-18 
 2263       1.451856816249e-11       8.895196377565e-13      -9.701678572677e-13       0.000000000000e+00       2.197317422997e-16       2.150918899230e-17       7.412414869222e-18 
 2264       1.450238424862e-11       8.871619150531e-13      -9.827465068422e-13       0.000000000000e+00       2.193329392237e-16       2.133585503945e-17       7.363136926358e-18 
 2265       1.448707332574e-11       8.847212299111e-13      -9.951828214998e-13       0.000000000000e+00       2.189350206366e-16       2.116538813837e-17       7.312709627282e-18 
 2266       1.447262082728e-11       8.821983921602e-13      -1.007471793485e-12       0.000000000000e+00       2.185379840145e-16       2.099772641017e-17       7.261191830146e-18 
 2267       1.445901212889e-11       8.795942150476e-13      -1.019608398460e-12       0.000000000000e+00       2.181418268143e-16       2.083280773590e-17       7.208642608519e-18 
 2268       1.444623254842e-11       8.769095152419e-13      -1.031587595488e-12       0.000000000000e+00       2.177465464734e-16       2.067056975620e-17       7.155121251626e-18 
 2269       1.443426734583e-11       8.741451128372e-13      -1.043404327014e-12       0.000000000000e+00       2.173521404097e-16       2.051094987109e-17       7.100687264589e-18 
 2270       1.442310172313e-11       8.713018313566e-13      -1.055053518848e-12       0.000000000000e+00       2.169586060217e-16       2.035388523965e-17       7.045400368668e-18 
 2271       1.441272082433e-11       8.683804977569e-13      -1.066530080147e-12       0.000000000000e+00       2.165659406883e-16       2.019931277979e-17       6.989320501500e-18 
 2272       1.440310973534e-11       8.653819424320e-13      -1.077828903397e-12       0.000000000000e+00       2.161741417688e-16       2.004716916792e-17       6.932507817342e-18 
 2273       1.439425348394e-11       8.623069992170e-13      -1.088944864394e-12       0.000000000000e+00       2.157832066032e-16       1.989739083875e-17       6.875022687306e-18 
 2274       1.438613703969e-11       8.591565053923e-13      -1.099872822228e-12       0.000000000000e+00       2.153931325116e-16       1.974991398496e-17       6.816925699604e-18 
 2275       1.437874531388e-11       8.559313016875e-13      -1.110607619264e-12       0.000000000000e+00       2.150039167946e-16       1.960467455694e-17       6.758277659788e-18 
 2276       1.437206315944e-11       8.526322322853e-13      -1.121144081125e-12       0.000000000000e+00       2.146155567331e-16       1.946160826253e-17       6.699139590987e-18 
 2277       1.436607537091e-11       8.492601448256e-13      -1.131477016673e-12       0.000000000000e+00       2.142280495886e-16       1.932065056675e-17       6.639572734151e-18 
 2278       1.436076668433e-11       8.458158904093e-13      -1.141601217992e-12       0.000000000000e+00       2.138413926025e-16       1.918173669149e-17       6.579638548288e-18 
 2279       1.435612177722e-11       8.423003236025e-13      -1.151511460369e-12       0.000000000000e+00       2.134555829966e-16       1.904480161528e-17       6.519398710707e-18 
 2280       1.435212526847e-11       8.387143024402e-13      -1.161202502278e-12       0.000000000000e+00       2.130706179732e-16       1.890978007301e-17       6.458915117256e-18 
 2281       1.434876171832e-11       8.350586884304e-13      -1.170669085361e-12       0.000000000000e+00       2.126864947146e-16       1.877660655563e-17       6.398249882565e-18 
 2282       1.434601537182e-11       8.313344495274e-13      -1.179906674811e-12       0.000000000000e+00       2.123032106208e-16       1.864523280740e-17       6.337460718630e-18 
 2283       1.434386938770e-11       8.275429697647e-13      -1.188913685747e-12       0.000000000000e+00       2.119207640250e-16       1.851568044087e-17       6.276587037692e-18 
 2284       1.434230660443e-11       8.236857416164e-13      -1.197689271089e-12       0.000000000000e+00       2.115391534824e-16       1.838798865886e-17       6.215663760677e-18 
 2285       1.434130979613e-11       8.197642632146e-13      -1.206232582448e-12       0.000000000000e+00       2.111583775335e-16       1.826219678783e-17       6.154725930894e-18 
 2286       1.434086167254e-11       8.157800383559e-13      -1.214542770131e-12       0.000000000000e+00       2.107784347038e-16       1.813834427794e-17       6.093808714164e-18 
 2287       1.434094487889e-11       8.117345765075e-13      -1.222618983138e-12       0.000000000000e+00       2.103993235040e-16       1.801647070323e-17       6.032947398957e-18 
 2288       1.434154199586e-11       8.076293928140e-13      -1.230460369158e-12       0.000000000000e+00       2.100210424299e-16       1.789661576169e-17       5.972177396521e-18 
 2289       1.434263553949e-11       8.034660081031e-13      -1.238066074574e-12       0.000000000000e+00       2.096435899621e-16       1.777881927546e-17       5.911534241023e-18 
 2290       1.434420796114e-11       7.992459488924e-13      -1.245435244458e-12       0.000000000000e+00       2.092669645665e-16       1.766312119091e-17       5.851053589675e-18 
 2291       1.434624164738e-11       7.949707473957e-13      -1.252567022571e-12       0.000000000000e+00       2.088911646939e-16       1.754956157878e-17       5.790771222876e-18 
 2292       1.434871891995e-11       7.906419415292e-13      -1.259460551362e-12       0.000000000000e+00       2.085161887800e-16       1.743818063432e-17       5.730723044338e-18 
 2293       1.435162203565e-11       7.862610749178e-13      -1.266114971971e-12       0.000000000000e+00       2.081420352456e-16       1.732901867742e-17       5.670945081224e-18 
 2294       1.435493318633e-11       7.818296969017e-13      -1.272529424220e-12       0.000000000000e+00       2.077687024962e-16       1.722211615273e-17       5.611473484282e-18 
 2295       1.435863449874e-11       7.773493625425e-13      -1.278703046622e-12       0.000000000000e+00       2.073961889226e-16       1.711751362980e-17       5.552344527979e-18 
 2296       1.436270803451e-11       7.728216326297e-13      -1.284634976372e-12       0.000000000000e+00       2.070244929001e-16       1.701525180319e-17       5.493594610630e-18 
 2297       1.436713579008e-11       7.682480736868e-13      -1.290324349351e-12       0.000000000000e+00       2.066536127892e-16       1.691537149264e-17       5.435260254541e-18 
 2298       1.437189969660e-11       7.636302579779e-13      -1.295770300123e-12       0.000000000000e+00       2.062835469350e-16       1.681791364316e-17       5.377378106131e-18 
 2299       1.437698161987e-11       7.589697635141e-13      -1.300971961936e-12       0.000000000000e+00       2.059142936676e-16       1.672291932518e-17       5.319984936079e-18 
 2300       1.438236336028e-11       7.542681740593e-13      -1.305928466719e-12       0.000000000000e+00       2.055458513019e-16       1.663042973466e-17       5.263117639446e-18 
 2301       1.438802665273e-11       7.495270791373e-13      -1.310638945083e-12       0.000000000000e+00       2.051782181374e-16       1.654048619327e-17       5.206813235816e-18 
 2302       1.439395316652e-11       7.447480740377e-13      -1.315102526318e-12       0.000000000000e+00       2.048113924587e-16       1.645313014844e-17       5.151108869428e-18 
 2303       1.440012450537e-11       7.399327598220e-13      -1.319318338396e-12       0.000000000000e+00       2.044453725350e-16       1.636840317358e-17       5.096041809308e-18 
 2304       1.440652220725e-11       7.350827433307e-13      -1.323285507966e-12       0.000000000000e+00       2.040801566200e-16       1.628634696813e-17       5.041649449406e-18 
 2305       1.441312774437e-11       7.301996371889e-13      -1.327003160357e-12       0.000000000000e+00       2.037157429526e-16       1.620700335775e-17       4.987969308728e-18 
 2306       1.441992252308e-11       7.252850598130e-13      -1.330470419572e-12       0.000000000000e+00       2.033521297559e-16       1.613041429441e-17       4.935039031469e-18 
 2307       1.442688788379e-11       7.203406354170e-13      -1.333686408294e-12       0.000000000000e+00       2.029893152380e-16       1.605662185654e-17       4.882896387148e-18 
 2308       1.443400510096e-11       7.153679940187e-13      -1.336650247878e-12       0.000000000000e+00       2.026272975915e-16       1.598566824915e-17       4.831579270743e-18 
 2309       1.444125538293e-11       7.103687714464e-13      -1.339361058358e-12       0.000000000000e+00       2.022660749937e-16       1.591759580399e-17       4.781125702822e-18 
 2310       1.444861987193e-11       7.053446093447e-13      -1.341817958439e-12       0.000000000000e+00       2.019056456065e-16       1.585244697961e-17       4.731573829678e-18 
 2311       1.445607964398e-11       7.002971551814e-13      -1.344020065499e-12       0.000000000000e+00       2.015460075763e-16       1.579026436159e-17       4.682961923464e-18 
 2312       1.446361570880e-11       6.952280622533e-13      -1.345966495590e-12       0.000000000000e+00       2.011871590341e-16       1.573109066256e-17       4.635328382327e-18 
 2313       1.447120900976e-11       6.901389896930e-13      -1.347656363434e-12       0.000000000000e+00       2.008290980955e-16       1.567496872243e-17       4.588711730539e-18 
 2314       1.447884042380e-11       6.850316024752e-13      -1.349088782426e-12       0.000000000000e+00       2.004718228606e-16       1.562194150846e-17       4.543150618632e-18 
 2315       1.448649076138e-11       6.799075714225e-13      -1.350262864629e-12       0.000000000000e+00       2.001153314141e-16       1.557205211539e-17       4.498683823535e-18 
 2316       1.449414076636e-11       6.747685732125e-13      -1.351177720776e-12       0.000000000000e+00       1.997596218249e-16       1.552534376560e-17       4.455350248703e-18 
 2317       1.450177111597e-11       6.696162903836e-13      -1.351832460267e-12       0.000000000000e+00       1.994046921467e-16       1.548185980924e-17       4.413188924254e-18 
 2318       1.450936242072e-11       6.644524113415e-13      -1.352226191170e-12       0.000000000000e+00       1.990505404175e-16       1.544164372431e-17       4.372239007101e-18 
 2319       1.451689522435e-11       6.592786303658e-13      -1.352358020222e-12       0.000000000000e+00       1.986971646596e-16       1.540473911686e-17       4.332539781088e-18 
 2320       1.452435000371e-11       6.540966476158e-13      -1.352227052823e-12       0.000000000000e+00       1.983445628799e-16       1.537118972105e-17       4.294130657121e-18 
 2321       1.453170857839e-11       6.489081063035e-13      -1.351832990300e-12       0.000000000000e+00       1.979927331154e-16       1.534102004190e-17       4.257032775674e-18 
 2322       1.453895834921e-11       6.437144037651e-13      -1.351177925805e-12       0.000000000000e+00       1.976416735711e-16       1.531417714950e-17       4.221193687202e-18 
 2323       1.454608808634e-11       6.385168792103e-13      -1.350264559742e-12       0.000000000000e+00       1.972913824832e-16       1.529058851789e-17       4.186542323040e-18 
 2324       1.455308652196e-11       6.333168764525e-13      -1.349095603551e-12       0.000000000000e+00       1.969418580730e-16       1.527018134881e-17       4.153007361073e-18 
 2325       1.455994235027e-11       6.281157439145e-13      -1.347673779713e-12       0.000000000000e+00       1.965930985470e-16       1.525288257146e-17       4.120517225458e-18 
 2326       1.456664422744e-11       6.229148346323e-13      -1.346001821771e-12       0.000000000000e+00       1.962451020972e-16       1.523861884217e-17       4.089000086347e-18 
 2327       1.457318077158e-11       6.177155062612e-13      -1.344082474336e-12       0.000000000000e+00       1.958978669006e-16       1.522731654411e-17       4.058383859615e-18 
 2328       1.457954056265e-11       6.125191210801e-13      -1.341918493104e-12       0.000000000000e+00       1.955513911193e-16       1.521890178694e-17       4.028596206584e-18 
 2329       1.458571214250e-11       6.073270459963e-13      -1.339512644864e-12       0.000000000000e+00       1.952056729009e-16       1.521330040661e-17       3.999564533742e-18 
 2330       1.459168401476e-11       6.021406525511e-13      -1.336867707516e-12       0.000000000000e+00       1.948607103777e-16       1.521043796495e-17       3.971215992473e-18 
 2331       1.459744464482e-11       5.969613169242e-13      -1.333986470077e-12       0.000000000000e+00       1.945165016676e-16       1.521023974945e-17       3.943477478779e-18 
 2332       1.460298245982e-11       5.917904199386e-13      -1.330871732700e-12       0.000000000000e+00       1.941730448733e-16       1.521263077291e-17       3.916275633002e-18 
 2333       1.460828584855e-11       5.866293470659e-13      -1.327526306683e-12       0.000000000000e+00       1.938303380827e-16       1.521753577317e-17       3.889536839553e-18 
 2334       1.461334316148e-11       5.814794884312e-13      -1.323953014480e-12       0.000000000000e+00       1.934883793686e-16       1.522487921277e-17       3.863187226631e-18 
 2335       1.461814271065e-11       5.763422388178e-13      -1.320154689716e-12       0.000000000000e+00       1.931471667892e-16       1.523458527870e-17       3.837152665951e-18 
 2336       1.462267276968e-11       5.712189976721e-13      -1.316134177202e-12       0.000000000000e+00       1.928066983875e-16       1.524657788206e-17       3.811358772467e-18 
 2337       1.462692157371e-11       5.661111691090e-13      -1.311894332940e-12       0.000000000000e+00       1.924669721915e-16       1.526078065779e-17       3.785730904094e-18 
 2338       1.463087731936e-11       5.610201619164e-13      -1.307438024142e-12       0.000000000000e+00       1.921279862142e-16       1.527711696432e-17       3.760194161435e-18 
 2339       1.463452816469e-11       5.559473895602e-13      -1.302768129240e-12       0.000000000000e+00       1.917897384536e-16       1.529550988332e-17       3.734673387507e-18 
 2340       1.463786222914e-11       5.508942701894e-13      -1.297887537900e-12       0.000000000000e+00       1.914522268927e-16       1.531588221939e-17       3.709093167458e-18 
 2341       1.464086759355e-11       5.458622266411e-13      -1.292799151033e-12       0.000000000000e+00       1.911154494995e-16       1.533815649972e-17       3.683377828300e-18 
 2342       1.464353230005e-11       5.408526864452e-13      -1.287505880805e-12       0.000000000000e+00       1.907794042266e-16       1.536225497384e-17       3.657451438624e-18 
 2343       1.464584435205e-11       5.358670818293e-13      -1.282010650656e-12       0.000000000000e+00       1.904440890119e-16       1.538809961328e-17       3.631237808334e-18 
 2344       1.464779171421e-11       5.309068497240e-13      -1.276316395308e-12       0.000000000000e+00       1.901095017778e-16       1.541561211131e-17       3.604660488362e-18 
 2345       1.464936231237e-11       5.259734317677e-13      -1.270426060776e-12       0.000000000000e+00       1.897756404318e-16       1.544471388258e-17       3.577642770400e-18 
 2346       1.465054403354e-11       5.210682743112e-13      -1.264342604385e-12       0.000000000000e+00       1.894425028662e-16       1.547532606287e-17       3.550107686617e-18 
 2347       1.465132472584e-11       5.161928284232e-13      -1.258068994781e-12       0.000000000000e+00       1.891100869580e-16       1.550736950879e-17       3.521978009390e-18 
 2348       1.465169219847e-11       5.113485498947e-13      -1.251608211941e-12       0.000000000000e+00       1.887783905692e-16       1.554076479743e-17       3.493176251023e-18 
 2349       1.465163422166e-11       5.065368992445e-13      -1.244963247186e-12       0.000000000000e+00       1.884474115464e-16       1.557543222610e-17       3.463624663473e-18 
 2350       1.465113852662e-11       5.017593417237e-13      -1.238137103199e-12       0.000000000000e+00       1.881171477209e-16       1.561129181204e-17       3.433245238074e-18 
 2351       1.465019280555e-11       4.970173473206e-13      -1.231132794029e-12       0.000000000000e+00       1.877875969090e-16       1.564826329206e-17       3.401959705264e-18 
 2352       1.464878471153e-11       4.923123907662e-13      -1.223953345111e-12       0.000000000000e+00       1.874587569115e-16       1.568626612231e-17       3.369689534303e-18 
 2353       1.464690185852e-11       4.876459515385e-13      -1.216601793272e-12       0.000000000000e+00       1.871306255139e-16       1.572521947794e-17       3.336355933003e-18 
 2354       1.464453182133e-11       4.830195138678e-13      -1.209081186750e-12       0.000000000000e+00       1.868032004864e-16       1.576504225278e-17       3.301879847450e-18 
 2355       1.464166213553e-11       4.784345667415e-13      -1.201394585200e-12       0.000000000000e+00       1.864764795841e-16       1.580565305909e-17       3.266181961727e-18 
 2356       1.463828029747e-11       4.738926039093e-13      -1.193545059712e-12       0.000000000000e+00       1.861504605464e-16       1.584697022724e-17       3.229182697640e-18 
 2357       1.463437376419e-11       4.693951238876e-13      -1.185535692820e-12       0.000000000000e+00       1.858251410974e-16       1.588891180537e-17       3.190802214441e-18 
 2358       1.462992995341e-11       4.649436299651e-13      -1.177369578517e-12       0.000000000000e+00       1.855005189459e-16       1.593139555914e-17       3.150960408554e-18 
 2359       1.462493624347e-11       4.605396302073e-13      -1.169049822264e-12       0.000000000000e+00       1.851765917852e-16       1.597433897142e-17       3.109576913297e-18 
 2360       1.461938198260e-11       4.561844703362e-13      -1.160579707253e-12       0.000000000000e+00       1.848533574149e-16       1.601767674419e-17       3.066591903388e-18 
 2361       1.461326453037e-11       4.518788312266e-13      -1.151963194284e-12       0.000000000000e+00       1.845308141058e-16       1.606141342362e-17       3.022028650075e-18 
 2362       1.460658325363e-11       4.476232283023e-13      -1.143204425013e-12       0.000000000000e+00       1.842089602376e-16       1.610557110091e-17       2.975931353539e-18 
 2363       1.459933752060e-11       4.434181783796e-13      -1.134307556002e-12       0.000000000000e+00       1.838877941765e-16       1.615017193974e-17       2.928344373532e-18 
 2364       1.459152670094e-11       4.392641996685e-13      -1.125276758735e-12       0.000000000000e+00       1.835673142759e-16       1.619523817637e-17       2.879312229541e-18 
 2365       1.458315016568e-11       4.351618117743e-13      -1.116116219635e-12       0.000000000000e+00       1.832475188761e-16       1.624079211971e-17       2.828879600969e-18 
 2366       1.457420728725e-11       4.311115356989e-13      -1.106830140080e-12       0.000000000000e+00       1.829284063043e-16       1.628685615142e-17       2.777091327299e-18 
 2367       1.456469743951e-11       4.271138938417e-13      -1.097422736419e-12       0.000000000000e+00       1.826099748747e-16       1.633345272594e-17       2.723992408272e-18 
 2368       1.455461999770e-11       4.231694100018e-13      -1.087898239985e-12       0.000000000000e+00       1.822922228883e-16       1.638060437061e-17       2.669628004056e-18 
 2369       1.454397433849e-11       4.192786093785e-13      -1.078260897118e-12       0.000000000000e+00       1.819751486330e-16       1.642833368571e-17       2.614043435421e-18 
 2370       1.453275983995e-11       4.154420185731e-13      -1.068514969173e-12       0.000000000000e+00       1.816587503835e-16       1.647666334456e-17       2.557284183908e-18 
 2371       1.452097588157e-11       4.116601655902e-13      -1.058664732542e-12       0.000000000000e+00       1.813430264014e-16       1.652561609360e-17       2.499395892003e-18 
 2372       1.450862184427e-11       4.079335798388e-13      -1.048714478669e-12       0.000000000000e+00       1.810279749352e-16       1.657521475243e-17       2.440424363310e-18 
 2373       1.449569711037e-11       4.042627921340e-13      -1.038668514061e-12       0.000000000000e+00       1.807135942200e-16       1.662548221394e-17       2.380415562722e-18 
 2374       1.448220106363e-11       4.006483346981e-13      -1.028531160313e-12       0.000000000000e+00       1.803998824779e-16       1.667644144432e-17       2.319415616593e-18 
 2375       1.446813308923e-11       3.970907411619e-13      -1.018306754116e-12       0.000000000000e+00       1.800868379177e-16       1.672811548321e-17       2.257470812912e-18 
 2376       1.445349257378e-11       3.935905465663e-13      -1.007999647277e-12       0.000000000000e+00       1.797744587349e-16       1.678052744372e-17       2.194627601473e-18 
 2377       1.443827890533e-11       3.901482873634e-13      -9.976142067353e-13       0.000000000000e+00       1.794627431117e-16       1.683370051252e-17       2.130932594048e-18 
 2378       1.442249147334e-11       3.867645014180e-13      -9.871548145768e-13       0.000000000000e+00       1.791516892172e-16       1.688765794992e-17       2.066432564562e-18 
 2379       1.440612966873e-11       3.834397280088e-13      -9.766258680509e-13       0.000000000000e+00       1.788412952071e-16       1.694242308996e-17       2.001174449259e-18 
 2380       1.438919288386e-11       3.801745078299e-13      -9.660317795867e-13       0.000000000000e+00       1.785315592238e-16       1.699801934047e-17       1.935205346881e-18 
 2381       1.437168051253e-11       3.769693829919e-13      -9.553769768087e-13       0.000000000000e+00       1.782224793963e-16       1.705447018312e-17       1.868572518836e-18 
 2382       1.435359194998e-11       3.738248970236e-13      -9.446659025534e-13       0.000000000000e+00       1.779140538402e-16       1.711179917357e-17       1.801323389372e-18 
 2383       1.433492659289e-11       3.707415948730e-13      -9.339030148848e-13       0.000000000000e+00       1.776062806581e-16       1.717002994146e-17       1.733505545749e-18 
 2384       1.431568383941e-11       3.677200229089e-13      -9.230927871110e-13       0.000000000000e+00       1.772991579388e-16       1.722918619054e-17       1.665166738408e-18 
 2385       1.429586308914e-11       3.647607289220e-13      -9.122397077996e-13       0.000000000000e+00       1.769926837579e-16       1.728929169873e-17       1.596354881152e-18 
 2386       1.427546374313e-11       3.618642621264e-13      -9.013482807944e-13       0.000000000000e+00       1.766868561775e-16       1.735037031821e-17       1.527118051306e-18 
 2387       1.425448520388e-11       3.590311731611e-13      -8.904230252314e-13       0.000000000000e+00       1.763816732464e-16       1.741244597547e-17       1.457504489901e-18 
 2388       1.423292687537e-11       3.562620140909e-13      -8.794684755542e-13       0.000000000000e+00       1.760771329998e-16       1.747554267140e-17       1.387562601837e-18 
 2389       1.421078816303e-11       3.535573384081e-13      -8.684891815311e-13       0.000000000000e+00       1.757732334596e-16       1.753968448136e-17       1.317340956062e-18 
 2390       1.418806847377e-11       3.509177010338e-13      -8.574897082703e-13       0.000000000000e+00       1.754699726340e-16       1.760489555528e-17       1.246888285740e-18 
 2391       1.416476721596e-11       3.483436583192e-13      -8.464746362363e-13       0.000000000000e+00       1.751673485178e-16       1.767120011770e-17       1.176253488424e-18 
 2392       1.414088379945e-11       3.458357680467e-13      -8.354485612661e-13       0.000000000000e+00       1.748653590924e-16       1.773862246787e-17       1.105485626230e-18 
 2393       1.411641763556e-11       3.433945894318e-13      -8.244160945852e-13       0.000000000000e+00       1.745640023255e-16       1.780718697982e-17       1.034633926009e-18 
 2394       1.409136813708e-11       3.410206831238e-13      -8.133818628233e-13       0.000000000000e+00       1.742632761714e-16       1.787691810243e-17       9.637477795148e-19 
 2395       1.406573471829e-11       3.387146112077e-13      -8.023505080310e-13       0.000000000000e+00       1.739631785705e-16       1.794784035951e-17       8.928767435839e-19 
 2396       1.403951679497e-11       3.364769372052e-13      -7.913266876954e-13       0.000000000000e+00       1.736637074502e-16       1.801997834989e-17       8.220705403012e-19 
 2397       1.401271378434e-11       3.343082260760e-13      -7.803150747562e-13       0.000000000000e+00       1.733648607236e-16       1.809335674746e-17       7.513790571753e-19 
 2398       1.398532510516e-11       3.322090442196e-13      -7.693203576222e-13       0.000000000000e+00       1.730666362908e-16       1.816800030129e-17       6.808523473101e-19 
 2399       1.395735160967e-11       3.301797942468e-13      -7.583469692039e-13       0.000000000000e+00       1.727690322367e-16       1.824392102208e-17       6.105395224737e-19 
 2400       1.392879988922e-11       3.282202181918e-13      -7.473982721744e-13       0.000000000000e+00       1.724720474292e-16       1.832107965603e-17       5.404854245771e-19 
 2401       1.389967799497e-11       3.263298912711e-13      -7.364773687686e-13       0.000000000000e+00       1.721756809250e-16       1.839942397598e-17       4.707339342244e-19 
 2402       1.386999400826e-11       3.245083868351e-13      -7.255873713243e-13       0.000000000000e+00       1.718799317710e-16       1.847890157350e-17       4.013290761203e-19 
 2403       1.383975604067e-11       3.227552763663e-13      -7.147314022931e-13       0.000000000000e+00       1.715847990045e-16       1.855945985867e-17       3.323150192193e-19 
 2404       1.380897223402e-11       3.210701294770e-13      -7.039125942506e-13       0.000000000000e+00       1.712902816532e-16       1.864104605989e-17       2.637360768749e-19 
 2405       1.377765076043e-11       3.194525139074e-13      -6.931340899072e-13       0.000000000000e+00       1.709963787346e-16       1.872360722372e-17       1.956367069888e-19 
 2406       1.374579982235e-11       3.179019955232e-13      -6.823990421177e-13       0.000000000000e+00       1.707030892570e-16       1.880709021464e-17       1.280615121597e-19 
 2407       1.371342765257e-11       3.164181383137e-13      -6.717106138926e-13       0.000000000000e+00       1.704104122185e-16       1.889144171490e-17       6.105523983314e-20 
 2408       1.368054251429e-11       3.150005043897e-13      -6.610719784080e-13       0.000000000000e+00       1.701183466076e-16       1.897660822429e-17      -5.337217549962e-21 
 2409       1.364715270112e-11       3.136486539814e-13      -6.504863190164e-13       0.000000000000e+00       1.698268914030e-16       1.906253606001e-17      -7.107082240382e-20 
 2410       1.361326653712e-11       3.123621454362e-13      -6.399568292565e-13       0.000000000000e+00       1.695360455736e-16       1.914917135640e-17      -1.361003918487e-19 
 2411       1.357889237685e-11       3.111405352167e-13      -6.294867128643e-13       0.000000000000e+00       1.692458080784e-16       1.923646006483e-17      -2.003805975618e-19 
 2412       1.354403860537e-11       3.099833778985e-13      -6.190791837832e-13       0.000000000000e+00       1.689561778667e-16       1.932434795342e-17      -2.638659656279e-19 
 2413       1.350871363830e-11       3.088902261682e-13      -6.087374661745e-13       0.000000000000e+00       1.686671538778e-16       1.941278060695e-17      -3.265108763906e-19 
 2414       1.347292592185e-11       3.078606308211e-13      -5.984647944275e-13       0.000000000000e+00       1.683787350412e-16       1.950170342658e-17      -3.882695643026e-19 
 2415       1.343668393284e-11       3.068941407597e-13      -5.882644131705e-13       0.000000000000e+00       1.680909202767e-16       1.959106162970e-17      -4.490961177770e-19 
 2416       1.339999617874e-11       3.059903029905e-13      -5.781395772808e-13       0.000000000000e+00       1.678037084939e-16       1.968080024975e-17      -5.089444790380e-19 
 2417       1.336287119771e-11       3.051486626232e-13      -5.680935518953e-13       0.000000000000e+00       1.675170985926e-16       1.977086413599e-17      -5.677684439717e-19 
 2418       1.332531755861e-11       3.043687628675e-13      -5.581296124207e-13       0.000000000000e+00       1.672310894630e-16       1.986119795335e-17      -6.255216619767e-19 
 2419       1.328734386106e-11       3.036501450316e-13      -5.482510445443e-13       0.000000000000e+00       1.669456799849e-16       1.995174618222e-17      -6.821576358156e-19 
 2420       1.324895873545e-11       3.029923485199e-13      -5.384611442440e-13       0.000000000000e+00       1.666608690284e-16       2.004245311824e-17      -7.376297214650e-19 
 2421       1.321017084298e-11       3.023949108312e-13      -5.287632177990e-13       0.000000000000e+00       1.663766554537e-16       2.013326287215e-17      -7.918911279670e-19 
 2422       1.317098887571e-11       3.018573675560e-13      -5.191605818002e-13       0.000000000000e+00       1.660930381110e-16       2.022411936956e-17      -8.448949172798e-19 
 2423       1.313142155656e-11       3.013792523748e-13      -5.096565631604e-13       0.000000000000e+00       1.658100158404e-16       2.031496635080e-17      -8.965940041283e-19 
 2424       1.309147763936e-11       3.009600970562e-13      -5.002544991252e-13       0.000000000000e+00       1.655275874722e-16       2.040574737067e-17      -9.469411558555e-19 
 2425       1.305116590890e-11       3.005994314544e-13      -4.909577372826e-13       0.000000000000e+00       1.652457518265e-16       2.049640579832e-17      -9.958889922727e-19 
 2426       1.301049518093e-11       3.002967835070e-13      -4.817696355745e-13       0.000000000000e+00       1.649645077136e-16       2.058688481699e-17      -1.043389985511e-18 
 2427       1.296947430220e-11       3.000516792335e-13      -4.726935623060e-13       0.000000000000e+00       1.646838539336e-16       2.067712742388e-17      -1.089396459871e-18 
 2428       1.292811215052e-11       2.998636427328e-13      -4.637328961567e-13       0.000000000000e+00       1.644037892766e-16       2.076707642990e-17      -1.133860591675e-18 
 2429       1.288641763476e-11       2.997321961808e-13      -4.548910261908e-13       0.000000000000e+00       1.641243125227e-16       2.085667445954e-17      -1.176734409118e-18 
 2430       1.284439969490e-11       2.996568598290e-13      -4.461713518673e-13       0.000000000000e+00       1.638454224419e-16       2.094586395063e-17      -1.217969792116e-18 
 2431       1.280206730204e-11       2.996371520019e-13      -4.375772830507e-13       0.000000000000e+00       1.635671177941e-16       2.103458715416e-17      -1.257518472160e-18 
 2432       1.275942945848e-11       2.996725890951e-13      -4.291122400215e-13       0.000000000000e+00       1.632893973292e-16       2.112278613412e-17      -1.295332032165e-18 
 2433       1.271649519770e-11       2.997626855730e-13      -4.207796534862e-13       0.000000000000e+00       1.630122597868e-16       2.121040276726e-17      -1.331361906322e-18 
 2434       1.267327358441e-11       2.999069539668e-13      -4.125829645881e-13       0.000000000000e+00       1.627357038967e-16       2.129737874294e-17      -1.365559379946e-18 
 2435       1.262977371462e-11       3.001049048728e-13      -4.045256249178e-13       0.000000000000e+00       1.624597283781e-16       2.138365556292e-17      -1.397875589331e-18 
 2436       1.258600471561e-11       3.003560469494e-13      -3.966110965232e-13       0.000000000000e+00       1.621843319406e-16       2.146917454116e-17      -1.428261521599e-18 
 2437       1.254197574599e-11       3.006598869160e-13      -3.888428519201e-13       0.000000000000e+00       1.619095132832e-16       2.155387680364e-17      -1.456668014548e-18 
 2438       1.249769621167e-11       3.010158508951e-13      -3.812238925930e-13       0.000000000000e+00       1.616352710906e-16       2.163771572089e-17      -1.483068724949e-18 
 2439       1.245317641499e-11       3.014230479293e-13      -3.737553013152e-13       0.000000000000e+00       1.613616040197e-16       2.172069428744e-17      -1.507529184440e-18 
 2440       1.240842690953e-11       3.018805050401e-13      -3.664376811550e-13       0.000000000000e+00       1.610885107129e-16       2.180282796647e-17      -1.530138158067e-18 
 2441       1.236345828460e-11       3.023872457504e-13      -3.592716361966e-13       0.000000000000e+00       1.608159898022e-16       2.188413227753e-17      -1.550984713813e-18 
 2442       1.231828116525e-11       3.029422900805e-13      -3.522577715407e-13       0.000000000000e+00       1.605440399092e-16       2.196462279664e-17      -1.570158222915e-18 
 2443       1.227290621234e-11       3.035446545450e-13      -3.453966933055e-13       0.000000000000e+00       1.602726596454e-16       2.204431515630e-17      -1.587748360181e-18 
 2444       1.222734412255e-11       3.041933521486e-13      -3.386890086271e-13       0.000000000000e+00       1.600018476118e-16       2.212322504559e-17      -1.603845104298e-18 
 2445       1.218160562843e-11       3.048873923824e-13      -3.321353256606e-13       0.000000000000e+00       1.597316023991e-16       2.220136821021e-17      -1.618538738154e-18 
 2446       1.213570149844e-11       3.056257812205e-13      -3.257362535802e-13       0.000000000000e+00       1.594619225876e-16       2.227876045254e-17      -1.631919849146e-18 
 2447       1.208964253696e-11       3.064075211164e-13      -3.194924025804e-13       0.000000000000e+00       1.591928067474e-16       2.235541763171e-17      -1.644079329497e-18 
 2448       1.204343958439e-11       3.072316109987e-13      -3.134043838767e-13       0.000000000000e+00       1.589242534380e-16       2.243135566364e-17      -1.655108376572e-18 
 2449       1.199710351709e-11       3.080970462682e-13      -3.074728097059e-13       0.000000000000e+00       1.586562612087e-16       2.250659052113e-17      -1.665098493188e-18 
 2450       1.195064524753e-11       3.090028187934e-13      -3.016982933272e-13       0.000000000000e+00       1.583888285981e-16       2.258113823390e-17      -1.674141487932e-18 
 2451       1.190407572421e-11       3.099479169078e-13      -2.960814490228e-13       0.000000000000e+00       1.581219541346e-16       2.265501488863e-17      -1.682329475476e-18 
 2452       1.185740593181e-11       3.109313254050e-13      -2.906228920985e-13       0.000000000000e+00       1.578556363362e-16       2.272823662908e-17      -1.689754876887e-18 
 2453       1.181064689114e-11       3.119520255363e-13      -2.853232388844e-13       0.000000000000e+00       1.575898737103e-16       2.280081965609e-17      -1.696510419946e-18 
 2454       1.176380965922e-11       3.130089950058e-13      -2.801831067358e-13       0.000000000000e+00       1.573246647540e-16       2.287278022765e-17      -1.702689139458e-18 
 2455       1.171690532929e-11       3.141012079677e-13      -2.752031140337e-13       0.000000000000e+00       1.570600079536e-16       2.294413465900e-17      -1.708384377571e-18 
 2456       1.166994503090e-11       3.152276350219e-13      -2.703838801856e-13       0.000000000000e+00       1.567959017854e-16       2.301489932265e-17      -1.713689784087e-18 
 2457       1.162293992987e-11       3.163872432108e-13      -2.657260256263e-13       0.000000000000e+00       1.565323447148e-16       2.308509064843e-17      -1.718699316777e-18 
 2458       1.157590122839e-11       3.175789960155e-13      -2.612301718182e-13       0.000000000000e+00       1.562693351968e-16       2.315472512361e-17      -1.723507241697e-18 
 2459       1.152884016503e-11       3.188018533516e-13      -2.568969412525e-13       0.000000000000e+00       1.560068716759e-16       2.322381929289e-17      -1.728208133500e-18 
 2460       1.148176801478e-11       3.200547715664e-13      -2.527269574498e-13       0.000000000000e+00       1.557449525861e-16       2.329238975851e-17      -1.732896875753e-18 
 2461       1.143469608908e-11       3.213367034346e-13      -2.487208449603e-13       0.000000000000e+00       1.554835763507e-16       2.336045318027e-17      -1.737668661247e-18 
 2462       1.138763573588e-11       3.226465981546e-13      -2.448792293654e-13       0.000000000000e+00       1.552227413826e-16       2.342802627562e-17      -1.742618992316e-18 
 2463       1.134059833966e-11       3.239834013452e-13      -2.412027372774e-13       0.000000000000e+00       1.549624460841e-16       2.349512581972e-17      -1.747843681151e-18 
 2464       1.129359532145e-11       3.253460550416e-13      -2.376919963412e-13       0.000000000000e+00       1.547026888467e-16       2.356176864548e-17      -1.753438850109e-18 
 2465       1.124663813890e-11       3.267334976918e-13      -2.343476352340e-13       0.000000000000e+00       1.544434680516e-16       2.362797164363e-17      -1.759500932036e-18 
 2466       1.119973828631e-11       3.281446641528e-13      -2.311702836670e-13       0.000000000000e+00       1.541847820691e-16       2.369375176278e-17      -1.766126670572e-18 
 2467       1.115290729463e-11       3.295784856872e-13      -2.281605723853e-13       0.000000000000e+00       1.539266292590e-16       2.375912600947e-17      -1.773413120473e-18 
 2468       1.110615673157e-11       3.310338899592e-13      -2.253191331690e-13       0.000000000000e+00       1.536690079706e-16       2.382411144825e-17      -1.781457647922e-18 
 2469       1.105949820155e-11       3.325098010312e-13      -2.226465988338e-13       0.000000000000e+00       1.534119165422e-16       2.388872520172e-17      -1.790357930842e-18 
 2470       1.101294334581e-11       3.340051393598e-13      -2.201436032318e-13       0.000000000000e+00       1.531553533017e-16       2.395298445062e-17      -1.800211959213e-18 
 2471       1.096650384239e-11       3.355188217922e-13      -2.178107812522e-13       0.000000000000e+00       1.528993165662e-16       2.401690643384e-17      -1.811118035386e-18 
 2472       1.092019140623e-11       3.370497615629e-13      -2.156487688216e-13       0.000000000000e+00       1.526438046422e-16       2.408050844851e-17      -1.823174774396e-18 
 2473       1.087401778913e-11       3.385968682893e-13      -2.136582029053e-13       0.000000000000e+00       1.523888158254e-16       2.414380785008e-17      -1.836481104277e-18 
 2474       1.082799477987e-11       3.401590479687e-13      -2.118397215078e-13       0.000000000000e+00       1.521343484008e-16       2.420682205234e-17      -1.851136266377e-18 
 2475       1.078213420416e-11       3.417352029741e-13      -2.101939636732e-13       0.000000000000e+00       1.518804006427e-16       2.426956852749e-17      -1.867239815671e-18 
 2476       1.073644792475e-11       3.433242320510e-13      -2.087215694864e-13       0.000000000000e+00       1.516269708145e-16       2.433206480623e-17      -1.884891621078e-18 
 2477       1.069094696970e-11       3.449250631559e-13      -2.074227816643e-13       0.000000000000e+00       1.513740572714e-16       2.439433640126e-17      -1.904162202309e-18 
 2478       1.064563891157e-11       3.465367521940e-13      -2.062962477555e-13       0.000000000000e+00       1.511216587680e-16       2.445644062900e-17      -1.925003548195e-18 
 2479       1.060053047280e-11       3.481583848581e-13      -2.053402108618e-13       0.000000000000e+00       1.508697741524e-16       2.451844292884e-17      -1.947337771805e-18 
 2480       1.055562839610e-11       3.497890438357e-13      -2.045529073968e-13       0.000000000000e+00       1.506184022638e-16       2.458040895262e-17      -1.971086725768e-18 
 2481       1.051093944441e-11       3.514278088064e-13      -2.039325670791e-13       0.000000000000e+00       1.503675419325e-16       2.464240456490e-17      -1.996172002008e-18 
 2482       1.046647040098e-11       3.530737564380e-13      -2.034774129249e-13       0.000000000000e+00       1.501171919802e-16       2.470449584312e-17      -2.022514931480e-18 
 2483       1.042222806934e-11       3.547259603844e-13      -2.031856612412e-13       0.000000000000e+00       1.498673512194e-16       2.476674907786e-17      -2.050036583901e-18 
 2484       1.037821927336e-11       3.563834912820e-13      -2.030555216188e-13       0.000000000000e+00       1.496180184541e-16       2.482923077302e-17      -2.078657767490e-18 
 2485       1.033445085724e-11       3.580454167466e-13      -2.030851969249e-13       0.000000000000e+00       1.493691924793e-16       2.489200764606e-17      -2.108299028695e-18 
 2486       1.029092968554e-11       3.597108013709e-13      -2.032728832960e-13       0.000000000000e+00       1.491208720811e-16       2.495514662819e-17      -2.138880651933e-18 
 2487       1.024766264322e-11       3.613787067206e-13      -2.036167701313e-13       0.000000000000e+00       1.488730560365e-16       2.501871486463e-17      -2.170322659325e-18 
 2488       1.020465663561e-11       3.630481913322e-13      -2.041150400850e-13       0.000000000000e+00       1.486257431141e-16       2.508277971475e-17      -2.202544810423e-18 
 2489       1.016191858849e-11       3.647183107095e-13      -2.047658690596e-13       0.000000000000e+00       1.483789320731e-16       2.514740875237e-17      -2.235466601955e-18 
 2490       1.011945544808e-11       3.663881173205e-13      -2.055674261988e-13       0.000000000000e+00       1.481326216640e-16       2.521266976589e-17      -2.269007267551e-18 
 2491       1.007727418102e-11       3.680566605948e-13      -2.065178738802e-13       0.000000000000e+00       1.478868106283e-16       2.527863075860e-17      -2.303085777481e-18 
 2492       1.003538177449e-11       3.697229869200e-13      -2.076153677085e-13       0.000000000000e+00       1.476414976987e-16       2.534535994878e-17      -2.337620838390e-18 
 2493       9.993785236134e-12       3.713861396390e-13      -2.088580565080e-13       0.000000000000e+00       1.473966815988e-16       2.541292577004e-17      -2.372530893030e-18 
 2494       9.952491594117e-12       3.730451590467e-13      -2.102440823159e-13       0.000000000000e+00       1.471523610432e-16       2.548139687143e-17      -2.407734119995e-18 
 2495       9.911507897156e-12       3.746990823874e-13      -2.117715803753e-13       0.000000000000e+00       1.469085347375e-16       2.555084211770e-17      -2.443148433460e-18 
 2496       9.870841214523e-12       3.763469438513e-13      -2.134386791275e-13       0.000000000000e+00       1.466652013786e-16       2.562133058952e-17      -2.478691482907e-18 
 2497       9.830498636072e-12       3.779877745715e-13      -2.152435002057e-13       0.000000000000e+00       1.464223596541e-16       2.569293158370e-17      -2.514280652866e-18 
 2498       9.790487272253e-12       3.796206026212e-13      -2.171841584272e-13       0.000000000000e+00       1.461800082426e-16       2.576571461336e-17      -2.549833062649e-18 
 2499       9.750814254140e-12       3.812444530107e-13      -2.192587617868e-13       0.000000000000e+00       1.459381458138e-16       2.583974940819e-17      -2.585265566080e-18 
 2500       9.711486733443e-12       3.828583476838e-13      -2.214654114495e-13       0.000000000000e+00       1.456967710283e-16       2.591510591465e-17      -2.620494751234e-18 
 2501       9.672511882535e-12       3.844613055155e-13      -2.238022017437e-13       0.000000000000e+00       1.454558825377e-16       2.599185429618e-17      -2.655436940171e-18 
 2502       9.633896894465e-12       3.860523423083e-13      -2.262672201535e-13       0.000000000000e+00       1.452154789846e-16       2.607006493343e-17      -2.690008188665e-18 
 2503       9.595648982984e-12       3.876304707897e-13      -2.288585473123e-13       0.000000000000e+00       1.449755590023e-16       2.614980842445e-17      -2.724124285947e-18 
 2504       9.557775382558e-12       3.891947006086e-13      -2.315742569952e-13       0.000000000000e+00       1.447361212152e-16       2.623115558493e-17      -2.757700754432e-18 
 2505       9.520283348397e-12       3.907440383328e-13      -2.344124161124e-13       0.000000000000e+00       1.444971642387e-16       2.631417744838e-17      -2.790652849458e-18 
 2506       9.483180156466e-12       3.922774874456e-13      -2.373710847015e-13       0.000000000000e+00       1.442586866788e-16       2.639894526640e-17      -2.822895559019e-18 
 2507       9.446473103509e-12       3.937940483429e-13      -2.404483159211e-13       0.000000000000e+00       1.440206871327e-16       2.648553050884e-17      -2.854343603499e-18 
 2508       9.410169507070e-12       3.952927183299e-13      -2.436421560430e-13       0.000000000000e+00       1.437831641884e-16       2.657400486405e-17      -2.884911435405e-18 
 2509       9.374276705511e-12       3.967724916186e-13      -2.469506444459e-13       0.000000000000e+00       1.435461164245e-16       2.666444023906e-17      -2.914513239105e-18 
 2510       9.338802058031e-12       3.982323593242e-13      -2.503718136076e-13       0.000000000000e+00       1.433095424109e-16       2.675690875984e-17      -2.943062930561e-18 
 2511       9.303752944688e-12       3.996713094623e-13      -2.539036890982e-13       0.000000000000e+00       1.430734407079e-16       2.685148277148e-17      -2.970474157061e-18 
 2512       9.269136766417e-12       4.010883269458e-13      -2.575442895733e-13       0.000000000000e+00       1.428378098670e-16       2.694823483842e-17      -2.996660296958e-18 
 2513       9.234960945052e-12       4.024823935820e-13      -2.612916267664e-13       0.000000000000e+00       1.426026484303e-16       2.704723774466e-17      -3.021534459398e-18 
 2514       9.201232923344e-12       4.038524880693e-13      -2.651437054821e-13       0.000000000000e+00       1.423679549309e-16       2.714856449396e-17      -3.045009484063e-18 
 2515       9.167960164981e-12       4.051975859944e-13      -2.690985235890e-13       0.000000000000e+00       1.421337278924e-16       2.725228831010e-17      -3.066997940896e-18 
 2516       9.135148882993e-12       4.065167662660e-13      -2.731539503657e-13       0.000000000000e+00       1.418999659775e-16       2.735843918643e-17      -3.087433355848e-18 
 2517       9.102800216837e-12       4.078095311001e-13      -2.773073607797e-13       0.000000000000e+00       1.416666684324e-16       2.746687325802e-17      -3.106334023600e-18 
 2518       9.070914033102e-12       4.090754878912e-13      -2.815559990658e-13       0.000000000000e+00       1.414338346446e-16       2.757740266974e-17      -3.123739565688e-18 
 2519       9.039490195101e-12       4.103142429431e-13      -2.858971001705e-13       0.000000000000e+00       1.412014639954e-16       2.768983895717e-17      -3.139689738364e-18 
 2520       9.008528562865e-12       4.115254014679e-13      -2.903278897425e-13       0.000000000000e+00       1.409695558595e-16       2.780399304608e-17      -3.154224432730e-18 
 2521       8.978028993141e-12       4.127085675853e-13      -2.948455841236e-13       0.000000000000e+00       1.407381096051e-16       2.791967525175e-17      -3.167383674874e-18 
 2522       8.947991339386e-12       4.138633443211e-13      -2.994473903386e-13       0.000000000000e+00       1.405071245942e-16       2.803669527838e-17      -3.179207626009e-18 
 2523       8.918415451765e-12       4.149893336066e-13      -3.041305060867e-13       0.000000000000e+00       1.402766001822e-16       2.815486221848e-17      -3.189736582611e-18 
 2524       8.889301177143e-12       4.160861362770e-13      -3.088921197318e-13       0.000000000000e+00       1.400465357181e-16       2.827398455229e-17      -3.199010976549e-18 
 2525       8.860648359085e-12       4.171533520713e-13      -3.137294102930e-13       0.000000000000e+00       1.398169305443e-16       2.839387014711e-17      -3.207071375228e-18 
 2526       8.832456837849e-12       4.181905796302e-13      -3.186395474351e-13       0.000000000000e+00       1.395877839968e-16       2.851432625677e-17      -3.213958481725e-18 
 2527       8.804726450381e-12       4.191974164959e-13      -3.236196914598e-13       0.000000000000e+00       1.393590954053e-16       2.863515952095e-17      -3.219713134922e-18 
 2528       8.777457030314e-12       4.201734591106e-13      -3.286669932957e-13       0.000000000000e+00       1.391308640927e-16       2.875617596462e-17      -3.224376309645e-18 
 2529       8.750648407963e-12       4.211183028157e-13      -3.337785944890e-13       0.000000000000e+00       1.389030893756e-16       2.887718099739e-17      -3.227989116801e-18 
 2530       8.724300410318e-12       4.220315418506e-13      -3.389516271945e-13       0.000000000000e+00       1.386757705641e-16       2.899797941295e-17      -3.230592803514e-18 
 2531       8.698412861043e-12       4.229127693519e-13      -3.441832141659e-13       0.000000000000e+00       1.384489069618e-16       2.911837538841e-17      -3.232228753263e-18 
 2532       8.672985580467e-12       4.237615773521e-13      -3.494704687461e-13       0.000000000000e+00       1.382224978655e-16       2.923817248374e-17      -3.232938486015e-18 
 2533       8.648018385589e-12       4.245775567788e-13      -3.548104948587e-13       0.000000000000e+00       1.379965425658e-16       2.935717364112e-17      -3.232763658366e-18 
 2534       8.623511090062e-12       4.253602974534e-13      -3.602003869978e-13       0.000000000000e+00       1.377710403467e-16       2.947518118437e-17      -3.231746063675e-18 
 2535       8.599463504198e-12       4.261093880906e-13      -3.656372302187e-13       0.000000000000e+00       1.375459904855e-16       2.959199681828e-17      -3.229927632200e-18 
 2536       8.575875434960e-12       4.268244162967e-13      -3.711181001290e-13       0.000000000000e+00       1.373213922531e-16       2.970742162810e-17      -3.227350431237e-18 
 2537       8.552746685958e-12       4.275049685689e-13      -3.766400628789e-13       0.000000000000e+00       1.370972449137e-16       2.982125607882e-17      -3.224056665257e-18 
 2538       8.530077057445e-12       4.281506302944e-13      -3.822001751515e-13       0.000000000000e+00       1.368735477251e-16       2.993330001463e-17      -3.220088676039e-18 
 2539       8.507866346311e-12       4.287609857492e-13      -3.877954841539e-13       0.000000000000e+00       1.366502999384e-16       3.004335265833e-17      -3.215488942810e-18 
 2540       8.486114346083e-12       4.293356180971e-13      -3.934230276078e-13       0.000000000000e+00       1.364275007981e-16       3.015121261063e-17      -3.210300082380e-18 
 2541       8.464820846917e-12       4.298741093885e-13      -3.990798337397e-13       0.000000000000e+00       1.362051495422e-16       3.025667784965e-17      -3.204564849278e-18 
 2542       8.443985635595e-12       4.303760405598e-13      -4.047629212718e-13       0.000000000000e+00       1.359832454019e-16       3.035954573022e-17      -3.198326135893e-18 
 2543       8.423608495521e-12       4.308409914319e-13      -4.104692994126e-13       0.000000000000e+00       1.357617876021e-16       3.045961298334e-17      -3.191626972605e-18 
 2544       8.403689206716e-12       4.312685407095e-13      -4.161959678474e-13       0.000000000000e+00       1.355407753608e-16       3.055667571552e-17      -3.184510527923e-18 
 2545       8.384227545816e-12       4.316582659800e-13      -4.219399167291e-13       0.000000000000e+00       1.353202078895e-16       3.065052940820e-17      -3.177020108625e-18 
 2546       8.365223286065e-12       4.320097437121e-13      -4.276981266684e-13       0.000000000000e+00       1.351000843931e-16       3.074096891716e-17      -3.169199159891e-18 
 2547       8.346676197310e-12       4.323225492556e-13      -4.334675687251e-13       0.000000000000e+00       1.348804040696e-16       3.082778847185e-17      -3.161091265442e-18 
 2548       8.328586046001e-12       4.325962568394e-13      -4.392452043980e-13       0.000000000000e+00       1.346611661108e-16       3.091078167484e-17      -3.152740147674e-18 
 2549       8.310952595183e-12       4.328304395712e-13      -4.450279856158e-13       0.000000000000e+00       1.344423697013e-16       3.098974150117e-17      -3.144189667798e-18 
 2550       8.293775604495e-12       4.330246694360e-13      -4.508128547280e-13       0.000000000000e+00       1.342240140195e-16       3.106446029779e-17      -3.135483825973e-18 
 2551       8.277054830162e-12       4.331785172956e-13      -4.565967444949e-13       0.000000000000e+00       1.340060982369e-16       3.113472978289e-17      -3.126666761446e-18 
 2552       8.260790024994e-12       4.332915528869e-13      -4.623765780787e-13       0.000000000000e+00       1.337886215183e-16       3.120034104534e-17      -3.117782752687e-18 
 2553       8.244980938378e-12       4.333633448214e-13      -4.681492690340e-13       0.000000000000e+00       1.335715830219e-16       3.126108454406e-17      -3.108876217524e-18 
 2554       8.229627316278e-12       4.333934605840e-13      -4.739117212982e-13       0.000000000000e+00       1.333549818990e-16       3.131675010743e-17      -3.099991713283e-18 
 2555       8.214727986646e-12       4.333815775581e-13      -4.796609981890e-13       0.000000000000e+00       1.331388172437e-16       3.136718409744e-17      -3.091162937360e-18 
 2556       8.200278109932e-12       4.333278167994e-13      -4.853948304726e-13       0.000000000000e+00       1.329230879394e-16       3.141246126154e-17      -3.082379659784e-18 
 2557       8.186271912807e-12       4.332324111731e-13      -4.911111111888e-13       0.000000000000e+00       1.327077928112e-16       3.145271386451e-17      -3.073620601412e-18 
 2558       8.172703601297e-12       4.330955945024e-13      -4.968077269018e-13       0.000000000000e+00       1.324929306767e-16       3.148807461355e-17      -3.064864416215e-18 
 2559       8.159567360756e-12       4.329176015692e-13      -5.024825576947e-13       0.000000000000e+00       1.322785003454e-16       3.151867665870e-17      -3.056089691213e-18 
 2560       8.146857355851e-12       4.326986681157e-13      -5.081334771627e-13       0.000000000000e+00       1.320645006195e-16       3.154465359335e-17      -3.047274946409e-18 
 2561       8.134567730539e-12       4.324390308448e-13      -5.137583524067e-13       0.000000000000e+00       1.318509302932e-16       3.156613945459e-17      -3.038398634727e-18 
 2562       8.122692608043e-12       4.321389274216e-13      -5.193550440278e-13       0.000000000000e+00       1.316377881530e-16       3.158326872371e-17      -3.029439141940e-18 
 2563       8.111226090836e-12       4.317985964741e-13      -5.249214061199e-13       0.000000000000e+00       1.314250729778e-16       3.159617632663e-17      -3.020374786610e-18 
 2564       8.100162260616e-12       4.314182775942e-13      -5.304552862646e-13       0.000000000000e+00       1.312127835387e-16       3.160499763435e-17      -3.011183820021e-18 
 2565       8.089495178287e-12       4.309982113390e-13      -5.359545255239e-13       0.000000000000e+00       1.310009185990e-16       3.160986846336e-17      -3.001844426112e-18 
 2566       8.079218883937e-12       4.305386392315e-13      -5.414169584343e-13       0.000000000000e+00       1.307894769142e-16       3.161092507612e-17      -2.992334721414e-18 
 2567       8.069327396818e-12       4.300398037618e-13      -5.468404130010e-13       0.000000000000e+00       1.305784572322e-16       3.160830418147e-17      -2.982632754982e-18 
 2568       8.059814715323e-12       4.295019483880e-13      -5.522227106906e-13       0.000000000000e+00       1.303678582928e-16       3.160214293510e-17      -2.972716508331e-18 
 2569       8.050674816968e-12       4.289253175373e-13      -5.575616664258e-13       0.000000000000e+00       1.301576788285e-16       3.159257893997e-17      -2.962563895372e-18 
 2570       8.041901658367e-12       4.283101566070e-13      -5.628550885784e-13       0.000000000000e+00       1.299479175634e-16       3.157975024677e-17      -2.952152762342e-18 
 2571       8.033489175215e-12       4.276567119654e-13      -5.681007789635e-13       0.000000000000e+00       1.297385732143e-16       3.156379535434e-17      -2.941460887744e-18 
 2572       8.025431282265e-12       4.269652309529e-13      -5.732965328330e-13       0.000000000000e+00       1.295296444900e-16       3.154485321012e-17      -2.930465982276e-18 
 2573       8.017721873306e-12       4.262359618830e-13      -5.784401388693e-13       0.000000000000e+00       1.293211300913e-16       3.152306321062e-17      -2.919145688771e-18 
 2574       8.010354821144e-12       4.254691540434e-13      -5.835293791790e-13       0.000000000000e+00       1.291130287114e-16       3.149856520180e-17      -2.907477582129e-18 
 2575       8.003323977579e-12       4.246650576969e-13      -5.885620292867e-13       0.000000000000e+00       1.289053390355e-16       3.147149947958e-17      -2.895439169248e-18 
 2576       7.996623173385e-12       4.238239240822e-13      -5.935358581287e-13       0.000000000000e+00       1.286980597411e-16       3.144200679023e-17      -2.883007888965e-18 
 2577       7.990246218291e-12       4.229460054156e-13      -5.984486280466e-13       0.000000000000e+00       1.284911894976e-16       3.141022833085e-17      -2.870161111987e-18 
 2578       7.984186900955e-12       4.220315548910e-13      -6.032980947814e-13       0.000000000000e+00       1.282847269669e-16       3.137630574977e-17      -2.856876140825e-18 
 2579       7.978438988948e-12       4.210808266819e-13      -6.080820074665e-13       0.000000000000e+00       1.280786708026e-16       3.134038114705e-17      -2.843130209730e-18 
 2580       7.972996228729e-12       4.200940759419e-13      -6.127981086222e-13       0.000000000000e+00       1.278730196506e-16       3.130259707485e-17      -2.828900484628e-18 
 2581       7.967852345627e-12       4.190715588056e-13      -6.174441341488e-13       0.000000000000e+00       1.276677721489e-16       3.126309653793e-17      -2.814164063051e-18 
 2582       7.963001043818e-12       4.180135323899e-13      -6.220178133208e-13       0.000000000000e+00       1.274629269277e-16       3.122202299407e-17      -2.798897974077e-18 
 2583       7.958436006306e-12       4.169202547949e-13      -6.265168687801e-13       0.000000000000e+00       1.272584826090e-16       3.117952035450e-17      -2.783079178259e-18 
 2584       7.954150894898e-12       4.157919851050e-13      -6.309390165303e-13       0.000000000000e+00       1.270544378072e-16       3.113573298437e-17      -2.766684567564e-18 
 2585       7.950139350189e-12       4.146289833898e-13      -6.352819659299e-13       0.000000000000e+00       1.268507911284e-16       3.109080570316e-17      -2.749690965304e-18 
 2586       7.946394991534e-12       4.134315107050e-13      -6.395434196863e-13       0.000000000000e+00       1.266475411711e-16       3.104488378516e-17      -2.732075126073e-18 
 2587       7.942911417033e-12       4.121998290936e-13      -6.437210738495e-13       0.000000000000e+00       1.264446865256e-16       3.099811295987e-17      -2.713813735682e-18 
 2588       7.939682203507e-12       4.109342015871e-13      -6.478126178056e-13       0.000000000000e+00       1.262422257743e-16       3.095063941246e-17      -2.694883411089e-18 
 2589       7.936700906477e-12       4.096348922059e-13      -6.518157342707e-13       0.000000000000e+00       1.260401574918e-16       3.090260978423e-17      -2.675260700339e-18 
 2590       7.933961060143e-12       4.083021659610e-13      -6.557280992849e-13       0.000000000000e+00       1.258384802444e-16       3.085417117301e-17      -2.654922082495e-18 
 2591       7.931456177364e-12       4.069362888544e-13      -6.595473822052e-13       0.000000000000e+00       1.256371925907e-16       3.080547113365e-17      -2.633843967575e-18 
 2592       7.929179749636e-12       4.055375278806e-13      -6.632712457001e-13       0.000000000000e+00       1.254362930810e-16       3.075665767843e-17      -2.612002696484e-18 
 2593       7.927125247071e-12       4.041061510274e-13      -6.668973457428e-13       0.000000000000e+00       1.252357802579e-16       3.070787927750e-17      -2.589374540951e-18 
 2594       7.925285997659e-12       4.026424848561e-13      -6.704236476790e-13       0.000000000000e+00       1.250356528078e-16       3.065926110956e-17      -2.565948198698e-18 
 2595       7.923654824349e-12       4.011470875949e-13      -6.738493763920e-13       0.000000000000e+00       1.248359100179e-16       3.061083366640e-17      -2.541762356164e-18 
 2596       7.922224405876e-12       3.996205770248e-13      -6.771740714891e-13       0.000000000000e+00       1.246365513217e-16       3.056260374621e-17      -2.516868337698e-18 
 2597       7.920987397271e-12       3.980635729910e-13      -6.803972717137e-13       0.000000000000e+00       1.244375761479e-16       3.051457816676e-17      -2.491317629736e-18 
 2598       7.919936429836e-12       3.964766974050e-13      -6.835185149451e-13       0.000000000000e+00       1.242389839194e-16       3.046676376541e-17      -2.465161880959e-18 
 2599       7.919064111123e-12       3.948605742467e-13      -6.865373381972e-13       0.000000000000e+00       1.240407740545e-16       3.041916739914e-17      -2.438452902452e-18 
 2600       7.918363024909e-12       3.932158295660e-13      -6.894532776186e-13       0.000000000000e+00       1.238429459656e-16       3.037179594457e-17      -2.411242667858e-18 
 2601       7.917825731175e-12       3.915430914858e-13      -6.922658684913e-13       0.000000000000e+00       1.236454990603e-16       3.032465629797e-17      -2.383583313535e-18 
 2602       7.917444766078e-12       3.898429902029e-13      -6.949746452305e-13       0.000000000000e+00       1.234484327408e-16       3.027775537531e-17      -2.355527138718e-18 
 2603       7.917212641936e-12       3.881161579908e-13      -6.975791413837e-13       0.000000000000e+00       1.232517464040e-16       3.023110011221e-17      -2.327126605672e-18 
 2604       7.917121847195e-12       3.863632292016e-13      -7.000788896302e-13       0.000000000000e+00       1.230554394416e-16       3.018469746403e-17      -2.298434339848e-18 
 2605       7.917164846414e-12       3.845848402678e-13      -7.024734217804e-13       0.000000000000e+00       1.228595112398e-16       3.013855440585e-17      -2.269503130048e-18 
 2606       7.917334080237e-12       3.827816297045e-13      -7.047622687750e-13       0.000000000000e+00       1.226639611798e-16       3.009267793251e-17      -2.240385928571e-18 
 2607       7.917621965372e-12       3.809542381114e-13      -7.069449606846e-13       0.000000000000e+00       1.224687886373e-16       3.004707505858e-17      -2.211135851381e-18 
 2608       7.918020894568e-12       3.791033081751e-13      -7.090210267089e-13       0.000000000000e+00       1.222739929828e-16       3.000175281846e-17      -2.181806178257e-18 
 2609       7.918523236588e-12       3.772294846704e-13      -7.109899951760e-13       0.000000000000e+00       1.220795735815e-16       2.995671826631e-17      -2.152450352954e-18 
 2610       7.919121336192e-12       3.753334144634e-13      -7.128513935420e-13       0.000000000000e+00       1.218855297931e-16       2.991197847615e-17      -2.123121983358e-18 
 2611       7.919807514108e-12       3.734157465126e-13      -7.146047483899e-13       0.000000000000e+00       1.216918609723e-16       2.986754054180e-17      -2.093874841645e-18 
 2612       7.920574067015e-12       3.714771318715e-13      -7.162495854295e-13       0.000000000000e+00       1.214985664683e-16       2.982341157698e-17      -2.064762864438e-18 
 2613       7.921413267512e-12       3.695182236902e-13      -7.177854294963e-13       0.000000000000e+00       1.213056456248e-16       2.977959871524e-17      -2.035840152963e-18 
 2614       7.922317364101e-12       3.675396772179e-13      -7.192118045512e-13       0.000000000000e+00       1.211130977804e-16       2.973610911006e-17      -2.007160973208e-18 
 2615       7.923278581163e-12       3.655421498047e-13      -7.205282336795e-13       0.000000000000e+00       1.209209222683e-16       2.969294993481e-17      -1.978779756078e-18 
 2616       7.924289118931e-12       3.635263009036e-13      -7.217342390904e-13       0.000000000000e+00       1.207291184163e-16       2.965012838280e-17      -1.950751097555e-18 
 2617       7.925341153470e-12       3.614927920726e-13      -7.228293421167e-13       0.000000000000e+00       1.205376855468e-16       2.960765166730e-17      -1.923129758855e-18 
 2618       7.926426836656e-12       3.594422869767e-13      -7.238130632133e-13       0.000000000000e+00       1.203466229770e-16       2.956552702152e-17      -1.895970666582e-18 
 2619       7.927538296147e-12       3.573754513900e-13      -7.246849219575e-13       0.000000000000e+00       1.201559300185e-16       2.952376169868e-17      -1.869328912887e-18 
 2620       7.928667635364e-12       3.552929531978e-13      -7.254444370478e-13       0.000000000000e+00       1.199656059778e-16       2.948236297200e-17      -1.843259755629e-18 
 2621       7.929806933465e-12       3.531954623983e-13      -7.260911263033e-13       0.000000000000e+00       1.197756501557e-16       2.944133813471e-17      -1.817818618527e-18 
 2622       7.930948245327e-12       3.510836511052e-13      -7.266245066631e-13       0.000000000000e+00       1.195860618478e-16       2.940069450010e-17      -1.793061091319e-18 
 2623       7.932083601516e-12       3.489581935490e-13      -7.270440941858e-13       0.000000000000e+00       1.193968403443e-16       2.936043940149e-17      -1.769042929920e-18 
 2624       7.933205008269e-12       3.468197660799e-13      -7.273494040486e-13       0.000000000000e+00       1.192079849299e-16       2.932058019231e-17      -1.745820056579e-18 
 2625       7.934304447467e-12       3.446690471691e-13      -7.275399505469e-13       0.000000000000e+00       1.190194948840e-16       2.928112424606e-17      -1.723448560037e-18 
 2626       7.935373876615e-12       3.425067174112e-13      -7.276152470933e-13       0.000000000000e+00       1.188313694805e-16       2.924207895638e-17      -1.701984695681e-18 
 2627       7.936405228818e-12       3.403334595262e-13      -7.275748062174e-13       0.000000000000e+00       1.186436079879e-16       2.920345173701e-17      -1.681484885706e-18 
 2628       7.937390412756e-12       3.381499583614e-13      -7.274181395648e-13       0.000000000000e+00       1.184562096693e-16       2.916525002188e-17      -1.662005719269e-18 
 2629       7.938321312663e-12       3.359569008936e-13      -7.271447578965e-13       0.000000000000e+00       1.182691737823e-16       2.912748126505e-17      -1.643603952647e-18 
 2630       7.939189788302e-12       3.337549762312e-13      -7.267541710884e-13       0.000000000000e+00       1.180824995791e-16       2.909015294079e-17      -1.626336509395e-18 
 2631       7.939987674944e-12       3.315448756159e-13      -7.262458881306e-13       0.000000000000e+00       1.178961863065e-16       2.905327254358e-17      -1.610260480502e-18 
 2632       7.940706783342e-12       3.293272924250e-13      -7.256194171267e-13       0.000000000000e+00       1.177102332057e-16       2.901684758811e-17      -1.595433124551e-18 
 2633       7.941339489353e-12       3.271029066392e-13      -7.248745364574e-13       0.000000000000e+00       1.175246395292e-16       2.898087867683e-17      -1.581889173274e-18 
 2634       7.941880506424e-12       3.248723381470e-13      -7.240121099218e-13       0.000000000000e+00       1.173394045906e-16       2.894533866035e-17      -1.569572610017e-18 
 2635       7.942325122915e-12       3.226361931845e-13      -7.230332761283e-13       0.000000000000e+00       1.171545277151e-16       2.891019336119e-17      -1.558404512166e-18 
 2636       7.942668613340e-12       3.203950798479e-13      -7.219391777461e-13       0.000000000000e+00       1.169700082225e-16       2.887540849560e-17      -1.548305711054e-18 
 2637       7.942906238358e-12       3.181496080956e-13      -7.207309615095e-13       0.000000000000e+00       1.167858454276e-16       2.884094967348e-17      -1.539196791722e-18 
 2638       7.943033244751e-12       3.159003897492e-13      -7.194097782216e-13       0.000000000000e+00       1.166020386400e-16       2.880678239829e-17      -1.530998092687e-18 
 2639       7.943044865421e-12       3.136480384960e-13      -7.179767827585e-13       0.000000000000e+00       1.164185871640e-16       2.877287206692e-17      -1.523629705704e-18 
 2640       7.942936319370e-12       3.113931698906e-13      -7.164331340732e-13       0.000000000000e+00       1.162354902986e-16       2.873918396960e-17      -1.517011475532e-18 
 2641       7.942702811689e-12       3.091364013563e-13      -7.147799952001e-13       0.000000000000e+00       1.160527473379e-16       2.870568328982e-17      -1.511062999698e-18 
 2642       7.942339533547e-12       3.068783521873e-13      -7.130185332583e-13       0.000000000000e+00       1.158703575706e-16       2.867233510420e-17      -1.505703628263e-18 
 2643       7.941841662174e-12       3.046196435503e-13      -7.111499194562e-13       0.000000000000e+00       1.156883202802e-16       2.863910438238e-17      -1.500852463584e-18 
 2644       7.941204360854e-12       3.023608984862e-13      -7.091753290954e-13       0.000000000000e+00       1.155066347449e-16       2.860595598696e-17      -1.496428360081e-18 
 2645       7.940422778904e-12       3.001027419120e-13      -7.070959415747e-13       0.000000000000e+00       1.153253002378e-16       2.857285467338e-17      -1.492349924000e-18 
 2646       7.939492051670e-12       2.978458006226e-13      -7.049129403942e-13       0.000000000000e+00       1.151443160266e-16       2.853976508979e-17      -1.488535513178e-18 
 2647       7.938407300505e-12       2.955907032922e-13      -7.026275131592e-13       0.000000000000e+00       1.149636813740e-16       2.850665177698e-17      -1.484903236810e-18 
 2648       7.937163632763e-12       2.933380804767e-13      -7.002408515844e-13       0.000000000000e+00       1.147833955372e-16       2.847347916828e-17      -1.481370955209e-18 
 2649       7.935756141784e-12       2.910885646148e-13      -6.977541514979e-13       0.000000000000e+00       1.146034577683e-16       2.844021158944e-17      -1.477856279573e-18 
 2650       7.934179906878e-12       2.888427900303e-13      -6.951686128452e-13       0.000000000000e+00       1.144238673139e-16       2.840681325854e-17      -1.474276571752e-18 
 2651       7.932429993316e-12       2.866013929335e-13      -6.924854396933e-13       0.000000000000e+00       1.142446234158e-16       2.837324828589e-17      -1.470548944006e-18 
 2652       7.930501452315e-12       2.843650114234e-13      -6.897058402346e-13       0.000000000000e+00       1.140657253100e-16       2.833948067390e-17      -1.466590258779e-18 
 2653       7.928389321027e-12       2.821342854887e-13      -6.868310267913e-13       0.000000000000e+00       1.138871722275e-16       2.830547431703e-17      -1.462317128454e-18 
 2654       7.926088622522e-12       2.799098570105e-13      -6.838622158189e-13       0.000000000000e+00       1.137089633940e-16       2.827119300165e-17      -1.457645915124e-18 
 2655       7.923594365779e-12       2.776923697635e-13      -6.808006279107e-13       0.000000000000e+00       1.135310980299e-16       2.823660040594e-17      -1.452492730355e-18 
 2656       7.920901545671e-12       2.754824694177e-13      -6.776474878017e-13       0.000000000000e+00       1.133535753501e-16       2.820166009983e-17      -1.446773434948e-18 
 2657       7.918005142953e-12       2.732808035407e-13      -6.744040243723e-13       0.000000000000e+00       1.131763945645e-16       2.816633554482e-17      -1.440403638708e-18 
 2658       7.914900124247e-12       2.710880215988e-13      -6.710714706532e-13       0.000000000000e+00       1.129995548775e-16       2.813059009395e-17      -1.433298700205e-18 
 2659       7.911581442033e-12       2.689047749593e-13      -6.676510638284e-13       0.000000000000e+00       1.128230554883e-16       2.809438699167e-17      -1.425373726540e-18 
 2660       7.908044034632e-12       2.667317168920e-13      -6.641440452399e-13       0.000000000000e+00       1.126468955905e-16       2.805768937374e-17      -1.416543573110e-18 
 2661       7.904282826194e-12       2.645695025711e-13      -6.605516603918e-13       0.000000000000e+00       1.124710743727e-16       2.802046026713e-17      -1.406722843372e-18 
 2662       7.900292726687e-12       2.624187890768e-13      -6.568751589537e-13       0.000000000000e+00       1.122955910181e-16       2.798266258992e-17      -1.395825888608e-18 
 2663       7.896068631881e-12       2.602802353973e-13      -6.531157947656e-13       0.000000000000e+00       1.121204447043e-16       2.794425915119e-17      -1.383766807689e-18 
 2664       7.891605423339e-12       2.581545024302e-13      -6.492748258412e-13       0.000000000000e+00       1.119456346039e-16       2.790521265091e-17      -1.370459446838e-18 
 2665       7.886897968398e-12       2.560422529848e-13      -6.453535143723e-13       0.000000000000e+00       1.117711598838e-16       2.786548567990e-17      -1.355817399400e-18 
 2666       7.881941120162e-12       2.539441517834e-13      -6.413531267328e-13       0.000000000000e+00       1.115970197059e-16       2.782504071963e-17      -1.339754005600e-18 
 2667       7.876729717487e-12       2.518608654632e-13      -6.372749334828e-13       0.000000000000e+00       1.114232132265e-16       2.778384014219e-17      -1.322182352313e-18 
 2668       7.871258584967e-12       2.497930625784e-13      -6.331202093726e-13       0.000000000000e+00       1.112497395965e-16       2.774184621018e-17      -1.303015272824e-18 
 2669       7.865522532920e-12       2.477414136013e-13      -6.288902333465e-13       0.000000000000e+00       1.110765979615e-16       2.769902107658e-17      -1.282165346597e-18 
 2670       7.859516357379e-12       2.457065909248e-13      -6.245862885472e-13       0.000000000000e+00       1.109037874618e-16       2.765532678466e-17      -1.259544899036e-18 
 2671       7.853234840075e-12       2.436892688635e-13      -6.202096623196e-13       0.000000000000e+00       1.107313072321e-16       2.761072526791e-17      -1.235066001251e-18 
 2672       7.846673610209e-12       2.416900571262e-13      -6.157617383059e-13       0.000000000000e+00       1.105591564144e-16       2.756518297225e-17      -1.208671674914e-18 
 2673       7.839831734952e-12       2.397093008298e-13      -6.112442732736e-13       0.000000000000e+00       1.103873341957e-16       2.751868475070e-17      -1.180429694153e-18 
 2674       7.832709143114e-12       2.377472793927e-13      -6.066591218126e-13       0.000000000000e+00       1.102158397702e-16       2.747122004470e-17      -1.150439297279e-18 
 2675       7.825305764653e-12       2.358042729657e-13      -6.020081443876e-13       0.000000000000e+00       1.100446723270e-16       2.742277826860e-17      -1.118800028670e-18 
 2676       7.817621530682e-12       2.338805624326e-13      -5.972932073441e-13       0.000000000000e+00       1.098738310500e-16       2.737334880966e-17      -1.085611739065e-18 
 2677       7.809656373461e-12       2.319764294108e-13      -5.925161829136e-13       0.000000000000e+00       1.097033151178e-16       2.732292102805e-17      -1.050974585846e-18 
 2678       7.801410226407e-12       2.300921562523e-13      -5.876789492192e-13       0.000000000000e+00       1.095331237040e-16       2.727148425678e-17      -1.014989033334e-18 
 2679       7.792883024090e-12       2.282280260438e-13      -5.827833902814e-13       0.000000000000e+00       1.093632559768e-16       2.721902780169e-17      -9.777558530723e-19 
 2680       7.784074702239e-12       2.263843226077e-13      -5.778313960238e-13       0.000000000000e+00       1.091937110992e-16       2.716554094144e-17      -9.393761241177e-19 
 2681       7.774985197738e-12       2.245613305027e-13      -5.728248622781e-13       0.000000000000e+00       1.090244882291e-16       2.711101292748e-17      -8.999512333296e-19 
 2682       7.765614448632e-12       2.227593350246e-13      -5.677656907904e-13       0.000000000000e+00       1.088555865190e-16       2.705543298403e-17      -8.595828756582e-19 
 2683       7.755962394128e-12       2.209786222065e-13      -5.626557892261e-13       0.000000000000e+00       1.086870051162e-16       2.699879030804e-17      -8.183730544338e-19 
 2684       7.746028974593e-12       2.192194788200e-13      -5.574970711762e-13       0.000000000000e+00       1.085187431629e-16       2.694107406917e-17      -7.764240816553e-19 
 2685       7.735814131561e-12       2.174821923753e-13      -5.522914561624e-13       0.000000000000e+00       1.083507997959e-16       2.688227340980e-17      -7.338385782796e-19 
 2686       7.725317807728e-12       2.157670511224e-13      -5.470408696427e-13       0.000000000000e+00       1.081831741468e-16       2.682237744495e-17      -6.907194745099e-19 
 2687       7.714539946960e-12       2.140743440513e-13      -5.417472430174e-13       0.000000000000e+00       1.080158653419e-16       2.676137526230e-17      -6.471700100849e-19 
 2688       7.703480494289e-12       2.124043608930e-13      -5.364125136340e-13       0.000000000000e+00       1.078488725022e-16       2.669925592214e-17      -6.032937345677e-19 
 2689       7.692139395919e-12       2.107573921198e-13      -5.310386247935e-13       0.000000000000e+00       1.076821947436e-16       2.663600845736e-17      -5.591945076346e-19 
 2690       7.680516599225e-12       2.091337289464e-13      -5.256275257555e-13       0.000000000000e+00       1.075158311766e-16       2.657162187345e-17      -5.149764993639e-19 
 2691       7.668612052753e-12       2.075336633299e-13      -5.201811717442e-13       0.000000000000e+00       1.073497809063e-16       2.650608514840e-17      -4.707441905250e-19 
 2692       7.656425706225e-12       2.059574879713e-13      -5.147015239535e-13       0.000000000000e+00       1.071840430327e-16       2.643938723276e-17      -4.266023728672e-19 
 2693       7.643957510540e-12       2.044054963153e-13      -5.091905495529e-13       0.000000000000e+00       1.070186166505e-16       2.637151704957e-17      -3.826561494082e-19 
 2694       7.631207417771e-12       2.028779825515e-13      -5.036502216930e-13       0.000000000000e+00       1.068535008489e-16       2.630246349434e-17      -3.390109347238e-19 
 2695       7.618175381173e-12       2.013752416150e-13      -4.980825195114e-13       0.000000000000e+00       1.066886947119e-16       2.623221543506e-17      -2.957724552360e-19 
 2696       7.604861355180e-12       1.998975691867e-13      -4.924894281376e-13       0.000000000000e+00       1.065241973182e-16       2.616076171212e-17      -2.530467495022e-19 
 2697       7.591265295408e-12       1.984452616944e-13      -4.868729386993e-13       0.000000000000e+00       1.063600077413e-16       2.608809113832e-17      -2.109401685041e-19 
 2698       7.577387158657e-12       1.970186163130e-13      -4.812350483274e-13       0.000000000000e+00       1.061961250492e-16       2.601419249885e-17      -1.695593759367e-19 
 2699       7.563226902909e-12       1.956179309658e-13      -4.755777601622e-13       0.000000000000e+00       1.060325483045e-16       2.593905455126e-17      -1.290113484967e-19 
 2700       7.548784487336e-12       1.942435043243e-13      -4.699030833583e-13       0.000000000000e+00       1.058692765647e-16       2.586266602542e-17      -8.940337617203e-20 
 2701       7.534059872296e-12       1.928956358096e-13      -4.642130330910e-13       0.000000000000e+00       1.057063088818e-16       2.578501562352e-17      -5.084306253019e-20 
 2702       7.519053019337e-12       1.915746255925e-13      -4.585096305610e-13       0.000000000000e+00       1.055436443025e-16       2.570609202004e-17      -1.343832500745e-20 
 2703       7.503763891195e-12       1.902807745946e-13      -4.527949030006e-13       0.000000000000e+00       1.053812818680e-16       2.562588386171e-17       2.270260480241e-20 
 2704       7.488192451803e-12       1.890143844887e-13      -4.470708836792e-13       0.000000000000e+00       1.052192206144e-16       2.554437976749e-17       5.747118085915e-20 
 2705       7.472338666284e-12       1.877757576994e-13      -4.413396119086e-13       0.000000000000e+00       1.050574595723e-16       2.546156832859e-17       9.075854238724e-20 
 2706       7.456202500957e-12       1.865651974039e-13      -4.356031330491e-13       0.000000000000e+00       1.048959977667e-16       2.537743810836e-17       1.224555135870e-19 
 2707       7.439783923338e-12       1.853830075327e-13      -4.298634985144e-13       0.000000000000e+00       1.047348342177e-16       2.529197764236e-17       1.524526033455e-19 
 2708       7.423082902142e-12       1.842294927699e-13      -4.241227657778e-13       0.000000000000e+00       1.045739679396e-16       2.520517543826e-17       1.806400049481e-19 
 2709       7.406099407283e-12       1.831049585544e-13      -4.183829983776e-13       0.000000000000e+00       1.044133979414e-16       2.511701997587e-17       2.069075957891e-19 
 2710       7.388833409876e-12       1.820097110799e-13      -4.126462659224e-13       0.000000000000e+00       1.042531232269e-16       2.502749970708e-17       2.311449370833e-19 
 2711       7.371285519292e-12       1.809439841630e-13      -4.069145434425e-13       0.000000000000e+00       1.040931429201e-16       2.493660737101e-17       2.532747897273e-19 
 2712       7.353458898082e-12       1.799077194115e-13      -4.011894088365e-13       0.000000000000e+00       1.039334566432e-16       2.484435296487e-17       2.733538602703e-19 
 2713       7.335357357401e-12       1.789007848697e-13      -3.954723438011e-13       0.000000000000e+00       1.037740641411e-16       2.475075084312e-17       2.914725985851e-19 
 2714       7.316984720902e-12       1.779230480429e-13      -3.897648343416e-13       0.000000000000e+00       1.036149651553e-16       2.465581540870e-17       3.077217313999e-19 
 2715       7.298344824755e-12       1.769743758974e-13      -3.840683707757e-13       0.000000000000e+00       1.034561594240e-16       2.455956111312e-17       3.221922625568e-19 
 2716       7.279441517652e-12       1.760546348594e-13      -3.783844477374e-13       0.000000000000e+00       1.032976466826e-16       2.446200245647e-17       3.349754732696e-19 
 2717       7.260278660825e-12       1.751636908145e-13      -3.727145641808e-13       0.000000000000e+00       1.031394266628e-16       2.436315398747e-17       3.461629223825e-19 
 2718       7.240860128050e-12       1.743014091077e-13      -3.670602233844e-13       0.000000000000e+00       1.029814990934e-16       2.426303030355e-17       3.558464466278e-19 
 2719       7.221189805668e-12       1.734676545423e-13      -3.614229329550e-13       0.000000000000e+00       1.028238637000e-16       2.416164605084e-17       3.641181608842e-19 
 2720       7.201271592590e-12       1.726622913795e-13      -3.558042048312e-13       0.000000000000e+00       1.026665202049e-16       2.405901592428e-17       3.710704584349e-19 
 2721       7.181109400312e-12       1.718851833380e-13      -3.502055552879e-13       0.000000000000e+00       1.025094683271e-16       2.395515466760e-17       3.767960112261e-19 
 2722       7.160707152926e-12       1.711361935933e-13      -3.446285049398e-13       0.000000000000e+00       1.023527077825e-16       2.385007707345e-17       3.813877701244e-19 
 2723       7.140068787132e-12       1.704151847773e-13      -3.390745787458e-13       0.000000000000e+00       1.021962382837e-16       2.374379798334e-17       3.849389651758e-19 
 2724       7.119198252251e-12       1.697220189776e-13      -3.335453060124e-13       0.000000000000e+00       1.020400595401e-16       2.363633228779e-17       3.875431058633e-19 
 2725       7.098099510236e-12       1.690565577371e-13      -3.280422203983e-13       0.000000000000e+00       1.018841712580e-16       2.352769492631e-17       3.892939813654e-19 
 2726       7.076776535681e-12       1.684186620533e-13      -3.225668599177e-13       0.000000000000e+00       1.017285731401e-16       2.341790088746e-17       3.902856608139e-19 
 2727       7.055233315838e-12       1.678081923779e-13      -3.171207669446e-13       0.000000000000e+00       1.015732648863e-16       2.330696520893e-17       3.906124935523e-19 
 2728       7.033473850627e-12       1.672250086161e-13      -3.117054882167e-13       0.000000000000e+00       1.014182461929e-16       2.319490297754e-17       3.903691093940e-19 
 2729       7.011502152646e-12       1.666689701264e-13      -3.063225748394e-13       0.000000000000e+00       1.012635167531e-16       2.308172932930e-17       3.896504188802e-19 
 2730       6.989322247185e-12       1.661399357195e-13      -3.009735822896e-13       0.000000000000e+00       1.011090762569e-16       2.296745944949e-17       3.885516135384e-19 
 2731       6.966938172237e-12       1.656377636583e-13      -2.956600704197e-13       0.000000000000e+00       1.009549243908e-16       2.285210857266e-17       3.871681661401e-19 
 2732       6.944353978510e-12       1.651623116572e-13      -2.903836034615e-13       0.000000000000e+00       1.008010608385e-16       2.273569198270e-17       3.855958309595e-19 
 2733       6.921573729439e-12       1.647134368811e-13      -2.851457500304e-13       0.000000000000e+00       1.006474852799e-16       2.261822501287e-17       3.839306440312e-19 
 2734       6.898601501199e-12       1.642909959456e-13      -2.799480831290e-13       0.000000000000e+00       1.004941973919e-16       2.249972304589e-17       3.822689234086e-19 
 2735       6.875441382713e-12       1.638948449161e-13      -2.747921801513e-13       0.000000000000e+00       1.003411968483e-16       2.238020151392e-17       3.807072694220e-19 
 2736       6.852097475670e-12       1.635248393070e-13      -2.696796228863e-13       0.000000000000e+00       1.001884833191e-16       2.225967589868e-17       3.793425649366e-19 
 2737       6.828573894530e-12       1.631808340816e-13      -2.646119975225e-13       0.000000000000e+00       1.000360564716e-16       2.213816173142e-17       3.782719756111e-19 
 2738       6.804874766543e-12       1.628626836513e-13      -2.595908946514e-13       0.000000000000e+00       9.988391596952e-17       2.201567459304e-17       3.775929501551e-19 
 2739       6.781004231755e-12       1.625702418752e-13      -2.546179092716e-13       0.000000000000e+00       9.973206147323e-17       2.189223011407e-17       3.774032205882e-19 
 2740       6.756966443022e-12       1.623033620595e-13      -2.496946407926e-13       0.000000000000e+00       9.958049263994e-17       2.176784397476e-17       3.778008024973e-19 
 2741       6.732765566023e-12       1.620618969568e-13      -2.448226930392e-13       0.000000000000e+00       9.942920912354e-17       2.164253190513e-17       3.788839952953e-19 
 2742       6.708405779271e-12       1.618456987658e-13      -2.400036742547e-13       0.000000000000e+00       9.927821057459e-17       2.151630968499e-17       3.807513824790e-19 
 2743       6.683891274125e-12       1.616546191306e-13      -2.352391971055e-13       0.000000000000e+00       9.912749664037e-17       2.138919314398e-17       3.835018318874e-19 
 2744       6.659226254800e-12       1.614885091402e-13      -2.305308786848e-13       0.000000000000e+00       9.897706696484e-17       2.126119816167e-17       3.872344959596e-19 
 2745       6.634414938383e-12       1.613472193282e-13      -2.258803405166e-13       0.000000000000e+00       9.882692118863e-17       2.113234066753e-17       3.920488119934e-19 
 2746       6.609461554841e-12       1.612305996717e-13      -2.212892085595e-13       0.000000000000e+00       9.867705894909e-17       2.100263664105e-17       3.980445024030e-19 
 2747       6.584370347035e-12       1.611384995912e-13      -2.167591132107e-13       0.000000000000e+00       9.852747988023e-17       2.087210211174e-17       4.053215749774e-19 
 2748       6.559145570730e-12       1.610707679500e-13      -2.122916893101e-13       0.000000000000e+00       9.837818361273e-17       2.074075315919e-17       4.139803231386e-19 
 2749       6.533791494610e-12       1.610272530536e-13      -2.078885761441e-13       0.000000000000e+00       9.822916977395e-17       2.060860591311e-17       4.241213261994e-19 
 2750       6.508312514871e-12       1.610077619044e-13      -2.035512116426e-13       0.000000000000e+00       9.808043791300e-17       2.047568235426e-17       4.358165012969e-19 
 2751       6.482713499657e-12       1.610119377305e-13      -1.992802137646e-13       0.000000000000e+00       9.793198727554e-17       2.034202775082e-17       4.490220902471e-19 
 2752       6.456999446481e-12       1.610393818039e-13      -1.950759958263e-13       0.000000000000e+00       9.778381702779e-17       2.020769331495e-17       4.636652098267e-19 
 2753       6.431175367826e-12       1.610896941242e-13      -1.909389720090e-13       0.000000000000e+00       9.763592633128e-17       2.007273041051e-17       4.796727578133e-19 
 2754       6.405246291153e-12       1.611624734181e-13      -1.868695573605e-13       0.000000000000e+00       9.748831434294e-17       1.993719055318e-17       4.969714127843e-19 
 2755       6.379217258920e-12       1.612573171376e-13      -1.828681677953e-13       0.000000000000e+00       9.734098021497e-17       1.980112541062e-17       5.154876339162e-19 
 2756       6.353093328594e-12       1.613738214593e-13      -1.789352200954e-13       0.000000000000e+00       9.719392309495e-17       1.966458680260e-17       5.351476607833e-19 
 2757       6.326879572660e-12       1.615115812828e-13      -1.750711319112e-13       0.000000000000e+00       9.704714212578e-17       1.952762670112e-17       5.558775131568e-19 
 2758       6.300581078644e-12       1.616701902296e-13      -1.712763217617e-13       0.000000000000e+00       9.690063644567e-17       1.939029723058e-17       5.776029908037e-19 
 2759       6.274202949118e-12       1.618492406424e-13      -1.675512090357e-13       0.000000000000e+00       9.675440518814e-17       1.925265066791e-17       6.002496732860e-19 
 2760       6.247750301717e-12       1.620483235831e-13      -1.638962139922e-13       0.000000000000e+00       9.660844748204e-17       1.911473944268e-17       6.237429197594e-19 
 2761       6.221228269156e-12       1.622670288323e-13      -1.603117577609e-13       0.000000000000e+00       9.646276245152e-17       1.897661613728e-17       6.480078687723e-19 
 2762       6.194641999238e-12       1.625049448876e-13      -1.567982623435e-13       0.000000000000e+00       9.631734921603e-17       1.883833348703e-17       6.729694380649e-19 
 2763       6.167996654870e-12       1.627616589629e-13      -1.533561506138e-13       0.000000000000e+00       9.617220689032e-17       1.869994438033e-17       6.985523243683e-19 
 2764       6.141297414079e-12       1.630367569867e-13      -1.499858463184e-13       0.000000000000e+00       9.602733458443e-17       1.856150185880e-17       7.246810032032e-19 
 2765       6.114549470022e-12       1.633298236013e-13      -1.466877740778e-13       0.000000000000e+00       9.588273140368e-17       1.842305911741e-17       7.512797286789e-19 
 2766       6.087758031002e-12       1.636404421616e-13      -1.434623593869e-13       0.000000000000e+00       9.573839644869e-17       1.828466950461e-17       7.782725332925e-19 
 2767       6.060928320482e-12       1.639681947335e-13      -1.403100286153e-13       0.000000000000e+00       9.559432881532e-17       1.814638652252e-17       8.055832277278e-19 
 2768       6.034065577096e-12       1.643126620933e-13      -1.372312090085e-13       0.000000000000e+00       9.545052759475e-17       1.800826382699e-17       8.331354006539e-19 
 2769       6.007175054666e-12       1.646734237259e-13      -1.342263286885e-13       0.000000000000e+00       9.530699187340e-17       1.787035522780e-17       8.608524185250e-19 
 2770       5.980262022214e-12       1.650500578241e-13      -1.312958166541e-13       0.000000000000e+00       9.516372073293e-17       1.773271468876e-17       8.886574253785e-19 
 2771       5.953331763975e-12       1.654421412874e-13      -1.284401027820e-13       0.000000000000e+00       9.502071325030e-17       1.759539632790e-17       9.164733426343e-19 
 2772       5.926389579412e-12       1.658492497202e-13      -1.256596178272e-13       0.000000000000e+00       9.487796849770e-17       1.745845441753e-17       9.442228688943e-19 
 2773       5.899440783231e-12       1.662709574314e-13      -1.229547934240e-13       0.000000000000e+00       9.473548554255e-17       1.732194338446e-17       9.718284797403e-19 
 2774       5.872490705390e-12       1.667068374328e-13      -1.203260620863e-13       0.000000000000e+00       9.459326344754e-17       1.718591781007e-17       9.992124275341e-19 
 2775       5.845544691119e-12       1.671564614378e-13      -1.177738572085e-13       0.000000000000e+00       9.445130127058e-17       1.705043243052e-17       1.026296741216e-18 
 2776       5.818608100928e-12       1.676193998606e-13      -1.152986130663e-13       0.000000000000e+00       9.430959806481e-17       1.691554213680e-17       1.053003226102e-18 
 2777       5.791686310623e-12       1.680952218148e-13      -1.129007648170e-13       0.000000000000e+00       9.416815287861e-17       1.678130197494e-17       1.079253463688e-18 
 2778       5.764784711323e-12       1.685834951119e-13      -1.105807485006e-13       0.000000000000e+00       9.402696475556e-17       1.664776714615e-17       1.104968811442e-18 
 2779       5.737908709467e-12       1.690837862607e-13      -1.083390010402e-13       0.000000000000e+00       9.388603273447e-17       1.651499300689e-17       1.130070402609e-18 
 2780       5.711063726833e-12       1.695956604658e-13      -1.061759602428e-13       0.000000000000e+00       9.374535584936e-17       1.638303506907e-17       1.154479146004e-18 
 2781       5.684255200549e-12       1.701186816264e-13      -1.040920647998e-13       0.000000000000e+00       9.360493312946e-17       1.625194900018e-17       1.178115725818e-18 
 2782       5.657488583109e-12       1.706524123350e-13      -1.020877542881e-13       0.000000000000e+00       9.346476359917e-17       1.612179062341e-17       1.200900601411e-18 
 2783       5.630769342384e-12       1.711964138765e-13      -1.001634691703e-13       0.000000000000e+00       9.332484627813e-17       1.599261591779e-17       1.222754007114e-18 
 2784       5.604102961639e-12       1.717502462270e-13      -9.831965079580e-14       0.000000000000e+00       9.318518018115e-17       1.586448101837e-17       1.243595952027e-18 
 2785       5.577494939542e-12       1.723134680521e-13      -9.655674140105e-14       0.000000000000e+00       9.304576431821e-17       1.573744221627e-17       1.263346219818e-18 
 2786       5.550950790183e-12       1.728856367064e-13      -9.487518411059e-14       0.000000000000e+00       9.290659769449e-17       1.561155595892e-17       1.281924368523e-18 
 2787       5.524476043084e-12       1.734663082320e-13      -9.327542293758e-14       0.000000000000e+00       9.276767931035e-17       1.548687885014e-17       1.299249730345e-18 
 2788       5.498076243214e-12       1.740550373571e-13      -9.175790278449e-14       0.000000000000e+00       9.262900816131e-17       1.536346765027e-17       1.315241411448e-18 
 2789       5.471756589572e-12       1.746513840990e-13      -9.032288529492e-14       0.000000000000e+00       9.249058338035e-17       1.524137375035e-17       1.329839769548e-18 
 2790       5.445520848838e-12       1.752549336116e-13      -8.896989535126e-14       0.000000000000e+00       9.235240466568e-17       1.512062656247e-17       1.343070970261e-18 
 2791       5.419372436042e-12       1.758652764400e-13      -8.769827167193e-14       0.000000000000e+00       9.221447185519e-17       1.500125004245e-17       1.354982769337e-18 
 2792       5.393314775492e-12       1.764820019242e-13      -8.650735069413e-14       0.000000000000e+00       9.207678478439e-17       1.488326820800e-17       1.365623065793e-18 
 2793       5.367351300773e-12       1.771046981987e-13      -8.539646657168e-14       0.000000000000e+00       9.193934328638e-17       1.476670513872e-17       1.375039902044e-18 
 2794       5.341485454764e-12       1.777329521911e-13      -8.436495117286e-14       0.000000000000e+00       9.180214719187e-17       1.465158497623e-17       1.383281464034e-18 
 2795       5.315720689638e-12       1.783663496211e-13      -8.341213407827e-14       0.000000000000e+00       9.166519632915e-17       1.453793192414e-17       1.390396081362e-18 
 2796       5.290060466876e-12       1.790044749994e-13      -8.253734257864e-14       0.000000000000e+00       9.152849052411e-17       1.442577024815e-17       1.396432227419e-18 
 2797       5.264508257275e-12       1.796469116265e-13      -8.173990167268e-14       0.000000000000e+00       9.139202960021e-17       1.431512427612e-17       1.401438519511e-18 
 2798       5.239067540951e-12       1.802932415920e-13      -8.101913406495e-14       0.000000000000e+00       9.125581337852e-17       1.420601839807e-17       1.405463718996e-18 
 2799       5.213741807351e-12       1.809430457730e-13      -8.037436016367e-14       0.000000000000e+00       9.111984167768e-17       1.409847706629e-17       1.408556731408e-18 
 2800       5.188534555264e-12       1.815959038332e-13      -7.980489807855e-14       0.000000000000e+00       9.098411431391e-17       1.399252479534e-17       1.410766606592e-18 
 2801       5.163449292820e-12       1.822513942221e-13      -7.931006361868e-14       0.000000000000e+00       9.084863110100e-17       1.388818616214e-17       1.412142538831e-18 
 2802       5.138489537509e-12       1.829090941734e-13      -7.888917029033e-14       0.000000000000e+00       9.071339185032e-17       1.378548580602e-17       1.412733866978e-18 
 2803       5.113658816180e-12       1.835685797044e-13      -7.854152929481e-14       0.000000000000e+00       9.057839637083e-17       1.368444842875e-17       1.412590074587e-18 
 2804       5.088960665057e-12       1.842294256147e-13      -7.826644952629e-14       0.000000000000e+00       9.044364446902e-17       1.358509879464e-17       1.411760790039e-18 
 2805       5.064398629739e-12       1.848912054848e-13      -7.806323756966e-14       0.000000000000e+00       9.030913594897e-17       1.348746173052e-17       1.410295786677e-18 
 2806       5.039976265216e-12       1.855534916757e-13      -7.793119769839e-14       0.000000000000e+00       9.017487061231e-17       1.339156212586e-17       1.408244982935e-18 
 2807       5.015697135872e-12       1.862158553273e-13      -7.786963187232e-14       0.000000000000e+00       9.004084825825e-17       1.329742493280e-17       1.405658442465e-18 
 2808       4.991564815493e-12       1.868778663573e-13      -7.787783973555e-14       0.000000000000e+00       8.990706868354e-17       1.320507516620e-17       1.402586374272e-18 
 2809       4.967582887279e-12       1.875390934605e-13      -7.795511861425e-14       0.000000000000e+00       8.977353168248e-17       1.311453790369e-17       1.399079132840e-18 
 2810       4.943754943849e-12       1.881991041073e-13      -7.810076351452e-14       0.000000000000e+00       8.964023704693e-17       1.302583828573e-17       1.395187218266e-18 
 2811       4.920084587250e-12       1.888574645428e-13      -7.831406712022e-14       0.000000000000e+00       8.950718456630e-17       1.293900151567e-17       1.390961276386e-18 
 2812       4.896575428965e-12       1.895137397857e-13      -7.859431979081e-14       0.000000000000e+00       8.937437402753e-17       1.285405285978e-17       1.386452098910e-18 
 2813       4.873231089922e-12       1.901674936274e-13      -7.894080955920e-14       0.000000000000e+00       8.924180521512e-17       1.277101764734e-17       1.381710623547e-18 
 2814       4.850055200501e-12       1.908182886303e-13      -7.935282212959e-14       0.000000000000e+00       8.910947791110e-17       1.268992127065e-17       1.376787934140e-18 
 2815       4.827051400541e-12       1.914656861276e-13      -7.982964087530e-14       0.000000000000e+00       8.897739189504e-17       1.261078918512e-17       1.371735260792e-18 
 2816       4.804223339352e-12       1.921092462215e-13      -8.037054683665e-14       0.000000000000e+00       8.884554694404e-17       1.253364690930e-17       1.366603980001e-18 
 2817       4.781574675719e-12       1.927485277823e-13      -8.097481871872e-14       0.000000000000e+00       8.871394283274e-17       1.245852002496e-17       1.361445614785e-18 
 2818       4.759109077913e-12       1.933830884475e-13      -8.164173288929e-14       0.000000000000e+00       8.858257933329e-17       1.238543417710e-17       1.356311834815e-18 
 2819       4.736830223698e-12       1.940124846206e-13      -8.237056337661e-14       0.000000000000e+00       8.845145621539e-17       1.231441507403e-17       1.351254456546e-18 
 2820       4.714741800338e-12       1.946362714698e-13      -8.316058186726e-14       0.000000000000e+00       8.832057324623e-17       1.224548848745e-17       1.346325443346e-18 
 2821       4.692847504607e-12       1.952540029273e-13      -8.401105770401e-14       0.000000000000e+00       8.818993019055e-17       1.217868025244e-17       1.341576905624e-18 
 2822       4.671151042797e-12       1.958652316881e-13      -8.492125788364e-14       0.000000000000e+00       8.805952681060e-17       1.211401626758e-17       1.337061100965e-18 
 2823       4.649656130724e-12       1.964695092085e-13      -8.589044705480e-14       0.000000000000e+00       8.792936286612e-17       1.205152249494e-17       1.332830434257e-18 
 2824       4.628366493740e-12       1.970663857056e-13      -8.691788751582e-14       0.000000000000e+00       8.779943811440e-17       1.199122496018e-17       1.328937457821e-18 
 2825       4.607285866737e-12       1.976554101559e-13      -8.800283921258e-14       0.000000000000e+00       8.766975231020e-17       1.193314975260e-17       1.325434871542e-18 
 2826       4.586417994158e-12       1.982361302942e-13      -8.914455973636e-14       0.000000000000e+00       8.754030520581e-17       1.187732302517e-17       1.322375523000e-18 
 2827       4.565766630002e-12       1.988080926128e-13      -9.034230432162e-14       0.000000000000e+00       8.741109655101e-17       1.182377099458e-17       1.319812407600e-18 
 2828       4.545334972932e-12       1.993708836100e-13      -9.159525301616e-14       0.000000000000e+00       8.728212602937e-17       1.177250004927e-17       1.317785969232e-18 
 2829       4.525123968374e-12       1.999242537735e-13      -9.290229178348e-14       0.000000000000e+00       8.715339306675e-17       1.172343696074e-17       1.316285930151e-18 
 2830       4.505133997637e-12       2.004679942371e-13      -9.426223026247e-14       0.000000000000e+00       8.702489702180e-17       1.167648836267e-17       1.315289263686e-18 
 2831       4.485365442021e-12       2.010018955887e-13      -9.567387448896e-14       0.000000000000e+00       8.689663724957e-17       1.163156061467e-17       1.314772875696e-18 
 2832       4.465818682818e-12       2.015257478693e-13      -9.713602689247e-14       0.000000000000e+00       8.676861310151e-17       1.158855980198e-17       1.314713604506e-18 
 2833       4.446494101308e-12       2.020393405734e-13      -9.864748629297e-14       0.000000000000e+00       8.664082392549e-17       1.154739173527e-17       1.315088220851e-18 
 2834       4.427392078761e-12       2.025424626478e-13      -1.002070478976e-13       0.000000000000e+00       8.651326906576e-17       1.150796195036e-17       1.315873427815e-18 
 2835       4.408512996437e-12       2.030349024911e-13      -1.018135032975e-13       0.000000000000e+00       8.638594786297e-17       1.147017570799e-17       1.317045860768e-18 
 2836       4.389857235584e-12       2.035164479541e-13      -1.034656404644e-13       0.000000000000e+00       8.625885965416e-17       1.143393799359e-17       1.318582087308e-18 
 2837       4.371425177437e-12       2.039868863381e-13      -1.051622437475e-13       0.000000000000e+00       8.613200377275e-17       1.139915351699e-17       1.320458607200e-18 
 2838       4.353217203223e-12       2.044460043954e-13      -1.069020938703e-13       0.000000000000e+00       8.600537954854e-17       1.136572671224e-17       1.322651852317e-18 
 2839       4.335233694153e-12       2.048935883286e-13      -1.086839679271e-13       0.000000000000e+00       8.587898630771e-17       1.133356173730e-17       1.325138186577e-18 
 2840       4.317475031428e-12       2.053294237897e-13      -1.105066393799e-13       0.000000000000e+00       8.575282337282e-17       1.130256247383e-17       1.327893905885e-18 
 2841       4.299941596234e-12       2.057532958801e-13      -1.123688780552e-13       0.000000000000e+00       8.562689006279e-17       1.127263252695e-17       1.330895238072e-18 
 2842       4.282633769745e-12       2.061649891500e-13      -1.142694501406e-13       0.000000000000e+00       8.550118569291e-17       1.124367522497e-17       1.334118342835e-18 
 2843       4.265551933122e-12       2.065642875979e-13      -1.162071181817e-13       0.000000000000e+00       8.537570957485e-17       1.121559361918e-17       1.337539311676e-18 
 2844       4.248696467511e-12       2.069509746703e-13      -1.181806410787e-13       0.000000000000e+00       8.525046101660e-17       1.118829048355e-17       1.341134167843e-18 
 2845       4.232067754043e-12       2.073248332607e-13      -1.201887740833e-13       0.000000000000e+00       8.512543932253e-17       1.116166831454e-17       1.344878866267e-18 
 2846       4.215666173837e-12       2.076856457098e-13      -1.222302687954e-13       0.000000000000e+00       8.500064379337e-17       1.113562933085e-17       1.348749293507e-18 
 2847       4.199492107995e-12       2.080331938047e-13      -1.243038731598e-13       0.000000000000e+00       8.487607372617e-17       1.111007547311e-17       1.352721267682e-18 
 2848       4.183545937603e-12       2.083672587784e-13      -1.264083314628e-13       0.000000000000e+00       8.475172841435e-17       1.108490840374e-17       1.356770538419e-18 
 2849       4.167828043734e-12       2.086876213095e-13      -1.285423843295e-13       0.000000000000e+00       8.462760714765e-17       1.106002950660e-17       1.360872786785e-18 
 2850       4.152338807442e-12       2.089940615215e-13      -1.307047687198e-13       0.000000000000e+00       8.450370921214e-17       1.103533988682e-17       1.365003625235e-18 
 2851       4.137078609768e-12       2.092863589826e-13      -1.328942179257e-13       0.000000000000e+00       8.438003389026e-17       1.101074037052e-17       1.369138597543e-18 
 2852       4.122047831733e-12       2.095642927049e-13      -1.351094615678e-13       0.000000000000e+00       8.425658046073e-17       1.098613150457e-17       1.373253178748e-18 
 2853       4.107246854343e-12       2.098276411445e-13      -1.373492255923e-13       0.000000000000e+00       8.413334819862e-17       1.096141355636e-17       1.377322775092e-18 
 2854       4.092676058586e-12       2.100761822001e-13      -1.396122322674e-13       0.000000000000e+00       8.401033637533e-17       1.093648651353e-17       1.381322723957e-18 
 2855       4.078335825433e-12       2.103096932136e-13      -1.418972001801e-13       0.000000000000e+00       8.388754425855e-17       1.091125008375e-17       1.385228293809e-18 
 2856       4.064226535836e-12       2.105279509689e-13      -1.442028442334e-13       0.000000000000e+00       8.376497111229e-17       1.088560369444e-17       1.389014684136e-18 
 2857       4.050348570729e-12       2.107307316916e-13      -1.465278756424e-13       0.000000000000e+00       8.364261619690e-17       1.085944649257e-17       1.392657025386e-18 
 2858       4.036702311028e-12       2.109178110487e-13      -1.488710019315e-13       0.000000000000e+00       8.352047876898e-17       1.083267734438e-17       1.396130378910e-18 
 2859       4.023288137627e-12       2.110889641480e-13      -1.512309269311e-13       0.000000000000e+00       8.339855808148e-17       1.080519483516e-17       1.399409736898e-18 
 2860       4.010106431405e-12       2.112439655374e-13      -1.536063507741e-13       0.000000000000e+00       8.327685338362e-17       1.077689726898e-17       1.402470022322e-18 
 2861       3.997157573219e-12       2.113825892051e-13      -1.559959698929e-13       0.000000000000e+00       8.315536392092e-17       1.074768266846e-17       1.405286088874e-18 
 2862       3.984441943904e-12       2.115046085783e-13      -1.583984770160e-13       0.000000000000e+00       8.303408893520e-17       1.071744877452e-17       1.407832720906e-18 
 2863       3.971959924278e-12       2.116097965235e-13      -1.608125611649e-13       0.000000000000e+00       8.291302766456e-17       1.068609304615e-17       1.410084633369e-18 
 2864       3.959711895136e-12       2.116979253454e-13      -1.632369076506e-13       0.000000000000e+00       8.279217934336e-17       1.065351266013e-17       1.412016471754e-18 
 2865       3.947698237253e-12       2.117687667867e-13      -1.656701980707e-13       0.000000000000e+00       8.267154320228e-17       1.061960451082e-17       1.413602812033e-18 
 2866       3.935919331382e-12       2.118220920278e-13      -1.681111103059e-13       0.000000000000e+00       8.255111846824e-17       1.058426520991e-17       1.414818160594e-18 
 2867       3.924375122258e-12       2.118577203770e-13      -1.705583746543e-13       0.000000000000e+00       8.243090445199e-17       1.054742313918e-17       1.415642297243e-18 
 2868       3.913063808182e-12       2.118756656146e-13      -1.730109425543e-13       0.000000000000e+00       8.231090081114e-17       1.050913478827e-17       1.416076334138e-18 
 2869       3.901983144741e-12       2.118759903956e-13      -1.754678187174e-13       0.000000000000e+00       8.219110728849e-17       1.046948890856e-17       1.416126738765e-18 
 2870       3.891130880191e-12       2.118587576269e-13      -1.779280050662e-13       0.000000000000e+00       8.207152362454e-17       1.042857450507e-17       1.415799998355e-18 
 2871       3.880504755451e-12       2.118240304673e-13      -1.803905007318e-13       0.000000000000e+00       8.195214955749e-17       1.038648083667e-17       1.415102619896e-18 
 2872       3.870102504094e-12       2.117718723281e-13      -1.828543020520e-13       0.000000000000e+00       8.183298482332e-17       1.034329741632e-17       1.414041130154e-18 
 2873       3.859921852343e-12       2.117023468731e-13      -1.853184025681e-13       0.000000000000e+00       8.171402915567e-17       1.029911401128e-17       1.412622075691e-18 
 2874       3.849960519063e-12       2.116155180189e-13      -1.877817930232e-13       0.000000000000e+00       8.159528228594e-17       1.025402064335e-17       1.410852022880e-18 
 2875       3.840216215751e-12       2.115114499352e-13      -1.902434613590e-13       0.000000000000e+00       8.147674394322e-17       1.020810758906e-17       1.408737557925e-18 
 2876       3.830686646536e-12       2.113902070450e-13      -1.927023927140e-13       0.000000000000e+00       8.135841385432e-17       1.016146537991e-17       1.406285286876e-18 
 2877       3.821369508168e-12       2.112518540247e-13      -1.951575694210e-13       0.000000000000e+00       8.124029174375e-17       1.011418480262e-17       1.403501835651e-18 
 2878       3.812262490011e-12       2.110964558046e-13      -1.976079710043e-13       0.000000000000e+00       8.112237733374e-17       1.006635689931e-17       1.400393850050e-18 
 2879       3.803363274038e-12       2.109240775691e-13      -2.000525741773e-13       0.000000000000e+00       8.100467034422e-17       1.001807296773e-17       1.396967995774e-18 
 2880       3.794669534824e-12       2.107347847566e-13      -2.024903528408e-13       0.000000000000e+00       8.088717049281e-17       9.969424561519e-18       1.393230958443e-18 
 2881       3.786178939538e-12       2.105286430603e-13      -2.049202780794e-13       0.000000000000e+00       8.076987749483e-17       9.920503490378e-18       1.389189443614e-18 
 2882       3.777889147938e-12       2.103057184280e-13      -2.073413181601e-13       0.000000000000e+00       8.065279106333e-17       9.871401820329e-18       1.384850176796e-18 
 2883       3.769797812364e-12       2.100660770624e-13      -2.097524385293e-13       0.000000000000e+00       8.053591090900e-17       9.822211873919e-18       1.380219903471e-18 
 2884       3.761902577728e-12       2.098097854216e-13      -2.121526018105e-13       0.000000000000e+00       8.041923674025e-17       9.773026230454e-18       1.375305389110e-18 
 2885       3.754201081514e-12       2.095369102191e-13      -2.145407678020e-13       0.000000000000e+00       8.030276826320e-17       9.723937726211e-18       1.370113419193e-18 
 2886       3.746690953766e-12       2.092475184240e-13      -2.169158934742e-13       0.000000000000e+00       8.018650518160e-17       9.675039454670e-18       1.364650799221e-18 
 2887       3.739369817081e-12       2.089416772616e-13      -2.192769329674e-13       0.000000000000e+00       8.007044719694e-17       9.626424766730e-18       1.358924354742e-18 
 2888       3.732235286605e-12       2.086194542132e-13      -2.216228375894e-13       0.000000000000e+00       7.995459400835e-17       9.578187270937e-18       1.352940931359e-18 
 2889       3.725284970028e-12       2.082809170165e-13      -2.239525558129e-13       0.000000000000e+00       7.983894531267e-17       9.530420833700e-18       1.346707394758e-18 
 2890       3.718516467569e-12       2.079261336661e-13      -2.262650332729e-13       0.000000000000e+00       7.972350080439e-17       9.483219579523e-18       1.340230630718e-18 
 2891       3.711927371980e-12       2.075551724133e-13      -2.285592127648e-13       0.000000000000e+00       7.960826017569e-17       9.436677891218e-18       1.333517545130e-18 
 2892       3.705515268533e-12       2.071681017666e-13      -2.308340342415e-13       0.000000000000e+00       7.949322311642e-17       9.390890410135e-18       1.326575064019e-18 
 2893       3.699277735011e-12       2.067649904921e-13      -2.330884348113e-13       0.000000000000e+00       7.937838931407e-17       9.345952036380e-18       1.319410133556e-18 
 2894       3.693212341710e-12       2.063459076134e-13      -2.353213487351e-13       0.000000000000e+00       7.926375845385e-17       9.301957929042e-18       1.312029720080e-18 
 2895       3.687316651423e-12       2.059109224118e-13      -2.375317074243e-13       0.000000000000e+00       7.914933021857e-17       9.259003506411e-18       1.304440810113e-18 
 2896       3.681588219439e-12       2.054601044270e-13      -2.397184394381e-13       0.000000000000e+00       7.903510428876e-17       9.217184446205e-18       1.296650410379e-18 
 2897       3.676024593535e-12       2.049935234571e-13      -2.418804704814e-13       0.000000000000e+00       7.892108034257e-17       9.176596685788e-18       1.288665547823e-18 
 2898       3.670623313969e-12       2.045112495585e-13      -2.440167234021e-13       0.000000000000e+00       7.880725805582e-17       9.137336422398e-18       1.280493269624e-18 
 2899       3.665381913471e-12       2.040133530468e-13      -2.461261181886e-13       0.000000000000e+00       7.869363710197e-17       9.099500113366e-18       1.272140643218e-18 
 2900       3.660297917240e-12       2.034999044965e-13      -2.482075719677e-13       0.000000000000e+00       7.858021715215e-17       9.063184476339e-18       1.263614756312e-18 
 2901       3.655368842938e-12       2.029709747415e-13      -2.502599990019e-13       0.000000000000e+00       7.846699787512e-17       9.028486489506e-18       1.254922716906e-18 
 2902       3.650592200678e-12       2.024266348752e-13      -2.522823106870e-13       0.000000000000e+00       7.835397893730e-17       8.995503391816e-18       1.246071653305e-18 
 2903       3.645965493021e-12       2.018669562509e-13      -2.542734155499e-13       0.000000000000e+00       7.824116000274e-17       8.964332683202e-18       1.237068714140e-18 
 2904       3.641486214970e-12       2.012920104819e-13      -2.562322192458e-13       0.000000000000e+00       7.812854073314e-17       8.935072124808e-18       1.227921068386e-18 
 2905       3.637151853960e-12       2.007018694420e-13      -2.581576245559e-13       0.000000000000e+00       7.801612078784e-17       8.907819739206e-18       1.218635905379e-18 
 2906       3.632959789705e-12       2.000966326789e-13      -2.600486537324e-13       0.000000000000e+00       7.790389982036e-17       8.882639901517e-18       1.209220232330e-18 
 2907       3.628906993179e-12       1.994765098069e-13      -2.619048162103e-13       0.000000000000e+00       7.779187746806e-17       8.859461425625e-18       1.199680265725e-18 
 2908       3.624990326105e-12       1.988417385302e-13      -2.637257427440e-13       0.000000000000e+00       7.768005336244e-17       8.838178964770e-18       1.190022036892e-18 
 2909       3.621206640956e-12       1.981925572675e-13      -2.655110632274e-13       0.000000000000e+00       7.756842713259e-17       8.818686873744e-18       1.180251594241e-18 
 2910       3.617552780947e-12       1.975292051530e-13      -2.672604066933e-13       0.000000000000e+00       7.745699840512e-17       8.800879208632e-18       1.170375003283e-18 
 2911       3.614025580027e-12       1.968519220366e-13      -2.689734013129e-13       0.000000000000e+00       7.734576680426e-17       8.784649726551e-18       1.160398346638e-18 
 2912       3.610621862875e-12       1.961609484848e-13      -2.706496743948e-13       0.000000000000e+00       7.723473195176e-17       8.769891885393e-18       1.150327724055e-18 
 2913       3.607338444883e-12       1.954565257811e-13      -2.722888523844e-13       0.000000000000e+00       7.712389346696e-17       8.756498843568e-18       1.140169252426e-18 
 2914       3.604172132159e-12       1.947388959269e-13      -2.738905608636e-13       0.000000000000e+00       7.701325096673e-17       8.744363459738e-18       1.129929065797e-18 
 2915       3.601119721509e-12       1.940083016420e-13      -2.754544245493e-13       0.000000000000e+00       7.690280406553e-17       8.733378292566e-18       1.119613315390e-18 
 2916       3.598178000436e-12       1.932649863653e-13      -2.769800672935e-13       0.000000000000e+00       7.679255237534e-17       8.723435600452e-18       1.109228169609e-18 
 2917       3.595343747125e-12       1.925091942553e-13      -2.784671120822e-13       0.000000000000e+00       7.668249550570e-17       8.714427341277e-18       1.098779814062e-18 
 2918       3.592613730443e-12       1.917411701907e-13      -2.799151810348e-13       0.000000000000e+00       7.657263306371e-17       8.706245172142e-18       1.088274451574e-18 
 2919       3.589984709924e-12       1.909611597714e-13      -2.813238954033e-13       0.000000000000e+00       7.646296465401e-17       8.698780449108e-18       1.077718302198e-18 
 2920       3.587453435764e-12       1.901694093186e-13      -2.826928755718e-13       0.000000000000e+00       7.635348987876e-17       8.691924226941e-18       1.067117603235e-18 
 2921       3.585016648814e-12       1.893661658758e-13      -2.840217410556e-13       0.000000000000e+00       7.624420833769e-17       8.685567258849e-18       1.056478609247e-18 
 2922       3.582671080567e-12       1.885516772093e-13      -2.853101105008e-13       0.000000000000e+00       7.613511962806e-17       8.679599996226e-18       1.045807592069e-18 
 2923       3.580413453157e-12       1.877261918090e-13      -2.865576016832e-13       0.000000000000e+00       7.602622334464e-17       8.673912588392e-18       1.035110840830e-18 
 2924       3.578240479343e-12       1.868899588887e-13      -2.877638315079e-13       0.000000000000e+00       7.591751907976e-17       8.668394882331e-18       1.024394661960e-18 
 2925       3.576148862508e-12       1.860432283870e-13      -2.889284160086e-13       0.000000000000e+00       7.580900642328e-17       8.662936422438e-18       1.013665379211e-18 
 2926       3.574135296647e-12       1.851862509679e-13      -2.900509703468e-13       0.000000000000e+00       7.570068496257e-17       8.657426450256e-18       1.002929333671e-18 
 2927       3.572196466358e-12       1.843192780213e-13      -2.911311088110e-13       0.000000000000e+00       7.559255428252e-17       8.651753904216e-18       9.921928837741e-19 
 2928       3.570329046837e-12       1.834425616637e-13      -2.921684448164e-13       0.000000000000e+00       7.548461396557e-17       8.645807419381e-18       9.814624053222e-19 
 2929       3.568529703868e-12       1.825563547389e-13      -2.931625909037e-13       0.000000000000e+00       7.537686359165e-17       8.639475327187e-18       9.707442914943e-19 
 2930       3.566795093815e-12       1.816609108186e-13      -2.941131587389e-13       0.000000000000e+00       7.526930273823e-17       8.632645655181e-18       9.600449528641e-19 
 2931       3.565121863615e-12       1.807564842030e-13      -2.950197591122e-13       0.000000000000e+00       7.516193098027e-17       8.625206126766e-18       9.493708174138e-19 
 2932       3.563506650768e-12       1.798433299213e-13      -2.958820019375e-13       0.000000000000e+00       7.505474789025e-17       8.617044160937e-18       9.387283305493e-19 
 2933       3.561946083330e-12       1.789217037327e-13      -2.966994962516e-13       0.000000000000e+00       7.494775303818e-17       8.608046872028e-18       9.281239551152e-19 
 2934       3.560436779905e-12       1.779918621266e-13      -2.974718502138e-13       0.000000000000e+00       7.484094599154e-17       8.598101069448e-18       9.175641714088e-19 
 2935       3.558975349636e-12       1.770540623236e-13      -2.981986711049e-13       0.000000000000e+00       7.473432631534e-17       8.587093257424e-18       9.070554771960e-19 
 2936       3.557558392198e-12       1.761085622758e-13      -2.988795653264e-13       0.000000000000e+00       7.462789357208e-17       8.574909634743e-18       8.966043877252e-19 
 2937       3.556182497788e-12       1.751556206677e-13      -2.995141384003e-13       0.000000000000e+00       7.452164732176e-17       8.561436094492e-18       8.862174357427e-19 
 2938       3.554844247121e-12       1.741954969167e-13      -3.001019949678e-13       0.000000000000e+00       7.441558712187e-17       8.546558223798e-18       8.759011715071e-19 
 2939       3.553540211416e-12       1.732284511737e-13      -3.006427387893e-13       0.000000000000e+00       7.430971252741e-17       8.530161303571e-18       8.656621628045e-19 
 2940       3.552266952394e-12       1.722547443239e-13      -3.011359727429e-13       0.000000000000e+00       7.420402309086e-17       8.512130308243e-18       8.555069949631e-19 
 2941       3.551021022263e-12       1.712746379872e-13      -3.015812988245e-13       0.000000000000e+00       7.409851836218e-17       8.492349905512e-18       8.454422708679e-19 
 2942       3.549798963717e-12       1.702883945190e-13      -3.019783181464e-13       0.000000000000e+00       7.399319788882e-17       8.470704456080e-18       8.354746109758e-19 
 2943       3.548597309923e-12       1.692962770108e-13      -3.023266309373e-13       0.000000000000e+00       7.388806121573e-17       8.447078013394e-18       8.256106533303e-19 
 2944       3.547412584514e-12       1.682985492909e-13      -3.026258365408e-13       0.000000000000e+00       7.378310788531e-17       8.421354323390e-18       8.158570535763e-19 
 2945       3.546241469270e-12       1.672954812802e-13      -3.028756765302e-13       0.000000000000e+00       7.367833744289e-17       8.393464908946e-18       8.062195642383e-19 
 2946       3.545081308082e-12       1.662873650891e-13      -3.030764648285e-13       0.000000000000e+00       7.357374945294e-17       8.363533585013e-18       7.967002675244e-19 
 2947       3.543929605474e-12       1.652744990022e-13      -3.032286597260e-13       0.000000000000e+00       7.346934348294e-17       8.331732661676e-18       7.873003287898e-19 
 2948       3.542783859142e-12       1.642571821304e-13      -3.033327209608e-13       0.000000000000e+00       7.336511909790e-17       8.298234925129e-18       7.780209160257e-19 
 2949       3.541641559947e-12       1.632357144123e-13      -3.033891097202e-13       0.000000000000e+00       7.326107586040e-17       8.263213638077e-18       7.688631998612e-19 
 2950       3.540500191907e-12       1.622103966144e-13      -3.033982886419e-13       0.000000000000e+00       7.315721333056e-17       8.226842540145e-18       7.598283535657e-19 
 2951       3.539357232196e-12       1.611815303318e-13      -3.033607218157e-13       0.000000000000e+00       7.305353106608e-17       8.189295848280e-18       7.509175530507e-19 
 2952       3.538210151130e-12       1.601494179894e-13      -3.032768747842e-13       0.000000000000e+00       7.295002862217e-17       8.150748257160e-18       7.421319768718e-19 
 2953       3.537056412171e-12       1.591143628419e-13      -3.031472145446e-13       0.000000000000e+00       7.284670555162e-17       8.111374939601e-18       7.334728062310e-19 
 2954       3.535893471914e-12       1.580766689751e-13      -3.029722095494e-13       0.000000000000e+00       7.274356140473e-17       8.071351546960e-18       7.249412249789e-19 
 2955       3.534718780084e-12       1.570366413061e-13      -3.027523297085e-13       0.000000000000e+00       7.264059572937e-17       8.030854209544e-18       7.165384196162e-19 
 2956       3.533529779529e-12       1.559945855846e-13      -3.024880463896e-13       0.000000000000e+00       7.253780807093e-17       7.990059537014e-18       7.082655792965e-19 
 2957       3.532323906216e-12       1.549508083932e-13      -3.021798324202e-13       0.000000000000e+00       7.243519797235e-17       7.949144618791e-18       7.001238958279e-19 
 2958       3.531098589224e-12       1.539056171478e-13      -3.018281620885e-13       0.000000000000e+00       7.233276497408e-17       7.908287024466e-18       6.921145636752e-19 
 2959       3.529851250739e-12       1.528593200992e-13      -3.014335111446e-13       0.000000000000e+00       7.223050861413e-17       7.867664804200e-18       6.842387799623e-19 
 2960       3.528579306046e-12       1.518122263331e-13      -3.009963568023e-13       0.000000000000e+00       7.212842842802e-17       7.827456489135e-18       6.764977444735e-19 
 2961       3.527280163525e-12       1.507646457708e-13      -3.005171777398e-13       0.000000000000e+00       7.202652394880e-17       7.787841091797e-18       6.688926596565e-19 
 2962       3.525951224647e-12       1.497168891704e-13      -2.999964541014e-13       0.000000000000e+00       7.192479470703e-17       7.748998106506e-18       6.614247306238e-19 
 2963       3.524589883963e-12       1.486692681271e-13      -2.994346674984e-13       0.000000000000e+00       7.182324023082e-17       7.711107509777e-18       6.540951651551e-19 
 2964       3.523193529103e-12       1.476220950739e-13      -2.988323010108e-13       0.000000000000e+00       7.172186004578e-17       7.674349760728e-18       6.469051736995e-19 
 2965       3.521759540768e-12       1.465756832825e-13      -2.981898391884e-13       0.000000000000e+00       7.162065367503e-17       7.638905801490e-18       6.398559693771e-19 
 2966       3.520285292727e-12       1.455303468640e-13      -2.975077680519e-13       0.000000000000e+00       7.151962063920e-17       7.604957057606e-18       6.329487679815e-19 
 2967       3.518768151804e-12       1.444864007694e-13      -2.967865750945e-13       0.000000000000e+00       7.141876045646e-17       7.572685438444e-18       6.261847879818e-19 
 2968       3.517205477882e-12       1.434441607906e-13      -2.960267492831e-13       0.000000000000e+00       7.131807264246e-17       7.542273337599e-18       6.195652505246e-19 
 2969       3.515594623889e-12       1.424039435606e-13      -2.952287810595e-13       0.000000000000e+00       7.121755671036e-17       7.513903633298e-18       6.130913794362e-19 
 2970       3.513932935798e-12       1.413660665550e-13      -2.943931623415e-13       0.000000000000e+00       7.111721217084e-17       7.487759688811e-18       6.067644012244e-19 
 2971       3.512217752615e-12       1.403308480919e-13      -2.935203865247e-13       0.000000000000e+00       7.101703853205e-17       7.464025352854e-18       6.005855450809e-19 
 2972       3.510446406381e-12       1.392986073331e-13      -2.926109484833e-13       0.000000000000e+00       7.091703529966e-17       7.442884959993e-18       5.945560428833e-19 
 2973       3.508616222159e-12       1.382696642846e-13      -2.916653445718e-13       0.000000000000e+00       7.081720197684e-17       7.424523331056e-18       5.886771291972e-19 
 2974       3.506724518033e-12       1.372443397974e-13      -2.906840726258e-13       0.000000000000e+00       7.071753806424e-17       7.409125773531e-18       5.829500412779e-19 
 2975       3.504768605099e-12       1.362229555683e-13      -2.896676319637e-13       0.000000000000e+00       7.061804306000e-17       7.396878081982e-18       5.773760190733e-19 
 2976       3.502745787462e-12       1.352058341401e-13      -2.886165233878e-13       0.000000000000e+00       7.051871645976e-17       7.387966538444e-18       5.719563052250e-19 
 2977       3.500653362227e-12       1.341932989031e-13      -2.875312491856e-13       0.000000000000e+00       7.041955775663e-17       7.382577912841e-18       5.666921450711e-19 
 2978       3.498488619496e-12       1.331856740950e-13      -2.864123131311e-13       0.000000000000e+00       7.032056644121e-17       7.380899463380e-18       5.615847866482e-19 
 2979       3.496248842362e-12       1.321832848024e-13      -2.852602204862e-13       0.000000000000e+00       7.022174200158e-17       7.383118936968e-18       5.566354806930e-19 
 2980       3.493931306902e-12       1.311864569609e-13      -2.840754780016e-13       0.000000000000e+00       7.012308392331e-17       7.389424569609e-18       5.518454806448e-19 
 2981       3.491533282169e-12       1.301955173558e-13      -2.828585939188e-13       0.000000000000e+00       7.002459168943e-17       7.400005086818e-18       5.472160426477e-19 
 2982       3.489052030192e-12       1.292107936232e-13      -2.816100779705e-13       0.000000000000e+00       6.992626478044e-17       7.415049704020e-18       5.427484255522e-19 
 2983       3.486484805966e-12       1.282326142507e-13      -2.803304413826e-13       0.000000000000e+00       6.982810267432e-17       7.434748126961e-18       5.384438909177e-19 
 2984       3.483829694781e-12       1.272612069356e-13      -2.790200115846e-13       0.000000000000e+00       6.973010520847e-17       7.459232020061e-18       5.343034031006e-19 
 2985       3.481088128713e-12       1.262963931158e-13      -2.776783753458e-13       0.000000000000e+00       6.963227366747e-17       7.488399096817e-18       5.303267279067e-19 
 2986       3.478262382473e-12       1.253378919412e-13      -2.763049329085e-13       0.000000000000e+00       6.953460970063e-17       7.522088166783e-18       5.265133295188e-19 
 2987       3.475354737202e-12       1.243854217788e-13      -2.748990830289e-13       0.000000000000e+00       6.943711496059e-17       7.560137588818e-18       5.228626700068e-19 
 2988       3.472367480474e-12       1.234387002124e-13      -2.734602229762e-13       0.000000000000e+00       6.933979110325e-17       7.602385270706e-18       5.193742093257e-19 
 2989       3.469302906304e-12       1.224974440416e-13      -2.719877485311e-13       0.000000000000e+00       6.924263978782e-17       7.648668668771e-18       5.160474053137e-19 
 2990       3.466163315151e-12       1.215613692811e-13      -2.704810539848e-13       0.000000000000e+00       6.914566267679e-17       7.698824787493e-18       5.128817136900e-19 
 2991       3.462951013924e-12       1.206301911605e-13      -2.689395321376e-13       0.000000000000e+00       6.904886143597e-17       7.752690179130e-18       5.098765880533e-19 
 2992       3.459668315990e-12       1.197036241230e-13      -2.673625742978e-13       0.000000000000e+00       6.895223773446e-17       7.810100943332e-18       5.070314798794e-19 
 2993       3.456317541175e-12       1.187813818250e-13      -2.657495702805e-13       0.000000000000e+00       6.885579324465e-17       7.870892726761e-18       5.043458385194e-19 
 2994       3.452901015774e-12       1.178631771358e-13      -2.640999084063e-13       0.000000000000e+00       6.875952964227e-17       7.934900722705e-18       5.018191111977e-19 
 2995       3.449421072554e-12       1.169487221364e-13      -2.624129755002e-13       0.000000000000e+00       6.866344860632e-17       8.001959670700e-18       4.994507430104e-19 
 2996       3.445880050759e-12       1.160377281189e-13      -2.606881568903e-13       0.000000000000e+00       6.856755181914e-17       8.071903856144e-18       4.972401769225e-19 
 2997       3.442280296117e-12       1.151299055863e-13      -2.589248364067e-13       0.000000000000e+00       6.847184096637e-17       8.144567109916e-18       4.951868537670e-19 
 2998       3.438624160845e-12       1.142249642514e-13      -2.571223963803e-13       0.000000000000e+00       6.837631773697e-17       8.219782807995e-18       4.932902122421e-19 
 2999       3.434914003655e-12       1.133226130361e-13      -2.552802176411e-13       0.000000000000e+00       6.828098382320e-17       8.297383871074e-18       4.915496889095e-19 
 3000       3.431152189757e-12       1.124225600710e-13      -2.533976795179e-13       0.000000000000e+00       6.818584092067e-17       8.377202764180e-18       4.899647181928e-19 
