# dimensionless total lensed [l(l+1)/2pi] C_l's
# for l=2 to 2500, i.e. number of multipoles equal to 2499
#
# -> if you prefer output in CAMB/HealPix/LensPix units/order, set 'format' to 'camb' in input file
# -> if you don't want to see such a header, set 'headers' to 'no' in input file
# -> for CMB lensing (phi), these are C_l^phi-phi for the lensing potential.
#    Remember the conversion factors:
#    C_l^dd (deflection) = l(l+1) C_l^phi-phi
#    C_l^gg (shear/convergence) = 1/4 (l(l+1))^2 C_l^phi-phi
#
# 1:l     2:TT                     3:EE                     4:TE                     5:BB                     6:phiphi                 7:TPhi                   8:Ephi               
    2       1.375226865861e-10       4.154694304500e-15       3.536460352419e-13       2.284687001882e-19       8.328295602263e-09       4.492237304581e-10      -1.843162407897e-12 
    3       1.302197451647e-10       5.319904049273e-15       3.965031682821e-13       4.570241993624e-19       5.100495096902e-09       3.176712013449e-10      -1.395155267607e-12 
    4       1.233130132640e-10       4.598988000025e-15       3.703425495651e-13       7.618984532853e-19       3.528617920089e-09       2.400627343313e-10      -9.131298108162e-13 
    5       1.181427373349e-10       3.066712943735e-15       3.151109511824e-13       1.143203239850e-18       2.623649115640e-09       1.893238120672e-10      -5.076000716112e-13 
    6       1.146042627337e-10       1.714463583681e-15       2.535855098505e-13       1.601074951239e-18       2.042949285356e-09       1.538257760825e-10      -2.090087562978e-13 
    7       1.123108000532e-10       9.267349063744e-16       1.989700180140e-13       2.135672492384e-18       1.643744960557e-09       1.278071076386e-10      -1.872394136182e-14 
    8       1.109840434832e-10       5.984343864580e-16       1.570343110771e-13       2.747174873283e-18       1.355344360907e-09       1.081035019468e-10       7.825848978154e-14 
    9       1.103784911239e-10       4.809092442216e-16       1.290076798842e-13       3.435778552022e-18       1.138986437302e-09       9.283431242035e-11       1.053074805880e-13 
   10       1.102722590146e-10       4.107473569515e-16       1.135469673412e-13       4.201694590477e-18       9.718286076219e-10       8.075086977859e-11       8.828862224737e-14 
   11       1.106030417137e-10       3.466608500732e-16       1.079762269497e-13       5.045145688136e-18       8.315343630449e-10       7.173678979155e-11       5.128697963477e-14 
   12       1.112276245923e-10       3.038347126068e-16       1.092314942994e-13       5.966363161057e-18       7.264195553211e-10       6.343262154260e-11       1.182604127962e-14 
   13       1.120945806301e-10       2.929371043226e-16       1.146101792173e-13       6.965583932732e-18       6.401397533899e-10       5.669358719560e-11      -1.817229895198e-14 
   14       1.131506069637e-10       3.060381970643e-16       1.220835123175e-13       8.043047601529e-18       5.683666529351e-10       5.080709127778e-11      -3.451139000226e-14 
   15       1.143887705257e-10       3.316444704467e-16       1.303498736618e-13       9.198993645539e-18       5.079658225394e-10       4.586468385607e-11      -3.737902955424e-14 
   16       1.157412443052e-10       3.674912360172e-16       1.387690843606e-13       1.043365882019e-17       4.566186231791e-10       4.161208357063e-11      -3.072531162386e-14 
   17       1.172246126327e-10       4.190057452124e-16       1.471995059976e-13       1.174727479706e-17       4.125775061666e-10       3.790501071031e-11      -1.973337817434e-14 
   18       1.187812125088e-10       4.914212695640e-16       1.557889556673e-13       1.314006599199e-17       3.743618150104e-10       3.466507631273e-11      -9.297403839500e-15 
   19       1.204227765195e-10       5.851016936712e-16       1.647399689530e-13       1.461224825928e-17       3.413516339968e-10       3.184970710727e-11      -1.998322074984e-15 
   20       1.221390370817e-10       6.981598820606e-16       1.742280751416e-13       1.616402642729e-17       3.122852947211e-10       2.935661000871e-11       4.945154079825e-16 
   21       1.239330365585e-10       8.299249657676e-16       1.842323420353e-13       1.779559467924e-17       2.867035258749e-10       2.713984852369e-11      -1.225962814237e-15 
   22       1.257816781494e-10       9.798451994914e-16       1.945850920546e-13       1.950713402374e-17       2.639885139772e-10       2.513854530409e-11      -5.396071369127e-15 
   23       1.276897218366e-10       1.148177334716e-15       2.049370428183e-13       2.129881425143e-17       2.438348094170e-10       2.334099778045e-11      -1.029321572552e-14 
   24       1.296486043028e-10       1.335267317102e-15       2.148385215810e-13       2.317079097025e-17       2.257808768665e-10       2.172874580597e-11      -1.409744376227e-14 
   25       1.316541345559e-10       1.541324262724e-15       2.239968510612e-13       2.512320817912e-17       2.095808336670e-10       2.028322925288e-11      -1.600598310003e-14 
   26       1.336907522600e-10       1.766663782051e-15       2.321786365862e-13       2.715619623776e-17       1.949166668000e-10       1.897293639328e-11      -1.568836546787e-14 
   27       1.357680601215e-10       2.012878976450e-15       2.393131909567e-13       2.926987864912e-17       1.817117436609e-10       1.778830048418e-11      -1.365237472945e-14 
   28       1.378879117958e-10       2.282185846250e-15       2.454018154712e-13       3.146436533441e-17       1.698054129181e-10       1.671162411225e-11      -1.089567040303e-14 
   29       1.400385611286e-10       2.576833687448e-15       2.504775545029e-13       3.373975283241e-17       1.589077749683e-10       1.571444063296e-11      -8.529793109317e-15 
   30       1.422268943018e-10       2.897963970201e-15       2.545952392539e-13       3.609613643764e-17       1.489583403541e-10       1.479616318781e-11      -6.934238322916e-15 
   31       1.444553580568e-10       3.246291824156e-15       2.578422838721e-13       3.853360151413e-17       1.398828915827e-10       1.395852399692e-11      -6.277930227105e-15 
   32       1.467166179944e-10       3.622477682218e-15       2.602959730924e-13       4.105222288664e-17       1.315373984915e-10       1.319631009705e-11      -6.639224837814e-15 
   33       1.490101719395e-10       4.027461554648e-15       2.618553729018e-13       4.365207600198e-17       1.238761441368e-10       1.250286771986e-11      -7.675341960370e-15 
   34       1.513294094064e-10       4.462241404959e-15       2.623454967065e-13       4.633322915168e-17       1.168310222324e-10       1.186519862974e-11      -8.816798295898e-15 
   35       1.536626830086e-10       4.927766319136e-15       2.615861339557e-13       4.909574333204e-17       1.102968671122e-10       1.126686983654e-11      -9.490349448778e-15 
   36       1.560164531307e-10       5.424879324908e-15       2.594876757284e-13       5.193968295212e-17       1.042565654720e-10       1.070577042538e-11      -9.631478270164e-15 
   37       1.583986672016e-10       5.954347454727e-15       2.559869667315e-13       5.486510859249e-17       9.869105477193e-11       1.018170192244e-11      -9.345769526469e-15 
   38       1.608117851970e-10       6.516870645291e-15       2.510219634445e-13       5.787207411805e-17       9.354150350011e-11       9.691286395003e-12      -8.776746409294e-15 
   39       1.632541740474e-10       7.113102671520e-15       2.445450564107e-13       6.096062843231e-17       8.873049587968e-11       9.229645736486e-12      -8.087647932143e-15 
   40       1.657264714055e-10       7.743734438849e-15       2.365684269971e-13       6.413082155696e-17       8.424319709030e-11       8.796868956064e-12      -7.392462248937e-15 
   41       1.682262846349e-10       8.409430899305e-15       2.271342083498e-13       6.738270055851e-17       8.006772380221e-11       8.393240391524e-12      -6.806073598657e-15 
   42       1.707458238347e-10       9.110804785520e-15       2.163035603170e-13       7.071630802874e-17       7.617092873777e-11       8.017294882303e-12      -6.464448650628e-15 
   43       1.732759853504e-10       9.848432832289e-15       2.041301410815e-13       7.413168113486e-17       7.251063818376e-11       7.666521077044e-12      -6.483134536676e-15 
   44       1.758213285543e-10       1.062291746994e-14       1.905681513964e-13       7.762884818443e-17       6.908115589454e-11       7.340099348059e-12      -6.814437040978e-15 
   45       1.783889116891e-10       1.143483939747e-14       1.755373870796e-13       8.120783115411e-17       6.587893655197e-11       7.036757193253e-12      -7.347739320587e-15 
   46       1.809838947428e-10       1.228473840340e-14       1.589476472155e-13       8.486864667451e-17       6.288892471049e-11       6.753888560524e-12      -7.946879511786e-15 
   47       1.836093219615e-10       1.317311163359e-14       1.406980385304e-13       8.861130606155e-17       6.008365771842e-11       6.487453830142e-12      -8.448652942411e-15 
   48       1.862663842015e-10       1.410038064907e-14       1.206955906252e-13       9.243581265750e-17       5.743170873639e-11       6.233149936317e-12      -8.707353279215e-15 
   49       1.889558009076e-10       1.506678566021e-14       9.891892987863e-14       9.634215289474e-17       5.492792331585e-11       5.990544146848e-12      -8.746737856998e-15 
   50       1.916764540300e-10       1.607245850246e-14       7.537135927575e-14       1.003303027668e-16       5.257016485987e-11       5.759933703848e-12      -8.648326147606e-15 
   51       1.944247539410e-10       1.711744800079e-14       5.006339714782e-14       1.044002301955e-16       5.035030849745e-11       5.541143074751e-12      -8.509931094122e-15 
   52       1.971944464298e-10       1.820171664515e-14       2.301306679506e-14       1.085518949250e-16       4.825382054043e-11       5.333488737712e-12      -8.446510248441e-15 
   53       1.999791345892e-10       1.932520494621e-14      -5.763677566340e-15       1.127852480653e-16       4.626431531954e-11       5.136080501688e-12      -8.560597987585e-15 
   54       2.027810500795e-10       2.048805158294e-14      -3.628522992196e-14       1.171002308283e-16       4.437956938414e-11       4.948897491227e-12      -8.842716816916e-15 
   55       2.056042009511e-10       2.169042407028e-14      -6.857984891501e-14       1.214967752821e-16       4.259889229295e-11       4.771927469468e-12      -9.246840956096e-15 
   56       2.084517767835e-10       2.293245555840e-14      -1.026766418691e-13       1.259748045554e-16       4.091830260326e-11       4.604833892666e-12      -9.718158975145e-15 
   57       2.113260695120e-10       2.421424434586e-14      -1.386056887368e-13       1.305342327169e-16       3.933031602296e-11       4.446934806059e-12      -1.019264950554e-14 
   58       2.142283942534e-10       2.553585339297e-14      -1.763981660484e-13       1.351749646545e-16       3.782373356252e-11       4.297181739744e-12      -1.059665695135e-14 
   59       2.171594708753e-10       2.689721930237e-14      -2.160773644003e-13       1.398969021454e-16       3.638672045801e-11       4.154444407490e-12      -1.086461669024e-14 
   60       2.201208519971e-10       2.829785568304e-14      -2.576290234755e-13       1.446999639853e-16       3.501735904870e-11       4.018489941053e-12      -1.099800114990e-14 
   61       2.231136872741e-10       2.973707991598e-14      -3.010243147501e-13       1.495840703290e-16       3.371517653595e-11       3.889194168830e-12      -1.101933722333e-14 
   62       2.261382295554e-10       3.121409414679e-14      -3.462281612559e-13       1.545491369983e-16       3.247797144134e-11       3.766245289081e-12      -1.095544743894e-14 
   63       2.291937713288e-10       3.272798173008e-14      -3.931990528354e-13       1.595950755711e-16       3.130171331022e-11       3.649133132006e-12      -1.083764090869e-14 
   64       2.322785811649e-10       3.427770367384e-14      -4.418888613973e-13       1.647217934706e-16       3.018044241524e-11       3.537138421813e-12      -1.070190427607e-14 
   65       2.353907967847e-10       3.586221065068e-14      -4.922528521007e-13       1.699292069955e-16       2.910791203050e-11       3.429531299144e-12      -1.058089695770e-14 
   66       2.385314668479e-10       3.748081459023e-14      -5.442825961678e-13       1.752172834153e-16       2.808314478738e-11       3.326239874404e-12      -1.047753756726e-14 
   67       2.417020416553e-10       3.913288966010e-14      -5.979797187822e-13       1.805860079759e-16       2.710587724651e-11       3.227304485778e-12      -1.038614836203e-14 
   68       2.449034372599e-10       4.081776332612e-14      -6.533464167972e-13       1.860353721881e-16       2.617487057198e-11       3.132676139284e-12      -1.030011975835e-14 
   69       2.481359986708e-10       4.253471602940e-14      -7.103855591908e-13       1.915653742792e-16       2.528785897806e-11       3.042211624281e-12      -1.021187202908e-14 
   70       2.513994630565e-10       4.428298086331e-14      -7.691007875227e-13       1.971760196443e-16       2.444149817606e-11       2.955668628981e-12      -1.011281700115e-14 
   71       2.546929229476e-10       4.606174325044e-14      -8.294966163895e-13       2.028673212970e-16       2.363131382108e-11       2.872700855957e-12      -9.993319753082e-15 
   72       2.580154069273e-10       4.787010367528e-14      -8.915713611388e-13       2.086393109560e-16       2.285285124114e-11       2.792952120408e-12      -9.845458154254e-15 
   73       2.613678325132e-10       4.970695831798e-14      -9.552941261584e-13       2.144920737645e-16       2.210549468257e-11       2.716370410095e-12      -9.671999830306e-15 
   74       2.647513633786e-10       5.157109481782e-14      -1.020623560464e-12       2.204257210817e-16       2.138929141711e-11       2.642945562830e-12      -9.479087129919e-15 
   75       2.681668027673e-10       5.346122604091e-14      -1.087514576839e-12       2.264403811203e-16       2.070379169953e-11       2.572613045162e-12      -9.273617100027e-15 
   76       2.716145707943e-10       5.537598891366e-14      -1.155918288528e-12       2.325361996406e-16       2.004802464089e-11       2.505251327766e-12      -9.063267061007e-15 
   77       2.750946817477e-10       5.731394325632e-14      -1.225781945934e-12       2.387133406443e-16       1.942047408192e-11       2.440679260834e-12      -8.856520181869e-15 
   78       2.786067213889e-10       5.927357061654e-14      -1.297048873307e-12       2.449719870688e-16       1.881905446633e-11       2.378653449466e-12      -8.662691055448e-15 
   79       2.821498242545e-10       6.125327310286e-14      -1.369658405449e-12       2.513123414812e-16       1.824108671412e-11       2.318865629056e-12      -8.491951273591e-15 
   80       2.857231302104e-10       6.325142491771e-14      -1.443550653450e-12       2.577346216197e-16       1.768396302644e-11       2.261019419176e-12      -8.352943589671e-15 
   81       2.893272953625e-10       6.526653982923e-14      -1.518681894369e-12       2.642390446008e-16       1.714732733974e-11       2.205081710112e-12      -8.245090973217e-15 
   82       2.929632033314e-10       6.729713079036e-14      -1.595011751166e-12       2.708258412232e-16       1.663123127166e-11       2.151070346760e-12      -8.164992333589e-15 
   83       2.966314956941e-10       6.934165963500e-14      -1.672498626758e-12       2.774952614665e-16       1.613546762957e-11       2.098977490928e-12      -8.108696514206e-15 
   84       3.003325581603e-10       7.139853688748e-14      -1.751099730138e-12       2.842475750898e-16       1.565955904184e-11       2.048768466693e-12      -8.071683211949e-15 
   85       3.040665067487e-10       7.346612157197e-14      -1.830771102497e-12       2.910830722297e-16       1.520274658922e-11       2.000380605768e-12      -8.048843896559e-15 
   86       3.078331739629e-10       7.554272102192e-14      -1.911467643345e-12       2.980020639996e-16       1.476397843608e-11       1.953722092863e-12      -8.034462730037e-15 
   87       3.116320949681e-10       7.762659068953e-14      -1.993143136635e-12       3.050048830880e-16       1.434189846179e-11       1.908670811047e-12      -8.022197486044e-15 
   88       3.154624937669e-10       7.971593395516e-14      -2.075750276880e-12       3.120918843568e-16       1.393483489203e-11       1.865073187109e-12      -8.005060469301e-15 
   89       3.193235870378e-10       8.180892714176e-14      -2.159239396531e-12       3.192634340464e-16       1.354119811995e-11       1.822782390728e-12      -7.976917757604e-15 
   90       3.232155804050e-10       8.390379947032e-14      -2.243554362362e-12       3.265198741426e-16       1.316077046935e-11       1.781782316106e-12      -7.937298045963e-15 
   91       3.271388037092e-10       8.599876535408e-14      -2.328636080490e-12       3.338615534965e-16       1.279359874888e-11       1.742081012181e-12      -7.887306508549e-15 
   92       3.310933983191e-10       8.809200049456e-14      -2.414423744396e-12       3.412888391432e-16       1.243959790766e-11       1.703672502985e-12      -7.828177243790e-15 
   93       3.350793080671e-10       9.018164206857e-14      -2.500854841583e-12       3.488021167298e-16       1.209854579684e-11       1.666536222575e-12      -7.761276940170e-15 
   94       3.390962701842e-10       9.226578891529e-14      -2.587865160244e-12       3.564017909429e-16       1.177007793108e-11       1.630636449968e-12      -7.688108542041e-15 
   95       3.431438062353e-10       9.434250172329e-14      -2.675388795929e-12       3.640882859368e-16       1.145368225005e-11       1.595921744068e-12      -7.610314915420e-15 
   96       3.472212130543e-10       9.640980321757e-14      -2.763358158203e-12       3.718620457615e-16       1.114869387993e-11       1.562324378605e-12      -7.529682513806e-15 
   97       3.513275536796e-10       9.846567834665e-14      -2.851703977319e-12       3.797235347901e-16       1.085428989493e-11       1.529759777063e-12      -7.448145043976e-15 
   98       3.554616482887e-10       1.005080744695e-13      -2.940355310875e-12       3.876732381473e-16       1.056948407879e-11       1.498125947611e-12      -7.367787131798e-15 
   99       3.596223655808e-10       1.025349486600e-13      -3.029240924155e-12       3.957116647406e-16       1.029335279720e-11       1.467327985427e-12      -7.290427482255e-15 
  100       3.638095636083e-10       1.045444168604e-13      -3.118293639811e-12       4.038393559195e-16       1.002576044332e-11       1.437356761070e-12      -7.216293067382e-15 
  101       3.680232659862e-10       1.065346262995e-13      -3.207446619524e-12       4.120568788435e-16       9.766727491884e-12       1.408220379764e-12      -7.145163084816e-15 
  102       3.722633679790e-10       1.085037110095e-13      -3.296632068313e-12       4.203648244414e-16       9.516206148799e-12       1.379919850415e-12      -7.076771297064e-15 
  103       3.765296310784e-10       1.104497925834e-13      -3.385781257852e-12       4.287638078712e-16       9.274077914034e-12       1.352448824396e-12      -7.010804600260e-15 
  104       3.808216775796e-10       1.123709809338e-13      -3.474824549788e-12       4.372544689790e-16       9.040151144457e-12       1.325793334325e-12      -6.946901592941e-15 
  105       3.851389851586e-10       1.142653750506e-13      -3.563691419052e-12       4.458374727589e-16       8.814158616686e-12       1.299931532844e-12      -6.884651144809e-15 
  106       3.894808814491e-10       1.161310637593e-13      -3.652310477179e-12       4.545135098121e-16       8.595755089930e-12       1.274833431399e-12      -6.823590965494e-15 
  107       3.938465386193e-10       1.179661264791e-13      -3.740609495616e-12       4.632832968068e-16       8.384514868847e-12       1.250460639018e-12      -6.763206173328e-15 
  108       3.982349679494e-10       1.197686339815e-13      -3.828515429046e-12       4.721475769373e-16       8.179929366386e-12       1.226766101091e-12      -6.702927864103e-15 
  109       4.026450144079e-10       1.215366491478e-13      -3.915954438696e-12       4.811071203834e-16       7.981404666635e-12       1.203693838152e-12      -6.642131679842e-15 
  110       4.070755515136e-10       1.232682755065e-13      -4.002852419467e-12       4.901627064156e-16       7.788395334640e-12       1.181192024140e-12      -6.580265999145e-15 
  111       4.115261058988e-10       1.249618082773e-13      -4.089136607953e-12       4.993150661195e-16       7.600830537900e-12       1.159254683925e-12      -6.517258224749e-15 
  112       4.159963028996e-10       1.266156041662e-13      -4.174734224804e-12       5.085649331672e-16       7.418738151920e-12       1.137884868133e-12      -6.453158055395e-15 
  113       4.204856700011e-10       1.282280365282e-13      -4.259572017253e-12       5.179130617923e-16       7.242112302612e-12       1.117081662058e-12      -6.388012356756e-15 
  114       4.249936333832e-10       1.297974965952e-13      -4.343576287384e-12       5.273602270689e-16       7.070912268181e-12       1.096840055537e-12      -6.321865004123e-15 
  115       4.295195144654e-10       1.313223947037e-13      -4.426672920397e-12       5.369072251911e-16       6.905061381006e-12       1.077150812837e-12      -6.254756725094e-15 
  116       4.340625264529e-10       1.328011615223e-13      -4.508787412877e-12       5.465548737515e-16       6.744445929529e-12       1.058000342530e-12      -6.186724942262e-15 
  117       4.386217708812e-10       1.342322492797e-13      -4.589844901061e-12       5.563040120208e-16       6.588914060135e-12       1.039370567374e-12      -6.117803615904e-15 
  118       4.431962341620e-10       1.356141329926e-13      -4.669770189101e-12       5.661555012265e-16       6.438274679042e-12       1.021238794195e-12      -6.048023086668e-15 
  119       4.477847841283e-10       1.369453116928e-13      -4.748487777334e-12       5.761102248321e-16       6.292296354181e-12       1.003577583764e-12      -5.977409918264e-15 
  120       4.523861665800e-10       1.382243096555e-13      -4.825921890550e-12       5.861690888163e-16       6.150706217084e-12       9.863546206793e-13      -5.905986740148e-15 
  121       4.569990018289e-10       1.394496776268e-13      -4.901996506251e-12       5.963330219516e-16       6.013188864766e-12       9.695325832454e-13      -5.833772090217e-15 
  122       4.616217812446e-10       1.406199940515e-13      -4.976635382930e-12       6.066029760842e-16       5.879385261613e-12       9.530690133534e-13      -5.760780257490e-15 
  123       4.662530471035e-10       1.417339139853e-13      -5.049763054000e-12       6.169798866984e-16       5.748970183929e-12       9.369262709647e-13      -5.687045254826e-15 
  124       4.708919628914e-10       1.427903195779e-13      -5.121307878718e-12       6.274645488892e-16       5.621896966766e-12       9.211029696214e-13      -5.612696190559e-15 
  125       4.755378023132e-10       1.437881892720e-13      -5.191199396663e-12       6.380577276013e-16       5.498178935511e-12       9.056059239011e-13      -5.537890299546e-15 
  126       4.801897698652e-10       1.447265532539e-13      -5.259367428951e-12       6.487601960333e-16       5.377812906400e-12       8.904403380245e-13      -5.462789620914e-15 
  127       4.848469988226e-10       1.456044950557e-13      -5.325742114100e-12       6.595727356043e-16       5.260778706361e-12       8.756097550791e-13      -5.387561030593e-15 
  128       4.895085492272e-10       1.464211531591e-13      -5.390253943893e-12       6.704961359208e-16       5.147038692860e-12       8.611160062432e-13      -5.312376273855e-15 
  129       4.941734058748e-10       1.471757225977e-13      -5.452833799244e-12       6.815311947429e-16       5.036537273746e-12       8.469591600093e-13      -5.237411997857e-15 
  130       4.988404763030e-10       1.478674565600e-13      -5.513412986061e-12       6.926787179514e-16       4.929200427089e-12       8.331374714086e-13      -5.162849784177e-15 
  131       5.035085887787e-10       1.484956679927e-13      -5.571923271112e-12       7.039395195139e-16       4.824935221035e-12       8.196473312343e-13      -5.088876181352e-15 
  132       5.081764902855e-10       1.490597312029e-13      -5.628296917889e-12       7.153144214519e-16       4.723629333640e-12       8.064832152657e-13      -5.015682737422e-15 
  133       5.128428445115e-10       1.495590834616e-13      -5.682466722471e-12       7.268042538068e-16       4.625150572720e-12       7.936376334921e-13      -4.943466032463e-15 
  134       5.175062298368e-10       1.499932266065e-13      -5.734366049390e-12       7.384098546073e-16       4.529346395695e-12       7.811010793362e-13      -4.872427711130e-15 
  135       5.221651373209e-10       1.503617286447e-13      -5.783928867495e-12       7.501320698351e-16       4.436043429430e-12       7.688619788785e-13      -4.802774515197e-15 
  136       5.268179686907e-10       1.506642253556e-13      -5.831089785816e-12       7.619717533925e-16       4.345046990085e-12       7.569066400810e-13      -4.734718316091e-15 
  137       5.314631750959e-10       1.509004489666e-13      -5.875784693837e-12       7.739297402460e-16       4.256182376671e-12       7.452220450046e-13      -4.668423774544e-15 
  138       5.360996938416e-10       1.510703141352e-13      -5.917952681168e-12       7.860067627951e-16       4.169424590738e-12       7.338046600441e-13      -4.603845137908e-15 
  139       5.407265532436e-10       1.511738439449e-13      -5.957534385441e-12       7.982035257465e-16       4.084781192069e-12       7.226524453393e-13      -4.540872537837e-15 
  140       5.453427348061e-10       1.512111453888e-13      -5.994471445064e-12       8.105207319573e-16       4.002251516369e-12       7.117620611556e-13      -4.479382550780e-15 
  141       5.499471721029e-10       1.511824111447e-13      -6.028706538918e-12       8.229590822316e-16       3.921826460252e-12       7.011288351527e-13      -4.419237898103e-15 
  142       5.545387496586e-10       1.510879213498e-13      -6.060183426058e-12       8.355192751170e-16       3.843488266235e-12       6.907467296529e-13      -4.360287146203e-15 
  143       5.591163018294e-10       1.509280453753e-13      -6.088846985415e-12       8.482020067011e-16       3.767210307723e-12       6.806083089107e-13      -4.302364406631e-15 
  144       5.636786116846e-10       1.507032436014e-13      -6.114643255494e-12       8.610079704072e-16       3.692956874001e-12       6.707047063813e-13      -4.245289036206e-15 
  145       5.682244098869e-10       1.504140691917e-13      -6.137519474081e-12       8.739378567915e-16       3.620682955229e-12       6.610255919895e-13      -4.188865337138e-15 
  146       5.727523735742e-10       1.500611698680e-13      -6.157424117934e-12       8.869923533388e-16       3.550334027422e-12       6.515591393986e-13      -4.132882257141e-15 
  147       5.772611252404e-10       1.496452896854e-13      -6.174306942494e-12       9.001721442592e-16       3.481845837451e-12       6.422919932792e-13      -4.077113089555e-15 
  148       5.817492316163e-10       1.491672708066e-13      -6.188119021579e-12       9.134779102845e-16       3.415144188025e-12       6.332092365783e-13      -4.021315173464e-15 
  149       5.862152025508e-10       1.486280552769e-13      -6.198812787087e-12       9.269103284642e-16       3.350144722684e-12       6.242943577879e-13      -3.965229593813e-15 
  150       5.906574898919e-10       1.480286867988e-13      -6.206342068696e-12       9.404700719625e-16       3.286752710792e-12       6.155292182139e-13      -3.908580881525e-15 
  151       5.950744863679e-10       1.473703125068e-13      -6.210662133565e-12       9.541578098539e-16       3.224862832521e-12       6.068940192451e-13      -3.851076713624e-15 
  152       5.994645244683e-10       1.466541847422e-13      -6.211729726036e-12       9.679742069202e-16       3.164358963846e-12       5.983672696221e-13      -3.792407613349e-15 
  153       6.038259980401e-10       1.458816460317e-13      -6.209503334585e-12       9.819198693270e-16       3.105138177015e-12       5.899307546013e-13      -3.732322842295e-15 
  154       6.081577421481e-10       1.450540787185e-13      -6.203943937051e-12       9.959951764025e-16       3.047185704317e-12       5.815850319838e-13      -3.670866644386e-15 
  155       6.124586865487e-10       1.441729540122e-13      -6.195014400680e-12       1.010200432764e-15       2.990506563725e-12       5.733353205413e-13      -3.608163488188e-15 
  156       6.167277356575e-10       1.432398500388e-13      -6.182679301621e-12       1.024535920556e-15       2.935101878642e-12       5.651866203591e-13      -3.544343935593e-15 
  157       6.209637680557e-10       1.422564535303e-13      -6.166904965781e-12       1.039001898972e-15       2.880968786227e-12       5.571437055789e-13      -3.479544729983e-15 
  158       6.251656359959e-10       1.412245615137e-13      -6.147659509684e-12       1.053598603776e-15       2.828100345709e-12       5.492111171424e-13      -3.413908884386e-15 
  159       6.293321649081e-10       1.401460830003e-13      -6.124912881326e-12       1.068326246821e-15       2.776485446709e-12       5.413931555345e-13      -3.347585769637e-15 
  160       6.334621529059e-10       1.390230406748e-13      -6.098636901039e-12       1.083185015572e-15       2.726108717551e-12       5.336938735263e-13      -3.280731202542e-15 
  161       6.375543702925e-10       1.378575725844e-13      -6.068805302345e-12       1.098175072624e-15       2.676950433590e-12       5.261170689186e-13      -3.213507534034e-15 
  162       6.416075590667e-10       1.366519338283e-13      -6.035393772813e-12       1.113296555225e-15       2.628986425521e-12       5.186662772853e-13      -3.146083737332e-15 
  163       6.456204324289e-10       1.354084982465e-13      -5.998379994921e-12       1.128549574797e-15       2.582187987705e-12       5.113447647160e-13      -3.078635496107e-15 
  164       6.495916742871e-10       1.341297601095e-13      -5.957743686912e-12       1.143934216455e-15       2.536521786481e-12       5.041555205602e-13      -3.011345292637e-15 
  165       6.535199387633e-10       1.328183358071e-13      -5.913466643651e-12       1.159450538530e-15       2.491949768488e-12       4.971012501697e-13      -2.944402495969e-15 
  166       6.574038496988e-10       1.314769655376e-13      -5.865532777487e-12       1.175098572086e-15       2.448429068982e-12       4.901843676423e-13      -2.878003450080e-15 
  167       6.612420001613e-10       1.301085149974e-13      -5.813928159106e-12       1.190878320445e-15       2.405911920155e-12       4.834069885650e-13      -2.812351562037e-15 
  168       6.650329519497e-10       1.287159770695e-13      -5.758641058393e-12       1.206789758705e-15       2.364345559452e-12       4.767709227571e-13      -2.747657390153e-15 
  169       6.687752351013e-10       1.273024735135e-13      -5.699661985289e-12       1.222832833261e-15       2.323672137889e-12       4.702776670136e-13      -2.684138732154e-15 
  170       6.724673473971e-10       1.258712566542e-13      -5.636983730648e-12       1.239007461328e-15       2.283828628373e-12       4.639283978486e-13      -2.622020713335e-15 
  171       6.761078524486e-10       1.244256118752e-13      -5.570600657893e-12       1.255313506467e-15       2.244759573470e-12       4.577236105889e-13      -2.561487687978e-15 
  172       6.796956841700e-10       1.229685524386e-13      -5.500506426168e-12       1.271750703897e-15       2.206456713425e-12       4.516620180800e-13      -2.502534258582e-15 
  173       6.832298668649e-10       1.215031023376e-13      -5.426696154747e-12       1.288318728004e-15       2.168922502067e-12       4.457415458205e-13      -2.445101945557e-15 
  174       6.867094188398e-10       1.200323944762e-13      -5.349167192668e-12       1.305017215210e-15       2.132157525786e-12       4.399596687105e-13      -2.389126148179e-15 
  175       6.901333523125e-10       1.185596719542e-13      -5.267919156537e-12       1.321845763385e-15       2.096160464229e-12       4.343134023526e-13      -2.334536036151e-15 
  176       6.935006733200e-10       1.170882893516e-13      -5.182953968326e-12       1.338803931279e-15       2.060928051009e-12       4.287992943523e-13      -2.281254441163e-15 
  177       6.968103816271e-10       1.156217140129e-13      -5.094275893176e-12       1.355891237937e-15       2.026455034402e-12       4.234134156178e-13      -2.229197748449e-15 
  178       7.000614706345e-10       1.141635273314e-13      -5.001891577198e-12       1.373107162128e-15       1.992734138056e-12       4.181513516610e-13      -2.178275788352e-15 
  179       7.032529272870e-10       1.127174260343e-13      -4.905810085274e-12       1.390451141764e-15       1.959756021686e-12       4.130081938976e-13      -2.128391727880e-15 
  180       7.063837319818e-10       1.112872234668e-13      -4.806042938861e-12       1.407922573325e-15       1.927509241787e-12       4.079785309473e-13      -2.079441962266e-15 
  181       7.094528584768e-10       1.098768508763e-13      -4.702604153787e-12       1.425520811281e-15       1.895980212325e-12       4.030564399347e-13      -2.031316006529e-15 
  182       7.124592737986e-10       1.084903586975e-13      -4.595510278059e-12       1.443245167513e-15       1.865153165449e-12       3.982354777890e-13      -1.983896387034e-15 
  183       7.154019381510e-10       1.071319178365e-13      -4.484780429658e-12       1.461094910741e-15       1.835010112191e-12       3.935086725449e-13      -1.937058533052e-15 
  184       7.182798048234e-10       1.058058209552e-13      -4.370436334346e-12       1.479069265941e-15       1.805530803166e-12       3.888685146429e-13      -1.890670668318e-15 
  185       7.210918200986e-10       1.045164837561e-13      -4.252502363464e-12       1.497167413772e-15       1.776692689279e-12       3.843069482293e-13      -1.844593702592e-15 
  186       7.238369231612e-10       1.032684462666e-13      -4.131005571733e-12       1.515388489997e-15       1.748470882424e-12       3.798153624571e-13      -1.798681123219e-15 
  187       7.265140460060e-10       1.020663741235e-13      -4.005975735060e-12       1.533731584905e-15       1.720838116191e-12       3.753845827859e-13      -1.752778886690e-15 
  188       7.291221133462e-10       1.009150598573e-13      -3.877445388332e-12       1.552195742736e-15       1.693764706565e-12       3.710048622828e-13      -1.706725310198e-15 
  189       7.316600425215e-10       9.981942417722e-14      -3.745449863225e-12       1.570779961104e-15       1.667218512629e-12       3.666658729221e-13      -1.660350963203e-15 
  190       7.341267434064e-10       9.878451725498e-14      -3.610027325999e-12       1.589483190417e-15       1.641164897269e-12       3.623566968863e-13      -1.613478558987e-15 
  191       7.365211925519e-10       9.781530968953e-14      -3.471216581034e-12       1.608304333914e-15       1.615573572275e-12       3.580681083629e-13      -1.565962026788e-15 
  192       7.388426620116e-10       9.691604521202e-14      -3.329050218651e-12       1.627242248975e-15       1.590439788933e-12       3.537996282085e-13      -1.517807227202e-15 
  193       7.410905075421e-10       9.609084178917e-14      -3.183561024900e-12       1.646295744799e-15       1.565764664910e-12       3.495529829121e-13      -1.469060103487e-15 
  194       7.432640960632e-10       9.534389816962e-14      -3.034784199895e-12       1.665463581229e-15       1.541548426135e-12       3.453298604874e-13      -1.419768334877e-15 
  195       7.453628058095e-10       9.467949448017e-14      -2.882757388309e-12       1.684744468175e-15       1.517790390029e-12       3.411319092684e-13      -1.369981356361e-15 
  196       7.473860264810e-10       9.410199282204e-14      -2.727520709855e-12       1.704137065042e-15       1.494488948735e-12       3.369607367045e-13      -1.319750378443e-15 
  197       7.493331593947e-10       9.361583786715e-14      -2.569116789786e-12       1.723639980152e-15       1.471641552349e-12       3.328179081565e-13      -1.269128406915e-15 
  198       7.512036176356e-10       9.322555745438e-14      -2.407590789379e-12       1.743251770171e-15       1.449244692148e-12       3.287049456917e-13      -1.218170262626e-15 
  199       7.529968262076e-10       9.293576318581e-14      -2.242990436428e-12       1.762970939535e-15       1.427293883824e-12       3.246233268794e-13      -1.166932601246e-15 
  200       7.547122221852e-10       9.275115102301e-14      -2.075366055732e-12       1.782795939870e-15       1.405783650712e-12       3.205744835863e-13      -1.115473933039e-15 
  201       7.563492548642e-10       9.267650188329e-14      -1.904770599591e-12       1.802725169420e-15       1.384707507019e-12       3.165598007723e-13      -1.063854642632e-15 
  202       7.579073859128e-10       9.271668223593e-14      -1.731259678287e-12       1.822756972474e-15       1.364057941058e-12       3.125806152854e-13      -1.012137008777e-15 
  203       7.593860895234e-10       9.287664469849e-14      -1.554891590584e-12       1.842889638786e-15       1.343826398475e-12       3.086382146577e-13      -9.603852241279e-16 
  204       7.607848525629e-10       9.316142863307e-14      -1.375727354212e-12       1.863121403005e-15       1.324003265479e-12       3.047338359005e-13      -9.086654150032e-16 
  205       7.621031747244e-10       9.357616074251e-14      -1.193830736357e-12       1.883450444095e-15       1.304577852076e-12       3.008686642999e-13      -8.570456611569e-16 
  206       7.633405686783e-10       9.412605566672e-14      -1.009268284159e-12       1.903874884762e-15       1.285538375295e-12       2.970438322122e-13      -8.055960155465e-16 
  207       7.644965602233e-10       9.481641657890e-14      -8.221093551908e-13       1.924392790881e-15       1.266871942419e-12       2.932604178594e-13      -7.543885241013e-16 
  208       7.655706884376e-10       9.565263578185e-14      -6.324261479581e-13       1.945002170917e-15       1.248564534220e-12       2.895194441247e-13      -7.034972454914e-16 
  209       7.665625058302e-10       9.664019530415e-14      -4.402937323847e-13       1.965700975353e-15       1.230600988183e-12       2.858218773477e-13      -6.529982708958e-16 
  210       7.674715784917e-10       9.778466749650e-14      -2.457900803041e-13       1.986487096112e-15       1.212964981737e-12       2.821686261203e-13      -6.029697437708e-16 
  211       7.682974862459e-10       9.909171562795e-14      -4.899609594998e-14       2.007358365985e-15       1.195639015491e-12       2.785605400817e-13      -5.534918796192e-16 
  212       7.690398228006e-10       1.005670944821e-13       1.500043535538e-13       2.028312558054e-15       1.178604396458e-12       2.749984087142e-13      -5.046469857578e-16 
  213       7.696982334382e-10       1.022163195947e-13       3.511287419184e-13       2.049347456708e-15       1.161844885937e-12       2.714829254812e-13      -4.565045353594e-16 
  214       7.702725306036e-10       1.040436488823e-13       5.543091814227e-13       2.070461077232e-15       1.145357951970e-12       2.680145800483e-13      -4.090752273546e-16 
  215       7.707625864176e-10       1.060530333638e-13       7.594799646654e-13       2.091651459942e-15       1.129144244705e-12       2.645937564528e-13      -3.623538609804e-16 
  216       7.711682960876e-10       1.082484420638e-13       9.665732920931e-13       2.112916599541e-15       1.113203992959e-12       2.612207658190e-13      -3.163339832260e-16 
  217       7.714895781575e-10       1.106338617372e-13       1.175519252920e-12       2.134254444737e-15       1.097536997098e-12       2.578958450625e-13      -2.710078692554e-16 
  218       7.717263747579e-10       1.132132965924e-13       1.386245806048e-12       2.155662897849e-15       1.082142621915e-12       2.546191555942e-13      -2.263665028289e-16 
  219       7.718786518561e-10       1.159907680157e-13       1.598678760987e-12       2.177139814428e-15       1.067019789504e-12       2.513907820249e-13      -1.823995567256e-16 
  220       7.719463995056e-10       1.189703142948e-13       1.812741758773e-12       2.198683002865e-15       1.052166972145e-12       2.482107308688e-13      -1.390953731653e-16 
  221       7.719296320968e-10       1.221559903432e-13       2.028356252894e-12       2.220290224004e-15       1.037582185175e-12       2.450789292486e-13      -9.644094423072e-17 
  222       7.718283886064e-10       1.255518674238e-13       2.245441490200e-12       2.241959190761e-15       1.023262979870e-12       2.419952235992e-13      -5.442189228977e-17 
  223       7.716427328478e-10       1.291620328729e-13       2.463914491834e-12       2.263687567731e-15       1.009206436320e-12       2.389593783717e-13      -1.302245041733e-17 
  224       7.713727537206e-10       1.329905898240e-13       2.683690034144e-12       2.285472970805e-15       9.954091563099e-13       2.359710747384e-13       2.777455718243e-17 
  225       7.710185654611e-10       1.370416569320e-13       2.904680629607e-12       2.307312966781e-15       9.818672561957e-13       2.330299092961e-13       6.798773475396e-17 
  226       7.705803078920e-10       1.413193680970e-13       3.126796507747e-12       2.329205072981e-15       9.685763597822e-13       2.301353927711e-13       1.076371345683e-16 
  227       7.700581466724e-10       1.458278721881e-13       3.349945596057e-12       2.351146756861e-15       9.555315912012e-13       2.272869487229e-13       1.467442765008e-16 
  228       7.694522735477e-10       1.505713327672e-13       3.574033500918e-12       2.373135435623e-15       9.427275677896e-13       2.244839122485e-13       1.853321676091e-16 
  229       7.687629065997e-10       1.555539278135e-13       3.798963488519e-12       2.395168475834e-15       9.301583929670e-13       2.217255286870e-13       2.234253217113e-16 
  230       7.679902904968e-10       1.607798494468e-13       4.024636465776e-12       2.417243193034e-15       9.178176491137e-13       2.190109523232e-13       2.610497789633e-16 
  231       7.671346967436e-10       1.662533036517e-13       4.250950961254e-12       2.439356851352e-15       9.056983904484e-13       2.163392450924e-13       2.982331254370e-16 
  232       7.661964239308e-10       1.719785100015e-13       4.477803106086e-12       2.461506663119e-15       8.937931359063e-13       2.137093752842e-13       3.350045126983e-16 
  233       7.651757979858e-10       1.779597013821e-13       4.705086614894e-12       2.483689788480e-15       8.820938620169e-13       2.111202162469e-13       3.713946773847e-16 
  234       7.640731724220e-10       1.842011237159e-13       4.932692766706e-12       2.505903335009e-15       8.705919957819e-13       2.085705450918e-13       4.074359607833e-16 
  235       7.628889285892e-10       1.907070356858e-13       5.160510385881e-12       2.528144357322e-15       8.592784075527e-13       2.060590413971e-13       4.431623284089e-16 
  236       7.616234759234e-10       1.974817084589e-13       5.388425823024e-12       2.550409856689e-15       8.481434039089e-13       2.035842859125e-13       4.786093895815e-16 
  237       7.602772521968e-10       2.045294254108e-13       5.616322935909e-12       2.572696780649e-15       8.371767205358e-13       2.011447592632e-13       5.138144170045e-16 
  238       7.588507185699e-10       2.118540907278e-13       5.844089737695e-12       2.595002176493e-15       8.263694971369e-13       1.987391022826e-13       5.488079783959e-16 
  239       7.573443438972e-10       2.194580294724e-13       6.071638827949e-12       2.617323662834e-15       8.157203496617e-13       1.963669171901e-13       5.835882283300e-16 
  240       7.557586199556e-10       2.273431142866e-13       6.298888162402e-12       2.639658985854e-15       8.052296521419e-13       1.940280124386e-13       6.181450968759e-16 
  241       7.540940667943e-10       2.355111488793e-13       6.525754491990e-12       2.662005867947e-15       7.948975848184e-13       1.917221447114e-13       6.524685393369e-16 
  242       7.523512329739e-10       2.439638669255e-13       6.752153357838e-12       2.684362007652e-15       7.847241312006e-13       1.894490181784e-13       6.865485381333e-16 
  243       7.505306958057e-10       2.527029309647e-13       6.977999086248e-12       2.706725079594e-15       7.747090751256e-13       1.872082837524e-13       7.203751046846e-16 
  244       7.486330615903e-10       2.617299313001e-13       7.203204783683e-12       2.729092734419e-15       7.648519978175e-13       1.849995383454e-13       7.539382812921e-16 
  245       7.466589658568e-10       2.710463848975e-13       7.427682331752e-12       2.751462598734e-15       7.551522749463e-13       1.828223241241e-13       7.872281430212e-16 
  246       7.446090736019e-10       2.806537342834e-13       7.651342382198e-12       2.773832275046e-15       7.456090736877e-13       1.806761277669e-13       8.202347995840e-16 
  247       7.424840795288e-10       2.905533464445e-13       7.874094351882e-12       2.796199341698e-15       7.362213497819e-13       1.785603797195e-13       8.529483972212e-16 
  248       7.402847082863e-10       3.007465117263e-13       8.095846417768e-12       2.818561352806e-15       7.269878445929e-13       1.764744534512e-13       8.853591205854e-16 
  249       7.380117147075e-10       3.112344427315e-13       8.316505511908e-12       2.840915838199e-15       7.179070821681e-13       1.744176647111e-13       9.174571946225e-16 
  250       7.356658840494e-10       3.220182732196e-13       8.535977316433e-12       2.863260303359e-15       7.089773662969e-13       1.723892707841e-13       9.492328864550e-16 
  251       7.332480322315e-10       3.330990570048e-13       8.754166258529e-12       2.885592229352e-15       7.001967775703e-13       1.703884697475e-13       9.806765072639e-16 
  252       7.307590060747e-10       3.444777668556e-13       8.970975505431e-12       2.907909072774e-15       6.915631704403e-13       1.684143997265e-13       1.011778414171e-15 
  253       7.281996835408e-10       3.561552933930e-13       9.186306959405e-12       2.930208265682e-15       6.830741702788e-13       1.664661381509e-13       1.042529012123e-15 
  254       7.255709739711e-10       3.681324439896e-13       9.400061252734e-12       2.952487215538e-15       6.747271704370e-13       1.645427010109e-13       1.072918755770e-15 
  255       7.228738183254e-10       3.804099416683e-13       9.612137742703e-12       2.974743305143e-15       6.665193293046e-13       1.626430421135e-13       1.102938151353e-15 
  256       7.201091894215e-10       3.929884240011e-13       9.822434506586e-12       2.996973892575e-15       6.584475673690e-13       1.607660523386e-13       1.132577758581e-15 
  257       7.172780921736e-10       4.058684420082e-13       1.003084833663e-11       3.019176311129e-15       6.505085642747e-13       1.589105588951e-13       1.161828192519e-15 
  258       7.143815638316e-10       4.190504590560e-13       1.023727473504e-11       3.041347869255e-15       6.426987558821e-13       1.570753245769e-13       1.190680125467e-15 
  259       7.114206742203e-10       4.325348497570e-13       1.044160790897e-11       3.063485850493e-15       6.350143313274e-13       1.552590470195e-13       1.219124288841e-15 
  260       7.083965259781e-10       4.463218988676e-13       1.064374076550e-11       3.085587513413e-15       6.274512300812e-13       1.534603579557e-13       1.247151475059e-15 
  261       7.053102547960e-10       4.604118001875e-13       1.084356490663e-11       3.107650091554e-15       6.200051390082e-13       1.516778224721e-13       1.274752539422e-15 
  262       7.021630296569e-10       4.748046554582e-13       1.104097062425e-11       3.129670793359e-15       6.126714894261e-13       1.499099382649e-13       1.301918401996e-15 
  263       6.989560530745e-10       4.895004732621e-13       1.123584689516e-11       3.151646802118e-15       6.054454541650e-13       1.481551348963e-13       1.328640049495e-15 
  264       6.956905613323e-10       5.044991679209e-13       1.142808137601e-11       3.173575275898e-15       5.983219446267e-13       1.464117730508e-13       1.354908537162e-15 
  265       6.923678247223e-10       5.198005583949e-13       1.161756039832e-11       3.195453347490e-15       5.912956078436e-13       1.446781437910e-13       1.380714990652e-15 
  266       6.889890881834e-10       5.354041140627e-13       1.180417687256e-11       3.217278332112e-15       5.843618414444e-13       1.429528416798e-13       1.406052301429e-15 
  267       6.855553891512e-10       5.513081790401e-13       1.198785448622e-11       3.239048363170e-15       5.775199056581e-13       1.412359081220e-13       1.430920311039e-15 
  268       6.820677302817e-10       5.675107035976e-13       1.216852481000e-11       3.260761790901e-15       5.707699745776e-13       1.395277486619e-13       1.455320912014e-15 
  269       6.785271382998e-10       5.840094919648e-13       1.234611951532e-11       3.282416978001e-15       5.641121322537e-13       1.378287645953e-13       1.479256384433e-15 
  270       6.749346641374e-10       6.008022008017e-13       1.252057038267e-11       3.304012299908e-15       5.575463714741e-13       1.361393528579e-13       1.502729400661e-15 
  271       6.712913830716e-10       6.178863376698e-13       1.269180930995e-11       3.325546145094e-15       5.510725925427e-13       1.344599059127e-13       1.525743030095e-15 
  272       6.675983948635e-10       6.352592595032e-13       1.285976832083e-11       3.347016915354e-15       5.446906020585e-13       1.327908116379e-13       1.548300743909e-15 
  273       6.638568238959e-10       6.529181710800e-13       1.302437957307e-11       3.368423026096e-15       5.384001116948e-13       1.311324532152e-13       1.570406419794e-15 
  274       6.600678193122e-10       6.708601234928e-13       1.318557536694e-11       3.389762906626e-15       5.322007369782e-13       1.294852090168e-13       1.592064346704e-15 
  275       6.562325551542e-10       6.890820126204e-13       1.334328815347e-11       3.411035000443e-15       5.260919960679e-13       1.278494524942e-13       1.613279229602e-15 
  276       6.523522305006e-10       7.075805775988e-13       1.349745054287e-11       3.432237765523e-15       5.200733085348e-13       1.262255520654e-13       1.634056194199e-15 
  277       6.484280696057e-10       7.263523992922e-13       1.364799531288e-11       3.453369674610e-15       5.141439941402e-13       1.246138710029e-13       1.654400791704e-15 
  278       6.444613220369e-10       7.453938987641e-13       1.379485541706e-11       3.474429215504e-15       5.083032716155e-13       1.230147673216e-13       1.674319003560e-15 
  279       6.404532628139e-10       7.647013357485e-13       1.393796399321e-11       3.495414891351e-15       5.025502574409e-13       1.214285936668e-13       1.693817246196e-15 
  280       6.364051925461e-10       7.842708071212e-13       1.407725437166e-11       3.516325220935e-15       4.968839646246e-13       1.198556972015e-13       1.712902375763e-15 
  281       6.323184375718e-10       8.040982453705e-13       1.421266008365e-11       3.537158738958e-15       4.913033014820e-13       1.182964194951e-13       1.731581692886e-15 
  282       6.281943500959e-10       8.241794170688e-13       1.434411486969e-11       3.557913996339e-15       4.858070704147e-13       1.167510964103e-13       1.749862947399e-15 
  283       6.240343083286e-10       8.445099213435e-13       1.447155268788e-11       3.578589560498e-15       4.803939666896e-13       1.152200579918e-13       1.767754343098e-15 
  284       6.198397166232e-10       8.650851883479e-13       1.459490772227e-11       3.599184015646e-15       4.750625772181e-13       1.137036283535e-13       1.785264542475e-15 
  285       6.156120056151e-10       8.859004777328e-13       1.471411439121e-11       3.619695963071e-15       4.698113793350e-13       1.122021255668e-13       1.802402671471e-15 
  286       6.113526323594e-10       9.069508771173e-13       1.482910735571e-11       3.640124021434e-15       4.646387395780e-13       1.107158615481e-13       1.819178324213e-15 
  287       6.070630804699e-10       9.282313005599e-13       1.493982152776e-11       3.660466827051e-15       4.595429124663e-13       1.092451419468e-13       1.835601567763e-15 
  288       6.027448602568e-10       9.497364870298e-13       1.504619207871e-11       3.680723034186e-15       4.545220392802e-13       1.077902660334e-13       1.851682946857e-15 
  289       5.983995088654e-10       9.714609988782e-13       1.514815444760e-11       3.700891315338e-15       4.495741468397e-13       1.063515265867e-13       1.867433488653e-15 
  290       5.940285904143e-10       9.933992203086e-13       1.524564434953e-11       3.720970361531e-15       4.446971462842e-13       1.049292097822e-13       1.882864707471e-15 
  291       5.896336961337e-10       1.015545355849e-12       1.533859778398e-11       3.740958882603e-15       4.398888318510e-13       1.035235950800e-13       1.897988609541e-15 
  292       5.852164445036e-10       1.037893428823e-12       1.542695104316e-11       3.760855607496e-15       4.351468796547e-13       1.021349551122e-13       1.912817697741e-15 
  293       5.807784813924e-10       1.060437279819e-12       1.551064072040e-11       3.780659284541e-15       4.304688464665e-13       1.007635555710e-13       1.927364976349e-15 
  294       5.763214801950e-10       1.083170565163e-12       1.558960371846e-11       3.800368681753e-15       4.258521684928e-13       9.940965509648e-14       1.941643955778e-15 
  295       5.718471419710e-10       1.106086755392e-12       1.566377725787e-11       3.819982587115e-15       4.212941601549e-13       9.807350516465e-14       1.955668657327e-15 
  296       5.673571955833e-10       1.129179133719e-12       1.573309888533e-11       3.839499808868e-15       4.167920128676e-13       9.675534997501e-14       1.969453617918e-15 
  297       5.628532924807e-10       1.152440980314e-12       1.579751291824e-11       3.858919337452e-15       4.123433231393e-13       9.545537679428e-14       1.983010682442e-15 
  298       5.583366850932e-10       1.175866138191e-12       1.585699010847e-11       3.878240839442e-15       4.079477078290e-13       9.417356454220e-14       1.996339198212e-15 
  299       5.538085330408e-10       1.199448471901e-12       1.591150895275e-11       3.897464188236e-15       4.036052651886e-13       9.290982761127e-14       2.009435352123e-15 
  300       5.492700070730e-10       1.223181682939e-12       1.596104935977e-11       3.916589305077e-15       3.993160521314e-13       9.166406456779e-14       2.022295340397e-15 
  301       5.447222890636e-10       1.247059308471e-12       1.600559266722e-11       3.935616159565e-15       3.950800837292e-13       9.043615797252e-14       2.034915368971e-15 
  302       5.401665720069e-10       1.271074720054e-12       1.604512165891e-11       3.954544770160e-15       3.908973327091e-13       8.922597420135e-14       2.047291653886e-15 
  303       5.356040600127e-10       1.295221122358e-12       1.607962058182e-11       3.973375204695e-15       3.867677289502e-13       8.803336326602e-14       2.059420421676e-15 
  304       5.310359683019e-10       1.319491551893e-12       1.610907516319e-11       3.992107580883e-15       3.826911589801e-13       8.685815863471e-14       2.071297909755e-15 
  305       5.264635232020e-10       1.343878875730e-12       1.613347262758e-11       4.010742066823e-15       3.786674654723e-13       8.570017705280e-14       2.082920366805e-15 
  306       5.218879621426e-10       1.368375790221e-12       1.615280171394e-11       4.029278881510e-15       3.746964467425e-13       8.455921836347e-14       2.094284053167e-15 
  307       5.173105336508e-10       1.392974819730e-12       1.616705269271e-11       4.047718295344e-15       3.707778562455e-13       8.343506532843e-14       2.105385241225e-15 
  308       5.127324973465e-10       1.417668315346e-12       1.617621738290e-11       4.066060630636e-15       3.669114020721e-13       8.232748344854e-14       2.116220215800e-15 
  309       5.081551239382e-10       1.442448453613e-12       1.618028916911e-11       4.084306262117e-15       3.630967464455e-13       8.123622078452e-14       2.126785274531e-15 
  310       5.035796952184e-10       1.467307235253e-12       1.617926301868e-11       4.102455617447e-15       3.593335052187e-13       8.016100777761e-14       2.137076728271e-15 
  311       4.990075040587e-10       1.492236483884e-12       1.617313549870e-11       4.120509177723e-15       3.556212473708e-13       7.910155707024e-14       2.147090901469e-15 
  312       4.944398544057e-10       1.517227844748e-12       1.616190479314e-11       4.138467477985e-15       3.519594945037e-13       7.805756332669e-14       2.156824132562e-15 
  313       4.898780612763e-10       1.542272783432e-12       1.614557071988e-11       4.156331107728e-15       3.483477203394e-13       7.702870305379e-14       2.166272774361e-15 
  314       4.853234507531e-10       1.567362584591e-12       1.612413474782e-11       4.174100711407e-15       3.447853502163e-13       7.601463442158e-14       2.175433194444e-15 
  315       4.807773599800e-10       1.592488350671e-12       1.609760001394e-11       4.191776988947e-15       3.412717605862e-13       7.501499708396e-14       2.184301775535e-15 
  316       4.762411371577e-10       1.617641000633e-12       1.606597134036e-11       4.209360696248e-15       3.378062785110e-13       7.402941199941e-14       2.192874915903e-15 
  317       4.717161415388e-10       1.642811268676e-12       1.602925525146e-11       4.226852645699e-15       3.343881811596e-13       7.305748125161e-14       2.201149029744e-15 
  318       4.672037434237e-10       1.667989702959e-12       1.598745999090e-11       4.244253706680e-15       3.310166953045e-13       7.209878787015e-14       2.209120547569e-15 
  319       4.627053241559e-10       1.693166664322e-12       1.594059553874e-11       4.261564806075e-15       3.276909968186e-13       7.115289565118e-14       2.216785916596e-15 
  320       4.582222761174e-10       1.718332325016e-12       1.588867362848e-11       4.278786928777e-15       3.244102101723e-13       7.021934897809e-14       2.224141601134e-15 
  321       4.537560027243e-10       1.743476667419e-12       1.583170776419e-11       4.295921118198e-15       3.211734079297e-13       6.929767264219e-14       2.231184082977e-15 
  322       4.493079184222e-10       1.768589482761e-12       1.576971323750e-11       4.312968476775e-15       3.179796102459e-13       6.838737166336e-14       2.237909861784e-15 
  323       4.448794486815e-10       1.793660369850e-12       1.570270714476e-11       4.329930166481e-15       3.148277843636e-13       6.748793111076e-14       2.244315455477e-15 
  324       4.404720299932e-10       1.818678733791e-12       1.563070840407e-11       4.346807409332e-15       3.117168441098e-13       6.659881592345e-14       2.250397400622e-15 
  325       4.360871098642e-10       1.843633784710e-12       1.555373777237e-11       4.363601487894e-15       3.086456493926e-13       6.571947073111e-14       2.256152252818e-15 
  326       4.317261468126e-10       1.868514536481e-12       1.547181786250e-11       4.380313745793e-15       3.056130056982e-13       6.484931967470e-14       2.261576587091e-15 
  327       4.273906103635e-10       1.893309805443e-12       1.538497316029e-11       4.396945588221e-15       3.026176635873e-13       6.398776622710e-14       2.266666998275e-15 
  328       4.230819810441e-10       1.918008209127e-12       1.529323004164e-11       4.413498482446e-15       2.996583181922e-13       6.313419301382e-14       2.271420101405e-15 
  329       4.188017503796e-10       1.942598164977e-12       1.519661678957e-11       4.429973958322e-15       2.967336087134e-13       6.228796163366e-14       2.275832532103e-15 
  330       4.145514208882e-10       1.967067889076e-12       1.509516361133e-11       4.446373608792e-15       2.938421179164e-13       6.144841247939e-14       2.279900946968e-15 
  331       4.103325060769e-10       1.991405394865e-12       1.498890265546e-11       4.462699090400e-15       2.909823716288e-13       6.061486455839e-14       2.283622023964e-15 
  332       4.061464132250e-10       2.015599377511e-12       1.487786824535e-11       4.478952066715e-15       2.881531139627e-13       5.978675414552e-14       2.286993381194e-15 
  333       4.019940860961e-10       2.039641912241e-12       1.476209755639e-11       4.495134034840e-15       2.853541472785e-13       5.896405779088e-14       2.290016376713e-15 
  334       3.978763466254e-10       2.063525871258e-12       1.464163000176e-11       4.511246492326e-15       2.825855278918e-13       5.814688742064e-14       2.292693431656e-15 
  335       3.937940105945e-10       2.087244048409e-12       1.451650703590e-11       4.527290994017e-15       2.798472934501e-13       5.733535314138e-14       2.295027124250e-15 
  336       3.897478874995e-10       2.110789158867e-12       1.438677217175e-11       4.543269152497e-15       2.771394627289e-13       5.652956321143e-14       2.297020191200e-15 
  337       3.857387804189e-10       2.134153838817e-12       1.425247099811e-11       4.559182638534e-15       2.744620354278e-13       5.572962401228e-14       2.298675529072e-15 
  338       3.817674858822e-10       2.157330645142e-12       1.411365119694e-11       4.575033181530e-15       2.718149919666e-13       5.493564001989e-14       2.299996195682e-15 
  339       3.778347937381e-10       2.180312055101e-12       1.397036256065e-11       4.590822569962e-15       2.691982932811e-13       5.414771377611e-14       2.300985411475e-15 
  340       3.739414870226e-10       2.203090466021e-12       1.382265700944e-11       4.606552651833e-15       2.666118806196e-13       5.336594586000e-14       2.301646560916e-15 
  341       3.700883418274e-10       2.225658194975e-12       1.367058860858e-11       4.622225335116e-15       2.640556753386e-13       5.259043485922e-14       2.301983193874e-15 
  342       3.662761271678e-10       2.248007478471e-12       1.351421358575e-11       4.637842588200e-15       2.615295786989e-13       5.182127734137e-14       2.301999027004e-15 
  343       3.625056048514e-10       2.270130472135e-12       1.335359034832e-11       4.653406440337e-15       2.590334716618e-13       5.105856782538e-14       2.301697945136e-15 
  344       3.587775293463e-10       2.292019250392e-12       1.318877950069e-11       4.668918982088e-15       2.565672146852e-13       5.030239875286e-14       2.301084002656e-15 
  345       3.550926476488e-10       2.313665806156e-12       1.301984386158e-11       4.684382365769e-15       2.541306475194e-13       4.955286045944e-14       2.300161424896e-15 
  346       3.514516991522e-10       2.335062050511e-12       1.284684848136e-11       4.699798805898e-15       2.517235890034e-13       4.881004114621e-14       2.298934609515e-15 
  347       3.478554155151e-10       2.356199812393e-12       1.266986065933e-11       4.715170579640e-15       2.493458368607e-13       4.807402685097e-14       2.297408127886e-15 
  348       3.443045205290e-10       2.377070838282e-12       1.248894996106e-11       4.730500027253e-15       2.469971674958e-13       4.734490141970e-14       2.295586726482e-15 
  349       3.407997299871e-10       2.397666791878e-12       1.230418823569e-11       4.745789552536e-15       2.446773357898e-13       4.662274647787e-14       2.293475328258e-15 
  350       3.373417515525e-10       2.417979253789e-12       1.211564963323e-11       4.761041623275e-15       2.423860748967e-13       4.590764140180e-14       2.291079034040e-15 
  351       3.339312846262e-10       2.437999721218e-12       1.192341062188e-11       4.776258771686e-15       2.401230960393e-13       4.519966329004e-14       2.288403123907e-15 
  352       3.305690202156e-10       2.457719607640e-12       1.172755000535e-11       4.791443594867e-15       2.378880883055e-13       4.449888693475e-14       2.285453058578e-15 
  353       3.272556408024e-10       2.477130242496e-12       1.152814894015e-11       4.806598755238e-15       2.356807184442e-13       4.380538479302e-14       2.282234480796e-15 
  354       3.239918202113e-10       2.496222870868e-12       1.132529095293e-11       4.821726980991e-15       2.335006306614e-13       4.311922695826e-14       2.278753216715e-15 
  355       3.207782234777e-10       2.514988653170e-12       1.111906195775e-11       4.836831066536e-15       2.313474464161e-13       4.244048113158e-14       2.275015277283e-15 
  356       3.176155067166e-10       2.533418664830e-12       1.090955027342e-11       4.851913872945e-15       2.292207642167e-13       4.176921259311e-14       2.271026859627e-15 
  357       3.145043169902e-10       2.551503895972e-12       1.069684664080e-11       4.866978328401e-15       2.271201594166e-13       4.110548417342e-14       2.266794348440e-15 
  358       3.114452921765e-10       2.569235251104e-12       1.048104424012e-11       4.882027428643e-15       2.250451840108e-13       4.044935622482e-14       2.262324317366e-15 
  359       3.084390608375e-10       2.586603548802e-12       1.026223870827e-11       4.897064237411e-15       2.229953664315e-13       3.980088659277e-14       2.257623530382e-15 
  360       3.054862420874e-10       2.603599521392e-12       1.004052815615e-11       4.912091886894e-15       2.209702113444e-13       3.916013058723e-14       2.252698943188e-15 
  361       3.025874454608e-10       2.620213814637e-12       9.816013185923e-12       4.927113578177e-15       2.189691994447e-13       3.852714095404e-14       2.247557704588e-15 
  362       2.997432707810e-10       2.636436987416e-12       9.588796908373e-12       4.942132581682e-15       2.169917872530e-13       3.790196784623e-14       2.242207157878e-15 
  363       2.969543080282e-10       2.652259511418e-12       9.358984960198e-12       4.957152237623e-15       2.150374069117e-13       3.728465879545e-14       2.236654842228e-15 
  364       2.942211372078e-10       2.667671770816e-12       9.126685521318e-12       4.972175956443e-15       2.131054659809e-13       3.667525868329e-14       2.230908494070e-15 
  365       2.915443282188e-10       2.682664061959e-12       8.892009332192e-12       4.987207219266e-15       2.111953472342e-13       3.607380971268e-14       2.224976048482e-15 
  366       2.889244407214e-10       2.697226593051e-12       8.655069711124e-12       5.002249578343e-15       2.093064084553e-13       3.548035137920e-14       2.218865640575e-15 
  367       2.863620240062e-10       2.711349483840e-12       8.415982571575e-12       5.017306657494e-15       2.074379822333e-13       3.489492044251e-14       2.212585606874e-15 
  368       2.838576168615e-10       2.725022765298e-12       8.174866439473e-12       5.032382152560e-15       2.055893757597e-13       3.431755089764e-14       2.206144486705e-15 
  369       2.814117474423e-10       2.738236379309e-12       7.931842470525e-12       5.047479831844e-15       2.037598706237e-13       3.374827394642e-14       2.199551023584e-15 
  370       2.790249331381e-10       2.750980178349e-12       7.687034467524e-12       5.062603536561e-15       2.019487226085e-13       3.318711796882e-14       2.192814166596e-15 
  371       2.766976228667e-10       2.763245196625e-12       7.440559914443e-12       5.077756829375e-15       2.001552968323e-13       3.263409970072e-14       2.185941665067e-15 
  372       2.744300217360e-10       2.775027518931e-12       7.192502656664e-12       5.092941923957e-15       1.983794794151e-13       3.208919744529e-14       2.178935789135e-15 
  373       2.722222592679e-10       2.786324562444e-12       6.942939186458e-12       5.108160714446e-15       1.966212815087e-13       3.155237675802e-14       2.171797444564e-15 
  374       2.700744461729e-10       2.797133819726e-12       6.691947539241e-12       5.123415123718e-15       1.948807053187e-13       3.102359910956e-14       2.164527564516e-15 
  375       2.679866741680e-10       2.807452859503e-12       6.439607303073e-12       5.138707103529e-15       1.931577440184e-13       3.050282184945e-14       2.157127109715e-15 
  376       2.659590157954e-10       2.817279327465e-12       6.185999628159e-12       5.154038634650e-15       1.914523816624e-13       2.998999816986e-14       2.149597068608e-15 
  377       2.639915242400e-10       2.826610947048e-12       5.931207236350e-12       5.169411727012e-15       1.897645931007e-13       2.948507706926e-14       2.141938457525e-15 
  378       2.620842331480e-10       2.835445520230e-12       5.675314430638e-12       5.184828419843e-15       1.880943438919e-13       2.898800331617e-14       2.134152320847e-15 
  379       2.602371564453e-10       2.843780928316e-12       5.418407104660e-12       5.200290781813e-15       1.864415902173e-13       2.849871741288e-14       2.126239731160e-15 
  380       2.584502881551e-10       2.851615132731e-12       5.160572752194e-12       5.215800911165e-15       1.848062787947e-13       2.801715555917e-14       2.118201789422e-15 
  381       2.567236022164e-10       2.858946175808e-12       4.901900476664e-12       5.231360935867e-15       1.831883467918e-13       2.754324961598e-14       2.110039625126e-15 
  382       2.550570523023e-10       2.865772181579e-12       4.642481000633e-12       5.246973013743e-15       1.815877217403e-13       2.707692706920e-14       2.101754396458e-15 
  383       2.534505716378e-10       2.872091356565e-12       4.382406675308e-12       5.262639332616e-15       1.800043214494e-13       2.661811099335e-14       2.093347290460e-15 
  384       2.519040728186e-10       2.877901990564e-12       4.121771490036e-12       5.278362110450e-15       1.784380539196e-13       2.616672001528e-14       2.084819523197e-15 
  385       2.504174476285e-10       2.883202457444e-12       3.860671081806e-12       5.294143595491e-15       1.768888172566e-13       2.572266827793e-14       2.076172339911e-15 
  386       2.489905668582e-10       2.887991215929e-12       3.599202744748e-12       5.309986066401e-15       1.753564995846e-13       2.528586540400e-14       2.067407015188e-15 
  387       2.476232801232e-10       2.892266810393e-12       3.337465439631e-12       5.325891832405e-15       1.738409789607e-13       2.485621645973e-14       2.058524853121e-15 
  388       2.463154156821e-10       2.896027871646e-12       3.075559803366e-12       5.341863233430e-15       1.723421232881e-13       2.443362191856e-14       2.049527187468e-15 
  389       2.450667802546e-10       2.899273117727e-12       2.813588158502e-12       5.357902640240e-15       1.708597902300e-13       2.401797762486e-14       2.040415381817e-15 
  390       2.438771588400e-10       2.902001354690e-12       2.551654522727e-12       5.374012454584e-15       1.693938271234e-13       2.360917475768e-14       2.031190829746e-15 
  391       2.427463145350e-10       2.904211477399e-12       2.289864618370e-12       5.390195109330e-15       1.679440708927e-13       2.320709979443e-14       2.021854954988e-15 
  392       2.416739883521e-10       2.905902470315e-12       2.028325881896e-12       5.406453068609e-15       1.665103479638e-13       2.281163447462e-14       2.012409211588e-15 
  393       2.406598990379e-10       2.907073408283e-12       1.767147473410e-12       5.422788827953e-15       1.650924741773e-13       2.242265576356e-14       2.002855084072e-15 
  394       2.397037428909e-10       2.907723457328e-12       1.506440286154e-12       5.439204914437e-15       1.636902547026e-13       2.204003581611e-14       1.993194087602e-15 
  395       2.388051935801e-10       2.907851875442e-12       1.246316956008e-12       5.455703886818e-15       1.623034839516e-13       2.166364194035e-14       1.983427768142e-15 
  396       2.379639019629e-10       2.907458013369e-12       9.868918709866e-13       5.472288335675e-15       1.609319454925e-13       2.129333656134e-14       1.973557702620e-15 
  397       2.371794959034e-10       2.906541315406e-12       7.282811807445e-13       5.488960883550e-15       1.595754119632e-13       2.092897718482e-14       1.963585499087e-15 
  398       2.364515800905e-10       2.905101320180e-12       4.706028060705e-13       5.505724185090e-15       1.582336449854e-13       2.057041636092e-14       1.953512796884e-15 
  399       2.357797358563e-10       2.903137661449e-12       2.139764483899e-13       5.522580927181e-15       1.569063950782e-13       2.021750164791e-14       1.943341266798e-15 
  400       2.351635209939e-10       2.900650068883e-12      -4.147640073669e-14       5.539533829098e-15       1.555934015719e-13       1.987007557585e-14       1.933072611231e-15 
  401       2.346024695759e-10       2.897638368862e-12      -2.956324501133e-13       5.556585642635e-15       1.542943925217e-13       1.952797561041e-14       1.922708564353e-15 
  402       2.340960917726e-10       2.894102485257e-12      -5.483665994093e-13       5.573739152253e-15       1.530090846214e-13       1.919103411649e-14       1.912250892275e-15 
  403       2.336438736697e-10       2.890042440229e-12      -7.995519296596e-13       5.590997175216e-15       1.517371831170e-13       1.885907832198e-14       1.901701393200e-15 
  404       2.332452770873e-10       2.885458355011e-12      -1.049059693765e-12       5.608362561732e-15       1.504783817211e-13       1.853193028150e-14       1.891061897593e-15 
  405       2.328997393973e-10       2.880350450702e-12      -1.296759306994e-12       5.625838195096e-15       1.492323625256e-13       1.820940684008e-14       1.880334268339e-15 
  406       2.326066733421e-10       2.874719049058e-12      -1.542518337479e-12       5.643426991825e-15       1.479987959163e-13       1.789131959688e-14       1.869520400907e-15 
  407       2.323654668524e-10       2.868564573277e-12      -1.786202496721e-12       5.661131901802e-15       1.467773404863e-13       1.757747486894e-14       1.858622223512e-15 
  408       2.321754828656e-10       2.861887548794e-12      -2.027675630090e-12       5.678955908418e-15       1.455676429498e-13       1.726767365486e-14       1.847641697274e-15 
  409       2.320360591441e-10       2.854688604069e-12      -2.266799707323e-12       5.696902028706e-15       1.443693380557e-13       1.696171159854e-14       1.836580816382e-15 
  410       2.319465525357e-10       2.846969147994e-12      -2.503449002697e-12       5.714972870430e-15       1.431821126372e-13       1.665941618841e-14       1.825441413715e-15 
  411       2.319064738540e-10       2.838733426958e-12      -2.737553208303e-12       5.733169285761e-15       1.420059004356e-13       1.636075988075e-14       1.814224569766e-15 
  412       2.319153574180e-10       2.829986542194e-12      -2.969055829116e-12       5.751491670192e-15       1.408406940072e-13       1.606575091173e-14       1.802931183102e-15 
  413       2.319727168917e-10       2.820733781007e-12      -3.197900131857e-12       5.769940401107e-15       1.396864811706e-13       1.577439641411e-14       1.791562163035e-15 
  414       2.320780451338e-10       2.810980618047e-12      -3.424029145599e-12       5.788515837612e-15       1.385432449662e-13       1.548670240743e-14       1.780118429648e-15 
  415       2.322308140477e-10       2.800732716581e-12      -3.647385662370e-12       5.807218320358e-15       1.374109636154e-13       1.520267378827e-14       1.768600913820e-15 
  416       2.324304744310e-10       2.789995929761e-12      -3.867912237762e-12       5.826048171363e-15       1.362896104801e-13       1.492231432049e-14       1.757010557243e-15 
  417       2.326764558257e-10       2.778776301902e-12      -4.085551191534e-12       5.845005693840e-15       1.351791540222e-13       1.464562662544e-14       1.745348312456e-15 
  418       2.329681663677e-10       2.767080069749e-12      -4.300244608214e-12       5.864091172020e-15       1.340795577631e-13       1.437261217221e-14       1.733615142859e-15 
  419       2.333049926369e-10       2.754913663749e-12      -4.511934337712e-12       5.883304870976e-15       1.329907802427e-13       1.410327126788e-14       1.721812022740e-15 
  420       2.336862995069e-10       2.742283709324e-12      -4.720561995916e-12       5.902647036451e-15       1.319127749791e-13       1.383760304771e-14       1.709939937299e-15 
  421       2.341114299947e-10       2.729197028143e-12      -4.926068965305e-12       5.922117894678e-15       1.308454904282e-13       1.357560546542e-14       1.697999882673e-15 
  422       2.345797051110e-10       2.715660639393e-12      -5.128396395549e-12       5.941717652211e-15       1.297888699427e-13       1.331727528340e-14       1.685992865954e-15 
  423       2.350904237093e-10       2.701681761050e-12      -5.327485204118e-12       5.961446495742e-15       1.287428517318e-13       1.306260806294e-14       1.673919905217e-15 
  424       2.356428623365e-10       2.687267811152e-12      -5.523276076883e-12       5.981304591933e-15       1.277073688204e-13       1.281159815447e-14       1.661782029545e-15 
  425       2.362362750821e-10       2.672426409069e-12      -5.715709468725e-12       6.001292087235e-15       1.266823490088e-13       1.256423868781e-14       1.649580279047e-15 
  426       2.368698934283e-10       2.657165376777e-12      -5.904725604138e-12       6.021409107717e-15       1.256677148319e-13       1.232052156239e-14       1.637315704884e-15 
  427       2.375429261001e-10       2.641492740127e-12      -6.090264477834e-12       6.041655758887e-15       1.246633835185e-13       1.208043743747e-14       1.624989369295e-15 
  428       2.382545589146e-10       2.625416730121e-12      -6.272265855352e-12       6.062032125522e-15       1.236692669512e-13       1.184397572240e-14       1.612602345616e-15 
  429       2.390039546311e-10       2.608945784177e-12      -6.450669273656e-12       6.082538271485e-15       1.226852716251e-13       1.161112456684e-14       1.600155718308e-15 
  430       2.397902528010e-10       2.592088547408e-12      -6.625414041747e-12       6.103174239557e-15       1.217112986078e-13       1.138187085100e-14       1.587650582975e-15 
  431       2.406125696174e-10       2.574853873888e-12      -6.796439241266e-12       6.123940051259e-15       1.207472434987e-13       1.115620017586e-14       1.575088046395e-15 
  432       2.414699977653e-10       2.557250827925e-12      -6.963683727096e-12       6.144835706676e-15       1.197929963881e-13       1.093409685342e-14       1.562469226535e-15 
  433       2.423616062710e-10       2.539288685338e-12      -7.127086127972e-12       6.165861184280e-15       1.188484418170e-13       1.071554389694e-14       1.549795252581e-15 
  434       2.432864403523e-10       2.520976934719e-12      -7.286584847084e-12       6.187016440760e-15       1.179134587363e-13       1.050052301114e-14       1.537067264958e-15 
  435       2.442435212679e-10       2.502325278714e-12      -7.442118062681e-12       6.208301410843e-15       1.169879204662e-13       1.028901458248e-14       1.524286415354e-15 
  436       2.452318461678e-10       2.483343635288e-12      -7.593623728680e-12       6.229716007119e-15       1.160716946557e-13       1.008099766936e-14       1.511453866746e-15 
  437       2.462503879427e-10       2.464042139001e-12      -7.741039575264e-12       6.251260119867e-15       1.151646432421e-13       9.876449992366e-15       1.498570793420e-15 
  438       2.472980950737e-10       2.444431142277e-12      -7.884303109497e-12       6.272933616876e-15       1.142666224100e-13       9.675347924497e-15       1.485638380995e-15 
  439       2.483738914828e-10       2.424521216677e-12      -8.023351615920e-12       6.294736343277e-15       1.133774825514e-13       9.477666481415e-15       1.472657826450e-15 
  440       2.494766763821e-10       2.404323154171e-12      -8.158122157162e-12       6.316668121361e-15       1.124970682244e-13       9.283379311665e-15       1.459630338142e-15 
  441       2.506053241238e-10       2.383847968409e-12      -8.288551574544e-12       6.338728750405e-15       1.116252181131e-13       9.092458686914e-15       1.446557135834e-15 
  442       2.517586840501e-10       2.363106895992e-12      -8.414576488681e-12       6.360918006500e-15       1.107617649868e-13       8.904875492182e-15       1.433439450717e-15 
  443       2.529355803431e-10       2.342111397745e-12      -8.536133300092e-12       6.383235642372e-15       1.099065356594e-13       8.720599216082e-15       1.420278525432e-15 
  444       2.541348118744e-10       2.320873159988e-12      -8.653158189802e-12       6.405681387209e-15       1.090593509489e-13       8.539597941047e-15       1.407075614096e-15 
  445       2.553551520551e-10       2.299404095808e-12      -8.765587119949e-12       6.428254946484e-15       1.082200256369e-13       8.361838333570e-15       1.393831982322e-15 
  446       2.565953486856e-10       2.277716346332e-12      -8.873355834385e-12       6.450956001783e-15       1.073883684277e-13       8.187285634434e-15       1.380548907248e-15 
  447       2.578541238054e-10       2.255822281994e-12      -8.976399859289e-12       6.473784210625e-15       1.065641819080e-13       8.015903648947e-15       1.367227677554e-15 
  448       2.591301735430e-10       2.233734503813e-12      -9.074654503764e-12       6.496739206289e-15       1.057472625063e-13       7.847654737179e-15       1.353869593490e-15 
  449       2.604222914177e-10       2.211465334456e-12      -9.168066316514e-12       6.519820370029e-15       1.049374351384e-13       7.682503521818e-15       1.340475932621e-15 
  450       2.617297429452e-10       2.189025270724e-12      -9.256627862884e-12       6.543026139947e-15       1.041346584616e-13       7.520428163762e-15       1.327047845794e-15 
  451       2.630519028626e-10       2.166424483475e-12      -9.340344074731e-12       6.566354679401e-15       1.033389229478e-13       7.361409432301e-15       1.313586457849e-15 
  452       2.643881326953e-10       2.143673324270e-12      -9.419220903492e-12       6.589804102287e-15       1.025502164854e-13       7.205427012942e-15       1.300092901597e-15 
  453       2.657377806804e-10       2.120782326340e-12      -9.493265327585e-12       6.613372472728e-15       1.017685243590e-13       7.052459499853e-15       1.286568317821e-15 
  454       2.671001816897e-10       2.097762205555e-12      -9.562485359825e-12       6.637057804762e-15       1.009938292294e-13       6.902484388300e-15       1.273013855279e-15 
  455       2.684746571531e-10       2.074623861392e-12      -9.626890054828e-12       6.660858062033e-15       1.002261111140e-13       6.755478067093e-15       1.259430670708e-15 
  456       2.698605149814e-10       2.051378377906e-12      -9.686489516424e-12       6.684771157480e-15       9.946534736641e-14       6.611415811028e-15       1.245819928827e-15 
  457       2.712570494897e-10       2.028037024695e-12      -9.741294905061e-12       6.708794953028e-15       9.871151265668e-14       6.470271773327e-15       1.232182802341e-15 
  458       2.726635413204e-10       2.004611257872e-12      -9.791318445221e-12       6.732927259275e-15       9.796457895125e-14       6.332018978080e-15       1.218520471943e-15 
  459       2.740792573664e-10       1.981112721030e-12      -9.836573432824e-12       6.757165835184e-15       9.722451549295e-14       6.196629312690e-15       1.204834126316e-15 
  460       2.755034506943e-10       1.957553246217e-12      -9.877074242637e-12       6.781508387770e-15       9.649128878104e-14       6.064073520311e-15       1.191124962138e-15 
  461       2.769353604677e-10       1.933944854898e-12      -9.912836335686e-12       6.805952571791e-15       9.576486255120e-14       5.934321192294e-15       1.177394184085e-15 
  462       2.783742118697e-10       1.910299758926e-12      -9.943876266664e-12       6.830495989440e-15       9.504519775557e-14       5.807340760625e-15       1.163643004834e-15 
  463       2.798192160271e-10       1.886630361511e-12      -9.970211691338e-12       6.855136190029e-15       9.433225254274e-14       5.683099490370e-15       1.149872645063e-15 
  464       2.812695699325e-10       1.862949258192e-12      -9.991861373962e-12       6.879870669683e-15       9.362598223776e-14       5.561563472116e-15       1.136084333461e-15 
  465       2.827244563681e-10       1.839269237797e-12      -1.000884519468e-11       6.904696871028e-15       9.292633932219e-14       5.442697614412e-15       1.122279306723e-15 
  466       2.841830438286e-10       1.815603283422e-12      -1.002118415695e-11       6.929612182881e-15       9.223327341406e-14       5.326465636214e-15       1.108458809561e-15 
  467       2.856444864446e-10       1.791964573391e-12      -1.002890039492e-11       6.954613939938e-15       9.154673124793e-14       5.212830059321e-15       1.094624094698e-15 
  468       2.871079239052e-10       1.768366482230e-12      -1.003201718088e-11       6.979699422466e-15       9.086665665488e-14       5.101752200826e-15       1.080776422882e-15 
  469       2.885724813819e-10       1.744822581636e-12      -1.003055893264e-11       7.004865855991e-15       9.019299054250e-14       4.993192165549e-15       1.066917062878e-15 
  470       2.900372694511e-10       1.721346641439e-12      -1.002455122096e-11       7.030110410987e-15       8.952567087496e-14       4.887108838485e-15       1.053047291481e-15 
  471       2.915013840175e-10       1.697952630580e-12      -1.001402077693e-11       7.055430202567e-15       8.886463265298e-14       4.783459877243e-15       1.039168393512e-15 
  472       2.929639062376e-10       1.674654718073e-12      -9.998995499412e-12       7.080822290172e-15       8.820980789386e-14       4.682201704489e-15       1.025281661824e-15 
  473       2.944239024420e-10       1.651467273975e-12      -9.979504462432e-12       7.106283677261e-15       8.756112561146e-14       4.583289500389e-15       1.011388397306e-15 
  474       2.958804240594e-10       1.628404870356e-12      -9.955577922589e-12       7.131811310998e-15       8.691851179628e-14       4.486677195049e-15       9.974899088834e-16 
  475       2.973325075394e-10       1.605482282269e-12      -9.927247326466e-12       7.157402081947e-15       8.628188939542e-14       4.392317460959e-15       9.835875135232e-16 
  476       2.987791742755e-10       1.582714488715e-12      -9.894545318042e-12       7.183052823754e-15       8.565117829258e-14       4.300161705431e-15       9.696825362368e-16 
  477       3.002194305285e-10       1.560116673613e-12      -9.857505746098e-12       7.208760312843e-15       8.502629528813e-14       4.210160063047e-15       9.557763100826e-16 
  478       3.016522673495e-10       1.537704226770e-12      -9.816163671627e-12       7.234521268104e-15       8.440715407909e-14       4.122261388098e-15       9.418701761694e-16 
  479       3.030766605032e-10       1.515492744849e-12      -9.770555375242e-12       7.260332350579e-15       8.379366523913e-14       4.036413247024e-15       9.279654836596e-16 
  480       3.044915703909e-10       1.493498032337e-12      -9.720718364588e-12       7.286190163157e-15       8.318573619860e-14       3.952561910859e-15       9.140635897719e-16 
  481       3.058959419737e-10       1.471736102514e-12      -9.666691381748e-12       7.312091250258e-15       8.258327122455e-14       3.870652347671e-15       9.001658597849e-16 
  482       3.072887046956e-10       1.450223178422e-12      -9.608514410652e-12       7.338032097529e-15       8.198617140074e-14       3.790628215008e-15       8.862736670398e-16 
  483       3.086687724068e-10       1.428975693833e-12      -9.546228684490e-12       7.364009131525e-15       8.139433460762e-14       3.712431852333e-15       8.723883929440e-16 
  484       3.100350432867e-10       1.408010294220e-12      -9.479876693116e-12       7.390018719409e-15       8.080765550240e-14       3.636004273472e-15       8.585114269735e-16 
  485       3.113863997672e-10       1.387343837722e-12      -9.409502190461e-12       7.416057168631e-15       8.022602549901e-14       3.561285159055e-15       8.446441666767e-16 
  486       3.127217084555e-10       1.366993396116e-12      -9.335150201939e-12       7.442120726625e-15       7.964933274815e-14       3.488212848953e-15       8.307880176771e-16 
  487       3.140398200578e-10       1.346976255781e-12      -9.256867031859e-12       7.468205580496e-15       7.907746211728e-14       3.416724334729e-15       8.169443936767e-16 
  488       3.153397112338e-10       1.327308290160e-12      -9.174702245695e-12       7.494308027738e-15       7.851031405128e-14       3.346766333180e-15       8.031146450146e-16 
  489       3.166209149695e-10       1.307999021782e-12      -9.088714666836e-12       7.520424994612e-15       7.794786181337e-14       3.278328885423e-15       7.892998419958e-16 
  490       3.178831028800e-10       1.289056414974e-12      -8.998966573161e-12       7.546553532608e-15       7.739009591082e-14       3.211412744318e-15       7.755009851108e-16 
  491       3.191259444322e-10       1.270488491214e-12      -8.905521746719e-12       7.572690648585e-15       7.683700535814e-14       3.146018381930e-15       7.617190758634e-16 
  492       3.203491069393e-10       1.252303329279e-12      -8.808445482130e-12       7.598833304554e-15       7.628857766656e-14       3.082145987537e-15       7.479551167377e-16 
  493       3.215522555553e-10       1.234509065400e-12      -8.707804594990e-12       7.624978417446e-15       7.574479883356e-14       3.019795465646e-15       7.342101111655e-16 
  494       3.227350532693e-10       1.217113893408e-12      -8.603667430266e-12       7.651122858891e-15       7.520565333236e-14       2.958966434011e-15       7.204850634931e-16 
  495       3.238971609005e-10       1.200126064884e-12      -8.496103870706e-12       7.677263454994e-15       7.467112410142e-14       2.899658221642e-15       7.067809789488e-16 
  496       3.250382370923e-10       1.183553889311e-12      -8.385185345237e-12       7.703396986109e-15       7.414119253398e-14       2.841869866824e-15       6.930988636102e-16 
  497       3.261579383069e-10       1.167405734219e-12      -8.270984837369e-12       7.729520186616e-15       7.361583846755e-14       2.785600115128e-15       6.794397243709e-16 
  498       3.272559188201e-10       1.151690025341e-12      -8.153576893595e-12       7.755629744696e-15       7.309504017339e-14       2.730847417427e-15       6.658045689080e-16 
  499       3.283318307154e-10       1.136415246759e-12      -8.033037631795e-12       7.781722302105e-15       7.257877434606e-14       2.677609927909e-15       6.521944056494e-16 
  500       3.293853238789e-10       1.121589941053e-12      -7.909444749638e-12       7.807794453953e-15       7.206701609291e-14       2.625885502092e-15       6.386102437407e-16 
  501       3.304160459935e-10       1.107222709453e-12      -7.782877532984e-12       7.833842748476e-15       7.155973892360e-14       2.575671694840e-15       6.250530930124e-16 
  502       3.314236425336e-10       1.093322211988e-12      -7.653416864284e-12       7.859863686814e-15       7.105691473956e-14       2.526965758374e-15       6.115239639475e-16 
  503       3.324077567599e-10       1.079897167636e-12      -7.521145230987e-12       7.885853722784e-15       7.055851382357e-14       2.479764640290e-15       5.980238676481e-16 
  504       3.333680297132e-10       1.066956354472e-12      -7.386146733937e-12       7.911809262659e-15       7.006450482920e-14       2.434064981569e-15       5.845538158030e-16 
  505       3.343041002095e-10       1.054508609821e-12      -7.248507095779e-12       7.937726664941e-15       6.957485477036e-14       2.389863114595e-15       5.711148206546e-16 
  506       3.352156048345e-10       1.042562830404e-12      -7.108313669360e-12       7.963602240137e-15       6.908952901080e-14       2.347155061170e-15       5.577078949663e-16 
  507       3.361021779379e-10       1.031127972490e-12      -6.965655446129e-12       7.989432250535e-15       6.860849125361e-14       2.305936530521e-15       5.443340519897e-16 
  508       3.369634516279e-10       1.020213052047e-12      -6.820623064542e-12       8.015212909979e-15       6.813170353071e-14       2.266202917326e-15       5.309943054314e-16 
  509       3.377990557660e-10       1.009827144889e-12      -6.673308818463e-12       8.040940383646e-15       6.765912619240e-14       2.227949299717e-15       5.176896694207e-16 
  510       3.386086179614e-10       9.999793868257e-13      -6.523806665568e-12       8.066610787818e-15       6.719071789684e-14       2.191170437303e-15       5.044211584766e-16 
  511       3.393917635652e-10       9.906789738152e-13      -6.372212235743e-12       8.092220189663e-15       6.672643559955e-14       2.155860769177e-15       4.911897874747e-16 
  512       3.401481156654e-10       9.819351621112e-13      -6.218622839490e-12       8.117764607005e-15       6.626623454293e-14       2.122014411936e-15       4.779965716147e-16 
  513       3.408772950813e-10       9.737572684136e-13      -6.063137476328e-12       8.143240008104e-15       6.581006824579e-14       2.089625157694e-15       4.648425263876e-16 
  514       3.415789203578e-10       9.661546700182e-13      -5.905856843194e-12       8.168642311428e-15       6.535788849279e-14       2.058686472095e-15       4.517286675426e-16 
  515       3.422526077602e-10       9.591368049664e-13      -5.746883342849e-12       8.193967385431e-15       6.490964532403e-14       2.029191492325e-15       4.386560110547e-16 
  516       3.428979712683e-10       9.527131721949e-13      -5.586321092274e-12       8.219211048328e-15       6.446528702450e-14       2.001133025134e-15       4.256255730913e-16 
  517       3.435146225716e-10       9.468933316857e-13      -5.424275931076e-12       8.244369067870e-15       6.402476011361e-14       1.974503544842e-15       4.126383699800e-16 
  518       3.441021710631e-10       9.416869046153e-13      -5.260855429894e-12       8.269437161118e-15       6.358800933469e-14       1.949295191359e-15       3.996954181755e-16 
  519       3.446602238345e-10       9.371035735052e-13      -5.096168898790e-12       8.294410994224e-15       6.315497764451e-14       1.925499768194e-15       3.867977342266e-16 
  520       3.451883856701e-10       9.331530823711e-13      -4.930327395665e-12       8.319286182200e-15       6.272560620276e-14       1.903108740477e-15       3.739463347436e-16 
  521       3.456862590417e-10       9.298452368726e-13      -4.763443734649e-12       8.344058288696e-15       6.229983436158e-14       1.882113232964e-15       3.611422363657e-16 
  522       3.461534441030e-10       9.271899044636e-13      -4.595632494511e-12       8.368722825780e-15       6.187759965509e-14       1.862504028061e-15       3.483864557276e-16 
  523       3.465895386842e-10       9.251970145411e-13      -4.427010027058e-12       8.393275253704e-15       6.145883778883e-14       1.844271563828e-15       3.356800094273e-16 
  524       3.469941382864e-10       9.238765585960e-13      -4.257694465539e-12       8.417710980689e-15       6.104348262932e-14       1.827405932004e-15       3.230239139927e-16 
  525       3.473668360762e-10       9.232385903617e-13      -4.087805733043e-12       8.442025362696e-15       6.063146619358e-14       1.811896876012e-15       3.104191858495e-16 
  526       3.477072228804e-10       9.232932259651e-13      -3.917465550908e-12       8.466213703200e-15       6.022271863857e-14       1.797733788980e-15       2.978668412875e-16 
  527       3.480149801588e-10       9.240488456494e-13      -3.746788794697e-12       8.490271732392e-15       5.981717932347e-14       1.784905174598e-15       2.853679080942e-16 
  528       3.482901617591e-10       9.255066440464e-13      -3.575857282661e-12       8.514197059765e-15       5.941483035337e-14       1.773397017366e-15       2.729234608735e-16 
  529       3.485329199321e-10       9.276659297020e-13      -3.404745280000e-12       8.537987761198e-15       5.901566394119e-14       1.763194363427e-15       2.605345866369e-16 
  530       3.487434130917e-10       9.305259092647e-13      -3.233528090469e-12       8.561641903144e-15       5.861967141309e-14       1.754281851431e-15       2.482023731993e-16 
  531       3.489218058492e-10       9.340856868597e-13      -3.062282061045e-12       8.585157542612e-15       5.822684320268e-14       1.746643710324e-15       2.359279091502e-16 
  532       3.490682690481e-10       9.383442634629e-13      -2.891084586604e-12       8.608532727149e-15       5.783716884539e-14       1.740263757127e-15       2.237122838269e-16 
  533       3.491829797987e-10       9.433005362756e-13      -2.720014114586e-12       8.631765494826e-15       5.745063697270e-14       1.735125394719e-15       2.115565872857e-16 
  534       3.492661215126e-10       9.489532980979e-13      -2.549150149667e-12       8.654853874213e-15       5.706723530642e-14       1.731211609620e-15       1.994619102750e-16 
  535       3.493178839374e-10       9.553012367037e-13      -2.378573258433e-12       8.677795884371e-15       5.668695065303e-14       1.728504969775e-15       1.874293442070e-16 
  536       3.493384631914e-10       9.623429342140e-13      -2.208365074045e-12       8.700589534824e-15       5.630976889786e-14       1.726987622335e-15       1.754599811300e-16 
  537       3.493280617982e-10       9.700768664717e-13      -2.038608300917e-12       8.723232825550e-15       5.593567499949e-14       1.726641291440e-15       1.635549137008e-16 
  538       3.492868887210e-10       9.785014024158e-13      -1.869386719379e-12       8.745723746958e-15       5.556465298395e-14       1.727447276003e-15       1.517152351567e-16 
  539       3.492151593979e-10       9.876148034549e-13      -1.700785190354e-12       8.768060279871e-15       5.519668593903e-14       1.729386447489e-15       1.399420392877e-16 
  540       3.491130957756e-10       9.974152228420e-13      -1.532889660026e-12       8.790240395511e-15       5.483175600855e-14       1.732439247703e-15       1.282364204090e-16 
  541       3.489809263450e-10       1.007900705049e-12      -1.365787164510e-12       8.812262055479e-15       5.446984438667e-14       1.736585686569e-15       1.165994733328e-16 
  542       3.488188861750e-10       1.019069185138e-12      -1.199565834524e-12       8.834123211737e-15       5.411093131216e-14       1.741805339913e-15       1.050322933408e-16 
  543       3.486272169476e-10       1.030918488142e-12      -1.034314900061e-12       8.855821806592e-15       5.375499606266e-14       1.748077347245e-15       9.353597615659e-17 
  544       3.484061669925e-10       1.043446328431e-12      -8.701246950563e-13       8.877355772677e-15       5.340201694900e-14       1.755380409547e-15       8.211161791725e-17 
  545       3.481559913214e-10       1.056650309091e-12      -7.070866620620e-13       8.898723032933e-15       5.305197130945e-14       1.763692787047e-15       7.076031514611e-17 
  546       3.478769516629e-10       1.070527921299e-12      -5.452933569150e-13       8.919921500595e-15       5.270483550401e-14       1.772992297008e-15       5.948316472477e-17 
  547       3.475693164971e-10       1.085076543693e-12      -3.848384534090e-13       8.940949079167e-15       5.236058490873e-14       1.783256311509e-15       4.828126386531e-17 
  548       3.472333610901e-10       1.100293441750e-12      -2.258167479651e-13       8.961803662412e-15       5.201919390992e-14       1.794461755229e-15       3.715571008253e-17 
  549       3.468693675287e-10       1.116175767158e-12      -6.832416430244e-14       8.982483134329e-15       5.168063589851e-14       1.806585103225e-15       2.610760116613e-17 
  550       3.464776247550e-10       1.132720557190e-12       8.754224189104e-14       9.002985369137e-15       5.134488326428e-14       1.819602378720e-15       1.513803515297e-17 
  551       3.460584286011e-10       1.149924734081e-12       2.416842782878e-13       9.023308231261e-15       5.101190739015e-14       1.833489150883e-15       4.248110299243e-18 
  552       3.456120818235e-10       1.167785104399e-12       3.940026112500e-13       9.043449575305e-15       5.068167864650e-14       1.848220532612e-15      -6.561074947283e-18 
  553       3.451388941380e-10       1.186298358421e-12       5.443967611588e-13       9.063407246046e-15       5.035416638538e-14       1.863771178317e-15      -1.728842197508e-17 
  554       3.446391822541e-10       1.205461069505e-12       6.927650977433e-13       9.083179078406e-15       5.002933893489e-14       1.880115281704e-15      -2.793283203661e-17 
  555       3.441132699097e-10       1.225269693467e-12       8.390048354102e-13       9.102762897441e-15       4.970716359337e-14       1.897226573553e-15      -3.849320627617e-17 
  556       3.435614879059e-10       1.245720567953e-12       9.830120285728e-13       9.122156518321e-15       4.938760662374e-14       1.915078319507e-15      -4.896844575760e-17 
  557       3.429841741411e-10       1.266809911815e-12       1.124681566980e-12       9.141357746311e-15       4.907063324775e-14       1.933643317849e-15      -5.935745149214e-17 
  558       3.423816736464e-10       1.288533824484e-12       1.263907171047e-12       9.160364376755e-15       4.875620764029e-14       1.952893897289e-15      -6.965912446618e-17 
  559       3.417543386194e-10       1.310888285343e-12       1.400581387183e-12       9.179174195059e-15       4.844429292365e-14       1.972801914745e-15      -7.987236566906e-17 
  560       3.411025284595e-10       1.333869153104e-12       1.534595583118e-12       9.197784976671e-15       4.813485116184e-14       1.993338753123e-15      -8.999607612085e-17 
  561       3.404266098019e-10       1.357472165180e-12       1.665839943240e-12       9.216194487065e-15       4.782784335480e-14       2.014475319105e-15      -1.000291569001e-16 
  562       3.397269565530e-10       1.381692937059e-12       1.794203463915e-12       9.234400481723e-15       4.752322943275e-14       2.036182040927e-15      -1.099705091718e-16 
  563       3.390039499241e-10       1.406526961681e-12       1.919573948823e-12       9.252400706118e-15       4.722096825046e-14       2.058428866165e-15      -1.198190342148e-16 
  564       3.382579784667e-10       1.431969608808e-12       2.041838004283e-12       9.270192895692e-15       4.692101758152e-14       2.081185259515e-15      -1.295736334501e-16 
  565       3.374894381070e-10       1.458016124403e-12       2.160881034584e-12       9.287774775846e-15       4.662333411259e-14       2.104420200578e-15      -1.392332084682e-16 
  566       3.366987407582e-10       1.484660850168e-12       2.276601232972e-12       9.305144533266e-15       4.632788004598e-14       2.128105350513e-15      -1.487968719233e-16 
  567       3.358863403313e-10       1.511894861390e-12       2.388951959583e-12       9.322302243279e-15       4.603464310530e-14       2.152224646019e-15      -1.582645861211e-16 
  568       3.350527074623e-10       1.539708267092e-12       2.497900444524e-12       9.339248479188e-15       4.574361703314e-14       2.176764947798e-15      -1.676365409144e-16 
  569       3.341983210319e-10       1.568090983450e-12       2.603413891427e-12       9.355983844398e-15       4.545479502622e-14       2.201712892982e-15      -1.769129444301e-16 
  570       3.333236682038e-10       1.597032732877e-12       2.705459478010e-12       9.372508972578e-15       4.516816973212e-14       2.227054894103e-15      -1.860940231751e-16 
  571       3.324292444624e-10       1.626523043100e-12       2.804004356640e-12       9.388824527815e-15       4.488373324601e-14       2.252777138060e-15      -1.951800221440e-16 
  572       3.315155536504e-10       1.656551246250e-12       2.899015654897e-12       9.404931204778e-15       4.460147710746e-14       2.278865585086e-15      -2.041712049247e-16 
  573       3.305831080072e-10       1.687106477939e-12       2.990460476136e-12       9.420829728873e-15       4.432139229715e-14       2.305305967716e-15      -2.130678538059e-16 
  574       3.296324282062e-10       1.718177676345e-12       3.078305900046e-12       9.436520856402e-15       4.404346923363e-14       2.332083789755e-15      -2.218702698828e-16 
  575       3.286640433926e-10       1.749753581296e-12       3.162518983220e-12       9.452005374724e-15       4.376769777008e-14       2.359184325245e-15      -2.305787731649e-16 
  576       3.276784912218e-10       1.781822733347e-12       3.243066759709e-12       9.467284102410e-15       4.349406719108e-14       2.386592617434e-15      -2.391937026814e-16 
  577       3.266763178965e-10       1.814373472871e-12       3.319916241590e-12       9.482357889403e-15       4.322256620933e-14       2.414293477739e-15      -2.477154165888e-16 
  578       3.256580782051e-10       1.847393939132e-12       3.393034419529e-12       9.497227617177e-15       4.295318296243e-14       2.442271484721e-15      -2.561442922771e-16 
  579       3.246243355593e-10       1.880872069376e-12       3.462388263339e-12       9.511894198897e-15       4.268590500961e-14       2.470510983046e-15      -2.644807264764e-16 
  580       3.235756620319e-10       1.914795597908e-12       3.527944722547e-12       9.526358579573e-15       4.242071932851e-14       2.498996082455e-15      -2.727251353638e-16 
  581       3.225126383945e-10       1.949152055178e-12       3.589670726954e-12       9.540621736223e-15       4.215761231191e-14       2.527710656733e-15      -2.808779546696e-16 
  582       3.214358541558e-10       1.983928766862e-12       3.647533187199e-12       9.554684678031e-15       4.189656976451e-14       2.556638342674e-15      -2.889396397844e-16 
  583       3.203459075988e-10       2.019112852942e-12       3.701498995319e-12       9.568548446502e-15       4.163757689966e-14       2.585762539051e-15      -2.969106658656e-16 
  584       3.192434058191e-10       2.054691226796e-12       3.751535025316e-12       9.582214115624e-15       4.138061833611e-14       2.615066405581e-15      -3.047915279438e-16 
  585       3.181289647627e-10       2.090650594271e-12       3.797608133715e-12       9.595682792026e-15       4.112567809478e-14       2.644532861896e-15      -3.125827410297e-16 
  586       3.170032092635e-10       2.126977452774e-12       3.839685160131e-12       9.608955615136e-15       4.087273959553e-14       2.674144586507e-15      -3.202848402206e-16 
  587       3.158667730814e-10       2.163658090350e-12       3.877732927825e-12       9.622033757340e-15       4.062178565386e-14       2.703884015772e-15      -3.278983808072e-16 
  588       3.147202989400e-10       2.200678584764e-12       3.911718244274e-12       9.634918424140e-15       4.037279847772e-14       2.733733342867e-15      -3.354239383798e-16 
  589       3.135644385645e-10       2.238024802587e-12       3.941607901729e-12       9.647610854312e-15       4.012575966422e-14       2.763674516751e-15      -3.428621089356e-16 
  590       3.123998527197e-10       2.275682398276e-12       3.967368677779e-12       9.660112320065e-15       3.988065019641e-14       2.793689241133e-15      -3.502135089849e-16 
  591       3.112272112474e-10       2.313636813257e-12       3.988967335911e-12       9.672424127202e-15       3.963745044003e-14       2.823758973440e-15      -3.574787756575e-16 
  592       3.100471931045e-10       2.351873275008e-12       4.006370626079e-12       9.684547615275e-15       3.939614014026e-14       2.853864923787e-15      -3.646585668101e-16 
  593       3.088604864009e-10       2.390376796142e-12       4.019545285259e-12       9.696484157744e-15       3.915669841847e-14       2.883988053940e-15      -3.717535611322e-16 
  594       3.076677884371e-10       2.429132173488e-12       4.028458038015e-12       9.708235162139e-15       3.891910376897e-14       2.914109076289e-15      -3.787644582530e-16 
  595       3.064698057423e-10       2.468123987174e-12       4.033075597062e-12       9.719802070215e-15       3.868333405578e-14       2.944208452810e-15      -3.856919788483e-16 
  596       3.052672541119e-10       2.507336599713e-12       4.033364663829e-12       9.731186358109e-15       3.844936650937e-14       2.974266394037e-15      -3.925368647466e-16 
  597       3.040608586456e-10       2.546754155080e-12       4.029291929019e-12       9.742389536506e-15       3.821717772341e-14       3.004262858028e-15      -3.992998790362e-16 
  598       3.028513537852e-10       2.586360577797e-12       4.020824073173e-12       9.753413150788e-15       3.798674365154e-14       3.034177549332e-15      -4.059818061716e-16 
  599       3.016394833522e-10       2.626139572018e-12       4.007927767232e-12       9.764258781202e-15       3.775803960411e-14       3.063989917956e-15      -4.125834520801e-16 
  600       3.004260005858e-10       2.666074620607e-12       3.990569673103e-12       9.774928043008e-15       3.753104024494e-14       3.093679158336e-15      -4.191056442687e-16 
  601       2.992116681809e-10       2.706148984224e-12       3.968716444216e-12       9.785422586649e-15       3.730571958807e-14       3.123224208301e-15      -4.255492319304e-16 
  602       2.979972583255e-10       2.746345700407e-12       3.942334726088e-12       9.795744097901e-15       3.708205099452e-14       3.152603748042e-15      -4.319150860512e-16 
  603       2.967835527390e-10       2.786647582654e-12       3.911391156890e-12       9.805894298034e-15       3.686000716903e-14       3.181796199078e-15      -4.382040995162e-16 
  604       2.955713427096e-10       2.827037219505e-12       3.875852368004e-12       9.815874943973e-15       3.663956015682e-14       3.210779723227e-15      -4.444171872168e-16 
  605       2.943613659541e-10       2.867497831988e-12       3.835695788555e-12       9.825687967794e-15       3.642068546992e-14       3.239536669753e-15      -4.505550194842e-16 
  606       2.931541154500e-10       2.908015870492e-12       3.790942343593e-12       9.835335898594e-15       3.620337458188e-14       3.268067036516e-15      -4.566172151250e-16 
  607       2.919500260746e-10       2.948578478614e-12       3.741624544371e-12       9.844821451097e-15       3.598762272749e-14       3.296375330918e-15      -4.626031291650e-16 
  608       2.907495373844e-10       2.989172639816e-12       3.687775759729e-12       9.854147387429e-15       3.577342479855e-14       3.324466151480e-15      -4.685121177832e-16 
  609       2.895530936316e-10       3.029785176792e-12       3.629430220195e-12       9.863316517331e-15       3.556077534202e-14       3.352344188266e-15      -4.743435383305e-16 
  610       2.883611437818e-10       3.070402750833e-12       3.566623022080e-12       9.872331698353e-15       3.534966855809e-14       3.380014223304e-15      -4.800967493498e-16 
  611       2.871741415308e-10       3.111011861185e-12       3.499390131583e-12       9.881195836070e-15       3.514009829826e-14       3.407481131015e-15      -4.857711105944e-16 
  612       2.859925453218e-10       3.151598844419e-12       3.427768388884e-12       9.889911884274e-15       3.493205806350e-14       3.434749878631e-15      -4.913659830485e-16 
  613       2.848168183628e-10       3.192149873788e-12       3.351795512246e-12       9.898482845189e-15       3.472554100233e-14       3.461825526620e-15      -4.968807289454e-16 
  614       2.836474286434e-10       3.232650958598e-12       3.271510102111e-12       9.906911769666e-15       3.452053990891e-14       3.488713229113e-15      -5.023147117878e-16 
  615       2.824848489521e-10       3.273087943563e-12       3.186951645203e-12       9.915201757394e-15       3.431704722117e-14       3.515418234322e-15      -5.076672963664e-16 
  616       2.813295568935e-10       3.313446508176e-12       3.098160518622e-12       9.923355957100e-15       3.411505501891e-14       3.541945884966e-15      -5.129378487799e-16 
  617       2.801820349055e-10       3.353712166069e-12       3.005177993946e-12       9.931377566757e-15       3.391455502188e-14       3.568301618696e-15      -5.181257364538e-16 
  618       2.790427702761e-10       3.393870264375e-12       2.908046241327e-12       9.939269833781e-15       3.371553858793e-14       3.594490968518e-15      -5.232303281602e-16 
  619       2.779122551610e-10       3.433905983095e-12       2.806808333594e-12       9.947036055246e-15       3.351799671108e-14       3.620519563212e-15      -5.282509940367e-16 
  620       2.767909866006e-10       3.473804334461e-12       2.701508250346e-12       9.954679578077e-15       3.332192001963e-14       3.646393127763e-15      -5.331871056063e-16 
  621       2.756794665370e-10       3.513550162295e-12       2.592190882056e-12       9.962203799263e-15       3.312729877428e-14       3.672117483777e-15      -5.380380357962e-16 
  622       2.745782018311e-10       3.553128141381e-12       2.478902034167e-12       9.969612166054e-15       3.293412286621e-14       3.697698549912e-15      -5.428031589575e-16 
  623       2.734877042802e-10       3.592522776818e-12       2.361688431191e-12       9.976908176172e-15       3.274238181523e-14       3.723142342294e-15      -5.474818508844e-16 
  624       2.724084906346e-10       3.631718403393e-12       2.240597720808e-12       9.984095378009e-15       3.255206476782e-14       3.748454974946e-15      -5.520734888337e-16 
  625       2.713410826151e-10       3.670699184939e-12       2.115678477966e-12       9.991177370834e-15       3.236316049531e-14       3.773642660209e-15      -5.565774515439e-16 
  626       2.702860069301e-10       3.709449113701e-12       1.986980208977e-12       9.998157805000e-15       3.217565739192e-14       3.798711709166e-15      -5.609931192549e-16 
  627       2.692437952925e-10       3.747952009697e-12       1.854553355617e-12       1.000504038214e-14       3.198954347290e-14       3.823668532065e-15      -5.653198737270e-16 
  628       2.682149844373e-10       3.786191520084e-12       1.718449299227e-12       1.001182885539e-14       3.180480637262e-14       3.848519638745e-15      -5.695570982605e-16 
  629       2.672001161383e-10       3.824151118521e-12       1.578720364807e-12       1.001852702955e-14       3.162143334270e-14       3.873271639055e-15      -5.737041777148e-16 
  630       2.661997372256e-10       3.861814104531e-12       1.435419825120e-12       1.002513876135e-14       3.143941125007e-14       3.897931243281e-15      -5.777604985281e-16 
  631       2.652143996023e-10       3.899163602867e-12       1.288601904787e-12       1.003166795961e-14       3.125872657513e-14       3.922505262570e-15      -5.817254487364e-16 
  632       2.642446602622e-10       3.936182562873e-12       1.138321784387e-12       1.003811858544e-14       3.107936540981e-14       3.947000609349e-15      -5.855984179932e-16 
  633       2.632910813066e-10       3.972853757850e-12       9.846356045548e-13       1.004449465249e-14       3.090131345570e-14       3.971424297754e-15      -5.893787975884e-16 
  634       2.623542299616e-10       4.009159784415e-12       8.276004700825e-13       1.005080022711e-14       3.072455602215e-14       3.995783444050e-15      -5.930659804682e-16 
  635       2.614346785951e-10       4.045083061872e-12       6.672744540150e-13       1.005703942855e-14       3.054907802436e-14       4.020085267055e-15      -5.966593612538e-16 
  636       2.605330047341e-10       4.080605831569e-12       5.037166017504e-13       1.006321642922e-14       3.037486398152e-14       4.044337088566e-15      -6.001583362615e-16 
  637       2.596497910816e-10       4.115710156262e-12       3.369869351385e-13       1.006933545482e-14       3.020189801487e-14       4.068546333777e-15      -6.035623035214e-16 
  638       2.587856255343e-10       4.150377919485e-12       1.671464565794e-13       1.007540078460e-14       3.003016384584e-14       4.092720531709e-15      -6.068706627972e-16 
  639       2.579411011990e-10       4.184590824903e-12      -5.742846877638e-15       1.008141675155e-14       2.985964479415e-14       4.116867315630e-15      -6.100828156052e-16 
  640       2.571168164103e-10       4.218330395686e-12      -1.816179994357e-13       1.008738774260e-14       2.969032377589e-14       4.140994423477e-15      -6.131981652339e-16 
  641       2.563133747476e-10       4.251577973865e-12      -3.604150324511e-13       1.009331819879e-14       2.952218330167e-14       4.165109698283e-15      -6.162161167632e-16 
  642       2.555313850522e-10       4.284314719699e-12      -5.420689803349e-13       1.009921261555e-14       2.935520547467e-14       4.189221088600e-15      -6.191360770839e-16 
  643       2.547714614445e-10       4.316521611039e-12      -7.265138764542e-13       1.010507554284e-14       2.918937198880e-14       4.213336648918e-15      -6.219574549170e-16 
  644       2.540341377062e-10       4.348181500337e-12      -9.136815136819e-13       1.011091128887e-14       2.902466672905e-14       4.237461872625e-15      -6.246798377171e-16 
  645       2.533196082657e-10       4.379285338075e-12      -1.103497703552e-12       1.011672302341e-14       2.886108364106e-14       4.261591623742e-15      -6.273035267397e-16 
  646       2.526279813850e-10       4.409826088919e-12      -1.295885924345e-12       1.012251365459e-14       2.869861903593e-14       4.285718023435e-15      -6.298290141207e-16 
  647       2.519593642567e-10       4.439796686775e-12      -1.490768544324e-12       1.012828612367e-14       2.853726900288e-14       4.309833100611e-15      -6.322568071594e-16 
  648       2.513138629958e-10       4.469190034749e-12      -1.688066817286e-12       1.013404340519e-14       2.837702940813e-14       4.333928791565e-15      -6.345874283883e-16 
  649       2.506915826326e-10       4.497999005108e-12      -1.887700878097e-12       1.013978850709e-14       2.821789589374e-14       4.357996939641e-15      -6.368214156440e-16 
  650       2.500926271050e-10       4.526216439231e-12      -2.089589738247e-12       1.014552447078e-14       2.805986387648e-14       4.382029294877e-15      -6.389593221373e-16 
  651       2.495170992508e-10       4.553835147573e-12      -2.293651281385e-12       1.015125437133e-14       2.790292854670e-14       4.406017513663e-15      -6.410017165241e-16 
  652       2.489651008000e-10       4.580847909621e-12      -2.499802258870e-12       1.015698131752e-14       2.774708486715e-14       4.429953158392e-15      -6.429491829754e-16 
  653       2.484367323677e-10       4.607247473852e-12      -2.707958285311e-12       1.016270845201e-14       2.759232757186e-14       4.453827697114e-15      -6.448023212481e-16 
  654       2.479320934460e-10       4.633026557690e-12      -2.918033834115e-12       1.016843895142e-14       2.743865116501e-14       4.477632503186e-15      -6.465617467551e-16 
  655       2.474512823965e-10       4.658177847466e-12      -3.129942233027e-12       1.017417602648e-14       2.728604991975e-14       4.501358854928e-15      -6.482280906361e-16 
  656       2.469943964430e-10       4.682693998372e-12      -3.343595659679e-12       1.017992292212e-14       2.713451787709e-14       4.524997935276e-15      -6.498019998278e-16 
  657       2.465615316636e-10       4.706567634425e-12      -3.558905137131e-12       1.018568291763e-14       2.698404884475e-14       4.548540831432e-15      -6.512841371345e-16 
  658       2.461527829834e-10       4.729791348420e-12      -3.775780529419e-12       1.019145932673e-14       2.683463639600e-14       4.571978534520e-15      -6.526751812986e-16 
  659       2.457682441664e-10       4.752357701890e-12      -3.994130537093e-12       1.019725549772e-14       2.668627386853e-14       4.595301939235e-15      -6.539758270707e-16 
  660       2.454080078086e-10       4.774259225063e-12      -4.213862692768e-12       1.020307481357e-14       2.653895436333e-14       4.618501843502e-15      -6.551867852805e-16 
  661       2.450721653298e-10       4.795488416821e-12      -4.434883356667e-12       1.020892069208e-14       2.639267074349e-14       4.641568948121e-15      -6.563087829071e-16 
  662       2.447608069663e-10       4.816037744657e-12      -4.657097712162e-12       1.021479658596e-14       2.624741563310e-14       4.664493856428e-15      -6.573425631493e-16 
  663       2.444740217635e-10       4.835899644634e-12      -4.880409761321e-12       1.022070598299e-14       2.610318141611e-14       4.687267073942e-15      -6.582888854960e-16 
  664       2.442118975679e-10       4.855066521342e-12      -5.104722320451e-12       1.022665240608e-14       2.595996023516e-14       4.709879008019e-15      -6.591485257972e-16 
  665       2.439745210196e-10       4.873530747856e-12      -5.329937015647e-12       1.023263941343e-14       2.581774399047e-14       4.732319967508e-15      -6.599222763336e-16 
  666       2.437619775449e-10       4.891284665695e-12      -5.555954278328e-12       1.023867059866e-14       2.567652433864e-14       4.754580162399e-15      -6.606109458880e-16 
  667       2.435743513488e-10       4.908320584779e-12      -5.782673340790e-12       1.024474959089e-14       2.553629269158e-14       4.776649703482e-15      -6.612153598150e-16 
  668       2.434117254069e-10       4.924630783387e-12      -6.009992231743e-12       1.025088005487e-14       2.539704021531e-14       4.798518601993e-15      -6.617363601115e-16 
  669       2.432741814583e-10       4.940207508114e-12      -6.237807771861e-12       1.025706569113e-14       2.525875782887e-14       4.820176769272e-15      -6.621748054878e-16 
  670       2.431617999979e-10       4.955042973832e-12      -6.466015569325e-12       1.026331023605e-14       2.512143620309e-14       4.841614016414e-15      -6.625315714374e-16 
  671       2.430746602687e-10       4.969129363646e-12      -6.694510015363e-12       1.026961746201e-14       2.498506575957e-14       4.862820053922e-15      -6.628075503077e-16 
  672       2.430128402541e-10       4.982458828850e-12      -6.923184279802e-12       1.027599117750e-14       2.484963666940e-14       4.883784491358e-15      -6.630036513703e-16 
  673       2.429764166707e-10       4.995023488888e-12      -7.151930306606e-12       1.028243522726e-14       2.471513885215e-14       4.904496837001e-15      -6.631208008918e-16 
  674       2.429654649604e-10       5.006815431312e-12      -7.380638809424e-12       1.028895349234e-14       2.458156197462e-14       4.924946497496e-15      -6.631599422038e-16 
  675       2.429800592828e-10       5.017826711737e-12      -7.609199267131e-12       1.029554989028e-14       2.444889544975e-14       4.945122777504e-15      -6.631220357738e-16 
  676       2.430202725079e-10       5.028049353803e-12      -7.837499919378e-12       1.030222837521e-14       2.431712843548e-14       4.965014879364e-15      -6.630080592752e-16 
  677       2.430861762081e-10       5.037475349127e-12      -8.065427762129e-12       1.030899293793e-14       2.418624983358e-14       4.984611902736e-15      -6.628190076582e-16 
  678       2.431778406510e-10       5.046096657270e-12      -8.292868543211e-12       1.031584760611e-14       2.405624828853e-14       5.003902844260e-15      -6.625558932198e-16 
  679       2.432953347914e-10       5.053905205685e-12      -8.519706757858e-12       1.032279644433e-14       2.392711218635e-14       5.022876597207e-15      -6.622197456747e-16 
  680       2.434387262643e-10       5.060892889681e-12      -8.745825644251e-12       1.032984355422e-14       2.379882965350e-14       5.041521951131e-15      -6.618116122253e-16 
  681       2.436080813766e-10       5.067051572382e-12      -8.971107179069e-12       1.033699307461e-14       2.367138855570e-14       5.059827591524e-15      -6.613325576327e-16 
  682       2.438034650999e-10       5.072373084678e-12      -9.195432073026e-12       1.034424918162e-14       2.354477649680e-14       5.077782099468e-15      -6.607836642865e-16 
  683       2.440248867006e-10       5.076851229937e-12      -9.418688494924e-12       1.035161554610e-14       2.341898253601e-14       5.095376004435e-15      -6.601658662972e-16 
  684       2.442721353703e-10       5.080487845154e-12      -9.640798457179e-12       1.035909369300e-14       2.329400238220e-14       5.112607991487e-15      -6.594794477427e-16 
  685       2.445449410718e-10       5.083286869096e-12      -9.861691984694e-12       1.036668460724e-14       2.316983330822e-14       5.129478825885e-15      -6.587245338507e-16 
  686       2.448430285619e-10       5.085252349743e-12      -1.008129843515e-11       1.037438927316e-14       2.304647244187e-14       5.145989312126e-15      -6.579012560351e-16 
  687       2.451661173704e-10       5.086388444760e-12      -1.029954649680e-11       1.038220867451e-14       2.292391676517e-14       5.162140294113e-15      -6.570097519239e-16 
  688       2.455139217780e-10       5.086699421971e-12      -1.051636418623e-11       1.039014379446e-14       2.280216311369e-14       5.177932655345e-15      -6.560501653872e-16 
  689       2.458861507950e-10       5.086189659834e-12      -1.073167884619e-11       1.039819561551e-14       2.268120817582e-14       5.193367319091e-15      -6.550226465647e-16 
  690       2.462825081397e-10       5.084863647908e-12      -1.094541714332e-11       1.040636511957e-14       2.256104849210e-14       5.208445248571e-15      -6.539273518936e-16 
  691       2.467026922171e-10       5.082725987333e-12      -1.115750506602e-11       1.041465328782e-14       2.244168045449e-14       5.223167447141e-15      -6.527644441365e-16 
  692       2.471463960968e-10       5.079781391298e-12      -1.136786792213e-11       1.042306110081e-14       2.232310030569e-14       5.237534958466e-15      -6.515340924094e-16 
  693       2.476133074921e-10       5.076034685515e-12      -1.157643033682e-11       1.043158953833e-14       2.220530413841e-14       5.251548866707e-15      -6.502364722090e-16 
  694       2.481031087378e-10       5.071490808694e-12      -1.178311625030e-11       1.044023957946e-14       2.208828789470e-14       5.265210296696e-15      -6.488717654410e-16 
  695       2.486154767692e-10       5.066154813012e-12      -1.198784891564e-11       1.044901220254e-14       2.197204736522e-14       5.278520414120e-15      -6.474401604476e-16 
  696       2.491500831002e-10       5.060031864590e-12      -1.219055089658e-11       1.045790838512e-14       2.185657818858e-14       5.291480425700e-15      -6.459418520356e-16 
  697       2.497065938017e-10       5.053127243963e-12      -1.239114406526e-11       1.046692910395e-14       2.174187585058e-14       5.304091579369e-15      -6.443770415041e-16 
  698       2.502846694805e-10       5.045446346554e-12      -1.258954960005e-11       1.047607533500e-14       2.162793568356e-14       5.316355164456e-15      -6.427459366721e-16 
  699       2.508839652572e-10       5.036994683148e-12      -1.278568798330e-11       1.048534805335e-14       2.151475286567e-14       5.328272511865e-15      -6.410487519068e-16 
  700       2.515041307451e-10       5.027777880361e-12      -1.297947899918e-11       1.049474823328e-14       2.140232242018e-14       5.339844994254e-15      -6.392857081507e-16 
  701       2.521448100282e-10       5.017801681119e-12      -1.317084173142e-11       1.050427684815e-14       2.129063921476e-14       5.351074026216e-15      -6.374570329503e-16 
  702       2.528056416400e-10       5.007071945126e-12      -1.335969456110e-11       1.051393487045e-14       2.117969796081e-14       5.361961064459e-15      -6.355629604831e-16 
  703       2.534862585419e-10       4.995594649337e-12      -1.354595516446e-11       1.052372327173e-14       2.106949321273e-14       5.372507607989e-15      -6.336037315861e-16 
  704       2.541862881013e-10       4.983375888435e-12      -1.372954051069e-11       1.053364302261e-14       2.096001936724e-14       5.382715198284e-15      -6.315795937830e-16 
  705       2.549053520707e-10       4.970421875299e-12      -1.391036685966e-11       1.054369509276e-14       2.085127066266e-14       5.392585419483e-15      -6.294908013125e-16 
  706       2.556430665655e-10       4.956738941481e-12      -1.408834975979e-11       1.055388045084e-14       2.074324117822e-14       5.402119898556e-15      -6.273376151558e-16 
  707       2.563990420427e-10       4.942333537675e-12      -1.426340404576e-11       1.056420006453e-14       2.063592483334e-14       5.411320305495e-15      -6.251203030648e-16 
  708       2.571728832795e-10       4.927212234195e-12      -1.443544383635e-11       1.057465490048e-14       2.052931538696e-14       5.420188353484e-15      -6.228391395893e-16 
  709       2.579641893515e-10       4.911381721441e-12      -1.460438253219e-11       1.058524592429e-14       2.042340643682e-14       5.428725799089e-15      -6.204944061056e-16 
  710       2.587725536113e-10       4.894848810378e-12      -1.477013281359e-11       1.059597410050e-14       2.031819141874e-14       5.436934442430e-15      -6.180863908434e-16 
  711       2.595975636669e-10       4.877620433008e-12      -1.493260663827e-11       1.060684039258e-14       2.021366360597e-14       5.444816127367e-15      -6.156153889146e-16 
  712       2.604388013600e-10       4.859703642838e-12      -1.509171523918e-11       1.061784576285e-14       2.010981610843e-14       5.452372741675e-15      -6.130817023404e-16 
  713       2.612958427448e-10       4.841105615360e-12      -1.524736912230e-11       1.062899117254e-14       2.000664187203e-14       5.459606217230e-15      -6.104856400793e-16 
  714       2.621682580660e-10       4.821833648517e-12      -1.539947806439e-11       1.064027758173e-14       1.990413367800e-14       5.466518530187e-15      -6.078275180551e-16 
  715       2.630556117377e-10       4.801895163182e-12      -1.554795111081e-11       1.065170594929e-14       1.980228414214e-14       5.473111701157e-15      -6.051076591846e-16 
  716       2.639574623215e-10       4.781297703627e-12      -1.569269657327e-11       1.066327723296e-14       1.970108571414e-14       5.479387795392e-15      -6.023263934052e-16 
  717       2.648733625050e-10       4.760048937997e-12      -1.583362202766e-11       1.067499238921e-14       1.960053067689e-14       5.485348922964e-15      -5.994840577033e-16 
  718       2.658028590805e-10       4.738156658783e-12      -1.597063431181e-11       1.068685237331e-14       1.950061114574e-14       5.490997238942e-15      -5.965809961413e-16 
  719       2.667454929231e-10       4.715628783296e-12      -1.610363952326e-11       1.069885813928e-14       1.940131906786e-14       5.496334943577e-15      -5.936175598861e-16 
  720       2.677007989694e-10       4.692473354136e-12      -1.623254301709e-11       1.071101063984e-14       1.930264622148e-14       5.501364282480e-15      -5.905941072367e-16 
  721       2.686683061958e-10       4.668698539672e-12      -1.635724940367e-11       1.072331082644e-14       1.920458421521e-14       5.506087546801e-15      -5.875110036520e-16 
  722       2.696475436436e-10       4.644313318507e-12      -1.647767559690e-11       1.073575921387e-14       1.910712561085e-14       5.510506780179e-15      -5.843687191988e-16 
  723       2.706380586713e-10       4.619329547121e-12      -1.659379025245e-11       1.074835456461e-14       1.901026731810e-14       5.514622892719e-15      -5.811681230004e-16 
  724       2.716393990280e-10       4.593759934932e-12      -1.670557512177e-11       1.076109517790e-14       1.891400726702e-14       5.518436529473e-15      -5.779101947905e-16 
  725       2.726511068208e-10       4.567617364709e-12      -1.681301207456e-11       1.077397932247e-14       1.881834329031e-14       5.521948362166e-15      -5.745959280822e-16 
  726       2.736727184938e-10       4.540914893200e-12      -1.691608309958e-11       1.078700523653e-14       1.872327312284e-14       5.525159089308e-15      -5.712263302183e-16 
  727       2.747037648086e-10       4.513665751766e-12      -1.701477030543e-11       1.080017112754e-14       1.862879440123e-14       5.528069436307e-15      -5.678024224207e-16 
  728       2.757437708239e-10       4.485883347005e-12      -1.710905592133e-11       1.081347517215e-14       1.853490466339e-14       5.530680155582e-15      -5.643252398417e-16 
  729       2.767922558751e-10       4.457581261390e-12      -1.719892229793e-11       1.082691551608e-14       1.844160134811e-14       5.532992026676e-15      -5.607958316132e-16 
  730       2.778487335544e-10       4.428773253890e-12      -1.728435190806e-11       1.084049027397e-14       1.834888179456e-14       5.535005856366e-15      -5.572152608978e-16 
  731       2.789127116909e-10       4.399473260610e-12      -1.736532734756e-11       1.085419752927e-14       1.825674324189e-14       5.536722478783e-15      -5.535846049383e-16 
  732       2.799836923297e-10       4.369695395413e-12      -1.744183133603e-11       1.086803533414e-14       1.816518282879e-14       5.538142755516e-15      -5.499049551083e-16 
  733       2.810611717123e-10       4.339453950555e-12      -1.751384671761e-11       1.088200170929e-14       1.807419759301e-14       5.539267575732e-15      -5.461774169624e-16 
  734       2.821446402564e-10       4.308763397310e-12      -1.758135646182e-11       1.089609464389e-14       1.798378447094e-14       5.540097856284e-15      -5.424031102862e-16 
  735       2.832335825356e-10       4.277638386609e-12      -1.764434366429e-11       1.091031209544e-14       1.789394029719e-14       5.540634541828e-15      -5.385831691467e-16 
  736       2.843274772592e-10       4.246093749661e-12      -1.770279154758e-11       1.092465198966e-14       1.780466180408e-14       5.540878604931e-15      -5.347187419426e-16 
  737       2.854257972520e-10       4.214144498588e-12      -1.775668346195e-11       1.093911222034e-14       1.771594562128e-14       5.540831046189e-15      -5.308109914541e-16 
  738       2.865280094345e-10       4.181805827054e-12      -1.780600288615e-11       1.095369064924e-14       1.762778827529e-14       5.540492894336e-15      -5.268610948935e-16 
  739       2.876335748023e-10       4.149093110894e-12      -1.785073342821e-11       1.096838510597e-14       1.754018618904e-14       5.539865206358e-15      -5.228702439554e-16 
  740       2.887419484062e-10       4.116021908747e-12      -1.789085882624e-11       1.098319338786e-14       1.745313568147e-14       5.538949067608e-15      -5.188396448668e-16 
  741       2.898525793318e-10       4.082607962684e-12      -1.792636294917e-11       1.099811325985e-14       1.736663296700e-14       5.537745591915e-15      -5.147705184371e-16 
  742       2.909649106795e-10       4.048867198839e-12      -1.795722979759e-11       1.101314245437e-14       1.728067415518e-14       5.536255921699e-15      -5.106641001087e-16 
  743       2.920783795446e-10       4.014815728036e-12      -1.798344350452e-11       1.102827867118e-14       1.719525525019e-14       5.534481228085e-15      -5.065216400071e-16 
  744       2.931924169965e-10       3.980469846426e-12      -1.800498833616e-11       1.104351957732e-14       1.711037215042e-14       5.532422711014e-15      -5.023444029910e-16 
  745       2.943064480591e-10       3.945846036111e-12      -1.802184869275e-11       1.105886280693e-14       1.702602064803e-14       5.530081599356e-15      -4.981336687025e-16 
  746       2.954198916902e-10       3.910960965774e-12      -1.803400910927e-11       1.107430596114e-14       1.694219642847e-14       5.527459151023e-15      -4.938907316176e-16 
  747       2.965321607619e-10       3.875831491316e-12      -1.804145425631e-11       1.108984660798e-14       1.685889507010e-14       5.524556653082e-15      -4.896169010958e-16 
  748       2.976426620398e-10       3.840474656477e-12      -1.804416894078e-11       1.110548228221e-14       1.677611204368e-14       5.521375421869e-15      -4.853135014311e-16 
  749       2.987507961633e-10       3.804907693474e-12      -1.804213810676e-11       1.112121048527e-14       1.669384271197e-14       5.517916803099e-15      -4.809818719018e-16 
  750       2.998559576252e-10       3.769148023625e-12      -1.803534683625e-11       1.113702868506e-14       1.661208232927e-14       5.514182171984e-15      -4.766233668204e-16 
  751       3.009575347516e-10       3.733213257984e-12      -1.802378034997e-11       1.115293431591e-14       1.653082604098e-14       5.510172933339e-15      -4.722393555844e-16 
  752       3.020549096818e-10       3.697121197968e-12      -1.800742400813e-11       1.116892477841e-14       1.645006888317e-14       5.505890521699e-15      -4.678312227264e-16 
  753       3.031474583479e-10       3.660889835987e-12      -1.798626331125e-11       1.118499743931e-14       1.636980578210e-14       5.501336401434e-15      -4.634003679638e-16 
  754       3.042345504551e-10       3.624537356077e-12      -1.796028390090e-11       1.120114963139e-14       1.629003155382e-14       5.496512066855e-15      -4.589482062498e-16 
  755       3.053155494610e-10       3.588082134529e-12      -1.792947156054e-11       1.121737865333e-14       1.621074090370e-14       5.491419042333e-15      -4.544761678227e-16 
  756       3.063898125558e-10       3.551542740516e-12      -1.789381221626e-11       1.123368176960e-14       1.613192842599e-14       5.486058882411e-15      -4.499856982572e-16 
  757       3.074566906420e-10       3.514937936729e-12      -1.785329193758e-11       1.125005621036e-14       1.605358860338e-14       5.480433171913e-15      -4.454782585135e-16 
  758       3.085155283143e-10       3.478286680000e-12      -1.780789693827e-11       1.126649917128e-14       1.597571580656e-14       5.474543526062e-15      -4.409553249884e-16 
  759       3.095656638392e-10       3.441608121940e-12      -1.775761357707e-11       1.128300781350e-14       1.589830429377e-14       5.468391590587e-15      -4.364183895649e-16 
  760       3.106064291353e-10       3.404921609561e-12      -1.770242835855e-11       1.129957926342e-14       1.582134821036e-14       5.461979041844e-15      -4.318689596628e-16 
  761       3.116372064523e-10       3.368245603092e-12      -1.764233737510e-11       1.131621056379e-14       1.574484235391e-14       5.455307192901e-15      -4.273083449713e-16 
  762       3.126575996416e-10       3.331594405361e-12      -1.757737483006e-11       1.133289852586e-14       1.566878448653e-14       5.448375803318e-15      -4.227370130615e-16 
  763       3.136672661294e-10       3.294981370963e-12      -1.750758506295e-11       1.134963987413e-14       1.559317306602e-14       5.441184246781e-15      -4.181552215208e-16 
  764       3.146658605056e-10       3.258419983806e-12      -1.743301316045e-11       1.136643129481e-14       1.551800648399e-14       5.433731903080e-15      -4.135632301572e-16 
  765       3.156530345157e-10       3.221923857517e-12      -1.735370495921e-11       1.138326943573e-14       1.544328306565e-14       5.426018158145e-15      -4.089613010057e-16 
  766       3.166284370520e-10       3.185506735846e-12      -1.726970704849e-11       1.140015090615e-14       1.536900106946e-14       5.418042404073e-15      -4.043496983339e-16 
  767       3.175917141457e-10       3.149182493077e-12      -1.718106677298e-11       1.141707227669e-14       1.529515868687e-14       5.409804039164e-15      -3.997286886486e-16 
  768       3.185425089582e-10       3.112965134430e-12      -1.708783223553e-11       1.143403007915e-14       1.522175404206e-14       5.401302467950e-15      -3.950985407014e-16 
  769       3.194804617725e-10       3.076868796468e-12      -1.699005229984e-11       1.145102080641e-14       1.514878519160e-14       5.392537101225e-15      -3.904595254952e-16 
  770       3.204052099850e-10       3.040907747503e-12      -1.688777659325e-11       1.146804091228e-14       1.507625012422e-14       5.383507356079e-15      -3.858119162898e-16 
  771       3.213163880970e-10       3.005096388005e-12      -1.678105550947e-11       1.148508681138e-14       1.500414676048e-14       5.374212655927e-15      -3.811559886083e-16 
  772       3.222136277063e-10       2.969449251003e-12      -1.666994021130e-11       1.150215487900e-14       1.493247295251e-14       5.364652430541e-15      -3.764920202433e-16 
  773       3.230965574987e-10       2.933981002495e-12      -1.655448263341e-11       1.151924145099e-14       1.486122648374e-14       5.354826116084e-15      -3.718202912623e-16 
  774       3.239648032397e-10       2.898706441850e-12      -1.643473548502e-11       1.153634282360e-14       1.479040506857e-14       5.344733155137e-15      -3.671410840147e-16 
  775       3.248179877657e-10       2.863640502221e-12      -1.631075225271e-11       1.155345525336e-14       1.472000635212e-14       5.334372996731e-15      -3.624546831371e-16 
  776       3.256557309763e-10       2.828798250942e-12      -1.618258720309e-11       1.157057495697e-14       1.465002790994e-14       5.323745096382e-15      -3.577613755597e-16 
  777       3.264776498250e-10       2.794194889944e-12      -1.605029538562e-11       1.158769811112e-14       1.458046724771e-14       5.312848916120e-15      -3.530614505124e-16 
  778       3.272833583115e-10       2.759845756151e-12      -1.591393263526e-11       1.160482085242e-14       1.451132180098e-14       5.301683924518e-15      -3.483551995307e-16 
  779       3.280724674726e-10       2.725766321895e-12      -1.577355557530e-11       1.162193927723e-14       1.444258893486e-14       5.290249596728e-15      -3.436429164620e-16 
  780       3.288445853746e-10       2.691972195314e-12      -1.562922162001e-11       1.163904944151e-14       1.437426594375e-14       5.278545414507e-15      -3.389248974714e-16 
  781       3.295993171039e-10       2.658479120766e-12      -1.548098897747e-11       1.165614736075e-14       1.430635005104e-14       5.266570866254e-15      -3.342014410479e-16 
  782       3.303362647595e-10       2.625302979229e-12      -1.532891665225e-11       1.167322900978e-14       1.423883840886e-14       5.254325447037e-15      -3.294728480107e-16 
  783       3.310550274437e-10       2.592459788710e-12      -1.517306444815e-11       1.169029032270e-14       1.417172809774e-14       5.241808658626e-15      -3.247394215148e-16 
  784       3.317552012546e-10       2.559965704648e-12      -1.501349297099e-11       1.170732719266e-14       1.410501612638e-14       5.229020009524e-15      -3.200014670573e-16 
  785       3.324363792766e-10       2.527837020327e-12      -1.485026363130e-11       1.172433547183e-14       1.403869943133e-14       5.215959014999e-15      -3.152592924837e-16 
  786       3.330981515731e-10       2.496090167272e-12      -1.468343864707e-11       1.174131097119e-14       1.397277487671e-14       5.202625197115e-15      -3.105132079935e-16 
  787       3.337401051771e-10       2.464741715666e-12      -1.451308104652e-11       1.175824946043e-14       1.390723925395e-14       5.189018084760e-15      -3.057635261468e-16 
  788       3.343618240834e-10       2.433808374745e-12      -1.433925467080e-11       1.177514666785e-14       1.384208928147e-14       5.175137213686e-15      -3.010105618697e-16 
  789       3.349628892399e-10       2.403306993213e-12      -1.416202417676e-11       1.179199828015e-14       1.377732160440e-14       5.160982126529e-15      -2.962546324611e-16 
  790       3.355428785391e-10       2.373254559645e-12      -1.398145503967e-11       1.180879994239e-14       1.371293279434e-14       5.146552372849e-15      -2.914960575984e-16 
  791       3.361013668100e-10       2.343668202890e-12      -1.379761355598e-11       1.182554725778e-14       1.364891934902e-14       5.131847509158e-15      -2.867351593433e-16 
  792       3.366379258092e-10       2.314565192483e-12      -1.361056684605e-11       1.184223578761e-14       1.358527769202e-14       5.116867098953e-15      -2.819722621485e-16 
  793       3.371521242130e-10       2.285962939046e-12      -1.342038285687e-11       1.185886105107e-14       1.352200417254e-14       5.101610712742e-15      -2.772076928632e-16 
  794       3.376435276085e-10       2.257878994695e-12      -1.322713036484e-11       1.187541852517e-14       1.345909506504e-14       5.086077928083e-15      -2.724417807395e-16 
  795       3.381116984854e-10       2.230331053449e-12      -1.303087897849e-11       1.189190364454e-14       1.339654656900e-14       5.070268329610e-15      -2.676748574385e-16 
  796       3.385561962276e-10       2.203336951633e-12      -1.283169914121e-11       1.190831180139e-14       1.333435480864e-14       5.054181509066e-15      -2.629072570359e-16 
  797       3.389765771046e-10       2.176914668286e-12      -1.262966213400e-11       1.192463834528e-14       1.327251583262e-14       5.037817065335e-15      -2.581393160288e-16 
  798       3.393723942633e-10       2.151082325564e-12      -1.242484007824e-11       1.194087858307e-14       1.321102561373e-14       5.021174604471e-15      -2.533713733411e-16 
  799       3.397431977193e-10       2.125858189151e-12      -1.221730593835e-11       1.195702777874e-14       1.314988004865e-14       5.004253739733e-15      -2.486037703299e-16 
  800       3.400886043366e-10       2.101258471487e-12      -1.200713393332e-11       1.197308151529e-14       1.308907548000e-14       4.987055257686e-15      -2.438368413534e-16 
  801       3.404085091821e-10       2.077290696710e-12      -1.179440077355e-11       1.198903678778e-14       1.302861027346e-14       4.969584639778e-15      -2.390708852734e-16 
  802       3.407028780093e-10       2.053960215496e-12      -1.157918445200e-11       1.200489092999e-14       1.296848326887e-14       4.951848605058e-15      -2.343061934450e-16 
  803       3.409716776245e-10       2.031272391267e-12      -1.136156384025e-11       1.202064125410e-14       1.290869326025e-14       4.933853950174e-15      -2.295430591119e-16 
  804       3.412148758916e-10       2.009232600180e-12      -1.114161869144e-11       1.203628505066e-14       1.284923899565e-14       4.915607549624e-15      -2.247817774108e-16 
  805       3.414324417362e-10       1.987846231127e-12      -1.091942964298e-11       1.205181958853e-14       1.279011917697e-14       4.897116356000e-15      -2.200226453757e-16 
  806       3.416243451509e-10       1.967118685723e-12      -1.069507821942e-11       1.206724211479e-14       1.273133245974e-14       4.878387400244e-15      -2.152659619420e-16 
  807       3.417905571997e-10       1.947055378308e-12      -1.046864683527e-11       1.208254985470e-14       1.267287745295e-14       4.859427791895e-15      -2.105120279512e-16 
  808       3.419310500227e-10       1.927661735937e-12      -1.024021879778e-11       1.209774001164e-14       1.261475271888e-14       4.840244719336e-15      -2.057611461548e-16 
  809       3.420457968408e-10       1.908943198375e-12      -1.000987830982e-11       1.211280976703e-14       1.255695677286e-14       4.820845450049e-15      -2.010136212188e-16 
  810       3.421347719605e-10       1.890905218092e-12      -9.777710472627e-12       1.212775628026e-14       1.249948808316e-14       4.801237330862e-15      -1.962697597279e-16 
  811       3.421979507781e-10       1.873553260259e-12      -9.543801288654e-12       1.214257668865e-14       1.244234507072e-14       4.781427788197e-15      -1.915298701899e-16 
  812       3.422353097851e-10       1.856892802741e-12      -9.308237664395e-12       1.215726810739e-14       1.238552610905e-14       4.761424328323e-15      -1.867942630402e-16 
  813       3.422468265721e-10       1.840929336091e-12      -9.071107413189e-12       1.217182762945e-14       1.232902952396e-14       4.741234537602e-15      -1.820632506455e-16 
  814       3.422324798343e-10       1.825668363548e-12      -8.832499258042e-12       1.218625232553e-14       1.227285359342e-14       4.720866082743e-15      -1.773371473087e-16 
  815       3.421922493754e-10       1.811115401028e-12      -8.592502834437e-12       1.220053924400e-14       1.221699654736e-14       4.700326711049e-15      -1.726162692729e-16 
  816       3.421261161128e-10       1.797275977119e-12      -8.351208693160e-12       1.221468541083e-14       1.216145656749e-14       4.679624250667e-15      -1.679009347258e-16 
  817       3.420340620820e-10       1.784155633078e-12      -8.108708303111e-12       1.222868782954e-14       1.210623178712e-14       4.658766610836e-15      -1.631914638041e-16 
  818       3.419160704415e-10       1.771759922824e-12      -7.865094054120e-12       1.224254348111e-14       1.205132029093e-14       4.637761782140e-15      -1.584881785974e-16 
  819       3.417721254771e-10       1.760094412931e-12      -7.620459259769e-12       1.225624932395e-14       1.199672011484e-14       4.616617836758e-15      -1.537914031529e-16 
  820       3.416022126070e-10       1.749164682627e-12      -7.374898160204e-12       1.226980229381e-14       1.194242924579e-14       4.595342928709e-15      -1.491014634798e-16 
  821       3.414063183864e-10       1.738976323785e-12      -7.128505924953e-12       1.228319930374e-14       1.188844562156e-14       4.573945294105e-15      -1.444186875530e-16 
  822       3.411844305119e-10       1.729534940916e-12      -6.881378655745e-12       1.229643724400e-14       1.183476713057e-14       4.552433251402e-15      -1.397434053182e-16 
  823       3.409365378263e-10       1.720846151170e-12      -6.633613389323e-12       1.230951298202e-14       1.178139161172e-14       4.530815201645e-15      -1.350759486954e-16 
  824       3.406626303235e-10       1.712915584325e-12      -6.385308100264e-12       1.232242336231e-14       1.172831685418e-14       4.509099628724e-15      -1.304166515838e-16 
  825       3.403626991529e-10       1.705748882783e-12      -6.136561703795e-12       1.233516520645e-14       1.167554059722e-14       4.487295099618e-15      -1.257658498658e-16 
  826       3.400367366241e-10       1.699351701565e-12      -5.887474058607e-12       1.234773531295e-14       1.162306053000e-14       4.465410264646e-15      -1.211238814116e-16 
  827       3.396847362118e-10       1.693729708307e-12      -5.638145969677e-12       1.236013045725e-14       1.157087429140e-14       4.443453857721e-15      -1.164910860830e-16 
  828       3.393066925604e-10       1.688888583253e-12      -5.388679191080e-12       1.237234739163e-14       1.151897946985e-14       4.421434696594e-15      -1.118678057382e-16 
  829       3.389026014882e-10       1.684834019247e-12      -5.139176428808e-12       1.238438284515e-14       1.146737360309e-14       4.399361683105e-15      -1.072543842357e-16 
  830       3.384724599929e-10       1.681571721734e-12      -4.889741343588e-12       1.239623352358e-14       1.141605417804e-14       4.377243803437e-15      -1.026511674391e-16 
  831       3.380162662557e-10       1.679107408749e-12      -4.640478553696e-12       1.240789610937e-14       1.136501863057e-14       4.355090128360e-15      -9.805850322078e-17 
  832       3.375340196461e-10       1.677446810914e-12      -4.391493637774e-12       1.241936726153e-14       1.131426434534e-14       4.332909813482e-15      -9.347674146674e-17 
  833       3.370257207266e-10       1.676595671432e-12      -4.142893137650e-12       1.243064361561e-14       1.126378865561e-14       4.310712099502e-15      -8.890623408057e-17 
  834       3.364913712574e-10       1.676559746084e-12      -3.894784561151e-12       1.244172178362e-14       1.121358884302e-14       4.288506312458e-15      -8.434733498792e-17 
  835       3.359309742011e-10       1.677344803218e-12      -3.647276384922e-12       1.245259835399e-14       1.116366213747e-14       4.266301863972e-15      -7.980040014070e-17 
  836       3.353445337273e-10       1.678956623750e-12      -3.400478057242e-12       1.246326989146e-14       1.111400571686e-14       4.244108251509e-15      -7.526578752147e-17 
  837       3.347320552172e-10       1.681401001153e-12      -3.154500000841e-12       1.247373293707e-14       1.106461670694e-14       4.221935058617e-15      -7.074385714768e-17 
  838       3.340935452685e-10       1.684683741457e-12      -2.909453615717e-12       1.248398400804e-14       1.101549218112e-14       4.199791955185e-15      -6.623497107598e-17 
  839       3.334290544248e-10       1.688808700778e-12      -2.665442959246e-12       1.249402013208e-14       1.096662952371e-14       4.177686520674e-15      -6.173954393738e-17 
  840       3.327388061687e-10       1.693771860506e-12      -2.422539622160e-12       1.250384046038e-14       1.091802752692e-14       4.155617671826e-15      -5.725819549765e-17 
  841       3.320230701823e-10       1.699567149039e-12      -2.180807421096e-12       1.251344468253e-14       1.086968531253e-14       4.133582121122e-15      -5.279160075942e-17 
  842       3.312821198371e-10       1.706188394568e-12      -1.940310683090e-12       1.252283249476e-14       1.082160197014e-14       4.111576543308e-15      -4.834043968466e-17 
  843       3.305162322059e-10       1.713629324732e-12      -1.701114246980e-12       1.253200360001e-14       1.077377655701e-14       4.089597575280e-15      -4.390539720765e-17 
  844       3.297256880754e-10       1.721883566283e-12      -1.463283464804e-12       1.254095770789e-14       1.072620809793e-14       4.067641815960e-15      -3.948716324786e-17 
  845       3.289107719574e-10       1.730944644745e-12      -1.226884203197e-12       1.254969453478e-14       1.067889558509e-14       4.045705826173e-15      -3.508643272284e-17 
  846       3.280717721014e-10       1.740805984073e-12      -9.919828447984e-13       1.255821380381e-14       1.063183797797e-14       4.023786128529e-15      -3.070390556116e-17 
  847       3.272089805060e-10       1.751460906318e-12      -7.586462896424e-13       1.256651524490e-14       1.058503420324e-14       4.001879207301e-15      -2.634028671529e-17 
  848       3.263226929313e-10       1.762902631281e-12      -5.269419565642e-13       1.257459859479e-14       1.053848315457e-14       3.979981508306e-15      -2.199628617450e-17 
  849       3.254132089103e-10       1.775124276179e-12      -2.969377845970e-13       1.258246359707e-14       1.049218369256e-14       3.958089438778e-15      -1.767261897779e-17 
  850       3.244808317616e-10       1.788118855303e-12      -6.870223437204e-14       1.259011000221e-14       1.044613464459e-14       3.936199367254e-15      -1.337000522680e-17 
  851       3.235258686007e-10       1.801879279676e-12       1.576957104814e-13       1.259753756757e-14       1.040033480468e-14       3.914307623450e-15      -9.089170098658e-18 
  852       3.225486303522e-10       1.816398356721e-12       3.821865419367e-13       1.260474605746e-14       1.035478293343e-14       3.892410498138e-15      -4.830843858965e-18 
  853       3.215494317619e-10       1.831668789913e-12       6.047002261700e-13       1.261173524312e-14       1.030947775781e-14       3.870504243030e-15      -5.957618746443e-19 
  854       3.205285914085e-10       1.847683178444e-12       8.251662021607e-13       1.261850490280e-14       1.026441797108e-14       3.848585070652e-15       3.615335373134e-18 
  855       3.194864317155e-10       1.864434016883e-12       1.043513380292e-12       1.262505482175e-14       1.021960223268e-14       3.826649154225e-15       7.801702276047e-18 
  856       3.184232789636e-10       1.881913694835e-12       1.259670140949e-12       1.263138479228e-14       1.017502916805e-14       3.804692627544e-15       1.196258808572e-17 
  857       3.173394633022e-10       1.900114496605e-12       1.473564333125e-12       1.263749461373e-14       1.013069736858e-14       3.782711584858e-15       1.609723690080e-17 
  858       3.162353187613e-10       1.919028600852e-12       1.685123273013e-12       1.264338409257e-14       1.008660539140e-14       3.760702080749e-15       2.020488765409e-17 
  859       3.151111832639e-10       1.938648080257e-12       1.894273742615e-12       1.264905304240e-14       1.004275175933e-14       3.738660130007e-15       2.428477409961e-17 
  860       3.139673986377e-10       1.958964901178e-12       2.100941988335e-12       1.265450128393e-14       9.999134960700e-15       3.716581707514e-15       2.833612479970e-17 
  861       3.128043106270e-10       1.979970923312e-12       2.305053719585e-12       1.265972864510e-14       9.955753449262e-15       3.694462748121e-15       3.235816311211e-17 
  862       3.116222689045e-10       2.001657899357e-12       2.506534107380e-12       1.266473496102e-14       9.912605644042e-15       3.672299146527e-15       3.635010717712e-17 
  863       3.104216270837e-10       2.024017474671e-12       2.705307782944e-12       1.266952007404e-14       9.869689929227e-15       3.650086757157e-15       4.031116990459e-17 
  864       3.092027427306e-10       2.047041186932e-12       2.901298836307e-12       1.267408383380e-14       9.827004654031e-15       3.627821394044e-15       4.424055896110e-17 
  865       3.079659773755e-10       2.070720465800e-12       3.094430814903e-12       1.267842609719e-14       9.784548132576e-15       3.605498830705e-15       4.813747675701e-17 
  866       3.067116965252e-10       2.095046632575e-12       3.284626722177e-12       1.268254672845e-14       9.742318643765e-15       3.583114800020e-15       5.200112043359e-17 
  867       3.054402696747e-10       2.120010899862e-12       3.471809016179e-12       1.268644559914e-14       9.700314431156e-15       3.560664994113e-15       5.583068185006e-17 
  868       3.041520703195e-10       2.145604371224e-12       3.655899608167e-12       1.269012258823e-14       9.658533702835e-15       3.538145064231e-15       5.962534757075e-17 
  869       3.028474759673e-10       2.171818040852e-12       3.836819861209e-12       1.269357758204e-14       9.616974631296e-15       3.515550620622e-15       6.338429885214e-17 
  870       3.015268681499e-10       2.198642793216e-12       4.014490588779e-12       1.269681047437e-14       9.575635353311e-15       3.492877232411e-15       6.710671163000e-17 
  871       3.001906324354e-10       2.226069402734e-12       4.188832053361e-12       1.269982116643e-14       9.534513969805e-15       3.470120427486e-15       7.079175650643e-17 
  872       2.988391584398e-10       2.254088533425e-12       4.359763965049e-12       1.270260956695e-14       9.493608545734e-15       3.447275692370e-15       7.443859873702e-17 
  873       2.974728398394e-10       2.282690738575e-12       4.527205480145e-12       1.270517559215e-14       9.452917109957e-15       3.424338472106e-15       7.804639821788e-17 
  874       2.960920743823e-10       2.311866460393e-12       4.691075199761e-12       1.270751916580e-14       9.412437655111e-15       3.401304170130e-15       8.161430947278e-17 
  875       2.946972639006e-10       2.341606029676e-12       4.851291168420e-12       1.270964021923e-14       9.372168137486e-15       3.378168148156e-15       8.514148164023e-17 
  876       2.932888143224e-10       2.371899665467e-12       5.007770872655e-12       1.271153869138e-14       9.332106476900e-15       3.354925726050e-15       8.862705846058e-17 
  877       2.918671356835e-10       2.402737474713e-12       5.160431239610e-12       1.271321452878e-14       9.292250556574e-15       3.331572181711e-15       9.207017826308e-17 
  878       2.904326374800e-10       2.434108899898e-12       5.309200400492e-12       1.271466805459e-14       9.252598478622e-15       3.308104284799e-15       9.547017521472e-17 
  879       2.889857146162e-10       2.466001052540e-12       5.454053198127e-12       1.271590108215e-14       9.213149335439e-15       3.284524926109e-15       9.882718675992e-17 
  880       2.875267612465e-10       2.498400351310e-12       5.594976267013e-12       1.271691581995e-14       9.173902450890e-15       3.260838564924e-15       1.021415562551e-16 
  881       2.860561754255e-10       2.531293071125e-12       5.731956322398e-12       1.271771450448e-14       9.134857125772e-15       3.237049702271e-15       1.054136326407e-16 
  882       2.845743591186e-10       2.564665342729e-12       5.864980160718e-12       1.271829940031e-14       9.096012637728e-15       3.213162881027e-15       1.086437704596e-16 
  883       2.830817182137e-10       2.598503152261e-12       5.994034660020e-12       1.271867280013e-14       9.057368241162e-15       3.189182686046e-15       1.118323298755e-16 
  884       2.815786625323e-10       2.632792340835e-12       6.119106780395e-12       1.271883702490e-14       9.018923167153e-15       3.165113744270e-15       1.149796766913e-16 
  885       2.800656058406e-10       2.667518604110e-12       6.240183564407e-12       1.271879442389e-14       8.980676623368e-15       3.140960724849e-15       1.180861823673e-16 
  886       2.785429658609e-10       2.702667491870e-12       6.357252137522e-12       1.271854737478e-14       8.942627793980e-15       3.116728339261e-15       1.211522240402e-16 
  887       2.770111642828e-10       2.738224407592e-12       6.470299708536e-12       1.271809828375e-14       8.904775839578e-15       3.092421341424e-15       1.241781845406e-16 
  888       2.754706267743e-10       2.774174608028e-12       6.579313570011e-12       1.271744958553e-14       8.867119897086e-15       3.068044527817e-15       1.271644524122e-16 
  889       2.739217829931e-10       2.810503202772e-12       6.684281098696e-12       1.271660374357e-14       8.829659079674e-15       3.043602737599e-15       1.301114219296e-16 
  890       2.723650665979e-10       2.847195153841e-12       6.785189755962e-12       1.271556325001e-14       8.792392476674e-15       3.019100852722e-15       1.330194931171e-16 
  891       2.708009152594e-10       2.884235275246e-12       6.882027088232e-12       1.271433062586e-14       8.755319153495e-15       2.994543798052e-15       1.358890717668e-16 
  892       2.692297706720e-10       2.921608232568e-12       6.974780727408e-12       1.271290842104e-14       8.718438151536e-15       2.969936541485e-15       1.387205694572e-16 
  893       2.676520785644e-10       2.959298542533e-12       7.063438391301e-12       1.271129921446e-14       8.681748488100e-15       2.945284094066e-15       1.415144035714e-16 
  894       2.660682887112e-10       2.997290572584e-12       7.147987884063e-12       1.270950561415e-14       8.645249156312e-15       2.920591510105e-15       1.442709973157e-16 
  895       2.644788549441e-10       3.035568540459e-12       7.228417096613e-12       1.270753025729e-14       8.608939125029e-15       2.895863887294e-15       1.469907797378e-16 
  896       2.628842351632e-10       3.074116513764e-12       7.304714007071e-12       1.270537581032e-14       8.572817338758e-15       2.871106366826e-15       1.496741857452e-16 
  897       2.612848913480e-10       3.112918409547e-12       7.376866681182e-12       1.270304496903e-14       8.536882717568e-15       2.846324133511e-15       1.523216561237e-16 
  898       2.596812895686e-10       3.151957993875e-12       7.444863272753e-12       1.270054045865e-14       8.501134157007e-15       2.821522415897e-15       1.549336375558e-16 
  899       2.580738999973e-10       3.191218881406e-12       7.508692024075e-12       1.269786503390e-14       8.465570528013e-15       2.796706486383e-15       1.575105826390e-16 
  900       2.564631969194e-10       3.230684534964e-12       7.568341266357e-12       1.269502147911e-14       8.430190676831e-15       2.771881661338e-15       1.600529499041e-16 
  901       2.548496587448e-10       3.270338265116e-12       7.623799420157e-12       1.269201260831e-14       8.394993424927e-15       2.747053301220e-15       1.625612038338e-16 
  902       2.532337680190e-10       3.310163229743e-12       7.675054995806e-12       1.268884126528e-14       8.359977568903e-15       2.722226810691e-15       1.650358148811e-16 
  903       2.516160114342e-10       3.350142433617e-12       7.722096593843e-12       1.268551032366e-14       8.325141880411e-15       2.697407638739e-15       1.674772594873e-16 
  904       2.499968798408e-10       3.390258727977e-12       7.764912905442e-12       1.268202268703e-14       8.290485106065e-15       2.672601278788e-15       1.698860201009e-16 
  905       2.483768682587e-10       3.430494810100e-12       7.803492712844e-12       1.267838128900e-14       8.256005967360e-15       2.647813268823e-15       1.722625851957e-16 
  906       2.467564758879e-10       3.470833222877e-12       7.837824889781e-12       1.267458909327e-14       8.221703160583e-15       2.623049191504e-15       1.746074492891e-16 
  907       2.451362061207e-10       3.511256354390e-12       7.867898401914e-12       1.267064909377e-14       8.187575356730e-15       2.598314674282e-15       1.769211129609e-16 
  908       2.435165665519e-10       3.551746437483e-12       7.893702307256e-12       1.266656431467e-14       8.153621201418e-15       2.573615389522e-15       1.792040828711e-16 
  909       2.418980689910e-10       3.592285549338e-12       7.915225756602e-12       1.266233781054e-14       8.119839314801e-15       2.548957054613e-15       1.814568717790e-16 
  910       2.402812294726e-10       3.632855611051e-12       7.932457993965e-12       1.265797266637e-14       8.086228291483e-15       2.524345432091e-15       1.836799985608e-16 
  911       2.386665682680e-10       3.673438387205e-12       7.945388356997e-12       1.265347199771e-14       8.052786700435e-15       2.499786329755e-15       1.858739882286e-16 
  912       2.370546098965e-10       3.714015485445e-12       7.954006277424e-12       1.264883895071e-14       8.019513084908e-15       2.475285600785e-15       1.880393719485e-16 
  913       2.354458831367e-10       3.754568356055e-12       7.958301281474e-12       1.264407670224e-14       7.986405962346e-15       2.450849143858e-15       1.901766870592e-16 
  914       2.338409210371e-10       3.795078291526e-12       7.958262990309e-12       1.263918845994e-14       7.953463824303e-15       2.426482903265e-15       1.922864770901e-16 
  915       2.322402609281e-10       3.835526426138e-12       7.953881120450e-12       1.263417746236e-14       7.920685136356e-15       2.402192869033e-15       1.943692917798e-16 
  916       2.306444444330e-10       3.875893735531e-12       7.945145484210e-12       1.262904697897e-14       7.888068338021e-15       2.377985077037e-15       1.964256870948e-16 
  917       2.290539735968e-10       3.916162181737e-12       7.932054291679e-12       1.262380029512e-14       7.855612028139e-15       2.353864898663e-15       1.984560806999e-16 
  918       2.274691784863e-10       3.956318169098e-12       7.914639200676e-12       1.261844066622e-14       7.823315524456e-15       2.329834897162e-15       2.004603158136e-16 
  919       2.258903475043e-10       3.996349142537e-12       7.892940666514e-12       1.261297136300e-14       7.791178312785e-15       2.305896937392e-15       2.024380904445e-16 
  920       2.243177710857e-10       4.036242446819e-12       7.866999678218e-12       1.260739568667e-14       7.759199862278e-15       2.282052893204e-15       2.043891013074e-16 
  921       2.227517417021e-10       4.075985326294e-12       7.836857760134e-12       1.260171696903e-14       7.727379625371e-15       2.258304647455e-15       2.063130438212e-16 
  922       2.211925538673e-10       4.115564924634e-12       7.802556973541e-12       1.259593857255e-14       7.695717037726e-15       2.234654092022e-15       2.082096121059e-16 
  923       2.196405041417e-10       4.154968284571e-12       7.764139918264e-12       1.259006389045e-14       7.664211518163e-15       2.211103127823e-15       2.100784989814e-16 
  924       2.180958911378e-10       4.194182347635e-12       7.721649734292e-12       1.258409634677e-14       7.632862468612e-15       2.187653664830e-15       2.119193959645e-16 
  925       2.165590155246e-10       4.233193953891e-12       7.675130103385e-12       1.257803939650e-14       7.601669274047e-15       2.164307622086e-15       2.137319932672e-16 
  926       2.150301800332e-10       4.271989841678e-12       7.624625250688e-12       1.257189652559e-14       7.570631302429e-15       2.141066927722e-15       2.155159797940e-16 
  927       2.135096894612e-10       4.310556647346e-12       7.570179946347e-12       1.256567125109e-14       7.539747904646e-15       2.117933518972e-15       2.172710431402e-16 
  928       2.119978506782e-10       4.348880904994e-12       7.511839507121e-12       1.255936712123e-14       7.509018414455e-15       2.094909342189e-15       2.189968695893e-16 
  929       2.104949726302e-10       4.386949046210e-12       7.449649797992e-12       1.255298771546e-14       7.478442148423e-15       2.071996352863e-15       2.206931441108e-16 
  930       2.090013663451e-10       4.424747399807e-12       7.383657233784e-12       1.254653664458e-14       7.448018405867e-15       2.049196515637e-15       2.223595503584e-16 
  931       2.075173449372e-10       4.462262191558e-12       7.313908780768e-12       1.254001755079e-14       7.417746468796e-15       2.026511804320e-15       2.239957706673e-16 
  932       2.060432236127e-10       4.499479543940e-12       7.240451958282e-12       1.253343410780e-14       7.387625601849e-15       2.003944201907e-15       2.256014860520e-16 
  933       2.045793196742e-10       4.536385475869e-12       7.163334840342e-12       1.252679002089e-14       7.357655052240e-15       1.981495700594e-15       2.271763762044e-16 
  934       2.031259525259e-10       4.572965902437e-12       7.082606057253e-12       1.252008902700e-14       7.327834049697e-15       1.959168301794e-15       2.287201194916e-16 
  935       2.016834436784e-10       4.609206634649e-12       6.998314797223e-12       1.251333489482e-14       7.298161806402e-15       1.936964016152e-15       2.302323929533e-16 
  936       2.002521167539e-10       4.645093379166e-12       6.910510807979e-12       1.250653142487e-14       7.268637516935e-15       1.914884863565e-15       2.317128722996e-16 
  937       1.988322974912e-10       4.680611738038e-12       6.819244398376e-12       1.249968244959e-14       7.239260358209e-15       1.892932873194e-15       2.331612319095e-16 
  938       1.974243137502e-10       4.715747208442e-12       6.724566440010e-12       1.249279183339e-14       7.210029489417e-15       1.871110083481e-15       2.345771448277e-16 
  939       1.960284955174e-10       4.750485182423e-12       6.626528368835e-12       1.248586347276e-14       7.180944051971e-15       1.849418542169e-15       2.359602827630e-16 
  940       1.946451749107e-10       4.784810946631e-12       6.525182186774e-12       1.247890129638e-14       7.152003169441e-15       1.827860306313e-15       2.373103160860e-16 
  941       1.932746861843e-10       4.818709682057e-12       6.420580463328e-12       1.247190926514e-14       7.123205947499e-15       1.806437442300e-15       2.386269138267e-16 
  942       1.919173657336e-10       4.852166463772e-12       6.312776337197e-12       1.246489137226e-14       7.094551473856e-15       1.785152025862e-15       2.399097436724e-16 
  943       1.905735521005e-10       4.885166260664e-12       6.201823517885e-12       1.245785164338e-14       7.066038818207e-15       1.764006142096e-15       2.411584719654e-16 
  944       1.892435859780e-10       4.917693935181e-12       6.087776287320e-12       1.245079413663e-14       7.037667032170e-15       1.743001885477e-15       2.423727637012e-16 
  945       1.879278102153e-10       4.949734243059e-12       5.970689501461e-12       1.244372294270e-14       7.009435149225e-15       1.722141359877e-15       2.435522825255e-16 
  946       1.866265698229e-10       4.981271833071e-12       5.850618591914e-12       1.243664218494e-14       6.981342184659e-15       1.701426678577e-15       2.446966907327e-16 
  947       1.853402119775e-10       5.012291246757e-12       5.727619567547e-12       1.242955601947e-14       6.953387135504e-15       1.680859964290e-15       2.458056492632e-16 
  948       1.840690860266e-10       5.042776918163e-12       5.601749016099e-12       1.242246863518e-14       6.925568980479e-15       1.660443349169e-15       2.468788177017e-16 
  949       1.828135434943e-10       5.072713173585e-12       5.473064105794e-12       1.241538425392e-14       6.897886679930e-15       1.640178974829e-15       2.479158542743e-16 
  950       1.815739380855e-10       5.102084231298e-12       5.341622586957e-12       1.240830713047e-14       6.870339175772e-15       1.620068992363e-15       2.489164158469e-16 
  951       1.803506256910e-10       5.130874201301e-12       5.207482793623e-12       1.240124155274e-14       6.842925391430e-15       1.600115562355e-15       2.498801579227e-16 
  952       1.791439643930e-10       5.159067085051e-12       5.070703645153e-12       1.239419184175e-14       6.815644231776e-15       1.580320854898e-15       2.508067346400e-16 
  953       1.779543144693e-10       5.186646775202e-12       4.931344647844e-12       1.238716235179e-14       6.788494583078e-15       1.560687049611e-15       2.516957987700e-16 
  954       1.767820383990e-10       5.213597055343e-12       4.789465896548e-12       1.238015747043e-14       6.761475312933e-15       1.541216335655e-15       2.525470017145e-16 
  955       1.756275008668e-10       5.239901599737e-12       4.645128076275e-12       1.237318161869e-14       6.734585270212e-15       1.521910911747e-15       2.533599935040e-16 
  956       1.744910147127e-10       5.265546072054e-12       4.498393018382e-12       1.236623888195e-14       6.707823416065e-15       1.502772314190e-15       2.541345510142e-16 
  957       1.733726778639e-10       5.290524457235e-12       4.349325375147e-12       1.235933189671e-14       6.681189219254e-15       1.483799389671e-15       2.548709647678e-16 
  958       1.722725339217e-10       5.314832825834e-12       4.197990973975e-12       1.235246294700e-14       6.654682266742e-15       1.464990291527e-15       2.555696580374e-16 
  959       1.711906259889e-10       5.338467243805e-12       4.044456266832e-12       1.234563433200e-14       6.628302133134e-15       1.446343148852e-15       2.562310591766e-16 
  960       1.701269966683e-10       5.361423772514e-12       3.888788331930e-12       1.233884836607e-14       6.602048380634e-15       1.427856066430e-15       2.568556016343e-16 
  961       1.690816880599e-10       5.383698468754e-12       3.731054875418e-12       1.233210737875e-14       6.575920559004e-15       1.409527124657e-15       2.574437239697e-16 
  962       1.680547417593e-10       5.405287384753e-12       3.571324233062e-12       1.232541371483e-14       6.549918205520e-15       1.391354379476e-15       2.579958698669e-16 
  963       1.670461988553e-10       5.426186568195e-12       3.409665371933e-12       1.231876973439e-14       6.524040844935e-15       1.373335862298e-15       2.585124881490e-16 
  964       1.660560999281e-10       5.446392062226e-12       3.246147892094e-12       1.231217781278e-14       6.498287989431e-15       1.355469579936e-15       2.589940327932e-16 
  965       1.650844850466e-10       5.465899905472e-12       3.080842028283e-12       1.230564034074e-14       6.472659138581e-15       1.337753514530e-15       2.594409629452e-16 
  966       1.641313937670e-10       5.484706132049e-12       2.913818651603e-12       1.229915972434e-14       6.447153779306e-15       1.320185623474e-15       2.598537429339e-16 
  967       1.631968651301e-10       5.502806771580e-12       2.745149271202e-12       1.229273838508e-14       6.421771385834e-15       1.302763839348e-15       2.602328422860e-16 
  968       1.622809376594e-10       5.520197849203e-12       2.574906035964e-12       1.228637875993e-14       6.396511419657e-15       1.285486069843e-15       2.605787357402e-16 
  969       1.613836493591e-10       5.536875385591e-12       2.403161736192e-12       1.228008330130e-14       6.371373329487e-15       1.268350197690e-15       2.608919032626e-16 
  970       1.605050377119e-10       5.552835396958e-12       2.229989805295e-12       1.227385447713e-14       6.346356551220e-15       1.251354080588e-15       2.611728300605e-16 
  971       1.596451396766e-10       5.568073895076e-12       2.055464321472e-12       1.226769477092e-14       6.321460507889e-15       1.234495551130e-15       2.614220065975e-16 
  972       1.588039916864e-10       5.582586887290e-12       1.879660009399e-12       1.226160668173e-14       6.296684609622e-15       1.217772416738e-15       2.616399286079e-16 
  973       1.579816296465e-10       5.596370376528e-12       1.702652241916e-12       1.225559272427e-14       6.272028253605e-15       1.201182459581e-15       2.618270971113e-16 
  974       1.571780889324e-10       5.609420361314e-12       1.524517041710e-12       1.224965542887e-14       6.247490824035e-15       1.184723436511e-15       2.619840184273e-16 
  975       1.563934043869e-10       5.621732835784e-12       1.345331083003e-12       1.224379734157e-14       6.223071692079e-15       1.168393078990e-15       2.621112041899e-16 
  976       1.556276103191e-10       5.633303789698e-12       1.165171693238e-12       1.223802102412e-14       6.198770215835e-15       1.152189093012e-15       2.622091713626e-16 
  977       1.548807405014e-10       5.644129208451e-12       9.841168547611e-13       1.223232905402e-14       6.174585740287e-15       1.136109159039e-15       2.622784422523e-16 
  978       1.541528281678e-10       5.654205073089e-12       8.022452065117e-13       1.222672402458e-14       6.150517597264e-15       1.120150931925e-15       2.623195445242e-16 
  979       1.534439060116e-10       5.663527360324e-12       6.196360457062e-13       1.222120854491e-14       6.126565105400e-15       1.104312040844e-15       2.623330112169e-16 
  980       1.527540061835e-10       5.672092042540e-12       4.363693295236e-13       1.221578524000e-14       6.102727570088e-15       1.088590089219e-15       2.623193807560e-16 
  981       1.520831602892e-10       5.679895087814e-12       2.525256767922e-13       1.221045675073e-14       6.079004283443e-15       1.072982654651e-15       2.622791969696e-16 
  982       1.514313993876e-10       5.686932459925e-12       6.818636967432e-14       1.220522573390e-14       6.055394524256e-15       1.057487288844e-15       2.622130091024e-16 
  983       1.507987539884e-10       5.693200118369e-12      -1.165666446471e-13       1.220009486226e-14       6.031897557953e-15       1.042101517537e-15       2.621213718305e-16 
  984       1.501852540500e-10       5.698694018370e-12      -3.016507522833e-13       1.219506682460e-14       6.008512636556e-15       1.026822840429e-15       2.620048452759e-16 
  985       1.495909289776e-10       5.703410110897e-12      -4.869826709536e-13       1.219014432570e-14       5.985238998638e-15       1.011648731108e-15       2.618639950213e-16 
  986       1.490158076210e-10       5.707344342672e-12      -6.724784482997e-13       1.218533008641e-14       5.962075869281e-15       9.965766369796e-16       2.616993921243e-16 
  987       1.484599182722e-10       5.710492656189e-12      -8.580534602001e-13       1.218062684372e-14       5.939022460035e-15       9.816039791953e-16       2.615116131325e-16 
  988       1.479232886637e-10       5.712850989722e-12      -1.043622409084e-12       1.217603735070e-14       5.916077968879e-15       9.667281525793e-16       2.613012400976e-16 
  989       1.474059459661e-10       5.714415277342e-12      -1.229099322247e-12       1.217156437662e-14       5.893241580173e-15       9.519465255577e-16       2.610688605905e-16 
  990       1.469079167861e-10       5.715181448928e-12      -1.414397550161e-12       1.216721070696e-14       5.870512464621e-15       9.372564400861e-16       2.608150677156e-16 
  991       1.464292271644e-10       5.715145430182e-12      -1.599429764795e-12       1.216297914342e-14       5.847889779228e-15       9.226552115777e-16       2.605404601252e-16 
  992       1.459699025733e-10       5.714303142640e-12      -1.784107957925e-12       1.215887250398e-14       5.825372667255e-15       9.081401288316e-16       2.602456420348e-16 
  993       1.455299679151e-10       5.712650503687e-12      -1.968343439447e-12       1.215489362293e-14       5.802960258183e-15       8.937084539607e-16       2.599312232368e-16 
  994       1.451094475196e-10       5.710183426571e-12      -2.152046835696e-12       1.215104535090e-14       5.780651667665e-15       8.793574223197e-16       2.595978191158e-16 
  995       1.447083311414e-10       5.706899591190e-12      -2.335134787267e-12       1.214733007665e-14       5.758446095949e-15       8.650847578156e-16       2.592458959944e-16 
  996       1.443264714099e-10       5.702803784917e-12      -2.517550153594e-12       1.214374828466e-14       5.736343124797e-15       8.508902272692e-16       2.588753046548e-16 
  997       1.439636848696e-10       5.697902640204e-12      -2.699242101625e-12       1.214029997646e-14       5.714342424842e-15       8.367741087283e-16       2.584857399985e-16 
  998       1.436197858382e-10       5.692202871145e-12      -2.880159432330e-12       1.213698514690e-14       5.692443657487e-15       8.227366781451e-16       2.580768950896e-16 
  999       1.432945864005e-10       5.685711273698e-12      -3.060250579826e-12       1.213380378411e-14       5.670646474883e-15       8.087782093666e-16       2.576484611508e-16 
 1000       1.429878964015e-10       5.678434725918e-12      -3.239463610503e-12       1.213075586953e-14       5.648950519891e-15       7.948989741249e-16       2.572001275593e-16 
 1001       1.426995234411e-10       5.670380188181e-12      -3.417746222147e-12       1.212784137785e-14       5.627355426058e-15       7.810992420278e-16       2.567315818429e-16 
 1002       1.424292728671e-10       5.661554703411e-12      -3.595045743070e-12       1.212506027699e-14       5.605860817584e-15       7.673792805495e-16       2.562425096752e-16 
 1003       1.421769477691e-10       5.651965397312e-12      -3.771309131231e-12       1.212241252806e-14       5.584466309292e-15       7.537393550207e-16       2.557325948723e-16 
 1004       1.419423489727e-10       5.641619478593e-12      -3.946482973363e-12       1.211989808540e-14       5.563171506601e-15       7.401797286194e-16       2.552015193879e-16 
 1005       1.417252750329e-10       5.630524239193e-12      -4.120513484101e-12       1.211751689648e-14       5.541976005492e-15       7.267006623612e-16       2.546489633099e-16 
 1006       1.415255222277e-10       5.618687054513e-12      -4.293346505103e-12       1.211526890192e-14       5.520879392479e-15       7.133024150899e-16       2.540746048558e-16 
 1007       1.413428845524e-10       5.606115383643e-12      -4.464927504179e-12       1.211315403546e-14       5.499881244583e-15       6.999852434680e-16       2.534781203685e-16 
 1008       1.411771537128e-10       5.592816769587e-12      -4.635201574415e-12       1.211117222392e-14       5.478981129295e-15       6.867494019670e-16       2.528591843126e-16 
 1009       1.410281191194e-10       5.578798839493e-12      -4.804113433297e-12       1.210932338720e-14       5.458178604553e-15       6.735951428580e-16       2.522174692700e-16 
 1010       1.408955678808e-10       5.564069304878e-12      -4.971607421841e-12       1.210760743825e-14       5.437473218708e-15       6.605227162024e-16       2.515526459356e-16 
 1011       1.407792847978e-10       5.548635961860e-12      -5.137627503713e-12       1.210602428304e-14       5.416864510493e-15       6.475323698420e-16       2.508643831137e-16 
 1012       1.406790523570e-10       5.532506691383e-12      -5.302117264358e-12       1.210457382052e-14       5.396352008999e-15       6.346243493898e-16       2.501523477133e-16 
 1013       1.405946507244e-10       5.515689459442e-12      -5.465019910126e-12       1.210325594265e-14       5.375935233636e-15       6.217988982202e-16       2.494162047443e-16 
 1014       1.405258577395e-10       5.498192317316e-12      -5.626278267393e-12       1.210207053432e-14       5.355613694112e-15       6.090562574599e-16       2.486556173133e-16 
 1015       1.404724489089e-10       5.480023401792e-12      -5.785834781692e-12       1.210101747334e-14       5.335386890397e-15       5.963966659778e-16       2.478702466196e-16 
 1016       1.404341973999e-10       5.461190935394e-12      -5.943631516835e-12       1.210009663046e-14       5.315254312696e-15       5.838203603762e-16       2.470597519507e-16 
 1017       1.404108740345e-10       5.441703226611e-12      -6.099610154038e-12       1.209930786927e-14       5.295215441416e-15       5.713275749805e-16       2.462237906785e-16 
 1018       1.404022472832e-10       5.421568670123e-12      -6.253711991051e-12       1.209865104626e-14       5.275269747142e-15       5.589185418305e-16       2.453620182552e-16 
 1019       1.404080832585e-10       5.400795747029e-12      -6.405877941277e-12       1.209812601071e-14       5.255416690598e-15       5.465934906702e-16       2.444740882089e-16 
 1020       1.404281457089e-10       5.379393025076e-12      -6.556048532902e-12       1.209773260476e-14       5.235655722626e-15       5.343526489386e-16       2.435596521398e-16 
 1021       1.404621960125e-10       5.357369158887e-12      -6.704163908020e-12       1.209747066329e-14       5.215986284151e-15       5.221962417604e-16       2.426183597157e-16 
 1022       1.405099931709e-10       5.334732890185e-12      -6.850163821758e-12       1.209734001399e-14       5.196407806151e-15       5.101244919358e-16       2.416498586682e-16 
 1023       1.405712938028e-10       5.311493048025e-12      -6.993987641399e-12       1.209734047727e-14       5.176919709630e-15       4.981376199318e-16       2.406537947885e-16 
 1024       1.406458521381e-10       5.287658549020e-12      -7.135574345512e-12       1.209747186624e-14       5.157521405585e-15       4.862358438722e-16       2.396298119230e-16 
 1025       1.407334200111e-10       5.263238397566e-12      -7.274862523073e-12       1.209773398673e-14       5.138212294976e-15       4.744193795282e-16       2.385775519696e-16 
 1026       1.408337468549e-10       5.238241686076e-12      -7.411790372594e-12       1.209812663725e-14       5.118991768700e-15       4.626884403088e-16       2.374966548733e-16 
 1027       1.409465796946e-10       5.212677595199e-12      -7.546295701247e-12       1.209864960892e-14       5.099859207557e-15       4.510432372515e-16       2.363867586222e-16 
 1028       1.410716631415e-10       5.186555394057e-12      -7.678315923988e-12       1.209930268551e-14       5.080813982219e-15       4.394839790125e-16       2.352474992431e-16 
 1029       1.412087393866e-10       5.159884440464e-12      -7.807788062687e-12       1.210008564340e-14       5.061855453206e-15       4.280108718577e-16       2.340785107979e-16 
 1030       1.413575481944e-10       5.132674181161e-12      -7.934648745247e-12       1.210099825151e-14       5.042982970850e-15       4.166241196523e-16       2.328794253787e-16 
 1031       1.415178268968e-10       5.104934152037e-12      -8.058834204735e-12       1.210204027136e-14       5.024195875267e-15       4.053239238523e-16       2.316498731047e-16 
 1032       1.416893103868e-10       5.076673978363e-12      -8.180280278504e-12       1.210321145697e-14       5.005493496329e-15       3.941104834942e-16       2.303894821169e-16 
 1033       1.418717311121e-10       5.047903375013e-12      -8.298922407322e-12       1.210451155487e-14       4.986875153631e-15       3.829839951859e-16       2.290978785751e-16 
 1034       1.420648198922e-10       5.018632586885e-12      -8.414705044551e-12       1.210594000831e-14       4.968340231240e-15       3.719450567030e-16       2.277749084249e-16 
 1035       1.422683083948e-10       4.988873716485e-12      -8.527610031062e-12       1.210749506533e-14       4.949888403151e-15       3.609958840420e-16       2.264213061420e-16 
 1036       1.424819266818e-10       4.958639415553e-12      -8.637628619473e-12       1.210917465802e-14       4.931519410957e-15       3.501391115429e-16       2.250380354282e-16 
 1037       1.427054023834e-10       4.927942446844e-12      -8.744752100627e-12       1.211097669714e-14       4.913232989337e-15       3.393773898788e-16       2.236260683169e-16 
 1038       1.429384606919e-10       4.896795684414e-12      -8.848971803770e-12       1.211289907198e-14       4.895028866038e-15       3.287133860907e-16       2.221863851939e-16 
 1039       1.431808243555e-10       4.865212113892e-12      -8.950279096730e-12       1.211493965040e-14       4.876906761850e-15       3.181497836240e-16       2.207199748181e-16 
 1040       1.434322136723e-10       4.833204832758e-12      -9.048665386101e-12       1.211709627870e-14       4.858866390585e-15       3.076892823641e-16       2.192278343422e-16 
 1041       1.436923464839e-10       4.800787050621e-12      -9.144122117421e-12       1.211936678159e-14       4.840907459057e-15       2.973345986716e-16       2.177109693334e-16 
 1042       1.439609381695e-10       4.767972089494e-12      -9.236640775353e-12       1.212174896216e-14       4.823029667059e-15       2.870884654190e-16       2.161703937941e-16 
 1043       1.442377016396e-10       4.734773384074e-12      -9.326212883869e-12       1.212424060176e-14       4.805232707341e-15       2.769536320254e-16       2.146071301831e-16 
 1044       1.445223473301e-10       4.701204482016e-12      -9.412830006423e-12       1.212683946001e-14       4.787516265592e-15       2.669328644931e-16       2.130222094356e-16 
 1045       1.448145831957e-10       4.667279044212e-12      -9.496483746140e-12       1.212954327470e-14       4.769880020412e-15       2.570289454428e-16       2.114166709844e-16 
 1046       1.451141147043e-10       4.633010845066e-12      -9.577165745993e-12       1.213234976174e-14       4.752323643296e-15       2.472446741497e-16       2.097915627807e-16 
 1047       1.454206448304e-10       4.598413772774e-12      -9.654867688981e-12       1.213525661513e-14       4.734846798611e-15       2.375828665790e-16       2.081479413147e-16 
 1048       1.457338740493e-10       4.563501829599e-12      -9.729581298314e-12       1.213826150687e-14       4.717449143572e-15       2.280463554215e-16       2.064868716360e-16 
 1049       1.460535003305e-10       4.528289132147e-12      -9.801298337591e-12       1.214136208692e-14       4.700130328223e-15       2.186379901300e-16       2.048094273752e-16 
 1050       1.463792191323e-10       4.492789911647e-12      -9.870010610983e-12       1.214455598314e-14       4.682889995416e-15       2.093606369543e-16       2.031166907635e-16 
 1051       1.467107233948e-10       4.457018514224e-12      -9.935709963411e-12       1.214784080124e-14       4.665727780785e-15       2.002171789773e-16       2.014097526547e-16 
 1052       1.470477035343e-10       4.420989401180e-12      -9.998388280726e-12       1.215121412470e-14       4.648643312732e-15       1.912105161508e-16       1.996897125447e-16 
 1053       1.473898474372e-10       4.384717149268e-12      -1.005803748989e-11       1.215467351476e-14       4.631636212395e-15       1.823435653309e-16       1.979576785932e-16 
 1054       1.477368404534e-10       4.348216450973e-12      -1.011464955917e-11       1.215821651031e-14       4.614706093638e-15       1.736192603142e-16       1.962147676440e-16 
 1055       1.480883653907e-10       4.311502114783e-12      -1.016821649829e-11       1.216184062786e-14       4.597852563019e-15       1.650405518732e-16       1.944621052458e-16 
 1056       1.484441025080e-10       4.274589065470e-12      -1.021873035864e-11       1.216554336149e-14       4.581075219777e-15       1.566104077923e-16       1.927008256729e-16 
 1057       1.488037295100e-10       4.237492344367e-12      -1.026618323343e-11       1.216932218279e-14       4.564373655803e-15       1.483318129033e-16       1.909320719459e-16 
 1058       1.491669215403e-10       4.200227109645e-12      -1.031056725791e-11       1.217317454078e-14       4.547747455624e-15       1.402077691212e-16       1.891569958528e-16 
 1059       1.495333511757e-10       4.162808636587e-12      -1.035187460950e-11       1.217709786188e-14       4.531196196378e-15       1.322412954801e-16       1.873767579693e-16 
 1060       1.499026884197e-10       4.125252317868e-12      -1.039009750801e-11       1.218108954985e-14       4.514719447795e-15       1.244354281687e-16       1.855925276797e-16 
 1061       1.502746006969e-10       4.087573663833e-12      -1.042522821580e-11       1.218514698571e-14       4.498316772173e-15       1.167932205664e-16       1.838054831976e-16 
 1062       1.506487528461e-10       4.049788302770e-12      -1.045725903799e-11       1.218926752773e-14       4.481987724358e-15       1.093177432785e-16       1.820168115868e-16 
 1063       1.510248071150e-10       4.011911981190e-12      -1.048618232258e-11       1.219344851132e-14       4.465731851722e-15       1.020120841725e-16       1.802277087818e-16 
 1064       1.514024231534e-10       3.973960564103e-12      -1.051199046071e-11       1.219768724901e-14       4.449548694140e-15       9.487934841365e-17       1.784393796089e-16 
 1065       1.517812580072e-10       3.935950035296e-12      -1.053467588676e-11       1.220198103037e-14       4.433437783971e-15       8.792265850040e-17       1.766530378065e-16 
 1066       1.521609661125e-10       3.897896497607e-12      -1.055423107860e-11       1.220632712199e-14       4.417398646036e-15       8.114515430058e-17       1.748699060461e-16 
 1067       1.525411992894e-10       3.859816173208e-12      -1.057064855773e-11       1.221072276736e-14       4.401430797592e-15       7.454999308687e-17       1.730912159528e-16 
 1068       1.529216067355e-10       3.821725403875e-12      -1.058392088947e-11       1.221516518690e-14       4.385533748318e-15       6.814034957266e-17       1.713182081267e-16 
 1069       1.533018350201e-10       3.783640651269e-12      -1.059404068315e-11       1.221965157780e-14       4.369707000286e-15       6.191941594776e-17       1.695521321626e-16 
 1070       1.536815280780e-10       3.745578497212e-12      -1.060100059226e-11       1.222417911407e-14       4.353950047944e-15       5.589040191411e-17       1.677942466717e-16 
 1071       1.540603272034e-10       3.707555643965e-12      -1.060479331470e-11       1.222874494640e-14       4.338262378094e-15       5.005653472156e-17       1.660458193018e-16 
 1072       1.544378710434e-10       3.669588914504e-12      -1.060541159285e-11       1.223334620215e-14       4.322643469869e-15       4.442105920364e-17       1.643081267581e-16 
 1073       1.548138251043e-10       3.631694206135e-12      -1.060285481919e-11       1.223798002949e-14       4.307092848354e-15       3.898616997376e-17       1.625821553323e-16 
 1074       1.551879707202e-10       3.593883335179e-12      -1.059714895082e-11       1.224264373065e-14       4.291610246301e-15       3.374979201963e-17       1.608676979809e-16 
 1075       1.555601172835e-10       3.556167149876e-12      -1.058832686641e-11       1.224733463041e-14       4.276195444570e-15       2.870875634195e-17       1.591642449934e-16 
 1076       1.559300728395e-10       3.518556573310e-12      -1.057642178636e-11       1.225205003194e-14       4.260848218679e-15       2.385986374320e-17       1.574712823581e-16 
 1077       1.562976440838e-10       3.481062603586e-12      -1.056146727365e-11       1.225678721678e-14       4.245568338780e-15       1.919988475224e-17       1.557882917523e-16 
 1078       1.566626363586e-10       3.443696313992e-12      -1.054349723471e-11       1.226154344477e-14       4.230355569644e-15       1.472555954879e-17       1.541147505315e-16 
 1079       1.570248536502e-10       3.406468853169e-12      -1.052254592027e-11       1.226631595401e-14       4.215209670650e-15       1.043359788802e-17       1.524501317190e-16 
 1080       1.573840985858e-10       3.369391445278e-12      -1.049864792628e-11       1.227110196083e-14       4.200130395763e-15       6.320679025101e-18       1.507939039956e-16 
 1081       1.577401724301e-10       3.332475390171e-12      -1.047183819471e-11       1.227589865967e-14       4.185117493522e-15       2.383451639737e-18       1.491455316890e-16 
 1082       1.580928750825e-10       3.295732063555e-12      -1.044215201450e-11       1.228070322311e-14       4.170170707023e-15      -1.381466239283e-18       1.475044747634e-16 
 1083       1.584420050742e-10       3.259172917161e-12      -1.040962502234e-11       1.228551280175e-14       4.155289773900e-15      -4.977487309537e-18       1.458701888091e-16 
 1084       1.587873595647e-10       3.222809478916e-12      -1.037429320360e-11       1.229032452422e-14       4.140474426315e-15      -8.408055070417e-18       1.442421250320e-16 
 1085       1.591287343390e-10       3.186653353106e-12      -1.033619289318e-11       1.229513549706e-14       4.125724390937e-15      -1.167664389859e-17       1.426197302431e-16 
 1086       1.594659238046e-10       3.150716220545e-12      -1.029536077638e-11       1.229994280473e-14       4.111039388926e-15      -1.478675912343e-17       1.410024468482e-16 
 1087       1.597987209881e-10       3.115009838746e-12      -1.025183388976e-11       1.230474350951e-14       4.096419135920e-15      -1.774193710249e-17       1.393897128373e-16 
 1088       1.601269175325e-10       3.079546042085e-12      -1.020564962202e-11       1.230953465150e-14       4.081863342019e-15      -2.054574529697e-17       1.377809617744e-16 
 1089       1.604503036939e-10       3.044336741971e-12      -1.015684571486e-11       1.231431324850e-14       4.067371711765e-15      -2.320178234710e-17       1.361756227867e-16 
 1090       1.607686683385e-10       3.009393927016e-12      -1.010546026386e-11       1.231907629602e-14       4.052943944129e-15      -2.571367814768e-17       1.345731205544e-16 
 1091       1.610817989396e-10       2.974729663199e-12      -1.005153171932e-11       1.232382076721e-14       4.038579732496e-15      -2.808509392347e-17       1.329728753001e-16 
 1092       1.613894815743e-10       2.940356094037e-12      -9.995098887176e-12       1.232854361277e-14       4.024278764645e-15      -3.031972230467e-17       1.313743027785e-16 
 1093       1.616915009206e-10       2.906285440749e-12      -9.936200929823e-12       1.233324176095e-14       4.010040722739e-15      -3.242128740234e-17       1.297768142661e-16 
 1094       1.619876402545e-10       2.872530002432e-12      -9.874877367007e-12       1.233791211749e-14       3.995865283302e-15      -3.439354488391e-17       1.281798165502e-16 
 1095       1.622776814466e-10       2.839102156220e-12      -9.811168076689e-12       1.234255156554e-14       3.981752117207e-15      -3.624028204858e-17       1.265827119190e-16 
 1096       1.625614049590e-10       2.806014357457e-12      -9.745113295910e-12       1.234715696561e-14       3.967700889662e-15      -3.796531790278e-17       1.249848981509e-16 
 1097       1.628385898426e-10       2.773279139864e-12      -9.676753621664e-12       1.235172515555e-14       3.953711260189e-15      -3.957250323564e-17       1.233857685041e-16 
 1098       1.631090137339e-10       2.740909115708e-12      -9.606130011764e-12       1.235625295049e-14       3.939782882611e-15      -4.106572069444e-17       1.217847117062e-16 
 1099       1.633724528517e-10       2.708916975966e-12      -9.533283785709e-12       1.236073714274e-14       3.925915405035e-15      -4.244888486003e-17       1.201811119436e-16 
 1100       1.636286819941e-10       2.677315490501e-12      -9.458256625557e-12       1.236517450182e-14       3.912108469837e-15      -4.372594232234e-17       1.185743488514e-16 
 1101       1.638774745357e-10       2.646117508219e-12      -9.381090576788e-12       1.236956177433e-14       3.898361713645e-15      -4.490087175576e-17       1.169637975025e-16 
 1102       1.641186024242e-10       2.615335957248e-12      -9.301828049178e-12       1.237389568395e-14       3.884674767324e-15      -4.597768399466e-17       1.153488283975e-16 
 1103       1.643518361776e-10       2.584983845099e-12      -9.220511817661e-12       1.237817293136e-14       3.871047255959e-15      -4.696042210880e-17       1.137288074539e-16 
 1104       1.645769448808e-10       2.555074258834e-12      -9.137185023202e-12       1.238239019420e-14       3.857478798839e-15      -4.785316147878e-17       1.121030959963e-16 
 1105       1.647936961829e-10       2.525620365240e-12      -9.051891173668e-12       1.238654412701e-14       3.843969009442e-15      -4.866000987153e-17       1.104710507451e-16 
 1106       1.650018562939e-10       2.496635410989e-12      -8.964674144686e-12       1.239063136119e-14       3.830517495417e-15      -4.938510751572e-17       1.088320238067e-16 
 1107       1.652011899816e-10       2.468132722815e-12      -8.875578180525e-12       1.239464850496e-14       3.817123858571e-15      -5.003262717723e-17       1.071853626629e-16 
 1108       1.653914605687e-10       2.440125707671e-12      -8.784647894952e-12       1.239859214324e-14       3.803787694850e-15      -5.060677423460e-17       1.055304101602e-16 
 1109       1.655724299296e-10       2.412627852907e-12      -8.691928272110e-12       1.240245883770e-14       3.790508594325e-15      -5.111178675448e-17       1.038665044997e-16 
 1110       1.657438584874e-10       2.385652726435e-12      -8.597464667381e-12       1.240624512663e-14       3.777286141175e-15      -5.155193556710e-17       1.021929792264e-16 
 1111       1.659055052107e-10       2.359213976891e-12      -8.501302808254e-12       1.240994752490e-14       3.764119913672e-15      -5.193152434169e-17       1.005091632189e-16 
 1112       1.660571649854e-10       2.333323521583e-12      -8.403489319382e-12       1.241356284911e-14       3.751009527795e-15      -5.225432498047e-17       9.881455652551e-17 
 1113       1.661987812728e-10       2.307986083881e-12      -8.304073303530e-12       1.241708919758e-14       3.737954768739e-15      -5.252187552481e-17       9.710936042334e-17 
 1114       1.663303349256e-10       2.283204584371e-12      -8.203104783127e-12       1.242052498311e-14       3.724955461107e-15      -5.273516003182e-17       9.539395430396e-17 
 1115       1.664518069484e-10       2.258981946572e-12      -8.100634178880e-12       1.242386860897e-14       3.712011425416e-15      -5.289517124803e-17       9.366872046503e-17 
 1116       1.665631784979e-10       2.235321096920e-12      -7.996712310696e-12       1.242711846887e-14       3.699122478091e-15      -5.300291063012e-17       9.193404411697e-17 
 1117       1.666644308836e-10       2.212224964768e-12      -7.891390398602e-12       1.243027294694e-14       3.686288431449e-15      -5.305938836561e-17       9.019031338954e-17 
 1118       1.667555455683e-10       2.189696482374e-12      -7.784720063661e-12       1.243333041771e-14       3.673509093691e-15      -5.306562339355e-17       8.843791933842e-17 
 1119       1.668365041687e-10       2.167738584894e-12      -7.676753328896e-12       1.243628924612e-14       3.660784268888e-15      -5.302264342523e-17       8.667725595186e-17 
 1120       1.669072884559e-10       2.146354210376e-12      -7.567542620204e-12       1.243914778743e-14       3.648113756969e-15      -5.293148496488e-17       8.490872015723e-17 
 1121       1.669678803561e-10       2.125546299750e-12      -7.457140767280e-12       1.244190438727e-14       3.635497353710e-15      -5.279319333038e-17       8.313271182768e-17 
 1122       1.670182619509e-10       2.105317796822e-12      -7.345601004531e-12       1.244455738159e-14       3.622934850722e-15      -5.260882267394e-17       8.134963378868e-17 
 1123       1.670584154781e-10       2.085671648266e-12      -7.232976972002e-12       1.244710509664e-14       3.610426035440e-15      -5.237943600284e-17       7.955989182468e-17 
 1124       1.670883233321e-10       2.066610803614e-12      -7.119322716289e-12       1.244954584893e-14       3.597970691110e-15      -5.210610520008e-17       7.776389468569e-17 
 1125       1.671079680645e-10       2.048138215254e-12      -7.004692691462e-12       1.245187794526e-14       3.585568596779e-15      -5.178991104514e-17       7.596205409386e-17 
 1126       1.671173323846e-10       2.030256838414e-12      -6.889141759982e-12       1.245409968265e-14       3.573219527278e-15      -5.143194323463e-17       7.415478475012e-17 
 1127       1.671163991601e-10       2.012969631162e-12      -6.772725193622e-12       1.245620934835e-14       3.560923253220e-15      -5.103330040301e-17       7.234250434078e-17 
 1128       1.671051514175e-10       1.996279554395e-12      -6.655498674386e-12       1.245820521980e-14       3.548679540977e-15      -5.059509014332e-17       7.052563354408e-17 
 1129       1.670835723427e-10       1.980189571830e-12      -6.537518295427e-12       1.246008556463e-14       3.536488152678e-15      -5.011842902783e-17       6.870459603688e-17 
 1130       1.670516452816e-10       1.964702649999e-12      -6.418840561967e-12       1.246184864060e-14       3.524348846189e-15      -4.960444262879e-17       6.687981850119e-17 
 1131       1.670093537405e-10       1.949821758239e-12      -6.299522392218e-12       1.246349269565e-14       3.512261375107e-15      -4.905426553908e-17       6.505173063081e-17 
 1132       1.669566813870e-10       1.935549868686e-12      -6.179621118296e-12       1.246501596779e-14       3.500225488748e-15      -4.846904139298e-17       6.322076513790e-17 
 1133       1.668936120500e-10       1.921889956267e-12      -6.059194487148e-12       1.246641668517e-14       3.488240932129e-15      -4.784992288681e-17       6.138735775963e-17 
 1134       1.668201297208e-10       1.908844998691e-12      -5.938300661464e-12       1.246769306598e-14       3.476307445965e-15      -4.719807179965e-17       5.955194726475e-17 
 1135       1.667362185534e-10       1.896417976443e-12      -5.816998220600e-12       1.246884331849e-14       3.464424766651e-15      -4.651465901408e-17       5.771497546021e-17 
 1136       1.666418628650e-10       1.884611872776e-12      -5.695346161498e-12       1.246986564100e-14       3.452592626251e-15      -4.580086453680e-17       5.587688719773e-17 
 1137       1.665370471366e-10       1.873429673701e-12      -5.573403899602e-12       1.247075822180e-14       3.440810752491e-15      -4.505787751941e-17       5.403813038044e-17 
 1138       1.664217560136e-10       1.862874367982e-12      -5.451231269780e-12       1.247151923921e-14       3.429078868739e-15      -4.428689627909e-17       5.219915596947e-17 
 1139       1.662959743065e-10       1.852948947129e-12      -5.328888527242e-12       1.247214686150e-14       3.417396694002e-15      -4.348912831928e-17       5.036041799057e-17 
 1140       1.661596869911e-10       1.843656405386e-12      -5.206436348459e-12       1.247263924690e-14       3.405763942907e-15      -4.266579035038e-17       4.852237354065e-17 
 1141       1.660128792092e-10       1.834999739729e-12      -5.083935832083e-12       1.247299454358e-14       3.394180325694e-15      -4.181810831051e-17       4.668548279448e-17 
 1142       1.658555362692e-10       1.826981949852e-12      -4.961448499868e-12       1.247321088960e-14       3.382645548202e-15      -4.094731738612e-17       4.485020901121e-17 
 1143       1.656876436469e-10       1.819606038166e-12      -4.839036297585e-12       1.247328641293e-14       3.371159311856e-15      -4.005466203277e-17       4.301701854101e-17 
 1144       1.655091869856e-10       1.812875009786e-12      -4.716761595944e-12       1.247321923142e-14       3.359721313661e-15      -3.914139599580e-17       4.118638083166e-17 
 1145       1.653201520966e-10       1.806791872524e-12      -4.594687191512e-12       1.247300745274e-14       3.348331246181e-15      -3.820878233102e-17       3.935876843518e-17 
 1146       1.651205249605e-10       1.801359636886e-12      -4.472876307636e-12       1.247264917441e-14       3.336988797536e-15      -3.725809342544e-17       3.753465701440e-17 
 1147       1.649102917268e-10       1.796581316058e-12      -4.351392595356e-12       1.247214248376e-14       3.325693651386e-15      -3.629061101796e-17       3.571452534958e-17 
 1148       1.646894387153e-10       1.792459925902e-12      -4.230300134330e-12       1.247148545791e-14       3.314445486918e-15      -3.530762622005e-17       3.389885534499e-17 
 1149       1.644579524158e-10       1.788998484947e-12      -4.109663433748e-12       1.247067616374e-14       3.303243978838e-15      -3.431043953649e-17       3.208813203556e-17 
 1150       1.642158194895e-10       1.786200014383e-12      -3.989547433257e-12       1.246971265788e-14       3.292088797356e-15      -3.330036088603e-17       3.028284359344e-17 
 1151       1.639630506541e-10       1.784066055432e-12      -3.870012505876e-12       1.246859337474e-14       3.280979641415e-15      -3.227800072475e-17       2.848345501124e-17 
 1152       1.636997526719e-10       1.782592200882e-12      -3.751099395435e-12       1.246731829600e-14       3.269916338855e-15      -3.124113352018e-17       2.669032877252e-17 
 1153       1.634260572772e-10       1.781772506803e-12      -3.632844089712e-12       1.246588779594e-14       3.258898747495e-15      -3.018680719022e-17       2.490380318718e-17 
 1154       1.631420973764e-10       1.781600969873e-12      -3.515282801552e-12       1.246430225473e-14       3.247926722006e-15      -2.911204949670e-17       2.312421862765e-17 
 1155       1.628480070511e-10       1.782071527243e-12      -3.398451969333e-12       1.246256205844e-14       3.237000113894e-15      -2.801386800192e-17       2.135191753314e-17 
 1156       1.625439215605e-10       1.783178056391e-12      -3.282388257434e-12       1.246066759909e-14       3.226118771500e-15      -2.688925002520e-17       1.958724441383e-17 
 1157       1.622299773444e-10       1.784914374981e-12      -3.167128556702e-12       1.245861927463e-14       3.215282539986e-15      -2.573516259943e-17       1.783054585514e-17 
 1158       1.619063120258e-10       1.787274240721e-12      -3.052709984916e-12       1.245641748896e-14       3.204491261325e-15      -2.454855242760e-17       1.608217052191e-17 
 1159       1.615730644133e-10       1.790251351221e-12      -2.939169887260e-12       1.245406265196e-14       3.193744774297e-15      -2.332634583936e-17       1.434246916263e-17 
 1160       1.612303745045e-10       1.793839343853e-12      -2.826545836785e-12       1.245155517951e-14       3.183042914478e-15      -2.206544874756e-17       1.261179461367e-17 
 1161       1.608783834880e-10       1.798031795604e-12      -2.714875634876e-12       1.244889549345e-14       3.172385514230e-15      -2.076274660481e-17       1.089050180350e-17 
 1162       1.605172337467e-10       1.802822222941e-12      -2.604197311722e-12       1.244608402168e-14       3.161772402694e-15      -1.941510436000e-17       9.178947756892e-18 
 1163       1.601470688600e-10       1.808204081664e-12      -2.494549126781e-12       1.244312119810e-14       3.151203405779e-15      -1.801936641487e-17       7.477491599161e-18 
 1164       1.597680336069e-10       1.814170766767e-12      -2.385969569246e-12       1.244000746267e-14       3.140678346156e-15      -1.657235658052e-17       5.786494560379e-18 
 1165       1.593802739686e-10       1.820715612294e-12      -2.278497358514e-12       1.243674326140e-14       3.130197043248e-15      -1.507087803400e-17       4.106319979592e-18 
 1166       1.589839371311e-10       1.827831891197e-12      -2.172171444651e-12       1.243332904638e-14       3.119759313221e-15      -1.351171327485e-17       2.437333309048e-18 
 1167       1.585791714881e-10       1.835512815198e-12      -2.067031008860e-12       1.242976527578e-14       3.109364968975e-15      -1.189162408161e-17       7.799021184087e-19 
 1168       1.581661266434e-10       1.843751534643e-12      -1.963115463949e-12       1.242605241389e-14       3.099013820137e-15      -1.020735146839e-17      -8.656039010215e-19 
 1169       1.577449534141e-10       1.852541138359e-12      -1.860464454796e-12       1.242219093109e-14       3.088705673047e-15      -8.455615641423e-18      -2.498812932080e-18 
 1170       1.573158038329e-10       1.861874653519e-12      -1.759117858816e-12       1.241818130393e-14       3.078440330759e-15      -6.633115955593e-18      -4.119351027525e-18 
 1171       1.568788311511e-10       1.871745045492e-12      -1.659115786429e-12       1.241402401507e-14       3.068217593021e-15      -4.736530870994e-18      -5.726842105812e-18 
 1172       1.564341898409e-10       1.882145217707e-12      -1.560498581527e-12       1.240971955335e-14       3.058037256274e-15      -2.762517909470e-18      -7.320907946876e-18 
 1173       1.559820355985e-10       1.893068011508e-12      -1.463306821939e-12       1.240526841378e-14       3.047899113642e-15      -7.077136111629e-19      -8.901168187910e-18 
 1174       1.555225253470e-10       1.904506206013e-12      -1.367581319902e-12       1.240067109758e-14       3.037802954918e-15       1.431266508946e-18      -1.046724031914e-17 
 1175       1.550558172383e-10       1.916452517972e-12      -1.273363122522e-12       1.239592811214e-14       3.027748566564e-15       3.657828004484e-18      -1.201873967962e-17 
 1176       1.545820706568e-10       1.928899601626e-12      -1.180693512246e-12       1.239103997111e-14       3.017735731694e-15       5.975397541146e-18      -1.355527945299e-17 
 1177       1.541014462212e-10       1.941840048564e-12      -1.089614007327e-12       1.238600719434e-14       3.007764230070e-15       8.387422940147e-18      -1.507647066327e-17 
 1178       1.536141057881e-10       1.955266387581e-12      -1.000166362291e-12       1.238083030795e-14       2.997833838091e-15       1.089737322168e-17      -1.658192217063e-17 
 1179       1.531202124540e-10       1.969171084537e-12      -9.123925684038e-13       1.237550984432e-14       2.987944328787e-15       1.350873864835e-17      -1.807124066717e-17 
 1180       1.526199305583e-10       1.983546542215e-12      -8.263348541380e-13       1.237004634211e-14       2.978095471807e-15       1.622503076867e-17      -1.954403067273e-17 
 1181       1.521134256861e-10       1.998385100178e-12      -7.420356856401e-13       1.236444034626e-14       2.968287033411e-15       1.904978246048e-17      -2.099989453060e-17 
 1182       1.516008646707e-10       2.013679034629e-12      -6.595377671975e-13       1.235869240804e-14       2.958518776463e-15       2.198654797439e-17      -2.243843240339e-17 
 1183       1.510824155965e-10       2.029420558269e-12      -5.788840417049e-13       1.235280308503e-14       2.948790460420e-15       2.503890297730e-17      -2.385924226871e-17 
 1184       1.505582478016e-10       2.045601820151e-12      -5.001176911319e-13       1.234677294114e-14       2.939101841326e-15       2.821044459577e-17      -2.526191991506e-17 
 1185       1.500285318806e-10       2.062214905543e-12      -4.232821369896e-13       1.234060254666e-14       2.929452671800e-15       3.150479145952e-17      -2.664605893750e-17 
 1186       1.494934396873e-10       2.079251835787e-12      -3.484210407972e-13       1.233429247821e-14       2.919842701029e-15       3.492558374491e-17      -2.801125073350e-17 
 1187       1.489531443372e-10       2.096704568151e-12      -2.755783045498e-13       1.232784331881e-14       2.910271674759e-15       3.847648321832e-17      -2.935708449870e-17 
 1188       1.484078202107e-10       2.114564995691e-12      -2.047980711842e-13       1.232125565788e-14       2.900739335286e-15       4.216117327967e-17      -3.068314722268e-17 
 1189       1.478576429551e-10       2.132824947111e-12      -1.361247250469e-13       1.231453009125e-14       2.891245421448e-15       4.598335900585e-17      -3.198902368478e-17 
 1190       1.473027895070e-10       2.151475835271e-12      -6.959593169787e-14       1.230766744109e-14       2.881789693060e-15       4.994509434909e-17      -3.327442949639e-17 
 1191       1.467434381514e-10       2.170507598281e-12      -5.221662802135e-15       1.230066941866e-14       2.872372004570e-15       5.404174115320e-17      -3.453961202549e-17 
 1192       1.461797684681e-10       2.189909745121e-12       5.699508546197e-14       1.229353796977e-14       2.862992232288e-15       5.826694830739e-17      -3.578495438814e-17 
 1193       1.456119613162e-10       2.209671705635e-12       1.170513552305e-13       1.228627505555e-14       2.853650250022e-15       6.261431887728e-17      -3.701084285562e-17 
 1194       1.450401988361e-10       2.229782830362e-12       1.749442270762e-13       1.227888265256e-14       2.844345929067e-15       6.707741000670e-17      -3.821766686144e-17 
 1195       1.444646644528e-10       2.250232390360e-12       2.306708201313e-13       1.227136275279e-14       2.835079138201e-15       7.164973281948e-17      -3.940581900840e-17 
 1196       1.438855428784e-10       2.271009577037e-12       2.842282922095e-13       1.226371736369e-14       2.825849743676e-15       7.632475232132e-17      -4.057569507565e-17 
 1197       1.433030201145e-10       2.292103501981e-12       3.356138399286e-13       1.225594850821e-14       2.816657609212e-15       8.109588730157e-17      -4.172769402569e-17 
 1198       1.427172834555e-10       2.313503196784e-12       3.848246988330e-13       1.224805822482e-14       2.807502595993e-15       8.595651023504e-17      -4.286221801149e-17 
 1199       1.421285214910e-10       2.335197612875e-12       4.318581435159e-13       1.224004856759e-14       2.798384562657e-15       9.089994718387e-17      -4.397967238344e-17 
 1200       1.415369241083e-10       2.357175621346e-12       4.767114877420e-13       1.223192160616e-14       2.789303365287e-15       9.591947769926e-17      -4.508046569646e-17 
 1201       1.409426824956e-10       2.379426012780e-12       5.193820845698e-13       1.222367942580e-14       2.780258857413e-15       1.010083347234e-16      -4.616500971703e-17 
 1202       1.403459891444e-10       2.401937497080e-12       5.598673264739e-13       1.221532412747e-14       2.771250889997e-15       1.061597044911e-16      -4.723371943024e-17 
 1203       1.397470378523e-10       2.424698703297e-12       5.981646454675e-13       1.220685782780e-14       2.762279311429e-15       1.113667264319e-16      -4.828701304679e-17 
 1204       1.391460237256e-10       2.447698179460e-12       6.342715132251e-13       1.219828265918e-14       2.753343967521e-15       1.166224930716e-16      -4.932531201010e-17 
 1205       1.385431431822e-10       2.470924392401e-12       6.681854412043e-13       1.218960076974e-14       2.744444701500e-15       1.219200499342e-16      -5.034904100331e-17 
 1206       1.379385939543e-10       2.494365727589e-12       6.999039807690e-13       1.218081432342e-14       2.735581354001e-15       1.272523954437e-16      -5.135862795635e-17 
 1207       1.373325750910e-10       2.518010488952e-12       7.294247233112e-13       1.217192550000e-14       2.726753763060e-15       1.326124808260e-16      -5.235450405294e-17 
 1208       1.367252869609e-10       2.541846898709e-12       7.567453003738e-13       1.216293649511e-14       2.717961764108e-15       1.379932100106e-16      -5.333710373771e-17 
 1209       1.361169312552e-10       2.565863097197e-12       7.818633837727e-13       1.215384952028e-14       2.709205189964e-15       1.433874395324e-16      -5.430686472316e-17 
 1210       1.355077109902e-10       2.590047142701e-12       8.047766857195e-13       1.214466680299e-14       2.700483870828e-15       1.487879784337e-16      -5.526422799676e-17 
 1211       1.348978305098e-10       2.614387011282e-12       8.254829589439e-13       1.213539058667e-14       2.691797634276e-15       1.541875881658e-16      -5.620963782799e-17 
 1212       1.342874954886e-10       2.638870596602e-12       8.439799968160e-13       1.212602313074e-14       2.683146305249e-15       1.595789824910e-16      -5.714354177534e-17 
 1213       1.336769129344e-10       2.663485709758e-12       8.602656334687e-13       1.211656671067e-14       2.674529706052e-15       1.649548273841e-16      -5.806639069344e-17 
 1214       1.330662911909e-10       2.688220079105e-12       8.743377439204e-13       1.210702361797e-14       2.665947656342e-15       1.703077409348e-16      -5.897863873999e-17 
 1215       1.324558399406e-10       2.713061350090e-12       8.861942441969e-13       1.209739616029e-14       2.657399973127e-15       1.756302932487e-16      -5.988074338291e-17 
 1216       1.318457702074e-10       2.737997085073e-12       8.958330914545e-13       1.208768666136e-14       2.648886470752e-15       1.809150063501e-16      -6.077316540732e-17 
 1217       1.312362943590e-10       2.763014763164e-12       9.032522841020e-13       1.207789746111e-14       2.640406960900e-15       1.861543540829e-16      -6.165636892260e-17 
 1218       1.306276261103e-10       2.788101780043e-12       9.084498619229e-13       1.206803091566e-14       2.631961252579e-15       1.913407620130e-16      -6.253082136946e-17 
 1219       1.300199805256e-10       2.813245447795e-12       9.114239061986e-13       1.205808939736e-14       2.623549152120e-15       1.964666073299e-16      -6.339699352694e-17 
 1220       1.294135740213e-10       2.838432994736e-12       9.121725398300e-13       1.204807529481e-14       2.615170463167e-15       2.015242187484e-16      -6.425535951949e-17 
 1221       1.288086243690e-10       2.863651565237e-12       9.106939274604e-13       1.203799101292e-14       2.606824986671e-15       2.065058764107e-16      -6.510639682399e-17 
 1222       1.282053506978e-10       2.888888219562e-12       9.069862755978e-13       1.202783897295e-14       2.598512520886e-15       2.114038117881e-16      -6.595058627681e-17 
 1223       1.276039734974e-10       2.914129933687e-12       9.010478327373e-13       1.201762161248e-14       2.590232861358e-15       2.162102075827e-16      -6.678841208086e-17 
 1224       1.270047146204e-10       2.939363599133e-12       8.928768894836e-13       1.200734138553e-14       2.581985800921e-15       2.209171976294e-16      -6.762036181260e-17 
 1225       1.264077972853e-10       2.964576022795e-12       8.824717786733e-13       1.199700076253e-14       2.573771129691e-15       2.255168667975e-16      -6.844692642913e-17 
 1226       1.258134460793e-10       2.989753926766e-12       8.698308754974e-13       1.198660223037e-14       2.565588635056e-15       2.300012508928e-16      -6.926860027520e-17 
 1227       1.252218869605e-10       3.014883948172e-12       8.549525976238e-13       1.197614829244e-14       2.557438101673e-15       2.343623365592e-16      -7.008588109027e-17 
 1228       1.246333472614e-10       3.039952638993e-12       8.378354053195e-13       1.196564146868e-14       2.549319311458e-15       2.385920611806e-16      -7.089927001556e-17 
 1229       1.240480363970e-10       3.064947321912e-12       8.184825709923e-13       1.195508424013e-14       2.541232064970e-15       2.426846092252e-16      -7.170913282994e-17 
 1230       1.234660877344e-10       3.089858669322e-12       7.969165496613e-13       1.194447888198e-14       2.533176245834e-15       2.466433313725e-16      -7.251528183705e-17 
 1231       1.228876160378e-10       3.114678154650e-12       7.731647796534e-13       1.193382762862e-14       2.525151757072e-15       2.504739074884e-16      -7.331738901908e-17 
 1232       1.223127367001e-10       3.139397199024e-12       7.472549291898e-13       1.192313272895e-14       2.517158499776e-15       2.541820577311e-16      -7.411512435291e-17 
 1233       1.217415657449e-10       3.164007171165e-12       7.192148968868e-13       1.191239644638e-14       2.509196373103e-15       2.577735426357e-16      -7.490815580605e-17 
 1234       1.211742198271e-10       3.188499387286e-12       6.890728122568e-13       1.190162105886e-14       2.501265274275e-15       2.612541631982e-16      -7.569614933273e-17 
 1235       1.206108162343e-10       3.212865110989e-12       6.568570362095e-13       1.189080885894e-14       2.493365098567e-15       2.646297609595e-16      -7.647876886990e-17 
 1236       1.200514728881e-10       3.237095553157e-12       6.225961615528e-13       1.187996215376e-14       2.485495739306e-15       2.679062180899e-16      -7.725567633326e-17 
 1237       1.194963083451e-10       3.261181871858e-12       5.863190134939e-13       1.186908326510e-14       2.477657087868e-15       2.710894574726e-16      -7.802653161329e-17 
 1238       1.189454417981e-10       3.285115172233e-12       5.480546501401e-13       1.185817452942e-14       2.469849033667e-15       2.741854427882e-16      -7.879099257128e-17 
 1239       1.183989930774e-10       3.308886506399e-12       5.078323630002e-13       1.184723829785e-14       2.462071464156e-15       2.772001785989e-16      -7.954871503537e-17 
 1240       1.178570826519e-10       3.332486873339e-12       4.656816774854e-13       1.183627693626e-14       2.454324264818e-15       2.801397104323e-16      -8.029935279655e-17 
 1241       1.173198316304e-10       3.355907218806e-12       4.216323534103e-13       1.182529282526e-14       2.446607319163e-15       2.830101248659e-16      -8.104255760472e-17 
 1242       1.167873617624e-10       3.379138435212e-12       3.757143854937e-13       1.181428836027e-14       2.438920508721e-15       2.858175496107e-16      -8.177797916469e-17 
 1243       1.162597954399e-10       3.402171361527e-12       3.279580038601e-13       1.180326595147e-14       2.431263713041e-15       2.885681535959e-16      -8.250526513224e-17 
 1244       1.157372556981e-10       3.424996783180e-12       2.783936745404e-13       1.179222802393e-14       2.423636809681e-15       2.912681470524e-16      -8.322406111010e-17 
 1245       1.152198662167e-10       3.447605431946e-12       2.270520999731e-13       1.178117701755e-14       2.416039674207e-15       2.939237815976e-16      -8.393401064404e-17 
 1246       1.147077513213e-10       3.469987985850e-12       1.739642195051e-13       1.177011538715e-14       2.408472180186e-15       2.965413503188e-16      -8.463475521884e-17 
 1247       1.142010359840e-10       3.492135069061e-12       1.191612098930e-13       1.175904560245e-14       2.400934199180e-15       2.991271878580e-16      -8.532593425436e-17 
 1248       1.136998458256e-10       3.514037251787e-12       6.267448580412e-14       1.174797014816e-14       2.393425600744e-15       3.016876704954e-16      -8.600718510155e-17 
 1249       1.132043071156e-10       3.535685050172e-12       4.535700317181e-15       1.173689152394e-14       2.385946252419e-15       3.042292162339e-16      -8.667814303848e-17 
 1250       1.127145467743e-10       3.557068926195e-12      -5.522325457622e-14       1.172581224448e-14       2.378496019727e-15       3.067582848831e-16      -8.733844126637e-17 
 1251       1.122306923735e-10       3.578179287560e-12      -1.165702474708e-13       1.171473483950e-14       2.371074766166e-15       3.092813781435e-16      -8.798771090561e-17 
 1252       1.117528721379e-10       3.599006487602e-12      -1.794729070466e-13       1.170366185379e-14       2.363682353207e-15       3.118050396904e-16      -8.862558099181e-17 
 1253       1.112812149461e-10       3.619540825172e-12      -2.438986215677e-13       1.169259584725e-14       2.356318640285e-15       3.143358552581e-16      -8.925167847181e-17 
 1254       1.108158503321e-10       3.639772544542e-12      -3.098145383817e-13       1.168153939490e-14       2.348983484798e-15       3.168804527244e-16      -8.986562819970e-17 
 1255       1.103569084860e-10       3.659691835298e-12      -3.771875634179e-13       1.167049508692e-14       2.341676742101e-15       3.194455021939e-16      -9.046705293286e-17 
 1256       1.099045202558e-10       3.679288832236e-12      -4.459843606870e-13       1.165946552866e-14       2.334398265497e-15       3.220377160830e-16      -9.105557332802e-17 
 1257       1.094588171478e-10       3.698553615260e-12      -5.161713517799e-13       1.164845334070e-14       2.327147906240e-15       3.246638492033e-16      -9.163080793722e-17 
 1258       1.090199313287e-10       3.717476209276e-12      -5.877147153662e-13       1.163746115886e-14       2.319925513520e-15       3.273306988462e-16      -9.219237320390e-17 
 1259       1.085879956260e-10       3.736046584091e-12      -6.605803866938e-13       1.162649163422e-14       2.312730934469e-15       3.300451048668e-16      -9.273988345889e-17 
 1260       1.081631435296e-10       3.754254654306e-12      -7.347340570876e-13       1.161554743318e-14       2.305564014145e-15       3.328139497679e-16      -9.327295091645e-17 
 1261       1.077455091929e-10       3.772090279216e-12      -8.101411734481e-13       1.160463123746e-14       2.298424595537e-15       3.356441587845e-16      -9.379118567032e-17 
 1262       1.073352274340e-10       3.789543262704e-12      -8.867669377513e-13       1.159374574412e-14       2.291312519551e-15       3.385426999676e-16      -9.429419568971e-17 
 1263       1.069324337366e-10       3.806603353138e-12      -9.645763065465e-13       1.158289366564e-14       2.284227625013e-15       3.415165842681e-16      -9.478158681534e-17 
 1264       1.065372642518e-10       3.823260243266e-12      -1.043533990456e-12       1.157207772989e-14       2.277169748657e-15       3.445728656216e-16      -9.525296275550e-17 
 1265       1.061498557987e-10       3.839503570116e-12      -1.123604453675e-12       1.156130068021e-14       2.270138725126e-15       3.477186410319e-16      -9.570792508204e-17 
 1266       1.057703458658e-10       3.855322914889e-12      -1.204751913467e-12       1.155056527537e-14       2.263134386963e-15       3.509610506554e-16      -9.614607322641e-17 
 1267       1.053988726123e-10       3.870707802853e-12      -1.286940339669e-12       1.153987428970e-14       2.256156564607e-15       3.543072778851e-16      -9.656700447569e-17 
 1268       1.050355505234e-10       3.885649149317e-12      -1.370133226242e-12       1.152923024673e-14       2.249205102037e-15       3.577623471307e-16      -9.697040403629e-17 
 1269       1.046803970676e-10       3.900143615969e-12      -1.454292904082e-12       1.151863461710e-14       2.242279903905e-15       3.613224892010e-16      -9.735631636951e-17 
 1270       1.043334051965e-10       3.914189304555e-12      -1.539381219291e-12       1.150808861150e-14       2.235380888938e-15       3.649816995953e-16      -9.772487697646e-17 
 1271       1.039945676125e-10       3.927784315367e-12      -1.625359759887e-12       1.149759344613e-14       2.228507974332e-15       3.687339337880e-16      -9.807622261685e-17 
 1272       1.036638767689e-10       3.940926747251e-12      -1.712189855281e-12       1.148715034271e-14       2.221661075749e-15       3.725731071485e-16      -9.841049131184e-17 
 1273       1.033413248687e-10       3.953614697604e-12      -1.799832575762e-12       1.147676052849e-14       2.214840107313e-15       3.764930948613e-16      -9.872782234669e-17 
 1274       1.030269038642e-10       3.965846262388e-12      -1.888248731978e-12       1.146642523625e-14       2.208044981608e-15       3.804877318455e-16      -9.902835627355e-17 
 1275       1.027206054564e-10       3.977619536124e-12      -1.977398874418e-12       1.145614570432e-14       2.201275609672e-15       3.845508126751e-16      -9.931223491422e-17 
 1276       1.024224210944e-10       3.988932611904e-12      -2.067243292895e-12       1.144592317660e-14       2.194531900996e-15       3.886760914985e-16      -9.957960136284e-17 
 1277       1.021323419746e-10       3.999783581392e-12      -2.157742016025e-12       1.143575890253e-14       2.187813763515e-15       3.928572819585e-16      -9.983059998870e-17 
 1278       1.018503590401e-10       4.010170534828e-12      -2.248854810713e-12       1.142565413714e-14       2.181121103610e-15       3.970880571123e-16      -1.000653764389e-16 
 1279       1.015764629802e-10       4.020091561032e-12      -2.340541181631e-12       1.141561014103e-14       2.174453826101e-15       4.013620493514e-16      -1.002840776413e-16 
 1280       1.013106442298e-10       4.029544747409e-12      -2.432760370703e-12       1.140562818039e-14       2.167811834241e-15       4.056728503210e-16      -1.004868518069e-16 
 1281       1.010528929684e-10       4.038528179954e-12      -2.525471356587e-12       1.139570952703e-14       2.161195029719e-15       4.100140108405e-16      -1.006738484330e-16 
 1282       1.008031991200e-10       4.047039943253e-12      -2.618632854153e-12       1.138585545836e-14       2.154603312650e-15       4.143790408231e-16      -1.008452183056e-16 
 1283       1.005615523519e-10       4.055078120492e-12      -2.712203313971e-12       1.137606725739e-14       2.148036581572e-15       4.187614091955e-16      -1.010011135023e-16 
 1284       1.003279420748e-10       4.062640793455e-12      -2.806140921786e-12       1.136634621278e-14       2.141494733445e-15       4.231545438181e-16      -1.011416873951e-16 
 1285       1.001023574413e-10       4.069726042535e-12      -2.900403598009e-12       1.135669361881e-14       2.134977663646e-15       4.275518314047e-16      -1.012670946531e-16 
 1286       9.988478734597e-11       4.076331946732e-12      -2.994948997188e-12       1.134711077543e-14       2.128485265963e-15       4.319466174423e-16      -1.013774912452e-16 
 1287       9.967522042433e-11       4.082456583661e-12      -3.089734507499e-12       1.133759898821e-14       2.122017432593e-15       4.363322061113e-16      -1.014730344429e-16 
 1288       9.947364505242e-11       4.088098029555e-12      -3.184717250225e-12       1.132815956841e-14       2.115574054139e-15       4.407018602049e-16      -1.015538828228e-16 
 1289       9.928004934603e-11       4.093254359270e-12      -3.279854079235e-12       1.131879383294e-14       2.109155019605e-15       4.450488010494e-16      -1.016201962699e-16 
 1290       9.909442116016e-11       4.097923646287e-12      -3.375101580471e-12       1.130950310442e-14       2.102760216391e-15       4.493662084237e-16      -1.016721359798e-16 
 1291       9.891674808835e-11       4.102103962718e-12      -3.470416071428e-12       1.130028871114e-14       2.096389530292e-15       4.536472204795e-16      -1.017098644616e-16 
 1292       9.874701746205e-11       4.105793379311e-12      -3.565753600632e-12       1.129115198709e-14       2.090042845492e-15       4.578849336612e-16      -1.017335455409e-16 
 1293       9.858521635001e-11       4.108989965450e-12      -3.661069947130e-12       1.128209427198e-14       2.083720044561e-15       4.620724026252e-16      -1.017433443622e-16 
 1294       9.843133155760e-11       4.111691789166e-12      -3.756320619963e-12       1.127311691121e-14       2.077421008450e-15       4.662026401607e-16      -1.017394273918e-16 
 1295       9.828534962625e-11       4.113896917133e-12      -3.851460857656e-12       1.126422125594e-14       2.071145616489e-15       4.702686171086e-16      -1.017219624207e-16 
 1296       9.814725683274e-11       4.115603414680e-12      -3.946445627695e-12       1.125540866305e-14       2.064893746382e-15       4.742632622821e-16      -1.016911185668e-16 
 1297       9.801703918864e-11       4.116809345789e-12      -4.041229626011e-12       1.124668049515e-14       2.058665274204e-15       4.781794623864e-16      -1.016470662784e-16 
 1298       9.789468243962e-11       4.117512773103e-12      -4.135767276459e-12       1.123803812064e-14       2.052460074396e-15       4.820100619382e-16      -1.015899773363e-16 
 1299       9.778017206487e-11       4.117711757929e-12      -4.230012730306e-12       1.122948291365e-14       2.046278019762e-15       4.857478631862e-16      -1.015200248571e-16 
 1300       9.767349327641e-11       4.117404360241e-12      -4.323919865706e-12       1.122101625408e-14       2.040118981464e-15       4.893856260303e-16      -1.014373832954e-16 
 1301       9.757463101851e-11       4.116588638687e-12      -4.417442287187e-12       1.121263952764e-14       2.033982829021e-15       4.929160679421e-16      -1.013422284469e-16 
 1302       9.748356996705e-11       4.115262650588e-12      -4.510533325131e-12       1.120435412580e-14       2.027869430301e-15       4.963318638842e-16      -1.012347374511e-16 
 1303       9.740029452885e-11       4.113424451950e-12      -4.603146035256e-12       1.119616144584e-14       2.021778651521e-15       4.996256462308e-16      -1.011150887939e-16 
 1304       9.732478884108e-11       4.111072097460e-12      -4.695233198099e-12       1.118806289086e-14       2.015710357242e-15       5.027900046866e-16      -1.009834623104e-16 
 1305       9.725703677063e-11       4.108203640497e-12      -4.786747318494e-12       1.118005986974e-14       2.009664410362e-15       5.058174862077e-16      -1.008400391879e-16 
 1306       9.719702191343e-11       4.104817133129e-12      -4.877640625062e-12       1.117215379722e-14       2.003640672118e-15       5.087005949206e-16      -1.006850019683e-16 
 1307       9.714471273738e-11       4.100911786075e-12      -4.967868864352e-12       1.116434579483e-14       1.997639014792e-15       5.114338591035e-16      -1.005185199269e-16 
 1308       9.710001783033e-11       4.096491462749e-12      -5.057402730790e-12       1.115663579014e-14       1.991659360005e-15       5.140200575924e-16      -1.003407050250e-16 
 1309       9.706283015017e-11       4.091561224308e-12      -5.146216563566e-12       1.114902340749e-14       1.985701640845e-15       5.164640628672e-16      -1.001516554700e-16 
 1310       9.703304183431e-11       4.086126173330e-12      -5.234284563310e-12       1.114150826602e-14       1.979765789191e-15       5.187707803747e-16      -9.995147029651e-17 
 1311       9.701054419794e-11       4.080191453903e-12      -5.321580791847e-12       1.113408997976e-14       1.973851735705e-15       5.209451485935e-16      -9.974024936806e-17 
 1312       9.699522773238e-11       4.073762251710e-12      -5.408079171942e-12       1.112676815753e-14       1.967959409833e-15       5.229921390991e-16      -9.951809337890e-17 
 1313       9.698698210340e-11       4.066843794113e-12      -5.493753487045e-12       1.111954240299e-14       1.962088739801e-15       5.249167566287e-16      -9.928510385557e-17 
 1314       9.698569614955e-11       4.059441350240e-12      -5.578577381045e-12       1.111241231458e-14       1.956239652612e-15       5.267240391464e-16      -9.904138315872e-17 
 1315       9.699125788048e-11       4.051560231070e-12      -5.662524358017e-12       1.110537748554e-14       1.950412074043e-15       5.284190579080e-16      -9.878703448482e-17 
 1316       9.700355447530e-11       4.043205789519e-12      -5.745567781967e-12       1.109843750388e-14       1.944605928641e-15       5.300069175260e-16      -9.852216186780e-17 
 1317       9.702247228082e-11       4.034383420525e-12      -5.827680876584e-12       1.109159195240e-14       1.938821139722e-15       5.314927560344e-16      -9.824687018089e-17 
 1318       9.704789680999e-11       4.025098561134e-12      -5.908836724987e-12       1.108484040863e-14       1.933057629367e-15       5.328817449542e-16      -9.796126513822e-17 
 1319       9.707971274013e-11       4.015356690585e-12      -5.989008269472e-12       1.107818244484e-14       1.927315318419e-15       5.341790893577e-16      -9.766545329665e-17 
 1320       9.711780391129e-11       4.005163330397e-12      -6.068168311262e-12       1.107161762805e-14       1.921594126481e-15       5.353900279340e-16      -9.735954205737e-17 
 1321       9.716205332461e-11       3.994524044454e-12      -6.146289510257e-12       1.106514551998e-14       1.915893971912e-15       5.365198330535e-16      -9.704363966774e-17 
 1322       9.721234314057e-11       3.983444439088e-12      -6.223344384777e-12       1.105876567707e-14       1.910214771823e-15       5.375738108334e-16      -9.671785522292e-17 
 1323       9.726855467740e-11       3.971930163169e-12      -6.299305311316e-12       1.105247765044e-14       1.904556442077e-15       5.385573012023e-16      -9.638229866761e-17 
 1324       9.733056840934e-11       3.959986908188e-12      -6.374144524288e-12       1.104628098590e-14       1.898918897284e-15       5.394756779651e-16      -9.603708079781e-17 
 1325       9.739826396499e-11       3.947620408343e-12      -6.447834115773e-12       1.104017522393e-14       1.893302050799e-15       5.403343488683e-16      -9.568231326247e-17 
 1326       9.747152012565e-11       3.934836440623e-12      -6.520346035270e-12       1.103415989967e-14       1.887705814718e-15       5.411387556648e-16      -9.531810856527e-17 
 1327       9.755021482361e-11       3.921640824898e-12      -6.591652089442e-12       1.102823454290e-14       1.882130099875e-15       5.418943741788e-16      -9.494458006630e-17 
 1328       9.763422514052e-11       3.908039424000e-12      -6.661723941865e-12       1.102239867804e-14       1.876574815840e-15       5.426067143708e-16      -9.456184198380e-17 
 1329       9.772342730568e-11       3.894038143810e-12      -6.730533112777e-12       1.101665182413e-14       1.871039870918e-15       5.432813204026e-16      -9.417000939587e-17 
 1330       9.781769669438e-11       3.879642933346e-12      -6.798050978825e-12       1.101099349481e-14       1.865525172141e-15       5.439237707025e-16      -9.376919824218e-17 
 1331       9.791690782621e-11       3.864859784843e-12      -6.864248772816e-12       1.100542319835e-14       1.860030625268e-15       5.445396780297e-16      -9.335952532571e-17 
 1332       9.802093436343e-11       3.849694733847e-12      -6.929097583462e-12       1.099994043756e-14       1.854556134784e-15       5.451346895398e-16      -9.294110831446e-17 
 1333       9.812964910923e-11       3.834153859291e-12      -6.992568355131e-12       1.099454470986e-14       1.849101603893e-15       5.457144868496e-16      -9.251406574314e-17 
 1334       9.824292400611e-11       3.818243283588e-12      -7.054631887593e-12       1.098923550722e-14       1.843666934518e-15       5.462847861021e-16      -9.207851701495e-17 
 1335       9.836063013419e-11       3.801969172713e-12      -7.115258835771e-12       1.098401231616e-14       1.838252027296e-15       5.468513380311e-16      -9.163458240323e-17 
 1336       9.848263770951e-11       3.785337736290e-12      -7.174419709486e-12       1.097887461774e-14       1.832856781577e-15       5.474199280268e-16      -9.118238305324e-17 
 1337       9.860881608240e-11       3.768355227677e-12      -7.232084873210e-12       1.097382188754e-14       1.827481095421e-15       5.479963762004e-16      -9.072204098382e-17 
 1338       9.873903373576e-11       3.751027944050e-12      -7.288224545809e-12       1.096885359567e-14       1.822124865593e-15       5.485865374491e-16      -9.025367908917e-17 
 1339       9.887315828343e-11       3.733362226493e-12      -7.342808800296e-12       1.096396920673e-14       1.816787987560e-15       5.491963015210e-16      -8.977742114050e-17 
 1340       9.901105646848e-11       3.715364460079e-12      -7.395807563574e-12       1.095916817980e-14       1.811470355493e-15       5.498315930802e-16      -8.929339178784e-17 
 1341       9.915259416155e-11       3.697041073958e-12      -7.447190616192e-12       1.095444996846e-14       1.806171862257e-15       5.504983717719e-16      -8.880171656164e-17 
 1342       9.929763635917e-11       3.678398541441e-12      -7.496927592084e-12       1.094981402075e-14       1.800892399413e-15       5.512026322870e-16      -8.830252187461e-17 
 1343       9.944604718211e-11       3.659443380089e-12      -7.544987978327e-12       1.094525977915e-14       1.795631857214e-15       5.519504044273e-16      -8.779593502336e-17 
 1344       9.959768987366e-11       3.640182151793e-12      -7.591341114881e-12       1.094078668061e-14       1.790390124599e-15       5.527477531706e-16      -8.728208419012e-17 
 1345       9.975242679800e-11       3.620621462865e-12      -7.635956194343e-12       1.093639415648e-14       1.785167089196e-15       5.536007787352e-16      -8.676109844451e-17 
 1346       9.991012083049e-11       3.600768225865e-12      -7.678807384881e-12       1.093208147598e-14       1.779962647345e-15       5.545139539678e-16      -8.623310303170e-17 
 1347       1.000706395486e-10       3.580630448035e-12      -7.719889260450e-12       1.092784727465e-14       1.774776734309e-15       5.554851166106e-16      -8.569820517754e-17 
 1348       1.002338510830e-10       3.560216451599e-12      -7.759201537702e-12       1.092369002072e-14       1.769609294389e-15       5.565104227622e-16      -8.515650813264e-17 
 1349       1.003996227286e-10       3.539534612902e-12      -7.796743968090e-12       1.091960817120e-14       1.764460270917e-15       5.575860045750e-16      -8.460811587335e-17 
 1350       1.005678209424e-10       3.518593362511e-12      -7.832516337957e-12       1.091560017188e-14       1.759329606256e-15       5.587079702095e-16      -8.405313310311e-17 
 1351       1.007383113424e-10       3.497401185319e-12      -7.866518468623e-12       1.091166445729e-14       1.754217241797e-15       5.598724037897e-16      -8.349166525388e-17 
 1352       1.009109587056e-10       3.475966620646e-12      -7.898750216472e-12       1.090779945066e-14       1.749123117956e-15       5.610753653579e-16      -8.292381848755e-17 
 1353       1.010856269668e-10       3.454298262344e-12      -7.929211473040e-12       1.090400356394e-14       1.744047174174e-15       5.623128908296e-16      -8.234969969737e-17 
 1354       1.012621792166e-10       3.432404758900e-12      -7.957902165101e-12       1.090027519772e-14       1.738989348909e-15       5.635809919483e-16      -8.176941650928e-17 
 1355       1.014404777002e-10       3.410294813534e-12      -7.984822254758e-12       1.089661274128e-14       1.733949579644e-15       5.648756562405e-16      -8.118307728341e-17 
 1356       1.016203838158e-10       3.387977184312e-12      -8.009971739526e-12       1.089301457249e-14       1.728927802872e-15       5.661928469710e-16      -8.059079111544e-17 
 1357       1.018017581125e-10       3.365460684237e-12      -8.033350652421e-12       1.088947905786e-14       1.723923954105e-15       5.675285030972e-16      -7.999266783799e-17 
 1358       1.019844602896e-10       3.342754181360e-12      -8.054959062050e-12       1.088600455246e-14       1.718937967865e-15       5.688785392242e-16      -7.938881802206e-17 
 1359       1.021683491940e-10       3.319866598883e-12      -8.074797072694e-12       1.088258939994e-14       1.713969777683e-15       5.702388455602e-16      -7.877935297843e-17 
 1360       1.023532828195e-10       3.296806915255e-12      -8.092864824400e-12       1.087923193246e-14       1.709019316100e-15       5.716052878707e-16      -7.816438475905e-17 
 1361       1.025391183048e-10       3.273584164284e-12      -8.109162493063e-12       1.087593047073e-14       1.704086514659e-15       5.729737074339e-16      -7.754402615847e-17 
 1362       1.027257119319e-10       3.250207435230e-12      -8.123690290520e-12       1.087268332394e-14       1.699171303907e-15       5.743399209956e-16      -7.691839071522e-17 
 1363       1.029129191245e-10       3.226685872919e-12      -8.136448464630e-12       1.086948878974e-14       1.694273613393e-15       5.756997207238e-16      -7.628759271325e-17 
 1364       1.031005944467e-10       3.203028677836e-12      -8.147437299370e-12       1.086634515425e-14       1.689393371661e-15       5.770488741641e-16      -7.565174718329e-17 
 1365       1.032885916011e-10       3.179245106234e-12      -8.156657114912e-12       1.086325069201e-14       1.684530506255e-15       5.783831241941e-16      -7.501096990432e-17 
 1366       1.034767634275e-10       3.155344470234e-12      -8.164108267722e-12       1.086020366596e-14       1.679684943710e-15       5.796981889788e-16      -7.436537740491e-17 
 1367       1.036649619009e-10       3.131336137929e-12      -8.169791150637e-12       1.085720232742e-14       1.674856609553e-15       5.809897619252e-16      -7.371508696468e-17 
 1368       1.038530381305e-10       3.107229533489e-12      -8.173706192960e-12       1.085424491609e-14       1.670045428299e-15       5.822535116373e-16      -7.306021661568e-17 
 1369       1.040408423574e-10       3.083034137258e-12      -8.175853860543e-12       1.085132965998e-14       1.665251323453e-15       5.834850818712e-16      -7.240088514378e-17 
 1370       1.042282239538e-10       3.058759485863e-12      -8.176234655875e-12       1.084845477544e-14       1.660474217501e-15       5.846800914896e-16      -7.173721209013e-17 
 1371       1.044150314208e-10       3.034415172315e-12      -8.174849118172e-12       1.084561846709e-14       1.655714031913e-15       5.858341344173e-16      -7.106931775252e-17 
 1372       1.046011123872e-10       3.010010846109e-12      -8.171697823461e-12       1.084281892785e-14       1.650970687140e-15       5.869427795956e-16      -7.039732318679e-17 
 1373       1.047863136076e-10       2.985556213331e-12      -8.166781384671e-12       1.084005433887e-14       1.646244102608e-15       5.880015709375e-16      -6.972135020828e-17 
 1374       1.049704809611e-10       2.961061036761e-12      -8.160100451717e-12       1.083732286951e-14       1.641534196721e-15       5.890060272827e-16      -6.904152139317e-17 
 1375       1.051534594496e-10       2.936535135970e-12      -8.151655711589e-12       1.083462267738e-14       1.636840886855e-15       5.899516423523e-16      -6.835796007994e-17 
 1376       1.053350931961e-10       2.911988387430e-12      -8.141447888440e-12       1.083195190822e-14       1.632164089357e-15       5.908338847036e-16      -6.767079037075e-17 
 1377       1.055152254435e-10       2.887430724614e-12      -8.129477743672e-12       1.082930869596e-14       1.627503719542e-15       5.916481976855e-16      -6.698013713288e-17 
 1378       1.056936985524e-10       2.862872138098e-12      -8.115746076024e-12       1.082669116266e-14       1.622859691692e-15       5.923899993930e-16      -6.628612600007e-17 
 1379       1.058703540002e-10       2.838322675666e-12      -8.100253721660e-12       1.082409741850e-14       1.618231919053e-15       5.930546826225e-16      -6.558888337401e-17 
 1380       1.060450323790e-10       2.813792442409e-12      -8.083001554256e-12       1.082152556173e-14       1.613620313834e-15       5.936376148261e-16      -6.488853642567e-17 
 1381       1.062175733943e-10       2.789291600833e-12      -8.063990485087e-12       1.081897367871e-14       1.609024787200e-15       5.941341380674e-16      -6.418521309676e-17 
 1382       1.063878158632e-10       2.764830370960e-12      -8.043221463116e-12       1.081643984380e-14       1.604445249277e-15       5.945395689755e-16      -6.347904210112e-17 
 1383       1.065555977131e-10       2.740419030428e-12      -8.020695475079e-12       1.081392211941e-14       1.599881609143e-15       5.948491987006e-16      -6.277015292613e-17 
 1384       1.067207559799e-10       2.716067914600e-12      -7.996413545573e-12       1.081141855597e-14       1.595333774830e-15       5.950582928687e-16      -6.205867583408e-17 
 1385       1.068831411216e-10       2.691786751895e-12      -7.970380184074e-12       1.080892724907e-14       1.590801661439e-15       5.951632726299e-16      -6.134473267463e-17 
 1386       1.070426601278e-10       2.667582661922e-12      -7.942613765630e-12       1.080644651176e-14       1.586285215583e-15       5.951652715387e-16      -6.062840921291e-17 
 1387       1.071992338622e-10       2.643462136420e-12      -7.913136259944e-12       1.080397470409e-14       1.581784391198e-15       5.950666161390e-16      -5.990978251200e-17 
 1388       1.073527827881e-10       2.619431702160e-12      -7.881969794691e-12       1.080151017598e-14       1.577299141446e-15       5.948696483067e-16      -5.918893009630e-17 
 1389       1.075032269678e-10       2.595497921015e-12      -7.849136655824e-12       1.079905126725e-14       1.572829418712e-15       5.945767252786e-16      -5.846592995232e-17 
 1390       1.076504860616e-10       2.571667390012e-12      -7.814659287874e-12       1.079659630756e-14       1.568375174603e-15       5.941902196808e-16      -5.774086052956e-17 
 1391       1.077944793278e-10       2.547946741403e-12      -7.778560294254e-12       1.079414361644e-14       1.563936359946e-15       5.937125195580e-16      -5.701380074130e-17 
 1392       1.079351256210e-10       2.524342642718e-12      -7.740862437562e-12       1.079169150324e-14       1.559512924788e-15       5.931460284019e-16      -5.628482996545e-17 
 1393       1.080723433924e-10       2.500861796832e-12      -7.701588639884e-12       1.078923826710e-14       1.555104818391e-15       5.924931651800e-16      -5.555402804539e-17 
 1394       1.082060506885e-10       2.477510942021e-12      -7.660761983097e-12       1.078678219698e-14       1.550711989232e-15       5.917563643643e-16      -5.482147529078e-17 
 1395       1.083361651506e-10       2.454296852030e-12      -7.618405709171e-12       1.078432157158e-14       1.546334385003e-15       5.909380759603e-16      -5.408725247842e-17 
 1396       1.084626040142e-10       2.431226336130e-12      -7.574543220472e-12       1.078185465936e-14       1.541971952604e-15       5.900407655355e-16      -5.335144085305e-17 
 1397       1.085852841080e-10       2.408306239180e-12      -7.529198080066e-12       1.077937971852e-14       1.537624638147e-15       5.890669142482e-16      -5.261412212823e-17 
 1398       1.087041218538e-10       2.385543441687e-12      -7.482394012021e-12       1.077689499697e-14       1.533292386952e-15       5.880190188764e-16      -5.187537848711e-17 
 1399       1.088190332650e-10       2.362944859871e-12      -7.434154901710e-12       1.077439873231e-14       1.528975143544e-15       5.868995918464e-16      -5.113529258332e-17 
 1400       1.089299339468e-10       2.340517445725e-12      -7.384504796115e-12       1.077188915181e-14       1.524672851652e-15       5.857111612618e-16      -5.039394754177e-17 
 1401       1.090367390947e-10       2.318268187073e-12      -7.333467904128e-12       1.076936447242e-14       1.520385454209e-15       5.844562709317e-16      -4.965142695948e-17 
 1402       1.091393634945e-10       2.296204107636e-12      -7.281068596854e-12       1.076682290071e-14       1.516112893347e-15       5.831374804001e-16      -4.890781490643e-17 
 1403       1.092377215209e-10       2.274332267090e-12      -7.227331407916e-12       1.076426263287e-14       1.511855110397e-15       5.817573649744e-16      -4.816319592638e-17 
 1404       1.093317271377e-10       2.252659761132e-12      -7.172281033757e-12       1.076168185469e-14       1.507612045890e-15       5.803185157540e-16      -4.741765503773e-17 
 1405       1.094212938963e-10       2.231193721533e-12      -7.115942333941e-12       1.075907874155e-14       1.503383639548e-15       5.788235396592e-16      -4.667127773428e-17 
 1406       1.095063349353e-10       2.209941316209e-12      -7.058340331458e-12       1.075645145839e-14       1.499169830290e-15       5.772750594601e-16      -4.592414998616e-17 
 1407       1.095867629800e-10       2.188909749275e-12      -6.999500213026e-12       1.075379815970e-14       1.494970556225e-15       5.756757138052e-16      -4.517635824058e-17 
 1408       1.096624903415e-10       2.168106261110e-12      -6.939447329395e-12       1.075111698948e-14       1.490785754653e-15       5.740281572498e-16      -4.442798942272e-17 
 1409       1.097334289161e-10       2.147538128418e-12      -6.878207195648e-12       1.074840608124e-14       1.486615362063e-15       5.723350602857e-16      -4.367913093652e-17 
 1410       1.097994901846e-10       2.127212664289e-12      -6.815805491506e-12       1.074566355800e-14       1.482459314127e-15       5.705991093688e-16      -4.292987066553e-17 
 1411       1.098605852116e-10       2.107137218259e-12      -6.752268061629e-12       1.074288753223e-14       1.478317545706e-15       5.688230069488e-16      -4.218029697376e-17 
 1412       1.099166246446e-10       2.087319176374e-12      -6.687620915920e-12       1.074007610584e-14       1.474189990842e-15       5.670094714976e-16      -4.143049870647e-17 
 1413       1.099675187137e-10       2.067765961248e-12      -6.621890229828e-12       1.073722737020e-14       1.470076582758e-15       5.651612375377e-16      -4.068056519105e-17 
 1414       1.100131772309e-10       2.048485032129e-12      -6.555102344649e-12       1.073433940608e-14       1.465977253857e-15       5.632810556717e-16      -3.993058623781e-17 
 1415       1.100535095890e-10       2.029483884955e-12      -6.487283767832e-12       1.073141028364e-14       1.461891935719e-15       5.613716926103e-16      -3.918065214084e-17 
 1416       1.100884247611e-10       2.010770052420e-12      -6.418461173281e-12       1.072843806241e-14       1.457820559100e-15       5.594359312016e-16      -3.843085367884e-17 
 1417       1.101178313002e-10       1.992351104032e-12      -6.348661401654e-12       1.072542079130e-14       1.453763053931e-15       5.574765704598e-16      -3.768128211594e-17 
 1418       1.101416373383e-10       1.974234646177e-12      -6.277911460672e-12       1.072235650854e-14       1.449719349315e-15       5.554964255934e-16      -3.693202920253e-17 
 1419       1.101597505854e-10       1.956428322177e-12      -6.206238525419e-12       1.071924324167e-14       1.445689373525e-15       5.534983280349e-16      -3.618318717612e-17 
 1420       1.101720783294e-10       1.938939812356e-12      -6.133669938642e-12       1.071607900756e-14       1.441673054001e-15       5.514851254685e-16      -3.543484876212e-17 
 1421       1.101785274349e-10       1.921776834097e-12      -6.060233211061e-12       1.071286181233e-14       1.437670317355e-15       5.494596818597e-16      -3.468710717475e-17 
 1422       1.101790043430e-10       1.904947141905e-12      -5.985956021663e-12       1.070958965139e-14       1.433681089359e-15       5.474248774838e-16      -3.394005611778e-17 
 1423       1.101734150701e-10       1.888458527470e-12      -5.910866218012e-12       1.070626050938e-14       1.429705294951e-15       5.453836089544e-16      -3.319378978545e-17 
 1424       1.101616824786e-10       1.872317718328e-12      -5.834991933940e-12       1.070287257119e-14       1.425742864817e-15       5.433383560414e-16      -3.244839741484e-17 
 1425       1.101437982832e-10       1.856527061353e-12      -5.758361943333e-12       1.069942485738e-14       1.421793755219e-15       5.412898771990e-16      -3.170394688033e-17 
 1426       1.101197715771e-10       1.841087805329e-12      -5.681005310581e-12       1.069591659527e-14       1.417857928368e-15       5.392385006978e-16      -3.096050093236e-17 
 1427       1.100896116100e-10       1.826001199251e-12      -5.602951273825e-12       1.069234700847e-14       1.413935345852e-15       5.371845566238e-16      -3.021812263100e-17 
 1428       1.100533277883e-10       1.811268492322e-12      -5.524229245270e-12       1.068871531686e-14       1.410025968640e-15       5.351283768806e-16      -2.947687534650e-17 
 1429       1.100109296755e-10       1.796890933950e-12      -5.444868811493e-12       1.068502073666e-14       1.406129757074e-15       5.330702951935e-16      -2.873682275976e-17 
 1430       1.099624269925e-10       1.782869773743e-12      -5.364899733755e-12       1.068126248031e-14       1.402246670872e-15       5.310106471122e-16      -2.799802886289e-17 
 1431       1.099078296178e-10       1.769206261506e-12      -5.284351948307e-12       1.067743975657e-14       1.398376669125e-15       5.289497700138e-16      -2.726055795969e-17 
 1432       1.098471475882e-10       1.755901647237e-12      -5.203255566701e-12       1.067355177045e-14       1.394519710295e-15       5.268880031064e-16      -2.652447466614e-17 
 1433       1.097803910986e-10       1.742957181125e-12      -5.121640876105e-12       1.066959772322e-14       1.390675752217e-15       5.248256874318e-16      -2.578984391096e-17 
 1434       1.097075705029e-10       1.730374113541e-12      -5.039538339603e-12       1.066557681241e-14       1.386844752094e-15       5.227631658686e-16      -2.505673093609e-17 
 1435       1.096286963140e-10       1.718153695041e-12      -4.956978596516e-12       1.066148823181e-14       1.383026666496e-15       5.207007831359e-16      -2.432520129720e-17 
 1436       1.095437792041e-10       1.706297176357e-12      -4.873992462702e-12       1.065733117142e-14       1.379221451360e-15       5.186388857958e-16      -2.359532086420e-17 
 1437       1.094528300052e-10       1.694805808396e-12      -4.790610930872e-12       1.065310481752e-14       1.375429061988e-15       5.165778222570e-16      -2.286715582176e-17 
 1438       1.093558597095e-10       1.683680842234e-12      -4.706865170899e-12       1.064880835258e-14       1.371649453046e-15       5.145179427776e-16      -2.214077266982e-17 
 1439       1.092528794693e-10       1.672923529116e-12      -4.622786530124e-12       1.064444095533e-14       1.367882578562e-15       5.124595994683e-16      -2.141623822407e-17 
 1440       1.091439005979e-10       1.662535120449e-12      -4.538406533670e-12       1.064000180069e-14       1.364128391925e-15       5.104031462959e-16      -2.069361961652e-17 
 1441       1.090289345696e-10       1.652516867796e-12      -4.453756884752e-12       1.063549005981e-14       1.360386845883e-15       5.083489390859e-16      -1.997298429596e-17 
 1442       1.089079930201e-10       1.642870022881e-12      -4.368869464983e-12       1.063090490004e-14       1.356657892542e-15       5.062973355260e-16      -1.925440002847e-17 
 1443       1.087810877468e-10       1.633595837574e-12      -4.283776334687e-12       1.062624548492e-14       1.352941483367e-15       5.042486951691e-16      -1.853793489795e-17 
 1444       1.086482307092e-10       1.624695563897e-12      -4.198509733208e-12       1.062151097420e-14       1.349237569175e-15       5.022033794364e-16      -1.782365730666e-17 
 1445       1.085094340293e-10       1.616170454012e-12      -4.113102079220e-12       1.061670052379e-14       1.345546100139e-15       5.001617516207e-16      -1.711163597564e-17 
 1446       1.083647099916e-10       1.608021760224e-12      -4.027585971035e-12       1.061181328582e-14       1.341867025784e-15       4.981241768894e-16      -1.640193994531e-17 
 1447       1.082140710440e-10       1.600250734974e-12      -3.941994186918e-12       1.060684840855e-14       1.338200294987e-15       4.960910222878e-16      -1.569463857593e-17 
 1448       1.080575297975e-10       1.592858630835e-12      -3.856359685390e-12       1.060180503644e-14       1.334545855973e-15       4.940626567418e-16      -1.498980154815e-17 
 1449       1.078950990271e-10       1.585846700508e-12      -3.770715605542e-12       1.059668231009e-14       1.330903656317e-15       4.920394510616e-16      -1.428749886346e-17 
 1450       1.077267916717e-10       1.579216196821e-12      -3.685095267345e-12       1.059147936628e-14       1.327273642941e-15       4.900217779446e-16      -1.358780084476e-17 
 1451       1.075526208346e-10       1.572968372722e-12      -3.599532171957e-12       1.058619533791e-14       1.323655762111e-15       4.880100119783e-16      -1.289077813684e-17 
 1452       1.073725997840e-10       1.567104481276e-12      -3.514060002036e-12       1.058082935404e-14       1.320049959439e-15       4.860045296439e-16      -1.219650170688e-17 
 1453       1.071867419531e-10       1.561625775663e-12      -3.428712622048e-12       1.057538053986e-14       1.316456179880e-15       4.840057093192e-16      -1.150504284501e-17 
 1454       1.069950609405e-10       1.556533509172e-12      -3.343524078577e-12       1.056984801670e-14       1.312874367729e-15       4.820139312814e-16      -1.081647316474e-17 
 1455       1.067975705105e-10       1.551828935199e-12      -3.258528600637e-12       1.056423090199e-14       1.309304466622e-15       4.800295777110e-16      -1.013086460356e-17 
 1456       1.065942845936e-10       1.547513307242e-12      -3.173760599978e-12       1.055852830931e-14       1.305746419534e-15       4.780530326942e-16      -9.448289423370e-18 
 1457       1.063852172866e-10       1.543587878897e-12      -3.089254671397e-12       1.055273934832e-14       1.302200168777e-15       4.760846822266e-16      -8.768820211051e-18 
 1458       1.061703828531e-10       1.540053903855e-12      -3.005045593051e-12       1.054686312481e-14       1.298665655999e-15       4.741249142157e-16      -8.092529878937e-18 
 1459       1.059497957238e-10       1.536912635899e-12      -2.921168326763e-12       1.054089874065e-14       1.295142822181e-15       4.721741184849e-16      -7.419491665341e-18 
 1460       1.057234704967e-10       1.534165328898e-12      -2.837658018334e-12       1.053484529380e-14       1.291631607641e-15       4.702326867759e-16      -6.749779135061e-18 
 1461       1.054914219377e-10       1.531813236806e-12      -2.754549997852e-12       1.052870187834e-14       1.288131952025e-15       4.683010127519e-16      -6.083466179893e-18 
 1462       1.052536649808e-10       1.529857613655e-12      -2.671879780002e-12       1.052246758438e-14       1.284643794311e-15       4.663794920014e-16      -5.420627019137e-18 
 1463       1.050102252152e-10       1.528298840883e-12      -2.589680292129e-12       1.051614172376e-14       1.281167077982e-15       4.644682375053e-16      -4.761327578740e-18 
 1464       1.047611704612e-10       1.527133799773e-12      -2.507973527494e-12       1.050972450939e-14       1.277701766602e-15       4.625662229235e-16      -4.105599533397e-18 
 1465       1.045065795107e-10       1.526358472740e-12      -2.426778809194e-12       1.050321638265e-14       1.274247828394e-15       4.606721307503e-16      -3.453466005965e-18 
 1466       1.042465316700e-10       1.525968813560e-12      -2.346115554987e-12       1.049661778839e-14       1.270805231076e-15       4.587846360597e-16      -2.804950165308e-18 
 1467       1.039811067606e-10       1.525960747325e-12      -2.266003277450e-12       1.048992917495e-14       1.267373941859e-15       4.569024064926e-16      -2.160075226326e-18 
 1468       1.037103851201e-10       1.526330170381e-12      -2.186461584133e-12       1.048315099416e-14       1.263953927448e-15       4.550241022438e-16      -1.518864449981e-18 
 1469       1.034344476033e-10       1.527072950286e-12      -2.107510177713e-12       1.047628370133e-14       1.260545154038e-15       4.531483760496e-16      -8.813411433287e-19 
 1470       1.031533755828e-10       1.528184925747e-12      -2.029168856147e-12       1.046932775528e-14       1.257147587317e-15       4.512738731744e-16      -2.475286595379e-19 
 1471       1.028672509504e-10       1.529661906575e-12      -1.951457512831e-12       1.046228361834e-14       1.253761192461e-15       4.493992313986e-16       3.825496020761e-19 
 1472       1.025761561174e-10       1.531499673628e-12      -1.874396136748e-12       1.045515175635e-14       1.250385934135e-15       4.475230810053e-16       1.008870196027e-18 
 1473       1.022801740161e-10       1.533693978760e-12      -1.798004812628e-12       1.044793263867e-14       1.247021776492e-15       4.456440447674e-16       1.631409630632e-18 
 1474       1.019793881005e-10       1.536240544769e-12      -1.722303721100e-12       1.044062673818e-14       1.243668683169e-15       4.437607379354e-16       2.250144367980e-18 
 1475       1.016738823469e-10       1.539135065341e-12      -1.647313138848e-12       1.043323453129e-14       1.240326617292e-15       4.418717682240e-16       2.865050823909e-18 
 1476       1.013637412556e-10       1.542373205003e-12      -1.573053438763e-12       1.042575649796e-14       1.236995541467e-15       4.399757357995e-16       3.476105367979e-18 
 1477       1.010490498509e-10       1.545950599064e-12      -1.499545090100e-12       1.041819312169e-14       1.233675417786e-15       4.380712332672e-16       4.083284323441e-18 
 1478       1.007298936827e-10       1.549862853568e-12      -1.426808658632e-12       1.041054488953e-14       1.230366207821e-15       4.361568456582e-16       4.686563967215e-18 
 1479       1.004063588271e-10       1.554105545236e-12      -1.354864806804e-12       1.040281229209e-14       1.227067872627e-15       4.342311504169e-16       5.285920529859e-18 
 1480       1.000785318876e-10       1.558674221419e-12      -1.283734293887e-12       1.039499582353e-14       1.223780372737e-15       4.322927173881e-16       5.881330195544e-18 
 1481       9.974649999561e-11       1.563564400040e-12      -1.213437976132e-12       1.038709598160e-14       1.220503668163e-15       4.303401088042e-16       6.472769102025e-18 
 1482       9.941035081163e-11       1.568771569544e-12      -1.143996806929e-12       1.037911326762e-14       1.217237718395e-15       4.283718792724e-16       7.060213340617e-18 
 1483       9.907017252622e-11       1.574291188846e-12      -1.075431836956e-12       1.037104818649e-14       1.213982482398e-15       4.263865757618e-16       7.643638956167e-18 
 1484       9.872605386077e-11       1.580118687278e-12      -1.007764214335e-12       1.036290124669e-14       1.210737918615e-15       4.243827375907e-16       8.223021947024e-18 
 1485       9.837808406852e-11       1.586249464533e-12      -9.410151847889e-13       1.035467296032e-14       1.207503984960e-15       4.223588964139e-16       8.798338265015e-18 
 1486       9.802635293544e-11       1.592678890617e-12      -8.752060917934e-13       1.034636384305e-14       1.204280638824e-15       4.203135762097e-16       9.369563815419e-18 
 1487       9.767095078116e-11       1.599402305793e-12      -8.103583767327e-13       1.033797441419e-14       1.201067837066e-15       4.182452932671e-16       9.936674456937e-18 
 1488       9.731196845989e-11       1.606415020533e-12      -7.464935790537e-13       1.032950519665e-14       1.197865536019e-15       4.161525561732e-16       1.049964600166e-17 
 1489       9.694949736135e-11       1.613712315457e-12      -6.836333364205e-13       1.032095671695e-14       1.194673691484e-15       4.140338658000e-16       1.105845421507e-17 
 1490       9.658362941169e-11       1.621289441290e-12      -6.217993848690e-13       1.031232950526e-14       1.191492258732e-15       4.118877152922e-16       1.161307481595e-17 
 1491       9.621445707438e-11       1.629141618801e-12      -5.610135589615e-13       1.030362409536e-14       1.188321192502e-15       4.097125900538e-16       1.216348347645e-17 
 1492       9.584207335119e-11       1.637264038756e-12      -5.012977919410e-13       1.029484102469e-14       1.185160446998e-15       4.075069677356e-16       1.270965582196e-17 
 1493       9.546657178306e-11       1.645651861862e-12      -4.426741158859e-13       1.028598083433e-14       1.182009975891e-15       4.052693182224e-16       1.325156743117e-17 
 1494       9.508804645106e-11       1.654300218718e-12      -3.851646618643e-13       1.027704406900e-14       1.178869732315e-15       4.029981036201e-16       1.378919383597e-17 
 1495       9.470659197727e-11       1.663204209758e-12      -3.287916600889e-13       1.026803127710e-14       1.175739668868e-15       4.006917782430e-16       1.432251052147e-17 
 1496       9.432230352574e-11       1.672358905199e-12      -2.735774400709e-13       1.025894301068e-14       1.172619737612e-15       3.983487886006e-16       1.485149292598e-17 
 1497       9.393527680339e-11       1.681759344994e-12      -2.195444307753e-13       1.024977982548e-14       1.169509890066e-15       3.959675733857e-16       1.537611644094e-17 
 1498       9.354560806093e-11       1.691400538770e-12      -1.667151607746e-13       1.024054228088e-14       1.166410077213e-15       3.935465634604e-16       1.589635641091e-17 
 1499       9.315339409381e-11       1.701277465784e-12      -1.151122584040e-13       1.023123094000e-14       1.163320249494e-15       3.910841818444e-16       1.641218813358e-17 
 1500       9.275873224310e-11       1.711385074865e-12      -6.475845191550e-14       1.022184636959e-14       1.160240356805e-15       3.885788437014e-16       1.692358685967e-17 
 1501       9.236172039643e-11       1.721718284362e-12      -1.567656963254e-14       1.021238914015e-14       1.157170348503e-15       3.860289563268e-16       1.743052779297e-17 
 1502       9.196245624748e-11       1.732271788849e-12       3.211418127435e-14       1.020285993849e-14       1.154110177629e-15       3.834334604663e-16       1.793298694368e-17 
 1503       9.156103506460e-11       1.743039477277e-12       7.860941841157e-14       1.019325990688e-14       1.151059813655e-15       3.807934600650e-16       1.843094369758e-17 
 1504       9.115755190228e-11       1.754015009049e-12       1.238084893335e-13       1.018359030724e-14       1.148019229858e-15       3.781106083638e-16       1.892437827184e-17 
 1505       9.075210234150e-11       1.765192006686e-12       1.677107601077e-13       1.017385240883e-14       1.144988399108e-15       3.753865680236e-16       1.941327086389e-17 
 1506       9.034478249063e-11       1.776564055770e-12       2.103156153577e-13       1.016404748825e-14       1.141967293858e-15       3.726230111416e-16       1.989760165146e-17 
 1507       8.993568898630e-11       1.788124704876e-12       2.516224583068e-13       1.015417682946e-14       1.138955886149e-15       3.698216192667e-16       2.037735079258e-17 
 1508       8.952491899427e-11       1.799867465509e-12       2.916307108214e-13       1.014424172377e-14       1.135954147607e-15       3.669840834162e-16       2.085249842561e-17 
 1509       8.911257021035e-11       1.811785812044e-12       3.303398134538e-13       1.013424346988e-14       1.132962049442e-15       3.641121040911e-16       2.132302466924e-17 
 1510       8.869874086123e-11       1.823873181662e-12       3.677492254859e-13       1.012418337389e-14       1.129979562449e-15       3.612073912926e-16       2.178890962256e-17 
 1511       8.828352970541e-11       1.836122974284e-12       4.038584249724e-13       1.011406274930e-14       1.127006657004e-15       3.582716645378e-16       2.225013336500e-17 
 1512       8.786703603406e-11       1.848528552514e-12       4.386669087841e-13       1.010388291702e-14       1.124043303066e-15       3.553066528756e-16       2.270667595642e-17 
 1513       8.744935967189e-11       1.861083241572e-12       4.721741926512e-13       1.009364520539e-14       1.121089470174e-15       3.523140949028e-16       2.315851743709e-17 
 1514       8.703060097805e-11       1.873780329228e-12       5.043798112065e-13       1.008335095019e-14       1.118145127449e-15       3.492957387803e-16       2.360563782771e-17 
 1515       8.661086084702e-11       1.886613065749e-12       5.352833180290e-13       1.007300149468e-14       1.115210243587e-15       3.462533422484e-16       2.404801712943e-17 
 1516       8.619024070948e-11       1.899574663824e-12       5.648842856868e-13       1.006259818955e-14       1.112284786868e-15       3.431886726435e-16       2.448563532390e-17 
 1517       8.576884253316e-11       1.912658298512e-12       5.931823057807e-13       1.005214239299e-14       1.109368725144e-15       3.401035069138e-16       2.491847237324e-17 
 1518       8.534676882380e-11       1.925857107170e-12       6.201769889873e-13       1.004163547066e-14       1.106462025849e-15       3.369996316350e-16       2.534650822008e-17 
 1519       8.492412262596e-11       1.939164189396e-12       6.458679651025e-13       1.003107879576e-14       1.103564655988e-15       3.338788430267e-16       2.576972278758e-17 
 1520       8.450100752392e-11       1.952572606965e-12       6.702548830846e-13       1.002047374897e-14       1.100676582143e-15       3.307429469681e-16       2.618809597946e-17 
 1521       8.407752764259e-11       1.966075383762e-12       6.933374110976e-13       1.000982171851e-14       1.097797770471e-15       3.275937590141e-16       2.660160767999e-17 
 1522       8.365378764837e-11       1.979665505726e-12       7.151152365549e-13       9.999124100151e-15       1.094928186700e-15       3.244331044110e-16       2.701023775403e-17 
 1523       8.322989275002e-11       1.993335920780e-12       7.355880661619e-13       9.988382297198e-15       1.092067796131e-15       3.212628181131e-16       2.741396604703e-17 
 1524       8.280594869957e-11       2.007079538774e-12       7.547556259600e-13       9.977597720534e-15       1.089216563637e-15       3.180847447978e-16       2.781277238508e-17 
 1525       8.238206179318e-11       2.020889231418e-12       7.726176613695e-13       9.966771788614e-15       1.086374453661e-15       3.149007388824e-16       2.820663657489e-17 
 1526       8.195833887204e-11       2.034757832220e-12       7.891739372328e-13       9.955905927485e-15       1.083541430216e-15       3.117126645395e-16       2.859553840385e-17 
 1527       8.153488732323e-11       2.048678136425e-12       8.044242378580e-13       9.945001570794e-15       1.080717456884e-15       3.085223957133e-16       2.897945763999e-17 
 1528       8.111181508062e-11       2.062642900950e-12       8.183683670623e-13       9.934060159803e-15       1.077902496813e-15       3.053318161353e-16       2.935837403206e-17 
 1529       8.068923062576e-11       2.076644844321e-12       8.310061482148e-13       9.923083143400e-15       1.075096512721e-15       3.021428193404e-16       2.973226730952e-17 
 1530       8.026724298872e-11       2.090676646611e-12       8.423374242801e-13       9.912071978113e-15       1.072299466889e-15       2.989573086830e-16       3.010111718255e-17 
 1531       7.984596174903e-11       2.104730949377e-12       8.523620578617e-13       9.901028128121e-15       1.069511321167e-15       2.957771973529e-16       3.046490334208e-17 
 1532       7.942549703652e-11       2.118800355596e-12       8.610799312452e-13       9.889953065266e-15       1.066732036966e-15       2.926044083910e-16       3.082360545981e-17 
 1533       7.900595953220e-11       2.132877429605e-12       8.684909464414e-13       9.878848269066e-15       1.063961575262e-15       2.894408747057e-16       3.117720318823e-17 
 1534       7.858746046919e-11       2.146954697033e-12       8.745950252300e-13       9.867715226728e-15       1.061199896594e-15       2.862885390886e-16       3.152567616061e-17 
 1535       7.817011163355e-11       2.161024644743e-12       8.793921092024e-13       9.856555433159e-15       1.058446961062e-15       2.831493542305e-16       3.186900399108e-17 
 1536       7.775402536517e-11       2.175079720766e-12       8.828821598056e-13       9.845370390980e-15       1.055702728328e-15       2.800252827374e-16       3.220716627457e-17 
 1537       7.733931455868e-11       2.189112334240e-12       8.850651583849e-13       9.834161610535e-15       1.052967157613e-15       2.769182971465e-16       3.254014258690e-17 
 1538       7.692609266431e-11       2.203114855346e-12       8.859411062276e-13       9.822930609908e-15       1.050240207698e-15       2.738303799421e-16       3.286791248474e-17 
 1539       7.651447368878e-11       2.217079615244e-12       8.855100246063e-13       9.811678914932e-15       1.047521836921e-15       2.707635235718e-16       3.319045550568e-17 
 1540       7.610457219617e-11       2.230998906012e-12       8.837719548217e-13       9.800408059202e-15       1.044812003180e-15       2.677197304620e-16       3.350775116820e-17 
 1541       7.569649378630e-11       2.244865468115e-12       8.807294753509e-13       9.789119539119e-15       1.042110667363e-15       2.647007047569e-16       3.381978274057e-17 
 1542       7.529030642913e-11       2.258673957999e-12       8.763952793370e-13       9.777814678527e-15       1.039417803693e-15       2.617069243003e-16       3.412654858643e-17 
 1543       7.488606885999e-11       2.272419494303e-12       8.707846691136e-13       9.766494762813e-15       1.036733389481e-15       2.587385598763e-16       3.442805092696e-17 
 1544       7.448384007785e-11       2.286097171552e-12       8.639130457983e-13       9.755161083774e-15       1.034057401701e-15       2.557957826881e-16       3.472429208195e-17 
 1545       7.408367934565e-11       2.299702060118e-12       8.557959094628e-13       9.743814939623e-15       1.031389816985e-15       2.528787643575e-16       3.501527447007e-17 
 1546       7.368564619077e-11       2.313229206181e-12       8.464488593037e-13       9.732457635004e-15       1.028730611628e-15       2.499876769262e-16       3.530100060904e-17 
 1547       7.328980040541e-11       2.326673631695e-12       8.358875938128e-13       9.721090480996e-15       1.026079761581e-15       2.471226928559e-16       3.558147311587e-17 
 1548       7.289620204697e-11       2.340030334343e-12       8.241279109472e-13       9.709714795125e-15       1.023437242455e-15       2.442839850284e-16       3.585669470703e-17 
 1549       7.250491143846e-11       2.353294287506e-12       8.111857083003e-13       9.698331901380e-15       1.020803029520e-15       2.414717267466e-16       3.612666819869e-17 
 1550       7.211598916893e-11       2.366460440218e-12       7.970769832716e-13       9.686943130212e-15       1.018177097700e-15       2.386860917343e-16       3.639139650692e-17 
 1551       7.172949609384e-11       2.379523717133e-12       7.818178332378e-13       9.675549818556e-15       1.015559421578e-15       2.359272541370e-16       3.665088264789e-17 
 1552       7.134549333546e-11       2.392479018481e-12       7.654244557224e-13       9.664153309831e-15       1.012949975392e-15       2.331953885222e-16       3.690512973810e-17 
 1553       7.096404228329e-11       2.405321220037e-12       7.479131485669e-13       9.652754953956e-15       1.010348733034e-15       2.304906698796e-16       3.715414099456e-17 
 1554       7.058520459445e-11       2.418045173075e-12       7.293003101005e-13       9.641356107359e-15       1.007755668052e-15       2.278132736220e-16       3.739791973502e-17 
 1555       7.020904219410e-11       2.430645704336e-12       7.096024393111e-13       9.629958132986e-15       1.005170753645e-15       2.251633755850e-16       3.763646937816e-17 
 1556       6.983561727580e-11       2.443117615987e-12       6.888361360154e-13       9.618562400310e-15       1.002593962669e-15       2.225411520281e-16       3.786979344384e-17 
 1557       6.946499230194e-11       2.455455685580e-12       6.670181010295e-13       9.607170285346e-15       1.000025267627e-15       2.199467796346e-16       3.809789555326e-17 
 1558       6.909723000416e-11       2.467654666019e-12       6.441651363391e-13       9.595783170655e-15       9.974646406777e-16       2.173804355123e-16       3.832077942917e-17 
 1559       6.873239338370e-11       2.479709285518e-12       6.202941452699e-13       9.584402445356e-15       9.949120536288e-16       2.148422971937e-16       3.853844889613e-17 
 1560       6.837054571184e-11       2.491614247564e-12       5.954221326584e-13       9.573029505141e-15       9.923674779384e-16       2.123325426366e-16       3.875090788066e-17 
 1561       6.801175053030e-11       2.503364230879e-12       5.695662050219e-13       9.561665752276e-15       9.898308847140e-16       2.098513502243e-16       3.895816041150e-17 
 1562       6.765607165162e-11       2.514953889379e-12       5.427435707291e-13       9.550312595619e-15       9.873022447117e-16       2.073988987661e-16       3.916021061975e-17 
 1563       6.730357315957e-11       2.526377852140e-12       5.149715401703e-13       9.538971450626e-15       9.847815283358e-16       2.049753674978e-16       3.935706273917e-17 
 1564       6.695431940958e-11       2.537630723357e-12       4.862675259284e-13       9.527643739362e-15       9.822687056377e-16       2.025809360819e-16       3.954872110631e-17 
 1565       6.660837502907e-11       2.548707082305e-12       4.566490429484e-13       9.516330890512e-15       9.797637463158e-16       2.002157846082e-16       3.973519016075e-17 
 1566       6.626580491795e-11       2.559601483303e-12       4.261337087088e-13       9.505034339390e-15       9.772666197139e-16       1.978800935939e-16       3.991647444532e-17 
 1567       6.592667424892e-11       2.570308455674e-12       3.947392433911e-13       9.493755527948e-15       9.747772948214e-16       1.955740439846e-16       4.009257860628e-17 
 1568       6.559104846795e-11       2.580822503707e-12       3.624834700508e-13       9.482495904789e-15       9.722957402721e-16       1.932978171539e-16       4.026350739355e-17 
 1569       6.525899329463e-11       2.591138106618e-12       3.293843147879e-13       9.471256925174e-15       9.698219243438e-16       1.910515949045e-16       4.042926566093e-17 
 1570       6.493057472261e-11       2.601249718515e-12       2.954598069167e-13       9.460040051035e-15       9.673558149571e-16       1.888355594682e-16       4.058985836626e-17 
 1571       6.460585901996e-11       2.611151768355e-12       2.607280791369e-13       9.448846750983e-15       9.648973796754e-16       1.866498935063e-16       4.074529057169e-17 
 1572       6.428491272962e-11       2.620838659909e-12       2.252073677034e-13       9.437678500317e-15       9.624465857036e-16       1.844947801104e-16       4.089556744384e-17 
 1573       6.396780266976e-11       2.630304771721e-12       1.889160125972e-13       9.426536781039e-15       9.600033998877e-16       1.823704028023e-16       4.104069425403e-17 
 1574       6.365459593419e-11       2.639544457072e-12       1.518724576956e-13       9.415423081857e-15       9.575677887141e-16       1.802769455348e-16       4.118067637850e-17 
 1575       6.334535989277e-11       2.648552043943e-12       1.140952509427e-13       9.404338898202e-15       9.551397183088e-16       1.782145926918e-16       4.131551929858e-17 
 1576       6.304016219183e-11       2.657321834971e-12       7.560304451961e-14       9.393285732233e-15       9.527191544369e-16       1.761835290888e-16       4.144522860095e-17 
 1577       6.273907075451e-11       2.665848107417e-12       3.641459501509e-14       9.382265092850e-15       9.503060625016e-16       1.741839399734e-16       4.156980997780e-17 
 1578       6.244215378123e-11       2.674125113124e-12      -3.451236404109e-15       9.371278495702e-15       9.479004075437e-16       1.722160110257e-16       4.168926922708e-17 
 1579       6.214947975005e-11       2.682147078478e-12      -4.397548382286e-14       9.360327463200e-15       9.455021542409e-16       1.702799283586e-16       4.180361225267e-17 
 1580       6.186110571229e-11       2.689909019483e-12      -8.513889475628e-14       9.349413370672e-15       9.431112697263e-16       1.683756299982e-16       4.191284810736e-17 
 1581       6.157704205995e-11       2.697409195300e-12      -1.269213831869e-13       9.338536983274e-15       9.407277320743e-16       1.665020578071e-16       4.201699815202e-17 
 1582       6.129728743289e-11       2.704646677344e-12      -1.693025711242e-13       9.327698914811e-15       9.383515218917e-16       1.646578986360e-16       4.211608698162e-17 
 1583       6.102184039385e-11       2.711620536243e-12      -2.122619696167e-13       9.316899781206e-15       9.359826195056e-16       1.628418322032e-16       4.221013939057e-17 
 1584       6.075069942826e-11       2.718329841831e-12      -2.557789785733e-13       9.306140200500e-15       9.336210049621e-16       1.610525310833e-16       4.229918037305e-17 
 1585       6.048386294414e-11       2.724773663153e-12      -2.998328865835e-13       9.295420792856e-15       9.312666580263e-16       1.592886606955e-16       4.238323512338e-17 
 1586       6.022132927190e-11       2.730951068468e-12      -3.444028707388e-13       9.284742180561e-15       9.289195581814e-16       1.575488792922e-16       4.246232903637e-17 
 1587       5.996309666418e-11       2.736861125245e-12      -3.894679964534e-13       9.274104988029e-15       9.265796846283e-16       1.558318379474e-16       4.253648770768e-17 
 1588       5.970916329569e-11       2.742502900166e-12      -4.350072172849e-13       9.263509841803e-15       9.242470162853e-16       1.541361805452e-16       4.260573693416e-17 
 1589       5.945952726307e-11       2.747875459128e-12      -4.809993747553e-13       9.252957370558e-15       9.219215317868e-16       1.524605437681e-16       4.267010271422e-17 
 1590       5.921418658468e-11       2.752977867243e-12      -5.274231981719e-13       9.242448205105e-15       9.196032094835e-16       1.508035570859e-16       4.272961124818e-17 
 1591       5.897313920052e-11       2.757809188837e-12      -5.742573044480e-13       9.231982978392e-15       9.172920274414e-16       1.491638427436e-16       4.278428893864e-17 
 1592       5.873638297197e-11       2.762368487454e-12      -6.214801979240e-13       9.221562325505e-15       9.149879634415e-16       1.475400157502e-16       4.283416239078e-17 
 1593       5.850391568172e-11       2.766654825854e-12      -6.690702701881e-13       9.211186883677e-15       9.126909949790e-16       1.459306838671e-16       4.287925841280e-17 
 1594       5.827573503353e-11       2.770667266017e-12      -7.170057998970e-13       9.200857292283e-15       9.104010992628e-16       1.443344475967e-16       4.291960401619e-17 
 1595       5.805183865215e-11       2.774404869140e-12      -7.652649525972e-13       9.190574192849e-15       9.081182532151e-16       1.427499001705e-16       4.295522641615e-17 
 1596       5.783222408307e-11       2.777866695641e-12      -8.138257805455e-13       9.180338229048e-15       9.058424334708e-16       1.411756275379e-16       4.298615303191e-17 
 1597       5.761688879243e-11       2.781051805157e-12      -8.626662225297e-13       9.170150046712e-15       9.035736163767e-16       1.396102083545e-16       4.301241148709e-17 
 1598       5.740583016684e-11       2.783959256549e-12      -9.117641036902e-13       9.160010293824e-15       9.013117779910e-16       1.380522139707e-16       4.303402961007e-17 
 1599       5.719904551319e-11       2.786588107898e-12      -9.610971353401e-13       9.149919620529e-15       8.990568940832e-16       1.365002084201e-16       4.305103543432e-17 
 1600       5.699653205853e-11       2.788937416509e-12      -1.010642914786e-12       9.139878679133e-15       8.968089401330e-16       1.349527484077e-16       4.306345719877e-17 
 1601       5.679828694988e-11       2.791006238911e-12      -1.060378925150e-12       9.129888124107e-15       8.945678913298e-16       1.334083832988e-16       4.307132334816e-17 
 1602       5.660430725408e-11       2.792793630857e-12      -1.110282535190e-12       9.119948612086e-15       8.923337225723e-16       1.318656551074e-16       4.307466253342e-17 
 1603       5.641458995763e-11       2.794298647328e-12      -1.160330999118e-12       9.110060801877e-15       8.901064084682e-16       1.303230984843e-16       4.307350361198e-17 
 1604       5.622913196653e-11       2.795520342528e-12      -1.210501456426e-12       9.100225354461e-15       8.878859233330e-16       1.287792407058e-16       4.306787564814e-17 
 1605       5.604793010610e-11       2.796457769891e-12      -1.260770931703e-12       9.090442932990e-15       8.856722411898e-16       1.272326016622e-16       4.305780791346e-17 
 1606       5.587098112086e-11       2.797109982078e-12      -1.311116334457e-12       9.080714202796e-15       8.834653357688e-16       1.256816938464e-16       4.304332988706e-17 
 1607       5.569828167432e-11       2.797476030979e-12      -1.361514458936e-12       9.071039831391e-15       8.812651805069e-16       1.241250223420e-16       4.302447125603e-17 
 1608       5.552982834885e-11       2.797554967714e-12      -1.411941983949e-12       9.061420488471e-15       8.790717485463e-16       1.225610848120e-16       4.300126191572e-17 
 1609       5.536561764552e-11       2.797345842634e-12      -1.462375472685e-12       9.051856845915e-15       8.768850127352e-16       1.209883714871e-16       4.297373197016e-17 
 1610       5.520564598391e-11       2.796847705319e-12      -1.512791372538e-12       9.042349577793e-15       8.747049456260e-16       1.194053651545e-16       4.294191173238e-17 
 1611       5.504990970199e-11       2.796059604585e-12      -1.563166014923e-12       9.032899360365e-15       8.725315194757e-16       1.178105411460e-16       4.290583172477e-17 
 1612       5.489840505592e-11       2.794980588479e-12      -1.613475615101e-12       9.023506872084e-15       8.703647062448e-16       1.162023673267e-16       4.286552267943e-17 
 1613       5.475112821992e-11       2.793609704282e-12      -1.663696271997e-12       9.014172793602e-15       8.682044775969e-16       1.145793040832e-16       4.282101553853e-17 
 1614       5.460807528610e-11       2.791945998511e-12      -1.713803968021e-12       9.004897807766e-15       8.660508048981e-16       1.129398043124e-16       4.277234145468e-17 
 1615       5.446924226426e-11       2.789988516916e-12      -1.763774568892e-12       8.995682599628e-15       8.639036592165e-16       1.112823134097e-16       4.271953179125e-17 
 1616       5.433462508181e-11       2.787736304487e-12      -1.813583823455e-12       8.986527856444e-15       8.617630113217e-16       1.096052692576e-16       4.266261812276e-17 
 1617       5.420421958353e-11       2.785188405448e-12      -1.863207363504e-12       8.977434267676e-15       8.596288316839e-16       1.079071022142e-16       4.260163223522e-17 
 1618       5.407802153146e-11       2.782343863264e-12      -1.912620703601e-12       8.968402524996e-15       8.575010904737e-16       1.061862351015e-16       4.253660612647e-17 
 1619       5.395601928507e-11       2.779202363728e-12      -1.961801088842e-12       8.959433161380e-15       8.553797598867e-16       1.044416443395e-16       4.246757166441e-17 
 1620       5.383817176993e-11       2.775766170601e-12      -2.010733056763e-12       8.950526066798e-15       8.532648211408e-16       1.026745489170e-16       4.239455955746e-17 
 1621       5.372443030965e-11       2.772038207463e-12      -2.059402925334e-12       8.941680968151e-15       8.511562575409e-16       1.008867366597e-16       4.231760037548e-17 
 1622       5.361474592696e-11       2.768021416247e-12      -2.107796949481e-12       8.932897589782e-15       8.490540521590e-16       9.908000448400e-17       4.223672489144e-17 
 1623       5.350906934322e-11       2.763718757264e-12      -2.155901320999e-12       8.924175653465e-15       8.469581878337e-16       9.725615841086e-17       4.215196408175e-17 
 1624       5.340735097789e-11       2.759133209233e-12      -2.203702168448e-12       8.915514878408e-15       8.448686471700e-16       9.541701358021e-17       4.206334912657e-17 
 1625       5.330954094808e-11       2.754267769314e-12      -2.251185557066e-12       8.906914981243e-15       8.427854125385e-16       9.356439426495e-17       4.197091141020e-17 
 1626       5.321558906803e-11       2.749125453138e-12      -2.298337488670e-12       8.898375676023e-15       8.407084660752e-16       9.170013388515e-17       4.187468252140e-17 
 1627       5.312544484859e-11       2.743709294834e-12      -2.345143901564e-12       8.889896674217e-15       8.386377896808e-16       8.982607502215e-17       4.177469425369e-17 
 1628       5.303905749679e-11       2.738022347065e-12      -2.391590670442e-12       8.881477684706e-15       8.365733650206e-16       8.794406943270e-17       4.167097860576e-17 
 1629       5.295637591527e-11       2.732067681050e-12      -2.437663606295e-12       8.873118413777e-15       8.345151735237e-16       8.605597806311e-17       4.156356778175e-17 
 1630       5.287734870183e-11       2.725848386603e-12      -2.483348456316e-12       8.864818565119e-15       8.324631963827e-16       8.416367106341e-17       4.145249419161e-17 
 1631       5.280192414893e-11       2.719367572159e-12      -2.528630903807e-12       8.856577839819e-15       8.304174145533e-16       8.226902780142e-17       4.133779045145e-17 
 1632       5.273005024317e-11       2.712628364802e-12      -2.573496568079e-12       8.848395936357e-15       8.283778087536e-16       8.037393687697e-17       4.121948938387e-17 
 1633       5.266167466482e-11       2.705633910300e-12      -2.617931004366e-12       8.840272550601e-15       8.263443594640e-16       7.848029613598e-17       4.109762401829e-17 
 1634       5.259674478732e-11       2.698387373133e-12      -2.661919703722e-12       8.832207375800e-15       8.243170469266e-16       7.659001268461e-17       4.097222759130e-17 
 1635       5.253520767676e-11       2.690891936522e-12      -2.705448092932e-12       8.824200102586e-15       8.222958511445e-16       7.470500290342e-17       4.084333354701e-17 
 1636       5.247701009141e-11       2.683150802463e-12      -2.748501534415e-12       8.816250418962e-15       8.202807518817e-16       7.282719246148e-17       4.071097553735e-17 
 1637       5.242209848122e-11       2.675167191752e-12      -2.791065326130e-12       8.808358010300e-15       8.182717286625e-16       7.095851633053e-17       4.057518742246e-17 
 1638       5.237041898732e-11       2.666944344021e-12      -2.833124701482e-12       8.800522559337e-15       8.162687607711e-16       6.910091879910e-17       4.043600327099e-17 
 1639       5.232191744151e-11       2.658485517762e-12      -2.874664829225e-12       8.792743746172e-15       8.142718272508e-16       6.725635348667e-17       4.029345736045e-17 
 1640       5.227653936580e-11       2.649793990365e-12      -2.915670813369e-12       8.785021248258e-15       8.122809069042e-16       6.542678335776e-17       4.014758417758e-17 
 1641       5.223422997186e-11       2.640873058139e-12      -2.956127693089e-12       8.777354740396e-15       8.102959782923e-16       6.361418073614e-17       3.999841841863e-17 
 1642       5.219493416060e-11       2.631726036351e-12      -2.996020442624e-12       8.769743894736e-15       8.083170197339e-16       6.182052731891e-17       3.984599498975e-17 
 1643       5.215859652158e-11       2.622356259251e-12      -3.035333971185e-12       8.762188380769e-15       8.063440093055e-16       6.004781419065e-17       3.969034900729e-17 
 1644       5.212516133260e-11       2.612767080103e-12      -3.074053122862e-12       8.754687865321e-15       8.043769248410e-16       5.829804183758e-17       3.953151579818e-17 
 1645       5.209457255915e-11       2.602961871218e-12      -3.112162676528e-12       8.747242012551e-15       8.024157439305e-16       5.657322016168e-17       3.936953090025e-17 
 1646       5.206677385395e-11       2.592944023979e-12      -3.149647345745e-12       8.739850483945e-15       8.004604439206e-16       5.487536849482e-17       3.920443006255e-17 
 1647       5.204170855640e-11       2.582716948878e-12      -3.186491778667e-12       8.732512938309e-15       7.985110019136e-16       5.320651561292e-17       3.903624924571e-17 
 1648       5.201931969216e-11       2.572284075540e-12      -3.222680557951e-12       8.725229031771e-15       7.965673947671e-16       5.156869975007e-17       3.886502462230e-17 
 1649       5.199954997259e-11       2.561648852757e-12      -3.258198200655e-12       8.717998417769e-15       7.946295990934e-16       4.996396861267e-17       3.869079257711e-17 
 1650       5.198234179428e-11       2.550814748517e-12      -3.293029158150e-12       8.710820747051e-15       7.926975912594e-16       4.839437939358e-17       3.851358970755e-17 
 1651       5.196763723855e-11       2.539785250036e-12      -3.327157816021e-12       8.703695667667e-15       7.907713473858e-16       4.686199878625e-17       3.833345282394e-17 
 1652       5.195537807097e-11       2.528563863783e-12      -3.360568493974e-12       8.696622824967e-15       7.888508433469e-16       4.536890299884e-17       3.815041894991e-17 
 1653       5.194550574083e-11       2.517154115519e-12      -3.393245445744e-12       8.689601861596e-15       7.869360547699e-16       4.391717776840e-17       3.796452532266e-17 
 1654       5.193796138068e-11       2.505559550318e-12      -3.425172858993e-12       8.682632417488e-15       7.850269570347e-16       4.250891837497e-17       3.777580939337e-17 
 1655       5.193268580581e-11       2.493783732603e-12      -3.456334855226e-12       8.675714129861e-15       7.831235252731e-16       4.114622965573e-17       3.758430882750e-17 
 1656       5.192961951376e-11       2.481830246175e-12      -3.486715489685e-12       8.668846633214e-15       7.812257343689e-16       3.983122601914e-17       3.739006150514e-17 
 1657       5.192870268382e-11       2.469702694244e-12      -3.516298751266e-12       8.662029559323e-15       7.793335589567e-16       3.856603145908e-17       3.719310552134e-17 
 1658       5.192987524078e-11       2.457404858381e-12      -3.545071098380e-12       8.655262457346e-15       7.774469753551e-16       3.735224677303e-17       3.699347823604e-17 
 1659       5.193307704772e-11       2.444941176860e-12      -3.573029091247e-12       8.648544553395e-15       7.755659673825e-16       3.618934604673e-17       3.679121341396e-17 
 1660       5.193824771394e-11       2.432316270602e-12      -3.600171826764e-12       8.641874988831e-15       7.736905205915e-16       3.507626604804e-17       3.658634406011e-17 
 1661       5.194532653034e-11       2.419534784665e-12      -3.626498408672e-12       8.635252899960e-15       7.718206203401e-16       3.401193772947e-17       3.637890336828e-17 
 1662       5.195425246899e-11       2.406601388284e-12      -3.652007947571e-12       8.628677418013e-15       7.699562517915e-16       3.299528621915e-17       3.616892472128e-17 
 1663       5.196496418260e-11       2.393520774909e-12      -3.676699560933e-12       8.622147669150e-15       7.680973999135e-16       3.202523081167e-17       3.595644169131e-17 
 1664       5.197740000403e-11       2.380297662241e-12      -3.700572373123e-12       8.615662774440e-15       7.662440494782e-16       3.110068495901e-17       3.574148804016e-17 
 1665       5.199149794581e-11       2.366936792270e-12      -3.723625515411e-12       8.609221849862e-15       7.643961850619e-16       3.022055626140e-17       3.552409771961e-17 
 1666       5.200719569964e-11       2.353442931311e-12      -3.745858125989e-12       8.602824006293e-15       7.625537910442e-16       2.938374645827e-17       3.530430487166e-17 
 1667       5.202443063589e-11       2.339820870042e-12      -3.767269349990e-12       8.596468349499e-15       7.607168516083e-16       2.858915141906e-17       3.508214382884e-17 
 1668       5.204313980310e-11       2.326075423541e-12      -3.787858339499e-12       8.590153980128e-15       7.588853507400e-16       2.783566113419e-17       3.485764911454e-17 
 1669       5.206325992753e-11       2.312211431324e-12      -3.807624253571e-12       8.583879993705e-15       7.570592722278e-16       2.712215970592e-17       3.463085544325e-17 
 1670       5.208472741260e-11       2.298233757380e-12      -3.826566258251e-12       8.577645480615e-15       7.552385996620e-16       2.644752533924e-17       3.440179772092e-17 
 1671       5.210747833847e-11       2.284147290212e-12      -3.844683526585e-12       8.571449526106e-15       7.534233164350e-16       2.581063033279e-17       3.417051104521e-17 
 1672       5.213144846148e-11       2.269956942868e-12      -3.861975238636e-12       8.565291210272e-15       7.516134057405e-16       2.521034106972e-17       3.393703070582e-17 
 1673       5.215657321369e-11       2.255667652987e-12      -3.878440581504e-12       8.559169608049e-15       7.498088505730e-16       2.464551800860e-17       3.370139218478e-17 
 1674       5.218278770239e-11       2.241284382826e-12      -3.894078749339e-12       8.553083789206e-15       7.480096337281e-16       2.411501567432e-17       3.346363115671e-17 
 1675       5.221002670961e-11       2.226812119307e-12      -3.908888943358e-12       8.547032818338e-15       7.462157378012e-16       2.361768264898e-17       3.322378348918e-17 
 1676       5.223822469160e-11       2.212255874046e-12      -3.922870371862e-12       8.541015754854e-15       7.444271451878e-16       2.315236156276e-17       3.298188524296e-17 
 1677       5.226731577836e-11       2.197620683395e-12      -3.936022250248e-12       8.535031652975e-15       7.426438380831e-16       2.271788908487e-17       3.273797267235e-17 
 1678       5.229723377313e-11       2.182911608480e-12      -3.948343801031e-12       8.529079561718e-15       7.408657984812e-16       2.231309591437e-17       3.249208222545e-17 
 1679       5.232791215192e-11       2.168133735234e-12      -3.959834253856e-12       8.523158524897e-15       7.390930081751e-16       2.193680677114e-17       3.224425054447e-17 
 1680       5.235928406301e-11       2.153292174435e-12      -3.970492845515e-12       8.517267581106e-15       7.373254487563e-16       2.158784038671e-17       3.199451446604e-17 
 1681       5.239128232643e-11       2.138392061748e-12      -3.980318819962e-12       8.511405763716e-15       7.355631016143e-16       2.126500949518e-17       3.174291102149e-17 
 1682       5.242383943349e-11       2.123438557757e-12      -3.989311428333e-12       8.505572100866e-15       7.338059479361e-16       2.096712082414e-17       3.148947743715e-17 
 1683       5.245688754631e-11       2.108436848003e-12      -3.997469928957e-12       8.499765615455e-15       7.320539687064e-16       2.069297508550e-17       3.123425113464e-17 
 1684       5.249035849727e-11       2.093392143023e-12      -4.004793587374e-12       8.493985325133e-15       7.303071447066e-16       2.044136696646e-17       3.097726973121e-17 
 1685       5.252418378856e-11       2.078309678387e-12      -4.011281676353e-12       8.488230242291e-15       7.285654565145e-16       2.021108512034e-17       3.071857103998e-17 
 1686       5.255829459168e-11       2.063194714734e-12      -4.016933475905e-12       8.482499374057e-15       7.268288845046e-16       2.000091215751e-17       3.045819307027e-17 
 1687       5.259262174693e-11       2.048052537810e-12      -4.021748273302e-12       8.476791722287e-15       7.250974088467e-16       1.980962463626e-17       3.019617402789e-17 
 1688       5.262709576293e-11       2.032888458503e-12      -4.025725363088e-12       8.471106283552e-15       7.233710095064e-16       1.963599305372e-17       2.993255231546e-17 
 1689       5.266164681614e-11       2.017707812884e-12      -4.028864047104e-12       8.465442049136e-15       7.216496662443e-16       1.947878183673e-17       2.966736653265e-17 
 1690       5.269620475034e-11       2.002515962242e-12      -4.031163634492e-12       8.459798005025e-15       7.199333586156e-16       1.933674933277e-17       2.940065547656e-17 
 1691       5.273069907613e-11       1.987318293121e-12      -4.032623441724e-12       8.454173131899e-15       7.182220659701e-16       1.920864780079e-17       2.913245814192e-17 
 1692       5.276505897049e-11       1.972120217358e-12      -4.033242792606e-12       8.448566405123e-15       7.165157674515e-16       1.909322340218e-17       2.886281372150e-17 
 1693       5.279921327624e-11       1.956927172119e-12      -4.033021018304e-12       8.442976794740e-15       7.148144419969e-16       1.898921619158e-17       2.859176160629e-17 
 1694       5.283309050154e-11       1.941744619939e-12      -4.031957457353e-12       8.437403265464e-15       7.131180683368e-16       1.889536010788e-17       2.831934138590e-17 
 1695       5.286661881943e-11       1.926578048755e-12      -4.030051455677e-12       8.431844776668e-15       7.114266249946e-16       1.881038296499e-17       2.804559284879e-17 
 1696       5.289972606733e-11       1.911432971946e-12      -4.027302366603e-12       8.426300282381e-15       7.097400902863e-16       1.873300644285e-17       2.777055598259e-17 
 1697       5.293234564352e-11       1.896314599356e-12      -4.023711306465e-12       8.420768762505e-15       7.080584439346e-16       1.866214396957e-17       2.749426936297e-17 
 1698       5.296443425317e-11       1.881226847188e-12      -4.019286437929e-12       8.415249316791e-15       7.063816719293e-16       1.859749625221e-17       2.721676530431e-17 
 1699       5.299595431435e-11       1.866173319645e-12      -4.014037732250e-12       8.409741071660e-15       7.047097617083e-16       1.853896086247e-17       2.693807466779e-17 
 1700       5.302686807468e-11       1.851157637197e-12      -4.007975217913e-12       8.404243149038e-15       7.030427005464e-16       1.848643481054e-17       2.665822846930e-17 
 1701       5.305713761105e-11       1.836183436601e-12      -4.001108980716e-12       8.398754666351e-15       7.013804755546e-16       1.843981454424e-17       2.637725787963e-17 
 1702       5.308672482942e-11       1.821254370926e-12      -3.993449163867e-12       8.393274736514e-15       6.997230736804e-16       1.839899594813e-17       2.609519422472e-17 
 1703       5.311559146452e-11       1.806374109576e-12      -3.985005968065e-12       8.387802467931e-15       6.980704817069e-16       1.836387434269e-17       2.581206898589e-17 
 1704       5.314369907966e-11       1.791546338313e-12      -3.975789651595e-12       8.382336964481e-15       6.964226862532e-16       1.833434448340e-17       2.552791380008e-17 
 1705       5.317100906642e-11       1.776774759284e-12      -3.965810530415e-12       8.376877325517e-15       6.947796737732e-16       1.831030055992e-17       2.524276046006e-17 
 1706       5.319748264447e-11       1.762063091038e-12      -3.955078978246e-12       8.371422645853e-15       6.931414305560e-16       1.829163619521e-17       2.495664091466e-17 
 1707       5.322308086127e-11       1.747415068556e-12      -3.943605426659e-12       8.365972015765e-15       6.915079427254e-16       1.827824444466e-17       2.466958726905e-17 
 1708       5.324776459182e-11       1.732834443271e-12      -3.931400365167e-12       8.360524520976e-15       6.898791962396e-16       1.827001779521e-17       2.438163178489e-17 
 1709       5.327149453847e-11       1.718324983091e-12      -3.918474341312e-12       8.355079242655e-15       6.882551768906e-16       1.826684816452e-17       2.409280688062e-17 
 1710       5.329423123061e-11       1.703890472425e-12      -3.904837960756e-12       8.349635257407e-15       6.866358703044e-16       1.826862690009e-17       2.380314513169e-17 
 1711       5.331593502445e-11       1.689534712203e-12      -3.890501887368e-12       8.344191637267e-15       6.850212619404e-16       1.827524477839e-17       2.351267927074e-17 
 1712       5.333656610277e-11       1.675261519906e-12      -3.875476843315e-12       8.338747449695e-15       6.834113370911e-16       1.828659200400e-17       2.322144218790e-17 
 1713       5.335608447468e-11       1.661074729580e-12      -3.859773609151e-12       8.333301757565e-15       6.818060808820e-16       1.830255820872e-17       2.292946693096e-17 
 1714       5.337444997535e-11       1.646978191868e-12      -3.843403023904e-12       8.327853619162e-15       6.802054782710e-16       1.832303245076e-17       2.263678670563e-17 
 1715       5.339162226579e-11       1.632975774028e-12      -3.826375985169e-12       8.322402088173e-15       6.786095140482e-16       1.834790321382e-17       2.234343487578e-17 
 1716       5.340756083258e-11       1.619071359961e-12      -3.808703449192e-12       8.316946213681e-15       6.770181728358e-16       1.837705840627e-17       2.204944496365e-17 
 1717       5.342222498763e-11       1.605268850230e-12      -3.790396430965e-12       8.311485040158e-15       6.754314390876e-16       1.841038536023e-17       2.175485065007e-17 
 1718       5.343557386793e-11       1.591572162087e-12      -3.771466004311e-12       8.306017607458e-15       6.738492970886e-16       1.844777083077e-17       2.145968577475e-17 
 1719       5.344756643533e-11       1.577985229492e-12      -3.751923301973e-12       8.300542950809e-15       6.722717309550e-16       1.848910099499e-17       2.116398433641e-17 
 1720       5.345816147623e-11       1.564512003145e-12      -3.731779515708e-12       8.295060100811e-15       6.706987246336e-16       1.853426145119e-17       2.086778049313e-17 
 1721       5.346731760140e-11       1.551156450498e-12      -3.711045896370e-12       8.289568083421e-15       6.691302619018e-16       1.858313721799e-17       2.057110856248e-17 
 1722       5.347499324568e-11       1.537922555789e-12      -3.689733754002e-12       8.284065919952e-15       6.675663263668e-16       1.863561273346e-17       2.027400302181e-17 
 1723       5.348114666779e-11       1.524814320059e-12      -3.667854457925e-12       8.278552627066e-15       6.660069014660e-16       1.869157185427e-17       1.997649850845e-17 
 1724       5.348573595001e-11       1.511835761178e-12      -3.645419436829e-12       8.273027216764e-15       6.644519704661e-16       1.875089785482e-17       1.967862981995e-17 
 1725       5.348871899799e-11       1.498990913867e-12      -3.622440178859e-12       8.267488696383e-15       6.629015164630e-16       1.881347342637e-17       1.938043191433e-17 
 1726       5.349005354047e-11       1.486283829724e-12      -3.598928231705e-12       8.261936068585e-15       6.613555223816e-16       1.887918067616e-17       1.908193991028e-17 
 1727       5.348969712906e-11       1.473718577246e-12      -3.574895202693e-12       8.256368331353e-15       6.598139709753e-16       1.894790112659e-17       1.878318908740e-17 
 1728       5.348760713797e-11       1.461299241850e-12      -3.550352758870e-12       8.250784477984e-15       6.582768448259e-16       1.901951571431e-17       1.848421488643e-17 
 1729       5.348374076376e-11       1.449029925903e-12      -3.525312627101e-12       8.245183497080e-15       6.567441263432e-16       1.909390478938e-17       1.818505290952e-17 
 1730       5.347805502512e-11       1.436914748737e-12      -3.499786594147e-12       8.239564372544e-15       6.552157977647e-16       1.917094811439e-17       1.788573892038e-17 
 1731       5.347050676259e-11       1.424957846679e-12      -3.473786506765e-12       8.233926083571e-15       6.536918411551e-16       1.925052486360e-17       1.758630884458e-17 
 1732       5.346105263833e-11       1.413163373074e-12      -3.447324271791e-12       8.228267604643e-15       6.521722384065e-16       1.933251362210e-17       1.728679876975e-17 
 1733       5.344964913587e-11       1.401535498305e-12      -3.420411856230e-12       8.222587905518e-15       6.506569712376e-16       1.941679238490e-17       1.698724494582e-17 
 1734       5.343625255986e-11       1.390078409817e-12      -3.393061287345e-12       8.216885951230e-15       6.491460211936e-16       1.950323855608e-17       1.668768378525e-17 
 1735       5.342081903583e-11       1.378796312146e-12      -3.365284652749e-12       8.211160702075e-15       6.476393696459e-16       1.959172894795e-17       1.638815186326e-17 
 1736       5.340331193995e-11       1.367692857919e-12      -3.337094288658e-12       8.205411222362e-15       6.461369991544e-16       1.968218497249e-17       1.608868354764e-17 
 1737       5.338372425738e-11       1.356769435594e-12      -3.308503346220e-12       8.199637007670e-15       6.446388975675e-16       1.977470863399e-17       1.578930386599e-17 
 1738       5.336205641192e-11       1.346026867340e-12      -3.279525230135e-12       8.193837660333e-15       6.431450539559e-16       1.986944768092e-17       1.549003557881e-17 
 1739       5.333830885305e-11       1.335465976739e-12      -3.250173411025e-12       8.188012780936e-15       6.416554572533e-16       1.996655051857e-17       1.519090154463e-17 
 1740       5.331248205609e-11       1.325087588793e-12      -3.220461425524e-12       8.182161968312e-15       6.401700962556e-16       2.006616620999e-17       1.489192472012e-17 
 1741       5.328457652216e-11       1.314892529920e-12      -3.190402876377e-12       8.176284819541e-15       6.386889596211e-16       2.016844447694e-17       1.459312816021e-17 
 1742       5.325459277826e-11       1.304881627956e-12      -3.160011432538e-12       8.170380929944e-15       6.372120358700e-16       2.027353570079e-17       1.429453501827e-17 
 1743       5.322253137733e-11       1.295055712157e-12      -3.129300829264e-12       8.164449893085e-15       6.357393133842e-16       2.038159092348e-17       1.399616854622e-17 
 1744       5.318839289828e-11       1.285415613201e-12      -3.098284868213e-12       8.158491300764e-15       6.342707804071e-16       2.049276184844e-17       1.369805209465e-17 
 1745       5.315217794604e-11       1.275962163184e-12      -3.066977417543e-12       8.152504743020e-15       6.328064250434e-16       2.060720084154e-17       1.340020911299e-17 
 1746       5.311388715162e-11       1.266696195626e-12      -3.035392412003e-12       8.146489808120e-15       6.313462352586e-16       2.072506093199e-17       1.310266314964e-17 
 1747       5.307352117215e-11       1.257618545469e-12      -3.003543853034e-12       8.140446082566e-15       6.298901988791e-16       2.084649581330e-17       1.280543785209e-17 
 1748       5.303108069091e-11       1.248730049078e-12      -2.971445808867e-12       8.134373151086e-15       6.284383035918e-16       2.097165984423e-17       1.250855696705e-17 
 1749       5.298656641743e-11       1.240031544244e-12      -2.939112414614e-12       8.128270596632e-15       6.269905369436e-16       2.110070804968e-17       1.221204434061e-17 
 1750       5.293997908747e-11       1.231523870182e-12      -2.906557872369e-12       8.122138000383e-15       6.255468863417e-16       2.123379612164e-17       1.191592391838e-17 
 1751       5.289131946312e-11       1.223207867534e-12      -2.873796451303e-12       8.115974941733e-15       6.241073390527e-16       2.137108042014e-17       1.162021974560e-17 
 1752       5.284058833283e-11       1.215084378368e-12      -2.840842487763e-12       8.109780998299e-15       6.226718822029e-16       2.151271797416e-17       1.132495596728e-17 
 1753       5.278778651146e-11       1.207154246181e-12      -2.807710385365e-12       8.103555745909e-15       6.212405027779e-16       2.165886648261e-17       1.103015682837e-17 
 1754       5.273291484031e-11       1.199418315897e-12      -2.774414615092e-12       8.097298758605e-15       6.198131876220e-16       2.180968431518e-17       1.073584667384e-17 
 1755       5.267597418720e-11       1.191877433871e-12      -2.740969715393e-12       8.091009608642e-15       6.183899234385e-16       2.196533051334e-17       1.044204994888e-17 
 1756       5.261696544651e-11       1.184532447888e-12      -2.707390292277e-12       8.084687866478e-15       6.169706967890e-16       2.212596479127e-17       1.014879119898e-17 
 1757       5.255588953919e-11       1.177384207164e-12      -2.673691019409e-12       8.078333100779e-15       6.155554940936e-16       2.229174753677e-17       9.856095070103e-18 
 1758       5.249274741287e-11       1.170433562348e-12      -2.639886638210e-12       8.071944878413e-15       6.141443016302e-16       2.246283981219e-17       9.563986308804e-18 
 1759       5.242754004186e-11       1.163681365519e-12      -2.605991957950e-12       8.065522764447e-15       6.127371055343e-16       2.263940335539e-17       9.272489762373e-18 
 1760       5.236026842722e-11       1.157128470193e-12      -2.572021855848e-12       8.059066322147e-15       6.113338917993e-16       2.282160058066e-17       8.981630378966e-18 
 1761       5.229093359680e-11       1.150775731320e-12      -2.537991277164e-12       8.052575112972e-15       6.099346462754e-16       2.300959457963e-17       8.691433207748e-18 
 1762       5.221953660529e-11       1.144624005283e-12      -2.503915235303e-12       8.046048696576e-15       6.085393546701e-16       2.320354912224e-17       8.401923399024e-18 
 1763       5.214607853428e-11       1.138674149905e-12      -2.469808811903e-12       8.039486630800e-15       6.071480025475e-16       2.340362865768e-17       8.113126204375e-18 
 1764       5.207056049228e-11       1.132927024443e-12      -2.435687156938e-12       8.032888471674e-15       6.057605753284e-16       2.360999831527e-17       7.825066976800e-18 
 1765       5.199298361479e-11       1.127383489593e-12      -2.401565488812e-12       8.026253773412e-15       6.043770582894e-16       2.382282390544e-17       7.537771170846e-18 
 1766       5.191334906436e-11       1.122044407490e-12      -2.367459094457e-12       8.019582088410e-15       6.029974365637e-16       2.404227192064e-17       7.251264342747e-18 
 1767       5.183165803059e-11       1.116910641709e-12      -2.333383329427e-12       8.012872967245e-15       6.016216951398e-16       2.426850953631e-17       6.965572150559e-18 
 1768       5.174791173023e-11       1.111983057265e-12      -2.299353617999e-12       8.006125958669e-15       6.002498188618e-16       2.450170461175e-17       6.680720354300e-18 
 1769       5.166211140721e-11       1.107262520615e-12      -2.265385453264e-12       7.999340609611e-15       5.988817924292e-16       2.474202569111e-17       6.396734816081e-18 
 1770       5.157425833267e-11       1.102749899656e-12      -2.231494397228e-12       7.992516465169e-15       5.975176003964e-16       2.498964200431e-17       6.113641500245e-18 
 1771       5.148435380504e-11       1.098446063730e-12      -2.197696080910e-12       7.985653068614e-15       5.961572271725e-16       2.524472346794e-17       5.831466473505e-18 
 1772       5.139239915005e-11       1.094351883623e-12      -2.164006204431e-12       7.978749961381e-15       5.948006570211e-16       2.550744068624e-17       5.550235905075e-18 
 1773       5.129839572082e-11       1.090468231566e-12      -2.130440537120e-12       7.971806683071e-15       5.934478740603e-16       2.577796495201e-17       5.269976066812e-18 
 1774       5.120234489788e-11       1.086795981233e-12      -2.097014917605e-12       7.964822771445e-15       5.920988622619e-16       2.605646824754e-17       4.990713333348e-18 
 1775       5.110425278944e-11       1.083335542428e-12      -2.063744067464e-12       7.957797877645e-15       5.907536066310e-16       2.634307228112e-17       4.712472180338e-18 
 1776       5.100414437452e-11       1.080085460926e-12      -2.030638021299e-12       7.950732112882e-15       5.894120967548e-16       2.663769513518e-17       4.435269160864e-18 
 1777       5.090204947649e-11       1.077043807089e-12      -1.997705667424e-12       7.943625704596e-15       5.880743232821e-16       2.694020335580e-17       4.159118879644e-18 
 1778       5.079799807372e-11       1.074208640120e-12      -1.964955931693e-12       7.936478881503e-15       5.867402767469e-16       2.725046280137e-17       3.884035990474e-18 
 1779       5.069202029973e-11       1.071578008044e-12      -1.932397777553e-12       7.929291873595e-15       5.854099475680e-16       2.756833864161e-17       3.610035196290e-18 
 1780       5.058414644350e-11       1.069149947696e-12      -1.900040206091e-12       7.922064912140e-15       5.840833260485e-16       2.789369535653e-17       3.337131249229e-18 
 1781       5.047440694962e-11       1.066922484698e-12      -1.867892256088e-12       7.914798229684e-15       5.827604023762e-16       2.822639673544e-17       3.065338950686e-18 
 1782       5.036283241858e-11       1.064893633450e-12      -1.835963004072e-12       7.907492060056e-15       5.814411666229e-16       2.856630587596e-17       2.794673151376e-18 
 1783       5.024945360696e-11       1.063061397103e-12      -1.804261564368e-12       7.900146638367e-15       5.801256087442e-16       2.891328518298e-17       2.525148751392e-18 
 1784       5.013430142766e-11       1.061423767552e-12      -1.772797089147e-12       7.892762201012e-15       5.788137185797e-16       2.926719636769e-17       2.256780700271e-18 
 1785       5.001740695015e-11       1.059978725413e-12      -1.741578768482e-12       7.885338985675e-15       5.775054858524e-16       2.962790044655e-17       1.989583997045e-18 
 1786       4.989880140065e-11       1.058724240007e-12      -1.710615830398e-12       7.877877231324e-15       5.762009001687e-16       2.999525774026e-17       1.723573690309e-18 
 1787       4.977851616241e-11       1.057658269347e-12      -1.679917540920e-12       7.870377178222e-15       5.748999510180e-16       3.036912787282e-17       1.458764878278e-18 
 1788       4.965658277593e-11       1.056778760114e-12      -1.649493204129e-12       7.862839067920e-15       5.736026277728e-16       3.074936977047e-17       1.195172708844e-18 
 1789       4.953303293913e-11       1.056083647647e-12      -1.619352162212e-12       7.855263143265e-15       5.723089196883e-16       3.113584166068e-17       9.328123796425e-19 
 1790       4.940789850766e-11       1.055570855924e-12      -1.589503795514e-12       7.847649648400e-15       5.710188159022e-16       3.152840107119e-17       6.716991381070e-19 
 1791       4.928121149505e-11       1.055238297544e-12      -1.559957522586e-12       7.839998828764e-15       5.697323054344e-16       3.192690482895e-17       4.118482815320e-19 
 1792       4.915300407299e-11       1.055083873708e-12      -1.530722800242e-12       7.832310931097e-15       5.684493771870e-16       3.233120905916e-17       1.532751571318e-19 
 1793       4.902330857154e-11       1.055105474209e-12      -1.501809123607e-12       7.824586203438e-15       5.671700199441e-16       3.274116918423e-17      -1.040048378988e-19 
 1794       4.889215747936e-11       1.055300977409e-12      -1.473226026167e-12       7.816824895132e-15       5.658942223714e-16       3.315663992279e-17      -3.599762563248e-19 
 1795       4.875958344392e-11       1.055668250223e-12      -1.444983079827e-12       7.809027256827e-15       5.646219730162e-16       3.357747528866e-17      -6.146236008108e-19 
 1796       4.862561927175e-11       1.056205148105e-12      -1.417089894953e-12       7.801193540478e-15       5.633532603069e-16       3.400352858988e-17      -8.679313238610e-19 
 1797       4.849029792865e-11       1.056909515029e-12      -1.389556120433e-12       7.793323999349e-15       5.620880725532e-16       3.443465242769e-17      -1.119883827759e-18 
 1798       4.835365253994e-11       1.057779183471e-12      -1.362391443722e-12       7.785418888015e-15       5.608263979457e-16       3.487069869550e-17      -1.370465464508e-18 
 1799       4.821571639064e-11       1.058811974397e-12      -1.335605590896e-12       7.777478462361e-15       5.595682245554e-16       3.531151857792e-17      -1.619660535771e-18 
 1800       4.807652292576e-11       1.060005697239e-12      -1.309208326703e-12       7.769502979589e-15       5.583135403341e-16       3.575696254971e-17      -1.867453292809e-18 
 1801       4.793610575048e-11       1.061358149883e-12      -1.283209454615e-12       7.761492698216e-15       5.570623331138e-16       3.620688037483e-17      -2.113827936424e-18 
 1802       4.779449863039e-11       1.062867118653e-12      -1.257618816877e-12       7.753447878075e-15       5.558145906065e-16       3.666112110538e-17      -2.358768616896e-18 
 1803       4.765173549172e-11       1.064530378290e-12      -1.232446294564e-12       7.745368780322e-15       5.545703004041e-16       3.711953308062e-17      -2.602259433925e-18 
 1804       4.750785042158e-11       1.066345691938e-12      -1.207701807627e-12       7.737255667431e-15       5.533294499781e-16       3.758196392597e-17      -2.844284436570e-18 
 1805       4.736287766816e-11       1.068310811126e-12      -1.183395314945e-12       7.729108803203e-15       5.520920266796e-16       3.804826055197e-17      -3.084827623188e-18 
 1806       4.721685164096e-11       1.070423475752e-12      -1.159536814380e-12       7.720928452761e-15       5.508580177389e-16       3.851826915332e-17      -3.323872941376e-18 
 1807       4.706980691105e-11       1.072681414066e-12      -1.136136342827e-12       7.712714882556e-15       5.496274102654e-16       3.899183520782e-17      -3.561404287911e-18 
 1808       4.692177821126e-11       1.075082342653e-12      -1.113203976264e-12       7.704468360370e-15       5.484001912471e-16       3.946880347543e-17      -3.797405508686e-18 
 1809       4.677280043642e-11       1.077623966413e-12      -1.090749829802e-12       7.696189155313e-15       5.471763475511e-16       3.994901799719e-17      -4.031860398655e-18 
 1810       4.662290864359e-11       1.080303978552e-12      -1.068784057744e-12       7.687877537828e-15       5.459558659225e-16       4.043232209428e-17      -4.264752701772e-18 
 1811       4.647213805228e-11       1.083120060556e-12      -1.047316853626e-12       7.679533779694e-15       5.447387329848e-16       4.091855836695e-17      -4.496066110926e-18 
 1812       4.632052404470e-11       1.086069882180e-12      -1.026358450277e-12       7.671158154024e-15       5.435249352397e-16       4.140756869356e-17      -4.725784267888e-18 
 1813       4.616810216595e-11       1.089151101431e-12      -1.005919119868e-12       7.662750935272e-15       5.423144590665e-16       4.189919422958e-17      -4.953890763245e-18 
 1814       4.601490818081e-11       1.092361233975e-12      -9.860075147094e-13       7.654312457276e-15       5.411072916549e-16       4.239330439915e-17      -5.180370208300e-18 
 1815       4.586097824415e-11       1.095697260265e-12      -9.666256749219e-13       7.645843287917e-15       5.399034238102e-16       4.288988412772e-17      -5.405211460324e-18 
 1816       4.570634873232e-11       1.099156015209e-12      -9.477739805971e-13       7.637344055875e-15       5.387028471707e-16       4.338894731112e-17      -5.628404423199e-18 
 1817       4.555105618700e-11       1.102734318441e-12      -9.294528073845e-13       7.628815392715e-15       5.375055532759e-16       4.389050788692e-17      -5.849938977806e-18 
 1818       4.539513731543e-11       1.106428974291e-12      -9.116625264815e-13       7.620257932889e-15       5.363115335672e-16       4.439457983442e-17      -6.069804982003e-18 
 1819       4.523862899059e-11       1.110236771770e-12      -8.944035046251e-13       7.611672313742e-15       5.351207793873e-16       4.490117717477e-17      -6.287992270603e-18 
 1820       4.508156825150e-11       1.114154484543e-12      -8.776761040827e-13       7.603059175517e-15       5.339332819802e-16       4.541031397095e-17      -6.504490655355e-18 
 1821       4.492399230337e-11       1.118178870910e-12      -8.614806826430e-13       7.594419161354e-15       5.327490324907e-16       4.592200432787e-17      -6.719289924921e-18 
 1822       4.476593851791e-11       1.122306673787e-12      -8.458175936071e-13       7.585752917301e-15       5.315680219648e-16       4.643626239239e-17      -6.932379844857e-18 
 1823       4.460744443351e-11       1.126534620679e-12      -8.306871857797e-13       7.577061092310e-15       5.303902413490e-16       4.695310235339e-17      -7.143750157591e-18 
 1824       4.444854775546e-11       1.130859423661e-12      -8.160898034596e-13       7.568344338248e-15       5.292156814905e-16       4.747253844181e-17      -7.353390582402e-18 
 1825       4.428928635621e-11       1.135277779356e-12      -8.020257864313e-13       7.559603309897e-15       5.280443331369e-16       4.799458493071e-17      -7.561290815397e-18 
 1826       4.412969827559e-11       1.139786368917e-12      -7.884954699554e-13       7.550838664960e-15       5.268761869358e-16       4.851925613530e-17      -7.767440529494e-18 
 1827       4.396982172104e-11       1.144381857997e-12      -7.754991847601e-13       7.542051064064e-15       5.257112334350e-16       4.904656641302e-17      -7.971829374400e-18 
 1828       4.380969506783e-11       1.149060896737e-12      -7.630372570321e-13       7.533241170762e-15       5.245494630822e-16       4.957653016354e-17      -8.174446976587e-18 
 1829       4.364935685928e-11       1.153820119737e-12      -7.511100084074e-13       7.524409651541e-15       5.233908662246e-16       5.010916182889e-17      -8.375282939274e-18 
 1830       4.348884580702e-11       1.158656146037e-12      -7.397177559624e-13       7.515557175822e-15       5.222354331091e-16       5.064447589343e-17      -8.574326842405e-18 
 1831       4.332820079121e-11       1.163565579098e-12      -7.288608122051e-13       7.506684415969e-15       5.210831538820e-16       5.118248688393e-17      -8.771568242629e-18 
 1832       4.316746086074e-11       1.168545006776e-12      -7.185394850658e-13       7.497792047287e-15       5.199340185887e-16       5.172320936965e-17      -8.966996673276e-18 
 1833       4.300666523349e-11       1.173591001302e-12      -7.087540778882e-13       7.488880748028e-15       5.187880171735e-16       5.226665796234e-17      -9.160601644341e-18 
 1834       4.284585329654e-11       1.178700119263e-12      -6.995048894207e-13       7.479951199400e-15       5.176451394798e-16       5.281284731632e-17      -9.352372642457e-18 
 1835       4.268506460643e-11       1.183868901574e-12      -6.907922138068e-13       7.471004085562e-15       5.165053752495e-16       5.336179212853e-17      -9.542299130880e-18 
 1836       4.252433888936e-11       1.189093873465e-12      -6.826163405767e-13       7.462040093636e-15       5.153687141230e-16       5.391350713857e-17      -9.730370549463e-18 
 1837       4.236371604140e-11       1.194371544452e-12      -6.749775546381e-13       7.453059913705e-15       5.142351456392e-16       5.446800712875e-17      -9.916576314639e-18 
 1838       4.220323612878e-11       1.199698408319e-12      -6.678761362671e-13       7.444064238821e-15       5.131046592351e-16       5.502530692414e-17      -1.010090581940e-17 
 1839       4.204293938806e-11       1.205070943094e-12      -6.613123610990e-13       7.435053765007e-15       5.119772442455e-16       5.558542139264e-17      -1.028334843326e-17 
 1840       4.188286622641e-11       1.210485611032e-12      -6.552865001201e-13       7.426029191263e-15       5.108528899032e-16       5.614836544499e-17      -1.046389350228e-17 
 1841       4.172305722178e-11       1.215938858587e-12      -6.497988196577e-13       7.416991219567e-15       5.097315853388e-16       5.671415403488e-17      -1.064253034898e-17 
 1842       4.156355312318e-11       1.221427116396e-12      -6.448495813719e-13       7.407940554879e-15       5.086133195802e-16       5.728280215893e-17      -1.081924827237e-17 
 1843       4.140439485090e-11       1.226946799254e-12      -6.404390422462e-13       7.398877905150e-15       5.074980815526e-16       5.785432485678e-17      -1.099403654792e-17 
 1844       4.124562349670e-11       1.232494306094e-12      -6.365674545785e-13       7.389803981318e-15       5.063858600784e-16       5.842873721116e-17      -1.116688442751e-17 
 1845       4.108728032410e-11       1.238066019963e-12      -6.332350659723e-13       7.380719497321e-15       5.052766438770e-16       5.900605434788e-17      -1.133778113945e-17 
 1846       4.092940676856e-11       1.243658308005e-12      -6.304421193276e-13       7.371625170092e-15       5.041704215646e-16       5.958629143594e-17      -1.150671588843e-17 
 1847       4.077204443772e-11       1.249267521434e-12      -6.281888528319e-13       7.362521719570e-15       5.030671816540e-16       6.016946368753e-17      -1.167367785551e-17 
 1848       4.061523511166e-11       1.254889995516e-12      -6.264754999511e-13       7.353409868699e-15       5.019669125545e-16       6.075558635814e-17      -1.183865619810e-17 
 1849       4.045902074308e-11       1.260522049547e-12      -6.253022894208e-13       7.344290343436e-15       5.008696025717e-16       6.134467474654e-17      -1.200164004992e-17 
 1850       4.030344345758e-11       1.266159986828e-12      -6.246694452370e-13       7.335163872752e-15       4.997752399074e-16       6.193674419489e-17      -1.216261852103e-17 
 1851       4.014854555382e-11       1.271800094649e-12      -6.245771866473e-13       7.326031188638e-15       4.986838126591e-16       6.253181008874e-17      -1.232158069774e-17 
 1852       3.999436950384e-11       1.277438644264e-12      -6.250257281418e-13       7.316893026106e-15       4.975953088205e-16       6.312988785714e-17      -1.247851564265e-17 
 1853       3.984095434420e-11       1.283072103394e-12      -6.260141240786e-13       7.307750102972e-15       4.965097171208e-16       6.373095617205e-17      -1.263341257973e-17 
 1854       3.968832481800e-11       1.288697775626e-12      -6.275367926018e-13       7.298603059005e-15       4.954270295538e-16       6.433484622893e-17      -1.278626145139e-17 
 1855       3.953650214762e-11       1.294313166024e-12      -6.295869642530e-13       7.289452516306e-15       4.943472388685e-16       6.494135159187e-17      -1.293705236581e-17 
 1856       3.938550763598e-11       1.299915769045e-12      -6.321578347954e-13       7.280299099487e-15       4.932703377312e-16       6.555026491356e-17      -1.308577541213e-17 
 1857       3.923536266673e-11       1.305503068523e-12      -6.352425651641e-13       7.271143435679e-15       4.921963187247e-16       6.616137793400e-17      -1.323242066049e-17 
 1858       3.908608870429e-11       1.311072537661e-12      -6.388342814174e-13       7.261986154532e-15       4.911251743486e-16       6.677448147935e-17      -1.337697816194e-17 
 1859       3.893770729396e-11       1.316621639010e-12      -6.429260746867e-13       7.252827888220e-15       4.900568970188e-16       6.738936546063e-17      -1.351943794852e-17 
 1860       3.879024006205e-11       1.322147824459e-12      -6.475110011278e-13       7.243669271445e-15       4.889914790677e-16       6.800581887249e-17      -1.365979003316e-17 
 1861       3.864370871598e-11       1.327648535220e-12      -6.525820818711e-13       7.234510941439e-15       4.879289127440e-16       6.862362979201e-17      -1.379802440973e-17 
 1862       3.849813504434e-11       1.333121201812e-12      -6.581323029725e-13       7.225353537967e-15       4.868691902123e-16       6.924258537744e-17      -1.393413105298e-17 
 1863       3.835354091705e-11       1.338563244048e-12      -6.641546153639e-13       7.216197703330e-15       4.858123035532e-16       6.986247186697e-17      -1.406809991855e-17 
 1864       3.820994828543e-11       1.343972071023e-12      -6.706419348041e-13       7.207044082369e-15       4.847582447631e-16       7.048307457748e-17      -1.419992094294e-17 
 1865       3.806737918231e-11       1.349345081095e-12      -6.775871418290e-13       7.197893322470e-15       4.837070057540e-16       7.110417790334e-17      -1.432958404351e-17 
 1866       3.792585572214e-11       1.354679661877e-12      -6.849830817026e-13       7.188746073564e-15       4.826585783536e-16       7.172556531513e-17      -1.445707911846e-17 
 1867       3.778540010106e-11       1.359973190215e-12      -6.928225643678e-13       7.179602988131e-15       4.816129543046e-16       7.234701935844e-17      -1.458239604683e-17 
 1868       3.764603459707e-11       1.365223032182e-12      -7.010983643963e-13       7.170464721206e-15       4.805701252653e-16       7.296832165263e-17      -1.470552468844e-17 
 1869       3.750778157005e-11       1.370426543057e-12      -7.098032209402e-13       7.161331930379e-15       4.795300828090e-16       7.358925288957e-17      -1.482645488392e-17 
 1870       3.737066346194e-11       1.375581067316e-12      -7.189298376821e-13       7.152205275799e-15       4.784928184237e-16       7.420959283242e-17      -1.494517645470e-17 
 1871       3.723470279679e-11       1.380683938614e-12      -7.284708827856e-13       7.143085420179e-15       4.774583235125e-16       7.482912031441e-17      -1.506167920294e-17 
 1872       3.709992218089e-11       1.385732479772e-12      -7.384189888466e-13       7.133973028796e-15       4.764265893931e-16       7.544761323758e-17      -1.517595291158e-17 
 1873       3.696634430285e-11       1.390724002765e-12      -7.487667528432e-13       7.124868769498e-15       4.753976072977e-16       7.606484857157e-17      -1.528798734430e-17 
 1874       3.683399193373e-11       1.395655808704e-12      -7.595067360869e-13       7.115773312705e-15       4.743713683728e-16       7.668060235235e-17      -1.539777224547e-17 
 1875       3.670288792712e-11       1.400525187825e-12      -7.706314641729e-13       7.106687331413e-15       4.733478636793e-16       7.729464968102e-17      -1.550529734022e-17 
 1876       3.657305521926e-11       1.405329419472e-12      -7.821334269309e-13       7.097611501197e-15       4.723270841921e-16       7.790676472254e-17      -1.561055233433e-17 
 1877       3.644451682915e-11       1.410065772085e-12      -7.940050783759e-13       7.088546500212e-15       4.713090208001e-16       7.851672070454e-17      -1.571352691428e-17 
 1878       3.631729585860e-11       1.414731503187e-12      -8.062388366586e-13       7.079493009202e-15       4.702936643060e-16       7.912428991604e-17      -1.581421074721e-17 
 1879       3.619141549241e-11       1.419323859364e-12      -8.188270840160e-13       7.070451711497e-15       4.692810054261e-16       7.972924370624e-17      -1.591259348092e-17 
 1880       3.606689899842e-11       1.423840076258e-12      -8.317621667223e-13       7.061423293020e-15       4.682710347905e-16       8.033135248327e-17      -1.600866474383e-17 
 1881       3.594376972762e-11       1.428277378547e-12      -8.450363950394e-13       7.052408442290e-15       4.672637429425e-16       8.093038571298e-17      -1.610241414500e-17 
 1882       3.582205111428e-11       1.432632979936e-12      -8.586420431676e-13       7.043407850424e-15       4.662591203386e-16       8.152611191767e-17      -1.619383127407e-17 
 1883       3.570176667601e-11       1.436904083138e-12      -8.725713491962e-13       7.034422211139e-15       4.652571573487e-16       8.211829867488e-17      -1.628290570132e-17 
 1884       3.558294001390e-11       1.441087879862e-12      -8.868165150542e-13       7.025452220760e-15       4.642578442553e-16       8.270671261614e-17      -1.636962697755e-17 
 1885       3.546559481262e-11       1.445181550799e-12      -9.013697064608e-13       7.016498578218e-15       4.632611712540e-16       8.329111942574e-17      -1.645398463417e-17 
 1886       3.534975484049e-11       1.449182265608e-12      -9.162230528764e-13       7.007561985056e-15       4.622671284531e-16       8.387128383952e-17      -1.653596818312e-17 
 1887       3.523544394961e-11       1.453087182901e-12      -9.313686474528e-13       6.998643145433e-15       4.612757058734e-16       8.444696964357e-17      -1.661556711687e-17 
 1888       3.512268607599e-11       1.456893450228e-12      -9.467985469841e-13       6.989742766124e-15       4.602868934480e-16       8.501793967308e-17      -1.669277090842e-17 
 1889       3.501150523957e-11       1.460598204064e-12      -9.625047718574e-13       6.980861556526e-15       4.593006810225e-16       8.558395581101e-17      -1.676756901127e-17 
 1890       3.490192554442e-11       1.464198569797e-12      -9.784793060032e-13       6.972000228662e-15       4.583170583544e-16       8.614477898695e-17      -1.683995085942e-17 
 1891       3.479397117877e-11       1.467691661708e-12      -9.947140968465e-13       6.963159497180e-15       4.573360151134e-16       8.670016917582e-17      -1.690990586733e-17 
 1892       3.468766186835e-11       1.471074964437e-12      -1.011200927836e-12       6.954340006871e-15       4.563575415887e-16       8.724993430994e-17      -1.697742493667e-17 
 1893       3.458299919761e-11       1.474347480611e-12      -1.027931035058e-12       6.945542114584e-15       4.553816308177e-16       8.779407743136e-17      -1.704250498921e-17 
 1894       3.447998018288e-11       1.477508592063e-12      -1.044895487558e-12       6.936766105628e-15       4.544082764739e-16       8.833265067532e-17      -1.710514446893e-17 
 1895       3.437860180953e-11       1.480557679162e-12      -1.062085314440e-12       6.928012266110e-15       4.534374721600e-16       8.886570646070e-17      -1.716534183854e-17 
 1896       3.427886103192e-11       1.483494120810e-12      -1.079491504813e-12       6.919280882937e-15       4.524692114081e-16       8.939329749039e-17      -1.722309557952e-17 
 1897       3.418075477335e-11       1.486317294443e-12      -1.097105007735e-12       6.910572243815e-15       4.515034876793e-16       8.991547675175e-17      -1.727840419209e-17 
 1898       3.408427992597e-11       1.489026576026e-12      -1.114916732166e-12       6.901886637252e-15       4.505402943639e-16       9.043229751696e-17      -1.733126619533e-17 
 1899       3.398943335081e-11       1.491621340056e-12      -1.132917546903e-12       6.893224352555e-15       4.495796247813e-16       9.094381334346e-17      -1.738168012717e-17 
 1900       3.389621187767e-11       1.494100959556e-12      -1.151098280540e-12       6.884585679837e-15       4.486214721795e-16       9.145007807432e-17      -1.742964454443e-17 
 1901       3.380461230507e-11       1.496464806080e-12      -1.169449721401e-12       6.875970910011e-15       4.476658297352e-16       9.195114583869e-17      -1.747515802285e-17 
 1902       3.371463140024e-11       1.498712249703e-12      -1.187962617498e-12       6.867380334797e-15       4.467126905539e-16       9.244707105215e-17      -1.751821915717e-17 
 1903       3.362626589905e-11       1.500842659027e-12      -1.206627676469e-12       6.858814246717e-15       4.457620476695e-16       9.293790841714e-17      -1.755882656110e-17 
 1904       3.353951250594e-11       1.502855401176e-12      -1.225435565529e-12       6.850272939100e-15       4.448138940443e-16       9.342371292340e-17      -1.759697886741e-17 
 1905       3.345436789391e-11       1.504749841794e-12      -1.244376911415e-12       6.841756706083e-15       4.438682225686e-16       9.390453984828e-17      -1.763267472792e-17 
 1906       3.337082870444e-11       1.506525345047e-12      -1.263442300331e-12       6.833265842607e-15       4.429250260612e-16       9.438044475724e-17      -1.766591281359e-17 
 1907       3.328889154745e-11       1.508181273618e-12      -1.282622277898e-12       6.824800644425e-15       4.419842972687e-16       9.485148350421e-17      -1.769669181450e-17 
 1908       3.320855300125e-11       1.509716988707e-12      -1.301907349095e-12       6.816361408096e-15       4.410460288657e-16       9.531771223198e-17      -1.772501043992e-17 
 1909       3.312980961252e-11       1.511131850030e-12      -1.321287978211e-12       6.807948430990e-15       4.401102134544e-16       9.577918737263e-17      -1.775086741837e-17 
 1910       3.305265789618e-11       1.512425215818e-12      -1.340754588788e-12       6.799562011288e-15       4.391768435649e-16       9.623596564793e-17      -1.777426149757e-17 
 1911       3.297709433545e-11       1.513596442812e-12      -1.360297563569e-12       6.791202447982e-15       4.382459116546e-16       9.668810406971e-17      -1.779519144456e-17 
 1912       3.290311538171e-11       1.514644886268e-12      -1.379907244442e-12       6.782870040876e-15       4.373174101087e-16       9.713565994034e-17      -1.781365604571e-17 
 1913       3.283071745449e-11       1.515569899949e-12      -1.399573932389e-12       6.774565090588e-15       4.363913312393e-16       9.757869085304e-17      -1.782965410675e-17 
 1914       3.275989694142e-11       1.516370836128e-12      -1.419287887431e-12       6.766287898549e-15       4.354676672860e-16       9.801725469234e-17      -1.784318445280e-17 
 1915       3.269065019818e-11       1.517047045585e-12      -1.439039328575e-12       6.758038767005e-15       4.345464104152e-16       9.845140963449e-17      -1.785424592842e-17 
 1916       3.262297354844e-11       1.517597877604e-12      -1.458818433761e-12       6.749817999019e-15       4.336275527206e-16       9.888121414782e-17      -1.786283739763e-17 
 1917       3.255686328383e-11       1.518022679974e-12      -1.478615339805e-12       6.741625898467e-15       4.327110862225e-16       9.930672699317e-17      -1.786895774397e-17 
 1918       3.249231566385e-11       1.518320798989e-12      -1.498420142351e-12       6.733462770047e-15       4.317970028679e-16       9.972800722432e-17      -1.787260587051e-17 
 1919       3.242932691587e-11       1.518491579442e-12      -1.518222895811e-12       6.725328919270e-15       4.308852945307e-16       1.001451141883e-16      -1.787378069992e-17 
 1920       3.236789323507e-11       1.518534364625e-12      -1.538013613318e-12       6.717224652470e-15       4.299759530109e-16       1.005581075260e-16      -1.787248117445e-17 
 1921       3.230801078436e-11       1.518448496332e-12      -1.557782266667e-12       6.709150276799e-15       4.290689700353e-16       1.009670471723e-16      -1.786870625603e-17 
 1922       3.224967569435e-11       1.518233314850e-12      -1.577518786262e-12       6.701106100229e-15       4.281643372566e-16       1.013719933565e-16      -1.786245492626e-17 
 1923       3.219288406331e-11       1.517888158966e-12      -1.597213061068e-12       6.693092431555e-15       4.272620462538e-16       1.017730066032e-16      -1.785372618646e-17 
 1924       3.213763195712e-11       1.517412365957e-12      -1.616854938548e-12       6.685109580392e-15       4.263620885319e-16       1.021701477320e-16      -1.784251905773e-17 
 1925       3.208391540919e-11       1.516805271596e-12      -1.636434224620e-12       6.677157857180e-15       4.254644555220e-16       1.025634778583e-16      -1.782883258093e-17 
 1926       3.203173042046e-11       1.516066210145e-12      -1.655940683593e-12       6.669237573181e-15       4.245691385806e-16       1.029530583937e-16      -1.781266581678e-17 
 1927       3.198107295929e-11       1.515194514359e-12      -1.675364038121e-12       6.661349040484e-15       4.236761289902e-16       1.033389510463e-16      -1.779401784584e-17 
 1928       3.193193896148e-11       1.514189515478e-12      -1.694693969146e-12       6.653492572001e-15       4.227854179588e-16       1.037212178213e-16      -1.777288776860e-17 
 1929       3.188432433016e-11       1.513050543232e-12      -1.713920115844e-12       6.645668481473e-15       4.218969966197e-16       1.040999210210e-16      -1.774927470547e-17 
 1930       3.183822493578e-11       1.511776925835e-12      -1.733032075576e-12       6.637877083465e-15       4.210108560316e-16       1.044751232457e-16      -1.772317779682e-17 
 1931       3.179363380162e-11       1.510368308015e-12      -1.752020177470e-12       6.630118618396e-15       4.201269877807e-16       1.048468564251e-16      -1.769459957996e-17 
 1932       3.175053263718e-11       1.508825607732e-12      -1.770877809720e-12       6.622393026990e-15       4.192453857914e-16       1.052150286577e-16      -1.766355614777e-17 
 1933       3.170890024056e-11       1.507150066707e-12      -1.789599109822e-12       6.614700174113e-15       4.183660445289e-16       1.055795166661e-16      -1.763006706713e-17 
 1934       3.166871530683e-11       1.505342933061e-12      -1.808178192506e-12       6.607039923598e-15       4.174889583984e-16       1.059401967012e-16      -1.759415200910e-17 
 1935       3.162995642799e-11       1.503405461325e-12      -1.826609149705e-12       6.599412138236e-15       4.166141217449e-16       1.062969445415e-16      -1.755583074913e-17 
 1936       3.159260209275e-11       1.501338912445e-12      -1.844886050527e-12       6.591816679780e-15       4.157415288528e-16       1.066496354924e-16      -1.751512316713e-17 
 1937       3.155663068645e-11       1.499144553795e-12      -1.863002941229e-12       6.584253408942e-15       4.148711739463e-16       1.069981443858e-16      -1.747204924771e-17 
 1938       3.152202049086e-11       1.496823659182e-12      -1.880953845183e-12       6.576722185389e-15       4.140030511889e-16       1.073423455793e-16      -1.742662908020e-17 
 1939       3.148874968410e-11       1.494377508861e-12      -1.898732762851e-12       6.569222867746e-15       4.131371546836e-16       1.076821129559e-16      -1.737888285893e-17 
 1940       3.145679634047e-11       1.491807389534e-12      -1.916333671755e-12       6.561755313590e-15       4.122734784726e-16       1.080173199230e-16      -1.732883088327e-17 
 1941       3.142613843028e-11       1.489114594368e-12      -1.933750526449e-12       6.554319379450e-15       4.114120165372e-16       1.083478394121e-16      -1.727649355781e-17 
 1942       3.139675381978e-11       1.486300423000e-12      -1.950977258490e-12       6.546914920807e-15       4.105527627979e-16       1.086735438782e-16      -1.722189139254e-17 
 1943       3.136862027097e-11       1.483366181545e-12      -1.968007776408e-12       6.539541792090e-15       4.096957111141e-16       1.089943052990e-16      -1.716504500293e-17 
 1944       3.134171544148e-11       1.480313182606e-12      -1.984835965679e-12       6.532199846677e-15       4.088408552841e-16       1.093099951746e-16      -1.710597511012e-17 
 1945       3.131601688440e-11       1.477142745284e-12      -2.001455688697e-12       6.524888936889e-15       4.079881890449e-16       1.096204845267e-16      -1.704470254105e-17 
 1946       3.129150204818e-11       1.473856195184e-12      -2.017860784740e-12       6.517608913993e-15       4.071377060723e-16       1.099256438979e-16      -1.698124822861e-17 
 1947       3.126814827648e-11       1.470454864425e-12      -2.034045069950e-12       6.510359628200e-15       4.062893999806e-16       1.102253433516e-16      -1.691563321177e-17 
 1948       3.124593280801e-11       1.466940091651e-12      -2.050002337295e-12       6.503140928660e-15       4.054432643227e-16       1.105194524709e-16      -1.684787863576e-17 
 1949       3.122483277641e-11       1.463313222035e-12      -2.065726356549e-12       6.495952663463e-15       4.045992925897e-16       1.108078403580e-16      -1.677800575215e-17 
 1950       3.120482521009e-11       1.459575607294e-12      -2.081210874254e-12       6.488794679637e-15       4.037574782112e-16       1.110903756341e-16      -1.670603591906e-17 
 1951       3.118588703213e-11       1.455728605692e-12      -2.096449613700e-12       6.481666823147e-15       4.029178145548e-16       1.113669264383e-16      -1.663199060129e-17 
 1952       3.116799506009e-11       1.451773582052e-12      -2.111436274892e-12       6.474568938893e-15       4.020802949262e-16       1.116373604274e-16      -1.655589137043e-17 
 1953       3.115112600590e-11       1.447711907765e-12      -2.126164534519e-12       6.467500870706e-15       4.012449125694e-16       1.119015447748e-16      -1.647775990503e-17 
 1954       3.113525647572e-11       1.443544960797e-12      -2.140628045931e-12       6.460462461350e-15       4.004116606659e-16       1.121593461706e-16      -1.639761799076e-17 
 1955       3.112036296979e-11       1.439274125698e-12      -2.154820439107e-12       6.453453552520e-15       3.995805323353e-16       1.124106308203e-16      -1.631548752052e-17 
 1956       3.110642188229e-11       1.434900793613e-12      -2.168735320624e-12       6.446473984838e-15       3.987515206346e-16       1.126552644447e-16      -1.623139049461e-17 
 1957       3.109340950121e-11       1.430426362289e-12      -2.182366273632e-12       6.439523597853e-15       3.979246185588e-16       1.128931122792e-16      -1.614534902087e-17 
 1958       3.108130200820e-11       1.425852236085e-12      -2.195706857826e-12       6.432602230040e-15       3.970998190402e-16       1.131240390729e-16      -1.605738531481e-17 
 1959       3.107007547844e-11       1.421179825976e-12      -2.208750609413e-12       6.425709718796e-15       3.962771149483e-16       1.133479090886e-16      -1.596752169977e-17 
 1960       3.105970588048e-11       1.416410549572e-12      -2.221491041086e-12       6.418845900442e-15       3.954564990903e-16       1.135645861017e-16      -1.587578060707e-17 
 1961       3.105016907614e-11       1.411545831115e-12      -2.233921641996e-12       6.412010610218e-15       3.946379642104e-16       1.137739333996e-16      -1.578218457613e-17 
 1962       3.104144082032e-11       1.406587101496e-12      -2.246035877719e-12       6.405203682283e-15       3.938215029900e-16       1.139758137815e-16      -1.568675625464e-17 
 1963       3.103349676089e-11       1.401535798261e-12      -2.257827190235e-12       6.398424949715e-15       3.930071080475e-16       1.141700895576e-16      -1.558951839869e-17 
 1964       3.102631243856e-11       1.396393365620e-12      -2.269288997890e-12       6.391674244506e-15       3.921947719381e-16       1.143566225484e-16      -1.549049387291e-17 
 1965       3.101986328670e-11       1.391161254456e-12      -2.280414695374e-12       6.384951397561e-15       3.913844871540e-16       1.145352740842e-16      -1.538970565064e-17 
 1966       3.101412463125e-11       1.385840922333e-12      -2.291197653692e-12       6.378256238702e-15       3.905762461241e-16       1.147059050045e-16      -1.528717681405e-17 
 1967       3.100907169054e-11       1.380433833504e-12      -2.301631220130e-12       6.371588596656e-15       3.897700412138e-16       1.148683756575e-16      -1.518293055429e-17 
 1968       3.100467957518e-11       1.374941458925e-12      -2.311708718231e-12       6.364948299064e-15       3.889658647252e-16       1.150225458994e-16      -1.507699017164e-17 
 1969       3.100092328787e-11       1.369365276257e-12      -2.321423447765e-12       6.358335172472e-15       3.881637088968e-16       1.151682750938e-16      -1.496937907564e-17 
 1970       3.099777783214e-11       1.363706869147e-12      -2.330769774727e-12       6.351749005738e-15       3.873635664396e-16       1.153054618410e-16      -1.486012500617e-17 
 1971       3.099521853945e-11       1.357968225845e-12      -2.339746410240e-12       6.345189439940e-15       3.865654321504e-16       1.154341634896e-16      -1.474927273056e-17 
 1972       3.099322074420e-11       1.352151442823e-12      -2.348353155952e-12       6.338656077646e-15       3.857693013103e-16       1.155544775116e-16      -1.463687144109e-17 
 1973       3.099175967502e-11       1.346258625719e-12      -2.356589816234e-12       6.332148519431e-15       3.849751691496e-16       1.156665018539e-16      -1.452297054291e-17 
 1974       3.099081045460e-11       1.340291889350e-12      -2.364456198175e-12       6.325666363875e-15       3.841830308475e-16       1.157703349387e-16      -1.440761965432e-17 
 1975       3.099034809962e-11       1.334253357721e-12      -2.371952111596e-12       6.319209207563e-15       3.833928815325e-16       1.158660756645e-16      -1.429086860706e-17 
 1976       3.099034752053e-11       1.328145164040e-12      -2.379077369050e-12       6.312776645078e-15       3.826047162816e-16       1.159538234063e-16      -1.417276744657e-17 
 1977       3.099078352148e-11       1.321969450729e-12      -2.385831785826e-12       6.306368269000e-15       3.818185301209e-16       1.160336780167e-16      -1.405336643224e-17 
 1978       3.099163080015e-11       1.315728369435e-12      -2.392215179958e-12       6.299983669906e-15       3.810343180251e-16       1.161057398260e-16      -1.393271603775e-17 
 1979       3.099286394763e-11       1.309424081044e-12      -2.398227372228e-12       6.293622436363e-15       3.802520749175e-16       1.161701096434e-16      -1.381086695129e-17 
 1980       3.099445744827e-11       1.303058755690e-12      -2.403868186169e-12       6.287284154926e-15       3.794717956702e-16       1.162268887572e-16      -1.368787007584e-17 
 1981       3.099638567955e-11       1.296634572768e-12      -2.409137448074e-12       6.280968410138e-15       3.786934751036e-16       1.162761789357e-16      -1.356377652947e-17 
 1982       3.099862291193e-11       1.290153720948e-12      -2.414034986996e-12       6.274674784527e-15       3.779171079865e-16       1.163180824277e-16      -1.343863764561e-17 
 1983       3.100114330876e-11       1.283618398182e-12      -2.418560634758e-12       6.268402858598e-15       3.771426890360e-16       1.163527019630e-16      -1.331250497330e-17 
 1984       3.100392092607e-11       1.277030811722e-12      -2.422714225956e-12       6.262152210838e-15       3.763702129176e-16       1.163801407535e-16      -1.318543027749e-17 
 1985       3.100692971250e-11       1.270393178127e-12      -2.426495597960e-12       6.255922417707e-15       3.755996742448e-16       1.164005024934e-16      -1.305746553932e-17 
 1986       3.101014350912e-11       1.263707723277e-12      -2.429904590926e-12       6.249713053641e-15       3.748310675794e-16       1.164138913598e-16      -1.292866295635e-17 
 1987       3.101353604932e-11       1.256976682384e-12      -2.432941047797e-12       6.243523691041e-15       3.740643874309e-16       1.164204120140e-16      -1.279907494290e-17 
 1988       3.101708095867e-11       1.250202300007e-12      -2.435604814307e-12       6.237353900280e-15       3.732996282570e-16       1.164201696010e-16      -1.266875413028e-17 
 1989       3.102075175475e-11       1.243386830058e-12      -2.437895738988e-12       6.231203249693e-15       3.725367844630e-16       1.164132697513e-16      -1.253775336706e-17 
 1990       3.102452184707e-11       1.236532535818e-12      -2.439813673175e-12       6.225071305579e-15       3.717758504022e-16       1.163998185808e-16      -1.240612571940e-17 
 1991       3.102836453688e-11       1.229641689949e-12      -2.441358471009e-12       6.218957632194e-15       3.710168203753e-16       1.163799226917e-16      -1.227392447125e-17 
 1992       3.103225301708e-11       1.222716574504e-12      -2.442529989444e-12       6.212861791752e-15       3.702596886309e-16       1.163536891729e-16      -1.214120312468e-17 
 1993       3.103616037205e-11       1.215759480941e-12      -2.443328088252e-12       6.206783344420e-15       3.695044493649e-16       1.163212256012e-16      -1.200801540014e-17 
 1994       3.104005957752e-11       1.208772710132e-12      -2.443752630025e-12       6.200721848316e-15       3.687510967206e-16       1.162826400412e-16      -1.187441523673e-17 
 1995       3.104392350043e-11       1.201758572378e-12      -2.443803480184e-12       6.194676859507e-15       3.679996247889e-16       1.162380410465e-16      -1.174045679248e-17 
 1996       3.104772489883e-11       1.194719387418e-12      -2.443480506982e-12       6.188647932005e-15       3.672500276078e-16       1.161875376601e-16      -1.160619444460e-17 
 1997       3.105143642169e-11       1.187657484444e-12      -2.442783581506e-12       6.182634617766e-15       3.665022991624e-16       1.161312394149e-16      -1.147168278981e-17 
 1998       3.105503060879e-11       1.180575202109e-12      -2.441712577689e-12       6.176636466684e-15       3.657564333851e-16       1.160692563347e-16      -1.133697664456e-17 
 1999       3.105847989059e-11       1.173474888543e-12      -2.440267372309e-12       6.170653026591e-15       3.650124241553e-16       1.160016989346e-16      -1.120213104534e-17 
 2000       3.106175658807e-11       1.166358901361e-12      -2.438447844995e-12       6.164683843257e-15       3.642702652992e-16       1.159286782215e-16      -1.106720124895e-17 
 2001       3.106483291264e-11       1.159229607679e-12      -2.436253878234e-12       6.158728460380e-15       3.635299505901e-16       1.158503056951e-16      -1.093224273273e-17 
 2002       3.106768096594e-11       1.152089384122e-12      -2.433685357374e-12       6.152786419588e-15       3.627914737478e-16       1.157666933483e-16      -1.079731119492e-17 
 2003       3.107027273974e-11       1.144940616838e-12      -2.430742170631e-12       6.146857260437e-15       3.620548284391e-16       1.156779536678e-16      -1.066246255486e-17 
 2004       3.107258011582e-11       1.137785701509e-12      -2.427424209090e-12       6.140940520407e-15       3.613200082771e-16       1.155841996349e-16      -1.052775295330e-17 
 2005       3.107457486579e-11       1.130627043365e-12      -2.423731366716e-12       6.135035734897e-15       3.605870068218e-16       1.154855447259e-16      -1.039323875267e-17 
 2006       3.107622865097e-11       1.123467057192e-12      -2.419663540353e-12       6.129142437226e-15       3.598558175795e-16       1.153821029130e-16      -1.025897653734e-17 
 2007       3.107751302230e-11       1.116308167347e-12      -2.415220629732e-12       6.123260158629e-15       3.591264340027e-16       1.152739886648e-16      -1.012502311393e-17 
 2008       3.107839942011e-11       1.109152807769e-12      -2.410402537476e-12       6.117388428253e-15       3.583988494905e-16       1.151613169470e-16      -9.991435511544e-18 
 2009       3.107886161557e-11       1.102003292622e-12      -2.405209943028e-12       6.111526786694e-15       3.576730578575e-16       1.150441851313e-16      -9.858259418497e-18 
 2010       3.107888305447e-11       1.094861427167e-12      -2.399646630593e-12       6.105674826717e-15       3.569490547456e-16       1.149226185779e-16      -9.725494399777e-18 
 2011       3.107844956664e-11       1.087728894083e-12      -2.393717178169e-12       6.099832152826e-15       3.562268362228e-16       1.147966246579e-16      -9.593128426709e-18 
 2012       3.107754692923e-11       1.080607382577e-12      -2.387426185187e-12       6.093998367753e-15       3.555063983139e-16       1.146662108090e-16      -9.461149417462e-18 
 2013       3.107616086667e-11       1.073498588401e-12      -2.380778272539e-12       6.088173072452e-15       3.547877370012e-16       1.145313845354e-16      -9.329545236971e-18 
 2014       3.107427705058e-11       1.066404213855e-12      -2.373778082609e-12       6.082355866099e-15       3.540708482239e-16       1.143921534085e-16      -9.198303696878e-18 
 2015       3.107188109974e-11       1.059325967795e-12      -2.366430279299e-12       6.076546346090e-15       3.533557278783e-16       1.142485250661e-16      -9.067412555454e-18 
 2016       3.106895857998e-11       1.052265565643e-12      -2.358739548057e-12       6.070744108037e-15       3.526423718174e-16       1.141005072134e-16      -8.936859517539e-18 
 2017       3.106549500417e-11       1.045224729395e-12      -2.350710595906e-12       6.064948745766e-15       3.519307758514e-16       1.139481076223e-16      -8.806632234467e-18 
 2018       3.106147583211e-11       1.038205187627e-12      -2.342348151469e-12       6.059159851318e-15       3.512209357471e-16       1.137913341322e-16      -8.676718304001e-18 
 2019       3.105688647048e-11       1.031208675505e-12      -2.333656965002e-12       6.053377014939e-15       3.505128472281e-16       1.136301946495e-16      -8.547105270263e-18 
 2020       3.105171227280e-11       1.024236934792e-12      -2.324641808415e-12       6.047599825088e-15       3.498065059747e-16       1.134646971483e-16      -8.417780623664e-18 
 2021       3.104593853932e-11       1.017291713857e-12      -2.315307475309e-12       6.041827868426e-15       3.491019076238e-16       1.132948496697e-16      -8.288731800841e-18 
 2022       3.103955051699e-11       1.010374767681e-12      -2.305658780994e-12       6.036060729818e-15       3.483990477688e-16       1.131206603229e-16      -8.159946184579e-18 
 2023       3.103253339941e-11       1.003487857869e-12      -2.295700562526e-12       6.030297992329e-15       3.476979219596e-16       1.129421372843e-16      -8.031411103753e-18 
 2024       3.102487232672e-11       9.966327526516e-13      -2.285437678727e-12       6.024539237223e-15       3.469985257026e-16       1.127592887982e-16      -7.903113833251e-18 
 2025       3.101655238555e-11       9.898112269006e-13      -2.274875010219e-12       6.018784043960e-15       3.463008544602e-16       1.125721231770e-16      -7.775041593910e-18 
 2026       3.100755860900e-11       9.830250621312e-13      -2.264017459450e-12       6.013031990192e-15       3.456049036516e-16       1.123806488008e-16      -7.647181552445e-18 
 2027       3.099787597652e-11       9.762760465129e-13      -2.252869950721e-12       6.007282651766e-15       3.449106686517e-16       1.121848741177e-16      -7.519520821382e-18 
 2028       3.098748941386e-11       9.695659748764e-13      -2.241437430213e-12       6.001535602715e-15       3.442181447918e-16       1.119848076441e-16      -7.392046458989e-18 
 2029       3.097638379304e-11       9.628966487221e-13      -2.229724866020e-12       5.995790415260e-15       3.435273273593e-16       1.117804579647e-16      -7.264745469207e-18 
 2030       3.096454393223e-11       9.562698762283e-13      -2.217737248170e-12       5.990046659805e-15       3.428382115975e-16       1.115718337323e-16      -7.137604801582e-18 
 2031       3.095195459574e-11       9.496874722587e-13      -2.205479588658e-12       5.984303904939e-15       3.421507927056e-16       1.113589436684e-16      -7.010611351194e-18 
 2032       3.093860049393e-11       9.431512583706e-13      -2.192956921473e-12       5.978561717427e-15       3.414650658389e-16       1.111417965630e-16      -6.883751958593e-18 
 2033       3.092446628312e-11       9.366630628233e-13      -2.180174302625e-12       5.972819662216e-15       3.407810261081e-16       1.109204012745e-16      -6.757013409727e-18 
 2034       3.090953656559e-11       9.302247205857e-13      -2.167136810172e-12       5.967077302423e-15       3.400986685801e-16       1.106947667303e-16      -6.630382435873e-18 
 2035       3.089379588945e-11       9.238380733446e-13      -2.153849544251e-12       5.961334199343e-15       3.394179882771e-16       1.104649019265e-16      -6.503845713571e-18 
 2036       3.087722874864e-11       9.175049695123e-13      -2.140317627103e-12       5.955589912438e-15       3.387389801771e-16       1.102308159282e-16      -6.377389864553e-18 
 2037       3.085981958280e-11       9.112272642355e-13      -2.126546203102e-12       5.949843999339e-15       3.380616392135e-16       1.099925178695e-16      -6.251001455677e-18 
 2038       3.084155277725e-11       9.050068194021e-13      -2.112540438785e-12       5.944096015843e-15       3.373859602754e-16       1.097500169536e-16      -6.124666998854e-18 
 2039       3.082241266292e-11       8.988455036506e-13      -2.098305522875e-12       5.938345515912e-15       3.367119382069e-16       1.095033224530e-16      -5.998372950984e-18 
 2040       3.080238351627e-11       8.927451923769e-13      -2.083846666315e-12       5.932592051667e-15       3.360395678079e-16       1.092524437094e-16      -5.872105713885e-18 
 2041       3.078144955924e-11       8.867077677431e-13      -2.069169102291e-12       5.926835173390e-15       3.353688438333e-16       1.089973901340e-16      -5.745851634227e-18 
 2042       3.075959495919e-11       8.807351186853e-13      -2.054278086262e-12       5.921074429518e-15       3.346997609932e-16       1.087381712075e-16      -5.619597003457e-18 
 2043       3.073680382880e-11       8.748291409216e-13      -2.039178895988e-12       5.915309366644e-15       3.340323139528e-16       1.084747964802e-16      -5.493328057739e-18 
 2044       3.071306022608e-11       8.689917369602e-13      -2.023876831560e-12       5.909539529510e-15       3.333664973325e-16       1.082072755721e-16      -5.367030977879e-18 
 2045       3.068834815422e-11       8.632248161073e-13      -2.008377215421e-12       5.903764461011e-15       3.327023057077e-16       1.079356181731e-16      -5.240691889259e-18 
 2046       3.066265156158e-11       8.575302944754e-13      -1.992685392404e-12       5.897983702188e-15       3.320397336086e-16       1.076598340429e-16      -5.114296861768e-18 
 2047       3.063595434162e-11       8.519100949910e-13      -1.976806729751e-12       5.892196792227e-15       3.313787755203e-16       1.073799330113e-16      -4.987831909732e-18 
 2048       3.060824335258e-11       8.463659004091e-13      -1.960746720186e-12       5.886403315646e-15       3.307194261825e-16       1.070959130293e-16      -4.861288466018e-18 
 2049       3.057951750028e-11       8.408984104110e-13      -1.944511291872e-12       5.880603044225e-15       3.300616814908e-16       1.068077242299e-16      -4.734679847230e-18 
 2050       3.054977872013e-11       8.355080792129e-13      -1.928106500725e-12       5.874795796086e-15       3.294055376017e-16       1.065153046107e-16      -4.608024906052e-18 
 2051       3.051902896326e-11       8.301953620783e-13      -1.911538427604e-12       5.868981388594e-15       3.287509906333e-16       1.062185919593e-16      -4.481342567855e-18 
 2052       3.048727019657e-11       8.249607153193e-13      -1.894813178343e-12       5.863159638358e-15       3.280980366653e-16       1.059175238526e-16      -4.354651830778e-18 
 2053       3.045450440272e-11       8.198045962973e-13      -1.877936883779e-12       5.857330361228e-15       3.274466717390e-16       1.056120376574e-16      -4.227971765822e-18 
 2054       3.042073358018e-11       8.147274634243e-13      -1.860915699788e-12       5.851493372294e-15       3.267968918569e-16       1.053020705291e-16      -4.101321516935e-18 
 2055       3.038595974324e-11       8.097297761635e-13      -1.843755807312e-12       5.845648485887e-15       3.261486929831e-16       1.049875594122e-16      -3.974720301101e-18 
 2056       3.035018492204e-11       8.048119950303e-13      -1.826463412392e-12       5.839795515576e-15       3.255020710430e-16       1.046684410401e-16      -3.848187408428e-18 
 2057       3.031341116257e-11       7.999745815936e-13      -1.809044746196e-12       5.833934274168e-15       3.248570219233e-16       1.043446519342e-16      -3.721742202234e-18 
 2058       3.027564052674e-11       7.952179984764e-13      -1.791506065054e-12       5.828064573707e-15       3.242135414718e-16       1.040161284042e-16      -3.595404119137e-18 
 2059       3.023687509234e-11       7.905427093570e-13      -1.773853650486e-12       5.822186225474e-15       3.235716254977e-16       1.036828065479e-16      -3.469192669143e-18 
 2060       3.019711695310e-11       7.859491789698e-13      -1.756093809232e-12       5.816299039983e-15       3.229312697712e-16       1.033446222505e-16      -3.343127435734e-18 
 2061       3.015636821873e-11       7.814378731066e-13      -1.738232873288e-12       5.810402826983e-15       3.222924700233e-16       1.030015111847e-16      -3.217228075954e-18 
 2062       3.011463101489e-11       7.770092586169e-13      -1.720277199930e-12       5.804497395457e-15       3.216552219464e-16       1.026534088106e-16      -3.091514320497e-18 
 2063       3.007190748326e-11       7.726638034097e-13      -1.702233171751e-12       5.798582553617e-15       3.210195211935e-16       1.023002503749e-16      -2.966005973799e-18 
 2064       3.002819978153e-11       7.684019764538e-13      -1.684107196686e-12       5.792658108910e-15       3.203853633787e-16       1.019419709113e-16      -2.840722914121e-18 
 2065       2.998351008344e-11       7.642242477792e-13      -1.665905708050e-12       5.786723868009e-15       3.197527440767e-16       1.015785052397e-16      -2.715685093640e-18 
 2066       2.993784057881e-11       7.601310884778e-13      -1.647635164562e-12       5.780779636821e-15       3.191216588233e-16       1.012097879663e-16      -2.590912538535e-18 
 2067       2.989119347354e-11       7.561229707043e-13      -1.629302050381e-12       5.774825220477e-15       3.184921031145e-16       1.008357534833e-16      -2.466425349078e-18 
 2068       2.984357098963e-11       7.522003676777e-13      -1.610912875132e-12       5.768860423338e-15       3.178640724074e-16       1.004563359687e-16      -2.342243699716e-18 
 2069       2.979497536525e-11       7.483637536815e-13      -1.592474173943e-12       5.762885048988e-15       3.172375621194e-16       1.000714693857e-16      -2.218387839167e-18 
 2070       2.974540885469e-11       7.446136040655e-13      -1.573992507472e-12       5.756898900240e-15       3.166125676285e-16       9.968108748301e-17      -2.094878090501e-18 
 2071       2.969487372845e-11       7.409503952459e-13      -1.555474461935e-12       5.750901779130e-15       3.159890842733e-16       9.928512379415e-17      -1.971734851232e-18 
 2072       2.964337227321e-11       7.373746047070e-13      -1.536926649145e-12       5.744893486915e-15       3.153671073524e-16       9.888351163747e-17      -1.848978593402e-18 
 2073       2.959090679189e-11       7.338867110016e-13      -1.518355706536e-12       5.738873824078e-15       3.147466321253e-16       9.847618411579e-17      -1.726629863676e-18 
 2074       2.953747960365e-11       7.304871937526e-13      -1.499768297196e-12       5.732842590322e-15       3.141276538114e-16       9.806307411617e-17      -1.604709283420e-18 
 2075       2.948309304391e-11       7.271765336532e-13      -1.481171109898e-12       5.726799584569e-15       3.135101675903e-16       9.764411430970e-17      -1.483237548800e-18 
 2076       2.942774946441e-11       7.239552124686e-13      -1.462570859133e-12       5.720744604962e-15       3.128941686021e-16       9.721923715124e-17      -1.362235430860e-18 
 2077       2.937145123319e-11       7.208237130365e-13      -1.443974285136e-12       5.714677448864e-15       3.122796519468e-16       9.678837487913e-17      -1.241723775616e-18 
 2078       2.931420073460e-11       7.177825192681e-13      -1.425388153923e-12       5.708597912852e-15       3.116666126843e-16       9.635145951504e-17      -1.121723504142e-18 
 2079       2.925600036940e-11       7.148321161494e-13      -1.406819257315e-12       5.702505792722e-15       3.110550458348e-16       9.590842286364e-17      -1.002255612659e-18 
 2080       2.919685255468e-11       7.119729897418e-13      -1.388274412975e-12       5.696400883484e-15       3.104449463782e-16       9.545919651239e-17      -8.833411726193e-19 
 2081       2.913675972398e-11       7.092056271832e-13      -1.369760464436e-12       5.690282979366e-15       3.098363092545e-16       9.500371183131e-17      -7.650013308005e-19 
 2082       2.907572432723e-11       7.065305166891e-13      -1.351284281131e-12       5.684151873806e-15       3.092291293634e-16       9.454189997271e-17      -6.472573093883e-19 
 2083       2.901374883083e-11       7.039481475532e-13      -1.332852758429e-12       5.678007359455e-15       3.086234015642e-16       9.407369187096e-17      -5.301304060666e-19 
 2084       2.895083571764e-11       7.014590101489e-13      -1.314472817657e-12       5.671849228179e-15       3.080191206761e-16       9.359901824223e-17      -4.136419941052e-19 
 2085       2.888698748702e-11       6.990635959297e-13      -1.296151406140e-12       5.665677271051e-15       3.074162814780e-16       9.311780958428e-17      -2.978135224476e-19 
 2086       2.882220665484e-11       6.967623974308e-13      -1.277895497227e-12       5.659491278357e-15       3.068148787082e-16       9.262999617618e-17      -1.826665157990e-19 
 2087       2.875649764853e-11       6.945556953676e-13      -1.259711600844e-12       5.653291090242e-15       3.062149074160e-16       9.213556531372e-17      -6.822303667071e-20 
 2088       2.868987250668e-11       6.924429182994e-13      -1.241604291351e-12       5.647076749067e-15       3.056163640188e-16       9.163473345486e-17       4.549292512109e-20 
 2089       2.862234521946e-11       6.904232784768e-13      -1.223577669421e-12       5.640848348119e-15       3.050192452520e-16       9.112777528121e-17       1.584568320331e-19 
 2090       2.855392983731e-11       6.884959843306e-13      -1.205635850599e-12       5.634605981061e-15       3.044235478186e-16       9.061496657331e-17       2.706440597660e-19 
 2091       2.848464047099e-11       6.866602404673e-13      -1.187782965321e-12       5.628349741927e-15       3.038292683889e-16       9.009658421198e-17       3.820298971639e-19 
 2092       2.841449129169e-11       6.849152476637e-13      -1.170023158928e-12       5.622079725126e-15       3.032364036007e-16       8.957290617966e-17       4.925895461134e-19 
 2093       2.834349653107e-11       6.832602028625e-13      -1.152360591685e-12       5.615796025439e-15       3.026449500589e-16       8.904421156172e-17       6.022981214433e-19 
 2094       2.827167048136e-11       6.816942991672e-13      -1.134799438802e-12       5.609498738026e-15       3.020549043358e-16       8.851078054782e-17       7.111306508235e-19 
 2095       2.819902749543e-11       6.802167258370e-13      -1.117343890443e-12       5.603187958417e-15       3.014662629709e-16       8.797289443322e-17       8.190620746648e-19 
 2096       2.812558198685e-11       6.788266682824e-13      -1.099998151752e-12       5.596863782522e-15       3.008790224709e-16       8.743083562012e-17       9.260672460181e-19 
 2097       2.805134842998e-11       6.775233080597e-13      -1.082766442866e-12       5.590526306623e-15       3.002931793093e-16       8.688488761898e-17       1.032120930473e-18 
 2098       2.797634136003e-11       6.763058228666e-13      -1.065652998932e-12       5.584175627382e-15       2.997087299270e-16       8.633533504987e-17       1.137197806060e-18 
 2099       2.790057537317e-11       6.751733865371e-13      -1.048662070128e-12       5.577811841834e-15       2.991256707318e-16       8.578246364381e-17       1.241272463143e-18 
 2100       2.782406512654e-11       6.741251690364e-13      -1.031797921676e-12       5.571435047394e-15       2.985439980985e-16       8.522656024406e-17       1.344319404330e-18 
 2101       2.774682533839e-11       6.731603364566e-13      -1.015064833863e-12       5.565045341854e-15       2.979637083686e-16       8.466791280751e-17       1.446313044359e-18 
 2102       2.766887078812e-11       6.722780510112e-13      -9.984671020553e-13       5.558642823384e-15       2.973847978507e-16       8.410681040595e-17       1.547227710008e-18 
 2103       2.759021631637e-11       6.714774710304e-13      -9.820090367191e-13       5.552227590532e-15       2.968072628202e-16       8.354354322746e-17       1.647037639991e-18 
 2104       2.751087682506e-11       6.707577509564e-13      -9.656949634358e-13       5.545799742224e-15       2.962310995191e-16       8.297840257770e-17       1.745716984854e-18 
 2105       2.743086727752e-11       6.701180413381e-13      -9.495292229198e-13       5.539359377769e-15       2.956563041563e-16       8.241168088126e-17       1.843239806878e-18 
 2106       2.735020269853e-11       6.695574888268e-13      -9.335161710363e-13       5.532906596851e-15       2.950828729072e-16       8.184367168299e-17       1.939580079979e-18 
 2107       2.726889817439e-11       6.690752361706e-13      -9.176601788185e-13       5.526441499537e-15       2.945108019139e-16       8.127466964934e-17       2.034711689604e-18 
 2108       2.718696885300e-11       6.686704222101e-13      -9.019656324850e-13       5.519964186275e-15       2.939400872850e-16       8.070497056967e-17       2.128608432633e-18 
 2109       2.710442994396e-11       6.683421818732e-13      -8.864369334572e-13       5.513474757892e-15       2.933707250959e-16       8.013487135760e-17       2.221244017278e-18 
 2110       2.702129671861e-11       6.680896461702e-13      -8.710784983769e-13       5.506973315599e-15       2.928027113880e-16       7.956467005234e-17       2.312592062980e-18 
 2111       2.693758451012e-11       6.679119421891e-13      -8.558947591235e-13       5.500459960986e-15       2.922360421695e-16       7.899466582002e-17       2.402626100311e-18 
 2112       2.685330871356e-11       6.678081930904e-13      -8.408901628315e-13       5.493934796027e-15       2.916707134149e-16       7.842515895503e-17       2.491319570874e-18 
 2113       2.676848478598e-11       6.677775181026e-13      -8.260691719079e-13       5.487397923080e-15       2.911067210649e-16       7.785645088133e-17       2.578645827199e-18 
 2114       2.668312824649e-11       6.678190325168e-13      -8.114362640497e-13       5.480849444884e-15       2.905440610265e-16       7.728884415379e-17       2.664578132645e-18 
 2115       2.659725467632e-11       6.679318476825e-13      -7.969959322611e-13       5.474289464562e-15       2.899827291731e-16       7.672264245956e-17       2.749089661298e-18 
 2116       2.651087971889e-11       6.681150710019e-13      -7.827526848714e-13       5.467718085622e-15       2.894227213441e-16       7.615815061933e-17       2.832153497871e-18 
 2117       2.642401907992e-11       6.683678059256e-13      -7.687110455517e-13       5.461135411955e-15       2.888640333450e-16       7.559567458874e-17       2.913742637604e-18 
 2118       2.633668852746e-11       6.686891519476e-13      -7.548755533329e-13       5.454541547839e-15       2.883066609476e-16       7.503552145964e-17       2.993829986161e-18 
 2119       2.624890389199e-11       6.690782046000e-13      -7.412507626229e-13       5.447936597935e-15       2.877505998896e-16       7.447799946148e-17       3.072388359533e-18 
 2120       2.616068106648e-11       6.695340554488e-13      -7.278412432241e-13       5.441320667292e-15       2.871958458745e-16       7.392341796260e-17       3.149390483933e-18 
 2121       2.607203600651e-11       6.700557920884e-13      -7.146515803505e-13       5.434693861343e-15       2.866423945721e-16       7.337208747161e-17       3.224808995699e-18 
 2122       2.598298473026e-11       6.706424981368e-13      -7.016863746457e-13       5.428056285910e-15       2.860902416178e-16       7.282431963866e-17       3.298616441192e-18 
 2123       2.589354331866e-11       6.712932532312e-13      -6.889502421998e-13       5.421408047200e-15       2.855393826130e-16       7.228042725682e-17       3.370785276694e-18 
 2124       2.580372791544e-11       6.720071330224e-13      -6.764478145670e-13       5.414749251807e-15       2.849898131247e-16       7.174072426339e-17       3.441287868310e-18 
 2125       2.571355472720e-11       6.727832091705e-13      -6.641837387830e-13       5.408080006716e-15       2.844415286859e-16       7.120552574125e-17       3.510096491865e-18 
 2126       2.562304001652e-11       6.736204754512e-13      -6.521619626446e-13       5.401400446796e-15       2.838945250847e-16       7.067508093715e-17       3.577196698497e-18 
 2127       2.553220008119e-11       6.745176255301e-13      -6.403835851338e-13       5.394710817511e-15       2.833487992349e-16       7.014937180987e-17       3.642627512218e-18 
 2128       2.544105127500e-11       6.754732736489e-13      -6.288489912273e-13       5.388011392779e-15       2.828043483117e-16       6.962831309766e-17       3.706441508929e-18 
 2129       2.534961001475e-11       6.764860283676e-13      -6.175585652896e-13       5.381302447532e-15       2.822611694622e-16       6.911181917484e-17       3.768691476114e-18 
 2130       2.525789278032e-11       6.775544925580e-13      -6.065126910712e-13       5.374584257716e-15       2.817192598057e-16       6.859980405139e-17       3.829430413087e-18 
 2131       2.516591611478e-11       6.786772633964e-13      -5.957117517070e-13       5.367857100286e-15       2.811786164334e-16       6.809218137248e-17       3.888711531254e-18 
 2132       2.507369662440e-11       6.798529323575e-13      -5.851561297147e-13       5.361121253217e-15       2.806392364084e-16       6.758886441805e-17       3.946588254360e-18 
 2133       2.498125097879e-11       6.810800852066e-13      -5.748462069935e-13       5.354376995498e-15       2.801011167660e-16       6.708976610235e-17       4.003114218749e-18 
 2134       2.488859591093e-11       6.823573019935e-13      -5.647823648225e-13       5.347624607134e-15       2.795642545131e-16       6.659479897347e-17       4.058343273614e-18 
 2135       2.479574821726e-11       6.836831570452e-13      -5.549649838587e-13       5.340864369151e-15       2.790286466285e-16       6.610387521295e-17       4.112329481254e-18 
 2136       2.470272475775e-11       6.850562189594e-13      -5.453944441362e-13       5.334096563592e-15       2.784942900630e-16       6.561690663528e-17       4.165127117324e-18 
 2137       2.460954245600e-11       6.864750505972e-13      -5.360711250640e-13       5.327321473524e-15       2.779611817390e-16       6.513380468749e-17       4.216790671093e-18 
 2138       2.451621829926e-11       6.879382090767e-13      -5.269954054249e-13       5.320539383032e-15       2.774293185505e-16       6.465448044869e-17       4.267374845696e-18 
 2139       2.442276933856e-11       6.894442457659e-13      -5.181676633735e-13       5.313750577227e-15       2.768986973634e-16       6.417884462962e-17       4.316934558389e-18 
 2140       2.432921268877e-11       6.909917062757e-13      -5.095882764352e-13       5.306955342243e-15       2.763693150152e-16       6.370680757223e-17       4.365524940803e-18 
 2141       2.423556552863e-11       6.925791304534e-13      -5.012576215041e-13       5.300153965239e-15       2.758411683148e-16       6.323827924919e-17       4.413201339195e-18 
 2142       2.414184510089e-11       6.942050523757e-13      -4.931760748419e-13       5.293346734403e-15       2.753142540431e-16       6.277316926350e-17       4.460019314708e-18 
 2143       2.404806871234e-11       6.958680003416e-13      -4.853440120760e-13       5.286533938948e-15       2.747885689519e-16       6.231138684798e-17       4.506034643619e-18 
 2144       2.395425373391e-11       6.975664968661e-13      -4.777618081983e-13       5.279715869116e-15       2.742641097650e-16       6.185284086490e-17       4.551303317598e-18 
 2145       2.386041760073e-11       6.992990586727e-13      -4.704298375632e-13       5.272892816180e-15       2.737408731774e-16       6.139743980546e-17       4.595881543957e-18 
 2146       2.376657781219e-11       7.010641966869e-13      -4.633484738866e-13       5.266065072445e-15       2.732188558555e-16       6.094509178939e-17       4.639825745908e-18 
 2147       2.367275193207e-11       7.028604160294e-13      -4.565180902438e-13       5.259232931246e-15       2.726980544371e-16       6.049570456451e-17       4.683192562816e-18 
 2148       2.357895758853e-11       7.046862160090e-13      -4.499390590683e-13       5.252396686953e-15       2.721784655312e-16       6.004918550624e-17       4.726038850453e-18 
 2149       2.348521247426e-11       7.065400901160e-13      -4.436117521502e-13       5.245556634971e-15       2.716600857183e-16       5.960544161721e-17       4.768421681251e-18 
 2150       2.339153434653e-11       7.084205260152e-13      -4.375365406345e-13       5.238713071739e-15       2.711429115499e-16       5.916437952676e-17       4.810398344556e-18 
 2151       2.329794102723e-11       7.103260055390e-13      -4.317137950198e-13       5.231866294735e-15       2.706269395487e-16       5.872590549053e-17       4.852026346885e-18 
 2152       2.320445040301e-11       7.122550046806e-13      -4.261438851566e-13       5.225016602474e-15       2.701121662087e-16       5.828992539002e-17       4.893363412177e-18 
 2153       2.311108042528e-11       7.142059935873e-13      -4.208271802455e-13       5.218164294510e-15       2.695985879949e-16       5.785634473212e-17       4.934467482046e-18 
 2154       2.301784911036e-11       7.161774365533e-13      -4.157640488362e-13       5.211309671439e-15       2.690862013433e-16       5.742506864867e-17       4.975396716040e-18 
 2155       2.292477453948e-11       7.181677920131e-13      -4.109548588256e-13       5.204453034897e-15       2.685750026612e-16       5.699600189603e-17       5.016209491889e-18 
 2156       2.283187485893e-11       7.201755125348e-13      -4.063999774561e-13       5.197594687562e-15       2.680649883265e-16       5.656904885462e-17       5.056964405765e-18 
 2157       2.273916828006e-11       7.221990448127e-13      -4.020997713145e-13       5.190734933159e-15       2.675561546882e-16       5.614411352847e-17       5.097720272529e-18 
 2158       2.264667307941e-11       7.242368296610e-13      -3.980546063302e-13       5.183874076456e-15       2.670484980664e-16       5.572109954479e-17       5.138536125994e-18 
 2159       2.255440759877e-11       7.262873020066e-13      -3.942648477734e-13       5.177012423266e-15       2.665420147517e-16       5.529991015353e-17       5.179471219169e-18 
 2160       2.246239024522e-11       7.283488908825e-13      -3.907308602540e-13       5.170150280452e-15       2.660367010058e-16       5.488044822690e-17       5.220585024522e-18 
 2161       2.237063949127e-11       7.304200194207e-13      -3.874530077200e-13       5.163287955924e-15       2.655325530609e-16       5.446261625896e-17       5.261937234228e-18 
 2162       2.227917387486e-11       7.324991048454e-13      -3.844316534554e-13       5.156425758642e-15       2.650295671203e-16       5.404631636516e-17       5.303587760426e-18 
 2163       2.218801199951e-11       7.345845584663e-13      -3.816671600794e-13       5.149563998618e-15       2.645277393578e-16       5.363145028190e-17       5.345596735470e-18 
 2164       2.209717253432e-11       7.366747856716e-13      -3.791598895444e-13       5.142702986912e-15       2.640270659176e-16       5.321791936606e-17       5.388024512188e-18 
 2165       2.200667272178e-11       7.387682637391e-13      -3.769096858419e-13       5.135843029470e-15       2.635275431970e-16       5.280564230838e-17       5.430917862271e-18 
 2166       2.191652388972e-11       7.408637758577e-13      -3.749143192995e-13       5.128984408551e-15       2.630291686934e-16       5.239460840520e-17       5.474268468941e-18 
 2167       2.182673590916e-11       7.429601786747e-13      -3.731710317619e-13       5.122127401171e-15       2.625319401626e-16       5.198482464604e-17       5.518054154133e-18 
 2168       2.173731868389e-11       7.450563246164e-13      -3.716770529135e-13       5.115272285268e-15       2.620358553372e-16       5.157629803247e-17       5.562252654777e-18 
 2169       2.164828215049e-11       7.471510618837e-13      -3.704296002635e-13       5.108419339698e-15       2.615409119264e-16       5.116903557818e-17       5.606841622694e-18 
 2170       2.155963627840e-11       7.492432344467e-13      -3.694258791315e-13       5.101568844239e-15       2.610471076163e-16       5.076304430894e-17       5.651798624502e-18 
 2171       2.147139106995e-11       7.513316820402e-13      -3.686630826323e-13       5.094721079594e-15       2.605544400692e-16       5.035833126264e-17       5.697101141513e-18 
 2172       2.138355656036e-11       7.534152401589e-13      -3.681383916612e-13       5.087876327387e-15       2.600629069246e-16       4.995490348926e-17       5.742726569638e-18 
 2173       2.129614281785e-11       7.554927400521e-13      -3.678489748794e-13       5.081034870166e-15       2.595725057981e-16       4.955276805095e-17       5.788652219283e-18 
 2174       2.120915994358e-11       7.575630087192e-13      -3.677919886991e-13       5.074196991408e-15       2.590832342821e-16       4.915193202193e-17       5.834855315252e-18 
 2175       2.112261807177e-11       7.596248689049e-13      -3.679645772688e-13       5.067362975513e-15       2.585950899453e-16       4.875240248861e-17       5.881312996650e-18 
 2176       2.103652736970e-11       7.616771390940e-13      -3.683638724582e-13       5.060533107809e-15       2.581080703332e-16       4.835418654952e-17       5.928002316780e-18 
 2177       2.095089803774e-11       7.637186335067e-13      -3.689869938438e-13       5.053707674556e-15       2.576221729674e-16       4.795729131535e-17       5.974900243047e-18 
 2178       2.086574030939e-11       7.657481620940e-13      -3.698310486939e-13       5.046886962939e-15       2.571373953462e-16       4.756172390894e-17       6.021983656855e-18 
 2179       2.078106445135e-11       7.677645305322e-13      -3.708931319540e-13       5.040071261076e-15       2.566537349440e-16       4.716749146532e-17       6.069229353514e-18 
 2180       2.069688076349e-11       7.697665402187e-13      -3.721703262316e-13       5.033260858016e-15       2.561711892118e-16       4.677460113169e-17       6.116614042135e-18 
 2181       2.061319957895e-11       7.717529882668e-13      -3.736597017819e-13       5.026456043741e-15       2.556897555768e-16       4.638306006743e-17       6.164114345532e-18 
 2182       2.053003126415e-11       7.737226675009e-13      -3.753583164928e-13       5.019657109167e-15       2.552094314423e-16       4.599287544412e-17       6.211706800126e-18 
 2183       2.044738621881e-11       7.756743664516e-13      -3.772632158701e-13       5.012864346142e-15       2.547302141881e-16       4.560405444552e-17       6.259367855844e-18 
 2184       2.036527487602e-11       7.776068693509e-13      -3.793714330226e-13       5.006078047453e-15       2.542521011702e-16       4.521660426763e-17       6.307073876017e-18 
 2185       2.028370770225e-11       7.795189561271e-13      -3.816799886475e-13       4.999298506820e-15       2.537750897206e-16       4.483053211865e-17       6.354801137285e-18 
 2186       2.020269519738e-11       7.814094024004e-13      -3.841858910157e-13       4.992526018905e-15       2.532991771474e-16       4.444584521901e-17       6.402525829497e-18 
 2187       2.012224789479e-11       7.832769794778e-13      -3.868861359568e-13       4.985760879303e-15       2.528243607352e-16       4.406255080135e-17       6.450224055609e-18 
 2188       2.004237636132e-11       7.851204543478e-13      -3.897777068441e-13       4.979003384554e-15       2.523506377441e-16       4.368065611058e-17       6.497871831589e-18 
 2189       1.996309119736e-11       7.869385896765e-13      -3.928575745806e-13       4.972253832134e-15       2.518780054107e-16       4.330016840385e-17       6.545445086315e-18 
 2190       1.988440303687e-11       7.887301438017e-13      -3.961226975832e-13       4.965512520464e-15       2.514064609474e-16       4.292109495055e-17       6.592919661475e-18 
 2191       1.980632254742e-11       7.904938707287e-13      -3.995700217687e-13       4.958779748906e-15       2.509360015426e-16       4.254344303235e-17       6.640271311471e-18 
 2192       1.972886043020e-11       7.922285201253e-13      -4.031964805388e-13       4.952055817765e-15       2.504666243607e-16       4.216721994319e-17       6.687475703320e-18 
 2193       1.965202742011e-11       7.939328373169e-13      -4.069989947649e-13       4.945341028291e-15       2.499983265418e-16       4.179243298928e-17       6.734508416549e-18 
 2194       1.957583428573e-11       7.956055632814e-13      -4.109744727740e-13       4.938635682681e-15       2.495311052020e-16       4.141908948911e-17       6.781344943103e-18 
 2195       1.950029182943e-11       7.972454346447e-13      -4.151198103334e-13       4.931940084077e-15       2.490649574334e-16       4.104719677350e-17       6.827960687242e-18 
 2196       1.942541088733e-11       7.988511836759e-13      -4.194318906361e-13       4.925254536569e-15       2.485998803036e-16       4.067676218553e-17       6.874330965443e-18 
 2197       1.935120232939e-11       8.004215382818e-13      -4.239075842860e-13       4.918579345194e-15       2.481358708561e-16       4.030779308061e-17       6.920431006299e-18 
 2198       1.927767705943e-11       8.019552220027e-13      -4.285437492831e-13       4.911914815941e-15       2.476729261103e-16       3.994029682647e-17       6.966235950424e-18 
 2199       1.920484601517e-11       8.034509540073e-13      -4.333372310087e-13       4.905261255749e-15       2.472110430609e-16       3.957428080317e-17       7.011720850348e-18 
 2200       1.913272016825e-11       8.049074490878e-13      -4.382848622107e-13       4.898618972507e-15       2.467502186786e-16       3.920975240309e-17       7.056860670423e-18 
 2201       1.906131052427e-11       8.063234176550e-13      -4.433834629886e-13       4.891988275058e-15       2.462904499096e-16       3.884671903096e-17       7.101630286722e-18 
 2202       1.899062812286e-11       8.076975657337e-13      -4.486298407789e-13       4.885369473198e-15       2.458317336757e-16       3.848518810385e-17       7.146004486938e-18 
 2203       1.892068403768e-11       8.090285949574e-13      -4.540207903405e-13       4.878762877678e-15       2.453740668744e-16       3.812516705120e-17       7.189957970288e-18 
 2204       1.885148749238e-11       8.103153618400e-13      -4.595529954303e-13       4.872168769730e-15       2.449174464992e-16       3.776667269719e-17       7.233461820450e-18 
 2205       1.878304019486e-11       8.115573567559e-13      -4.652227331485e-13       4.865587309432e-15       2.444618700031e-16       3.740975947591e-17       7.276472898974e-18 
 2206       1.871534196544e-11       8.127542281315e-13      -4.710261676002e-13       4.859018626733e-15       2.440073349378e-16       3.705449140367e-17       7.318944381222e-18 
 2207       1.864839261753e-11       8.139056234571e-13      -4.769594480092e-13       4.852462851880e-15       2.435538388330e-16       3.670093271377e-17       7.360829276748e-18 
 2208       1.858219195762e-11       8.150111892858e-13      -4.830187087006e-13       4.845920115412e-15       2.431013791963e-16       3.634914785683e-17       7.402080429112e-18 
 2209       1.851673978528e-11       8.160705712327e-13      -4.892000690837e-13       4.839390548162e-15       2.426499535135e-16       3.599920150100e-17       7.442650515692e-18 
 2210       1.845203589313e-11       8.170834139739e-13      -4.954996336347e-13       4.832874281258e-15       2.421995592482e-16       3.565115853217e-17       7.482492047500e-18 
 2211       1.838808006682e-11       8.180493612453e-13      -5.019134918797e-13       4.826371446125e-15       2.417501938420e-16       3.530508405426e-17       7.521557368994e-18 
 2212       1.832487208506e-11       8.189680558424e-13      -5.084377183771e-13       4.819882174479e-15       2.413018547145e-16       3.496104338942e-17       7.559798657894e-18 
 2213       1.826241171956e-11       8.198391396185e-13      -5.150683727006e-13       4.813406598334e-15       2.408545392630e-16       3.461910207829e-17       7.597167924993e-18 
 2214       1.820069873507e-11       8.206622534844e-13      -5.218014994221e-13       4.806944850000e-15       2.404082448628e-16       3.427932588024e-17       7.633617013971e-18 
 2215       1.813973288934e-11       8.214370374072e-13      -5.286331280944e-13       4.800497062081e-15       2.399629688668e-16       3.394178077359e-17       7.669097601211e-18 
 2216       1.807951393310e-11       8.221631304093e-13      -5.355592732339e-13       4.794063367478e-15       2.395187086060e-16       3.360653295588e-17       7.703561195613e-18 
 2217       1.802004161007e-11       8.228401705678e-13      -5.425759343033e-13       4.787643899388e-15       2.390754613889e-16       3.327364884407e-17       7.736959138403e-18 
 2218       1.796131565694e-11       8.234677950132e-13      -5.496790956946e-13       4.781238791305e-15       2.386332245017e-16       3.294319507482e-17       7.769242602952e-18 
 2219       1.790333580339e-11       8.240456399285e-13      -5.568647267121e-13       4.774848177019e-15       2.381919952086e-16       3.261523850471e-17       7.800362594587e-18 
 2220       1.784610177202e-11       8.245733405487e-13      -5.641287815544e-13       4.768472190618e-15       2.377517707510e-16       3.228984621048e-17       7.830269950406e-18 
 2221       1.778961327839e-11       8.250505311592e-13      -5.714671992980e-13       4.762110966486e-15       2.373125483482e-16       3.196708548926e-17       7.858915339091e-18 
 2222       1.773387003099e-11       8.254768450955e-13      -5.788759038797e-13       4.755764639306e-15       2.368743251973e-16       3.164702385882e-17       7.886249260723e-18 
 2223       1.767887173122e-11       8.258519147418e-13      -5.863508040795e-13       4.749433344058e-15       2.364370984724e-16       3.132972905784e-17       7.912222046592e-18 
 2224       1.762461807340e-11       8.261753715305e-13      -5.938877935032e-13       4.743117216020e-15       2.360008653257e-16       3.101526904608e-17       7.936783859017e-18 
 2225       1.757110874477e-11       8.264468459406e-13      -6.014827505653e-13       4.736816390769e-15       2.355656228865e-16       3.070371200468e-17       7.959884691154e-18 
 2226       1.751834342543e-11       8.266659674977e-13      -6.091315384721e-13       4.730531004179e-15       2.351313682619e-16       3.039512633636e-17       7.981474366812e-18 
 2227       1.746632178839e-11       8.268323647723e-13      -6.168300052038e-13       4.724261192424e-15       2.346980985361e-16       3.008958066571e-17       8.001502540267e-18 
 2228       1.741504349949e-11       8.269456653790e-13      -6.245739834980e-13       4.718007091978e-15       2.342658107710e-16       2.978714383936e-17       8.019918696077e-18 
 2229       1.736450821748e-11       8.270054959759e-13      -6.323592908319e-13       4.711768839611e-15       2.338345020057e-16       2.948788492629e-17       8.036672148893e-18 
 2230       1.731471559393e-11       8.270114822635e-13      -6.401817294055e-13       4.705546572395e-15       2.334041692568e-16       2.919187321800e-17       8.051712043273e-18 
 2231       1.726566527324e-11       8.269632489836e-13      -6.480370861242e-13       4.699340427702e-15       2.329748095180e-16       2.889917822882e-17       8.064987353499e-18 
 2232       1.721735689266e-11       8.268604199185e-13      -6.559211325816e-13       4.693150543203e-15       2.325464197605e-16       2.860986969608e-17       8.076446883386e-18 
 2233       1.716979008227e-11       8.267026178903e-13      -6.638296250424e-13       4.686977056869e-15       2.321189969327e-16       2.832401758043e-17       8.086039266101e-18 
 2234       1.712296446491e-11       8.264894647594e-13      -6.717583044249e-13       4.680820106972e-15       2.316925379602e-16       2.804169206599e-17       8.093712963973e-18 
 2235       1.707687965627e-11       8.262205814242e-13      -6.797028962840e-13       4.674679832086e-15       2.312670397457e-16       2.776296356065e-17       8.099416268305e-18 
 2236       1.703153526480e-11       8.258955878198e-13      -6.876591107941e-13       4.668556371083e-15       2.308424991691e-16       2.748790269630e-17       8.103097299196e-18 
 2237       1.698693089173e-11       8.255141029169e-13      -6.956226427316e-13       4.662449863140e-15       2.304189130877e-16       2.721658032906e-17       8.104704005344e-18 
 2238       1.694306613107e-11       8.250757447215e-13      -7.035891714580e-13       4.656360447731e-15       2.299962783356e-16       2.694906753950e-17       8.104184163868e-18 
 2239       1.689994056956e-11       8.245801302733e-13      -7.115543609023e-13       4.650288264636e-15       2.295745917239e-16       2.668543563294e-17       8.101485380118e-18 
 2240       1.685755378672e-11       8.240268756453e-13      -7.195138595441e-13       4.644233453935e-15       2.291538500411e-16       2.642575613963e-17       8.096555087490e-18 
 2241       1.681590535478e-11       8.234155959423e-13      -7.274633003963e-13       4.638196156010e-15       2.287340500524e-16       2.617010081499e-17       8.089340547238e-18 
 2242       1.677499483870e-11       8.227459053006e-13      -7.353983009879e-13       4.632176511545e-15       2.283151885001e-16       2.591854163991e-17       8.079788848291e-18 
 2243       1.673482055789e-11       8.220175583202e-13      -7.433147493913e-13       4.626174628559e-15       2.278972623032e-16       2.567112932133e-17       8.067864796902e-18 
 2244       1.669537586243e-11       8.212308753735e-13      -7.512096643807e-13       4.620190483255e-15       2.274802691587e-16       2.542782864038e-17       8.053604713601e-18 
 2245       1.665665283254e-11       8.203863200710e-13      -7.590803408536e-13       4.614224018522e-15       2.270642069441e-16       2.518858268277e-17       8.037062986999e-18 
 2246       1.661864351456e-11       8.194843580820e-13      -7.669240642857e-13       4.608275176845e-15       2.266490735180e-16       2.495333429980e-17       8.018294216074e-18 
 2247       1.658133992094e-11       8.185254571372e-13      -7.747381107203e-13       4.602343900308e-15       2.262348667201e-16       2.472202610805e-17       7.997353210410e-18 
 2248       1.654473403020e-11       8.175100870307e-13      -7.825197467581e-13       4.596430130588e-15       2.258215843714e-16       2.449460048916e-17       7.974294990439e-18 
 2249       1.650881778688e-11       8.164387196231e-13      -7.902662295466e-13       4.590533808959e-15       2.254092242738e-16       2.427099958953e-17       7.949174787679e-18 
 2250       1.647358310150e-11       8.153118288436e-13      -7.979748067699e-13       4.584654876287e-15       2.249977842102e-16       2.405116532003e-17       7.922048044975e-18 
 2251       1.643902185054e-11       8.141298906921e-13      -8.056427166381e-13       4.578793273036e-15       2.245872619445e-16       2.383503935576e-17       7.892970416739e-18 
 2252       1.640512587635e-11       8.128933832425e-13      -8.132671878771e-13       4.572948939261e-15       2.241776552218e-16       2.362256313577e-17       7.861997769193e-18 
 2253       1.637188698719e-11       8.116027866441e-13      -8.208454397181e-13       4.567121814610e-15       2.237689617678e-16       2.341367786277e-17       7.829186180604e-18 
 2254       1.633929695710e-11       8.102585831250e-13      -8.283746818873e-13       4.561311838324e-15       2.233611792893e-16       2.320832450285e-17       7.794591941530e-18 
 2255       1.630734752594e-11       8.088612569940e-13      -8.358521145952e-13       4.555518949236e-15       2.229543054742e-16       2.300644378525e-17       7.758271555056e-18 
 2256       1.627603039930e-11       8.074112946429e-13      -8.432749285267e-13       4.549743085771e-15       2.225483379910e-16       2.280797620204e-17       7.720281737037e-18 
 2257       1.624533724848e-11       8.059091845495e-13      -8.506403048304e-13       4.543984185943e-15       2.221432744891e-16       2.261286200789e-17       7.680679416335e-18 
 2258       1.621525971043e-11       8.043554172797e-13      -8.579454151080e-13       4.538242187359e-15       2.217391125988e-16       2.242104121975e-17       7.639521735063e-18 
 2259       1.618578938775e-11       8.027504854897e-13      -8.651874214045e-13       4.532517027214e-15       2.213358499312e-16       2.223245361661e-17       7.596866048824e-18 
 2260       1.615691784861e-11       8.010948839290e-13      -8.723634761972e-13       4.526808642293e-15       2.209334840780e-16       2.204703873922e-17       7.552769926949e-18 
 2261       1.612863662672e-11       7.993891094425e-13      -8.794707223856e-13       4.521116968968e-15       2.205320126119e-16       2.186473588981e-17       7.507291152742e-18 
 2262       1.610093722131e-11       7.976336609729e-13      -8.865062932811e-13       4.515441943202e-15       2.201314330862e-16       2.168548413183e-17       7.460487723714e-18 
 2263       1.607381109707e-11       7.958290395632e-13      -8.934673125963e-13       4.509783500544e-15       2.197317430347e-16       2.150922228966e-17       7.412417851830e-18 
 2264       1.604724968412e-11       7.939757483595e-13      -9.003508944348e-13       4.504141576129e-15       2.193329399723e-16       2.133588894834e-17       7.363139963745e-18 
 2265       1.602124437796e-11       7.920742926126e-13      -9.071541432810e-13       4.498516104681e-15       2.189350213941e-16       2.116542245333e-17       7.312712701043e-18 
 2266       1.599578653944e-11       7.901251796814e-13      -9.138741539891e-13       4.492907020509e-15       2.185379847761e-16       2.099776091017e-17       7.261194920481e-18 
 2267       1.597086749471e-11       7.881289190346e-13      -9.205080117734e-13       4.487314257507e-15       2.181418275748e-16       2.083284218427e-17       7.208645694230e-18 
 2268       1.594647853520e-11       7.860860222536e-13      -9.270527921975e-13       4.481737749155e-15       2.177465472272e-16       2.067060390062e-17       7.155124310110e-18 
 2269       1.592261091755e-11       7.839970030348e-13      -9.335055611640e-13       4.476177428515e-15       2.173521411509e-16       2.051098344349e-17       7.100690271834e-18 
 2270       1.589925586361e-11       7.818623771919e-13      -9.398633749040e-13       4.470633228236e-15       2.169586067439e-16       2.035391795619e-17       7.045403299249e-18 
 2271       1.587640456035e-11       7.796826626584e-13      -9.461232799669e-13       4.465105080549e-15       2.165659413850e-16       2.019934434077e-17       6.989323328573e-18 
 2272       1.585404815986e-11       7.774583794903e-13      -9.522823132100e-13       4.459592917267e-15       2.161741424331e-16       2.004719925777e-17       6.932510512638e-18 
 2273       1.583217777930e-11       7.751900498682e-13      -9.583375017878e-13       4.454096669787e-15       2.157832072277e-16       1.989741912595e-17       6.875025221130e-18 
 2274       1.581078450086e-11       7.728781981000e-13      -9.642858631421e-13       4.448616269085e-15       2.153931330886e-16       1.974994012199e-17       6.816928040827e-18 
 2275       1.578985937171e-11       7.705233506230e-13      -9.701244049910e-13       4.443151645721e-15       2.150039173161e-16       1.960469818023e-17       6.758279775843e-18 
 2276       1.576939340397e-11       7.681260360067e-13      -9.758501253190e-13       4.437702729835e-15       2.146155571908e-16       1.946162899240e-17       6.699141447864e-18 
 2277       1.574937757466e-11       7.656867849551e-13      -9.814600123666e-13       4.432269451146e-15       2.142280499736e-16       1.932066800735e-17       6.639574296391e-18 
 2278       1.572980282569e-11       7.632061303091e-13      -9.869510446194e-13       4.426851738952e-15       2.138413929058e-16       1.918175043076e-17       6.579639778983e-18 
 2279       1.571066006377e-11       7.606846070491e-13      -9.923201907984e-13       4.421449522133e-15       2.134555832088e-16       1.904481122491e-17       6.519399571488e-18 
 2280       1.569194016043e-11       7.581227522971e-13      -9.975644098488e-13       4.416062729145e-15       2.130706180844e-16       1.890978510834e-17       6.458915568295e-18 
 2281       1.567363395191e-11       7.555211053195e-13      -1.002680650931e-12       4.410691288022e-15       2.126864947146e-16       1.877660655563e-17       6.398249882565e-18 
 2282       1.565573212468e-11       7.528802614864e-13      -1.007666290069e-12       4.405335110253e-15       2.123032104994e-16       1.864522730663e-17       6.337460225899e-18 
 2283       1.563822487093e-11       7.502010345231e-13      -1.012520443192e-12       4.399994042296e-15       2.119207637728e-16       1.851566901755e-17       6.276586014449e-18 
 2284       1.562110223078e-11       7.474842953045e-13      -1.017242661497e-12       4.394667913751e-15       2.115391530914e-16       1.838797094711e-17       6.215662174148e-18 
 2285       1.560435420652e-11       7.447309179961e-13      -1.021832495551e-12       4.389356553452e-15       2.111583769968e-16       1.826217247781e-17       6.154723753326e-18 
 2286       1.558797076257e-11       7.419417800580e-13      -1.026289495296e-12       4.384059789471e-15       2.107784340159e-16       1.813831311611e-17       6.093805922844e-18 
 2287       1.557194182543e-11       7.391177622480e-13      -1.030613210040e-12       4.378777449113e-15       2.103993226605e-16       1.801643249247e-17       6.032943976230e-18 
 2288       1.555625728367e-11       7.362597486259e-13      -1.034803188465e-12       4.373509358917e-15       2.100210414276e-16       1.789657036160e-17       5.972173329810e-18 
 2289       1.554090698786e-11       7.333686265570e-13      -1.038858978624e-12       4.368255344654e-15       2.096435887993e-16       1.777876660247e-17       5.911529522841e-18 
 2290       1.552588075052e-11       7.304452867155e-13      -1.042780127936e-12       4.363015231326e-15       2.092669632426e-16       1.766306121851e-17       5.851048217651e-18 
 2291       1.551116834611e-11       7.274906230886e-13      -1.046566183193e-12       4.357788843167e-15       2.088911632095e-16       1.754949433775e-17       5.790765199764e-18 
 2292       1.549675951095e-11       7.245055329798e-13      -1.050216690554e-12       4.352576003639e-15       2.085161871371e-16       1.743810621290e-17       5.730716378043e-18 
 2293       1.548264394322e-11       7.214909170129e-13      -1.053731195549e-12       4.347376535435e-15       2.081420334474e-16       1.732893722151e-17       5.670937784815e-18 
 2294       1.546881130287e-11       7.184476791354e-13      -1.057109243076e-12       4.342190260474e-15       2.077687005473e-16       1.722202786609e-17       5.611465576011e-18 
 2295       1.545525121162e-11       7.153767266226e-13      -1.060350377398e-12       4.337016999904e-15       2.073961868286e-16       1.711741877427e-17       5.552336031300e-18 
 2296       1.544195325288e-11       7.122789700807e-13      -1.063454142152e-12       4.331856574096e-15       2.070244906682e-16       1.701515069887e-17       5.493585554216e-18 
 2297       1.542890697176e-11       7.091553234511e-13      -1.066420080336e-12       4.326708802650e-15       2.066536104277e-16       1.691526451811e-17       5.435250672302e-18 
 2298       1.541610187494e-11       7.060067040135e-13      -1.069247734320e-12       4.321573504387e-15       2.062835444535e-16       1.681780123565e-17       5.377368037234e-18 
 2299       1.540352743074e-11       7.028340323900e-13      -1.071936645839e-12       4.316450497354e-15       2.059142910771e-16       1.672280198080e-17       5.319974424962e-18 
 2300       1.539117306898e-11       6.996382325486e-13      -1.074486355993e-12       4.311339598818e-15       2.055458486147e-16       1.663030800861e-17       5.263106735840e-18 
 2301       1.537902818099e-11       6.964202318071e-13      -1.076896405252e-12       4.306240625270e-15       2.051782153671e-16       1.654036070000e-17       5.206801994762e-18 
 2302       1.536708211954e-11       6.931809608365e-13      -1.079166333449e-12       4.301153392420e-15       2.048113896201e-16       1.645300156190e-17       5.151097351294e-18 
 2303       1.535532419884e-11       6.899213536646e-13      -1.081295679782e-12       4.296077715198e-15       2.044453696442e-16       1.636827222739e-17       5.096030079809e-18 
 2304       1.534374369444e-11       6.866423476802e-13      -1.083283982816e-12       4.291013407753e-15       2.040801536947e-16       1.628621445579e-17       5.041637579620e-18 
 2305       1.533232984324e-11       6.833448836363e-13      -1.085130780481e-12       4.285960283452e-15       2.037157400116e-16       1.620687013286e-17       4.987957375115e-18 
 2306       1.532107184340e-11       6.800299056539e-13      -1.086835610069e-12       4.280918154879e-15       2.033521268193e-16       1.613028127084e-17       4.935027115890e-18 
 2307       1.530995885434e-11       6.766983612259e-13      -1.088398008239e-12       4.275886833833e-15       2.029893123274e-16       1.605649000867e-17       4.882884576882e-18 
 2308       1.529897999667e-11       6.733512012205e-13      -1.089817511013e-12       4.270866131332e-15       2.026272947297e-16       1.598553861206e-17       4.831567658507e-18 
 2309       1.528812435216e-11       6.699893798849e-13      -1.091093653775e-12       4.265855857602e-15       2.022660722049e-16       1.591746947363e-17       4.781114386786e-18 
 2310       1.527738096369e-11       6.666138548493e-13      -1.092225971273e-12       4.260855822089e-15       2.019056429162e-16       1.585232511308e-17       4.731562913489e-18 
 2311       1.526673883522e-11       6.632255871303e-13      -1.093213997619e-12       4.255865833446e-15       2.015460050114e-16       1.579014817725e-17       4.682951516258e-18 
 2312       1.525618693172e-11       6.598255411344e-13      -1.094057266286e-12       4.250885699541e-15       2.011871566229e-16       1.573098144032e-17       4.635318598751e-18 
 2313       1.524571417917e-11       6.564146846623e-13      -1.094755310110e-12       4.245915227451e-15       2.008290958676e-16       1.567486780391e-17       4.588702690767e-18 
 2314       1.523530946448e-11       6.529939889119e-13      -1.095307661288e-12       4.240954223463e-15       2.004718208471e-16       1.562185029718e-17       4.543142448387e-18 
 2315       1.522496163547e-11       6.495644284825e-13      -1.095713851379e-12       4.236002493074e-15       2.001153296472e-16       1.557197207702e-17       4.498676654102e-18 
 2316       1.521465950080e-11       6.461269813783e-13      -1.095973411304e-12       4.231059840987e-15       1.997596203384e-16       1.552527642814e-17       4.455344216954e-18 
 2317       1.520439182997e-11       6.426826290117e-13      -1.096085871342e-12       4.226126071114e-15       1.994046909757e-16       1.548180676322e-17       4.413184172660e-18 
 2318       1.519414735324e-11       6.392323562079e-13      -1.096050761136e-12       4.221200986570e-15       1.990505395984e-16       1.544160662302e-17       4.372235683755e-18 
 2319       1.518391476160e-11       6.357771512076e-13      -1.095867609685e-12       4.216284389679e-15       1.986971642304e-16       1.540471967652e-17       4.332538039721e-18 
 2320       1.517368270674e-11       6.323180056712e-13      -1.095535945353e-12       4.211376081967e-15       1.983445628799e-16       1.537118972105e-17       4.294130657121e-18 
 2321       1.516344062836e-11       6.288558726430e-13      -1.095055629637e-12       4.206475870048e-15       1.979927335842e-16       1.534104127860e-17       4.257034677950e-18 
 2322       1.515318124196e-11       6.253915401466e-13      -1.094427860810e-12       4.201583583320e-15       1.976416745447e-16       1.531422125056e-17       4.221197637552e-18 
 2323       1.514289806667e-11       6.219257567991e-13      -1.093654176611e-12       4.196699056376e-15       1.972913839927e-16       1.529065689520e-17       4.186548447935e-18 
 2324       1.513258459927e-11       6.184592737816e-13      -1.092736121053e-12       4.191822123136e-15       1.969418601448e-16       1.527027519775e-17       4.153015767588e-18 
 2325       1.512223431417e-11       6.149928448414e-13      -1.091675244426e-12       4.186952616837e-15       1.965931012027e-16       1.525300287014e-17       4.120528001206e-18 
 2326       1.511184066341e-11       6.115272262948e-13      -1.090473103306e-12       4.182090370040e-15       1.962451053536e-16       1.523876635068e-17       4.089013299413e-18 
 2327       1.510139707657e-11       6.080631770302e-13      -1.089131260562e-12       4.177235214625e-15       1.958978707696e-16       1.522749180372e-17       4.058399558487e-18 
 2328       1.509089696083e-11       6.046014585104e-13      -1.087651285364e-12       4.172386981792e-15       1.955513956080e-16       1.521910511944e-17       4.028614420082e-18 
 2329       1.508033370088e-11       6.011428347756e-13      -1.086034753187e-12       4.167545502059e-15       1.952056780115e-16       1.521353191343e-17       3.999585270954e-18 
 2330       1.506970065894e-11       5.976880724464e-13      -1.084283245822e-12       4.162710605262e-15       1.948607161077e-16       1.521069752651e-17       3.971239242687e-18 
 2331       1.505899117469e-11       5.942379407258e-13      -1.082398351380e-12       4.157882120554e-15       1.945165080094e-16       1.521052702433e-17       3.943503211412e-18 
 2332       1.504819856531e-11       5.907932114027e-13      -1.080381664302e-12       4.153059876405e-15       1.941730518144e-16       1.521294519712e-17       3.916303797535e-18 
 2333       1.503731612537e-11       5.873546588542e-13      -1.078234785363e-12       4.148243700600e-15       1.938303456057e-16       1.521787655937e-17       3.889567365461e-18 
 2334       1.502633712691e-11       5.839230600486e-13      -1.075959321681e-12       4.143433420237e-15       1.934883874513e-16       1.522524534955e-17       3.863220023315e-18 
 2335       1.501525481931e-11       5.804991945481e-13      -1.073556886723e-12       4.138628861732e-15       1.931471754043e-16       1.523497552976e-17       3.837187622671e-18 
 2336       1.500406242935e-11       5.770838445112e-13      -1.071029100314e-12       4.133829850809e-15       1.928067075026e-16       1.524699078550e-17       3.811395758272e-18 
 2337       1.499275316113e-11       5.736777946961e-13      -1.068377588643e-12       4.129036212510e-15       1.924669817694e-16       1.526121452528e-17       3.785769767753e-18 
 2338       1.498132019610e-11       5.702818324628e-13      -1.065603984268e-12       4.124247771183e-15       1.921279962126e-16       1.527756988042e-17       3.760234731373e-18 
 2339       1.496975669297e-11       5.668967477763e-13      -1.062709926126e-12       4.119464350492e-15       1.917897488252e-16       1.529597970464e-17       3.734715471729e-18 
 2340       1.495805578773e-11       5.635233332090e-13      -1.059697059541e-12       4.114685773406e-15       1.914522375852e-16       1.531636657386e-17       3.709136553487e-18 
 2341       1.494621059362e-11       5.601623839439e-13      -1.056567036225e-12       4.109911862208e-15       1.911154604553e-16       1.533865278583e-17       3.683422283103e-18 
 2342       1.493421420111e-11       5.568146977769e-13      -1.053321514294e-12       4.105142438486e-15       1.907794153833e-16       1.536276035983e-17       3.657496708549e-18 
 2343       1.492205967786e-11       5.534810751197e-13      -1.049962158267e-12       4.100377323137e-15       1.904441003018e-16       1.538861103641e-17       3.631283619035e-18 
 2344       1.490974006869e-11       5.501623190025e-13      -1.046490639079e-12       4.095616336366e-15       1.901095131283e-16       1.541612627707e-17       3.604706544735e-18 
 2345       1.489724839559e-11       5.468592350770e-13      -1.042908634083e-12       4.090859297681e-15       1.897756517650e-16       1.544522726394e-17       3.577688756510e-18 
 2346       1.488457765767e-11       5.435726316190e-13      -1.039217827062e-12       4.086106025900e-15       1.894425140991e-16       1.547583489949e-17       3.550153265632e-18 
 2347       1.487172083114e-11       5.403033195307e-13      -1.035419908232e-12       4.081356339141e-15       1.891100980024e-16       1.550786980623e-17       3.522022823509e-18 
 2348       1.485867086928e-11       5.370521123444e-13      -1.031516574252e-12       4.076610054829e-15       1.887784013317e-16       1.554125232643e-17       3.493219921409e-18 
 2349       1.484542070244e-11       5.338198262242e-13      -1.027509528229e-12       4.071866989690e-15       1.884474219284e-16       1.557590252176e-17       3.463666790183e-18 
 2350       1.483196323798e-11       5.306072799697e-13      -1.023400479728e-12       4.067126959754e-15       1.881171576188e-16       1.561174017305e-17       3.433285399990e-18 
 2351       1.481829136028e-11       5.274152950179e-13      -1.019191144776e-12       4.062389780350e-15       1.877876062136e-16       1.564868477995e-17       3.401997460021e-18 
 2352       1.480439793069e-11       5.242446954467e-13      -1.014883245869e-12       4.057655266111e-15       1.874587655085e-16       1.568665556066e-17       3.369724418223e-18 
 2353       1.479027578754e-11       5.210963079769e-13      -1.010478511981e-12       4.052923230967e-15       1.871306332839e-16       1.572557145157e-17       3.336387461024e-18 
 2354       1.477591774606e-11       5.179709619757e-13      -1.005978678573e-12       4.048193488148e-15       1.868032073046e-16       1.576535110704e-17       3.301907513055e-18 
 2355       1.476131659841e-11       5.148694894589e-13      -1.001385487593e-12       4.043465850184e-15       1.864764853202e-16       1.580591289902e-17       3.266205236876e-18 
 2356       1.474646511363e-11       5.117927250939e-13      -9.967006874923e-13       4.038740128901e-15       1.861504650650e-16       1.584717491681e-17       3.229201032699e-18 
 2357       1.473135603762e-11       5.087415062022e-13      -9.919260332246e-13       4.034016135420e-15       1.858251442578e-16       1.588905496672e-17       3.190815038113e-18 
 2358       1.471598209312e-11       5.057166727626e-13      -9.870632862577e-13       4.029293680163e-15       1.855005206018e-16       1.593147057177e-17       3.150967127807e-18 
 2359       1.470033597967e-11       5.027190674135e-13      -9.821142145792e-13       4.024572572842e-15       1.851765917852e-16       1.597433897142e-17       3.109576913297e-18 
 2360       1.468441153080e-11       4.997494402906e-13      -9.770806784797e-13       4.019852641512e-15       1.848533556060e-16       1.601759480244e-17       3.066584563461e-18 
 2361       1.466820719330e-11       4.968081628893e-13      -9.719648884691e-13       4.015133789835e-15       1.845308103494e-16       1.606124326224e-17       3.022013407878e-18 
 2362       1.465172256951e-11       4.938955124326e-13      -9.667691489748e-13       4.010415940166e-15       1.842089544134e-16       1.610530727476e-17       2.975907721325e-18 
 2363       1.463495726201e-11       4.910117668758e-13      -9.614957727192e-13       4.005699014541e-15       1.838877861829e-16       1.614980983930e-17       2.928311938403e-18 
 2364       1.461791087370e-11       4.881572049071e-13      -9.561470807297e-13       4.000982934675e-15       1.835673040296e-16       1.619477403062e-17       2.879270653709e-18 
 2365       1.460058300775e-11       4.853321059486e-13      -9.507254023466e-13       3.996267621963e-15       1.832475063124e-16       1.624022299900e-17       2.828828622009e-18 
 2366       1.458297326764e-11       4.825367501568e-13      -9.452330752328e-13       3.991552997478e-15       1.829283913772e-16       1.628617997029e-17       2.777030758407e-18 
 2367       1.456508125711e-11       4.797714184233e-13      -9.396724453821e-13       3.986838981972e-15       1.826099575568e-16       1.633266824604e-17       2.723922138523e-18 
 2368       1.454690658022e-11       4.770363923754e-13      -9.340458671289e-13       3.982125495876e-15       1.822922031711e-16       1.637971120356e-17       2.669547998662e-18 
 2369       1.452844884130e-11       4.743319543772e-13      -9.283557031565e-13       3.977412459298e-15       1.819751265267e-16       1.642733229598e-17       2.613953735986e-18 
 2370       1.450970764499e-11       4.716583875296e-13      -9.226043245063e-13       3.972699792024e-15       1.816587259172e-16       1.647555505237e-17       2.557184908689e-18 
 2371       1.449068259622e-11       4.690159756719e-13      -9.167941105867e-13       3.967987413516e-15       1.813429996233e-16       1.652440307776e-17       2.499287236168e-18 
 2372       1.447137330020e-11       4.664050033815e-13      -9.109274491820e-13       3.963275242915e-15       1.810279459124e-16       1.657390005326e-17       2.440306599197e-18 
 2373       1.445177936245e-11       4.638257559755e-13      -9.050067364616e-13       3.958563199035e-15       1.807135630387e-16       1.662406973617e-17       2.380289040095e-18 
 2374       1.443190038879e-11       4.612785195108e-13      -8.990343769885e-13       3.953851200370e-15       1.803998492434e-16       1.667493595996e-17       2.319280762905e-18 
 2375       1.441173598532e-11       4.587635807850e-13      -8.930127837286e-13       3.949139165086e-15       1.800868027546e-16       1.672652263446e-17       2.257328133563e-18 
 2376       1.439128575845e-11       4.562812273372e-13      -8.869443780596e-13       3.944427011027e-15       1.797744217870e-16       1.677885374585e-17       2.194477680068e-18 
 2377       1.437054931488e-11       4.538317474485e-13      -8.808315897796e-13       3.939714655710e-15       1.794627045422e-16       1.683195335681e-17       2.130776092661e-18 
 2378       1.434952626163e-11       4.514154301430e-13      -8.746768571166e-13       3.935002016327e-15       1.791516492087e-16       1.688584560654e-17       2.066270223992e-18 
 2379       1.432821620599e-11       4.490325651879e-13      -8.684826267370e-13       3.930289009746e-15       1.788412539615e-16       1.694055471089e-17       2.001007089295e-18 
 2380       1.430661875558e-11       4.466834430948e-13      -8.622513537547e-13       3.925575552506e-15       1.785315169627e-16       1.699610496238e-17       1.935033866558e-18 
 2381       1.428473351830e-11       4.443683551204e-13      -8.559855017399e-13       3.920861560821e-15       1.782224363609e-16       1.705252073035e-17       1.868397896700e-18 
 2382       1.426256010236e-11       4.420875932667e-13      -8.496875427286e-13       3.916146950578e-15       1.779140102914e-16       1.710982646098e-17       1.801146683739e-18 
 2383       1.424009811629e-11       4.398414502819e-13      -8.433599572306e-13       3.911431637335e-15       1.776062368763e-16       1.716804667740e-17       1.733327894968e-18 
 2384       1.421734716890e-11       4.376302196615e-13      -8.370052342392e-13       3.906715536326e-15       1.772991142244e-16       1.722720597974e-17       1.664989361124e-18 
 2385       1.419430686931e-11       4.354541956484e-13      -8.306258712399e-13       3.901998562453e-15       1.769926404311e-16       1.728732904527e-17       1.596179076564e-18 
 2386       1.417097682696e-11       4.333136732341e-13      -8.242243742194e-13       3.897280630293e-15       1.766868135784e-16       1.734844062839e-17       1.526945199435e-18 
 2387       1.414735665159e-11       4.312089481589e-13      -8.178032576744e-13       3.892561654090e-15       1.763816317351e-16       1.741056556079e-17       1.457336051849e-18 
 2388       1.412344595324e-11       4.291403169131e-13      -8.113650446205e-13       3.887841547764e-15       1.760770929564e-16       1.747372875149e-17       1.387400120051e-18 
 2389       1.409924434228e-11       4.271080767374e-13      -8.049122666014e-13       3.883120224900e-15       1.757731952843e-16       1.753795518691e-17       1.317186054597e-18 
 2390       1.407475142935e-11       4.251125256236e-13      -7.984474636979e-13       3.878397598759e-15       1.754699367473e-16       1.760326993098e-17       1.246742670523e-18 
 2391       1.404996682546e-11       4.231539623154e-13      -7.919731845362e-13       3.873673582266e-15       1.751673153604e-16       1.766969812520e-17       1.176118947520e-18 
 2392       1.402489014187e-11       4.212326863091e-13      -7.854919862976e-13       3.868948088019e-15       1.748653291252e-16       1.773726498871e-17       1.105364030101e-18 
 2393       1.399952099018e-11       4.193489978541e-13      -7.790064347272e-13       3.864221028285e-15       1.745639760299e-16       1.780599581840e-17       1.034527227783e-18 
 2394       1.397385898232e-11       4.175031979540e-13      -7.725191041425e-13       3.859492314997e-15       1.742632540491e-16       1.787591598895e-17       9.636580152490e-19 
 2395       1.394790373051e-11       4.156955883669e-13      -7.660325774428e-13       3.854761859758e-15       1.739631611439e-16       1.794705095293e-17       8.928060325286e-19 
 2396       1.392165484729e-11       4.139264716062e-13      -7.595494461179e-13       3.850029573840e-15       1.736636952620e-16       1.801942624091e-17       8.220210851664e-19 
 2397       1.389511194551e-11       4.121961509415e-13      -7.530723102572e-13       3.845295368181e-15       1.733648543375e-16       1.809306746145e-17       7.513531443954e-19 
 2398       1.386827463835e-11       4.105049303990e-13      -7.466037785584e-13       3.840559153386e-15       1.730666362908e-16       1.816800030129e-17       6.808523473101e-19 
 2399       1.384114334430e-11       4.088530238212e-13      -7.401463037310e-13       3.835820859170e-15       1.727690392126e-16       1.824423702147e-17       6.105678281034e-19 
 2400       1.381372170758e-11       4.072402814373e-13      -7.337016875903e-13       3.831080492820e-15       1.724720619152e-16       1.832173585580e-17       5.405442036391e-19 
 2401       1.378601419246e-11       4.056664616255e-13      -7.272715729608e-13       3.826338081087e-15       1.721757033844e-16       1.840044136476e-17       4.708250667742e-19 
 2402       1.375802527972e-11       4.041313217013e-13      -7.208576080126e-13       3.821593650777e-15       1.718799625961e-16       1.848029791671e-17       4.014541534944e-19 
 2403       1.372975946656e-11       4.026346179161e-13      -7.144614462676e-13       3.816847228754e-15       1.715848385161e-16       1.856124968764e-17       3.324753430619e-19 
 2404       1.370122126669e-11       4.011761054563e-13      -7.080847466043e-13       3.812098841935e-15       1.712903301003e-16       1.864324066103e-17       2.639326581640e-19 
 2405       1.367241521032e-11       3.997555384421e-13      -7.017291732640e-13       3.807348517293e-15       1.709964362947e-16       1.872621462758e-17       1.958702650608e-19 
 2406       1.364334584416e-11       3.983726699260e-13      -6.953963958556e-13       3.802596281856e-15       1.707031560350e-16       1.881011518503e-17       1.283324737335e-19 
 2407       1.361401773149e-11       3.970272518920e-13      -6.890880893618e-13       3.797842162709e-15       1.704104882474e-16       1.889488573799e-17       6.136373803262e-20 
 2408       1.358443545213e-11       3.957190352542e-13      -6.828059341442e-13       3.793086186991e-15       1.701184318475e-16       1.898046949770e-17      -4.991344173822e-21 
 2409       1.355460360246e-11       3.944477698556e-13      -6.765516159487e-13       3.788328381896e-15       1.698269857414e-16       1.906680948185e-17      -7.068803085233e-20 
 2410       1.352452679548e-11       3.932132044666e-13      -6.703268259114e-13       3.783568774676e-15       1.695361488247e-16       1.915384851435e-17      -1.356814356557e-19 
 2411       1.349420966078e-11       3.920150867847e-13      -6.641332605640e-13       3.778807392636e-15       1.692459199832e-16       1.924152922515e-17      -1.999265277748e-19 
 2412       1.346365684458e-11       3.908531634322e-13      -6.579726218389e-13       3.774044263138e-15       1.689562980926e-16       1.932979405005e-17      -2.633781317905e-19 
 2413       1.343287300974e-11       3.897271799558e-13      -6.518466170755e-13       3.769279413600e-15       1.686672820184e-16       1.941858523045e-17      -3.259909275255e-19 
 2414       1.340186283578e-11       3.886368808250e-13      -6.457569590248e-13       3.764512871495e-15       1.683788706161e-16       1.950784481322e-17      -3.877194498964e-19 
 2415       1.337063101892e-11       3.875820094312e-13      -6.397053658558e-13       3.759744664350e-15       1.680910627311e-16       1.959751465040e-17      -4.485180887650e-19 
 2416       1.333918227205e-11       3.865623080861e-13      -6.336935611601e-13       3.754974819752e-15       1.678038571985e-16       1.968753639910e-17      -5.083410887908e-19 
 2417       1.330752132479e-11       3.855775180208e-13      -6.277232739584e-13       3.750203365341e-15       1.675172528435e-16       1.977785152123e-17      -5.671425492824e-19 
 2418       1.327565292349e-11       3.846273793847e-13      -6.217962387050e-13       3.745430328813e-15       1.672312484809e-16       1.986840128331e-17      -6.248764240495e-19 
 2419       1.324358183124e-11       3.837116312438e-13      -6.159141952942e-13       3.740655737919e-15       1.669458429156e-16       1.995912675630e-17      -6.814965212549e-19 
 2420       1.321131282790e-11       3.828300115802e-13      -6.100788890653e-13       3.735879620469e-15       1.666610349420e-16       2.004996881534e-17      -7.369565032661e-19 
 2421       1.317885071014e-11       3.819822572903e-13      -6.042920708081e-13       3.731102004327e-15       1.663768233447e-16       2.014086813962e-17      -7.912098865072e-19 
 2422       1.314620029139e-11       3.811681041840e-13      -5.985554967687e-13       3.726322917411e-15       1.660932068977e-16       2.023176521209e-17      -8.442100413111e-19 
 2423       1.311336640194e-11       3.803872869831e-13      -5.928709286548e-13       3.721542387700e-15       1.658101843650e-16       2.032260031935e-17      -8.959101917706e-19 
 2424       1.308035388889e-11       3.796395393206e-13      -5.872401336413e-13       3.716760443224e-15       1.655277545003e-16       2.041331355137e-17      -9.462634155913e-19 
 2425       1.304716761620e-11       3.789245937392e-13      -5.816648843757e-13       3.711977112072e-15       1.652459160471e-16       2.050384480134e-17      -9.952226439424e-19 
 2426       1.301381246472e-11       3.782421816899e-13      -5.761469589838e-13       3.707192422389e-15       1.649646677386e-16       2.059413376545e-17      -1.042740661309e-18 
 2427       1.298029333217e-11       3.775920335315e-13      -5.706881410749e-13       3.702406402374e-15       1.646840082977e-16       2.068411994266e-17      -1.088770105345e-18 
 2428       1.294661513319e-11       3.769738785285e-13      -5.652902197478e-13       3.697619080286e-15       1.644039364372e-16       2.077374263454e-17      -1.133263466722e-18 
 2429       1.291278279935e-11       3.763874448507e-13      -5.599549895958e-13       3.692830484437e-15       1.641244508592e-16       2.086294094506e-17      -1.176173088986e-18 
 2430       1.287880127914e-11       3.758324595714e-13      -5.546842507126e-13       3.688040643196e-15       1.638455502560e-16       2.095165378036e-17      -1.217451168402e-18 
 2431       1.284467553804e-11       3.753086486666e-13      -5.494798086973e-13       3.683249584989e-15       1.635672333091e-16       2.103981984858e-17      -1.257049753815e-18 
 2432       1.281041055849e-11       3.748157370136e-13      -5.443434746608e-13       3.678457338298e-15       1.632894986899e-16       2.112737765963e-17      -1.294920746494e-18 
 2433       1.277601133994e-11       3.743534483901e-13      -5.392770652302e-13       3.673663931662e-15       1.630123450596e-16       2.121426552500e-17      -1.331015899987e-18 
 2434       1.274148289884e-11       3.739215054723e-13      -5.342824025553e-13       3.668869393675e-15       1.627357710687e-16       2.130042155757e-17      -1.365286819975e-18 
 2435       1.270683026868e-11       3.735196298346e-13      -5.293613143135e-13       3.664073752989e-15       1.624597753574e-16       2.138578367139e-17      -1.397684964119e-18 
 2436       1.267205849999e-11       3.731475419477e-13      -5.245156337155e-13       3.659277038312e-15       1.621843565558e-16       2.147028958149e-17      -1.428161641916e-18 
 2437       1.263717266039e-11       3.728049611779e-13      -5.197471995109e-13       3.654479278408e-15       1.619095132832e-16       2.155387680364e-17      -1.456668014548e-18 
 2438       1.260217791672e-11       3.724915703444e-13      -5.150576210247e-13       3.649680512092e-15       1.616352442031e-16       2.163649774749e-17      -1.483177824856e-18 
 2439       1.256707978216e-11       3.722069091625e-13      -5.104475717146e-13       3.644880818273e-15       1.613615481862e-16       2.171816509517e-17      -1.507755736713e-18 
 2440       1.253188387064e-11       3.719504801581e-13      -5.059174913821e-13       3.640080286094e-15       1.610884241484e-16       2.179890669478e-17      -1.530489405785e-18 
 2441       1.249659581488e-11       3.717217840490e-13      -5.014678207567e-13       3.635279004948e-15       1.608158709960e-16       2.187875049197e-17      -1.551466786990e-18 
 2442       1.246122126635e-11       3.715203197430e-13      -4.970990014968e-13       3.630477064484e-15       1.605438876257e-16       2.195772453004e-17      -1.570776134807e-18 
 2443       1.242576589531e-11       3.713455843357e-13      -4.928114761904e-13       3.625674554606e-15       1.602724729253e-16       2.203585695003e-17      -1.588506003592e-18 
 2444       1.239023539086e-11       3.711970731088e-13      -4.886056883560e-13       3.620871565470e-15       1.600016257727e-16       2.211317599085e-17      -1.604745247882e-18 
 2445       1.235463546091e-11       3.710742795283e-13      -4.844820824432e-13       3.616068187489e-15       1.597313450367e-16       2.218970998937e-17      -1.619583022713e-18 
 2446       1.231897183225e-11       3.709766952424e-13      -4.804411038335e-13       3.611264511329e-15       1.594616295764e-16       2.226548738049e-17      -1.633108783922e-18 
 2447       1.228325025052e-11       3.709038100793e-13      -4.764831988411e-13       3.606460627912e-15       1.591924782417e-16       2.234053669730e-17      -1.645412288465e-18 
 2448       1.224747648027e-11       3.708551120461e-13      -4.726088147137e-13       3.601656628417e-15       1.589238898727e-16       2.241488657113e-17      -1.656583594724e-18 
 2449       1.221165630494e-11       3.708300873261e-13      -4.688183996333e-13       3.596852604275e-15       1.586558633004e-16       2.248856573170e-17      -1.666713062816e-18 
 2450       1.217579552692e-11       3.708282202773e-13      -4.651124027168e-13       3.592048647176e-15       1.583883973460e-16       2.256160300715e-17      -1.675891354908e-18 
 2451       1.213989996754e-11       3.708489934303e-13      -4.614912740170e-13       3.587244849065e-15       1.581214908213e-16       2.263402732425e-17      -1.684209435525e-18 
 2452       1.210397546711e-11       3.708918874866e-13      -4.579554645231e-13       3.582441302143e-15       1.578551425286e-16       2.270586770839e-17      -1.691758571860e-18 
 2453       1.206802788492e-11       3.709563813163e-13      -4.545054261618e-13       3.577638098869e-15       1.575893512606e-16       2.277715328375e-17      -1.698630334085e-18 
 2454       1.203206309927e-11       3.710419519568e-13      -4.511416117978e-13       3.572835331956e-15       1.573241158007e-16       2.284791327340e-17      -1.704916595664e-18 
 2455       1.199608700748e-11       3.711480746101e-13      -4.478644752346e-13       3.568033094377e-15       1.570594349224e-16       2.291817699936e-17      -1.710709533658e-18 
 2456       1.196010552593e-11       3.712742226417e-13      -4.446744712154e-13       3.563231479361e-15       1.567953073898e-16       2.298797388274e-17      -1.716101629043e-18 
 2457       1.192412459006e-11       3.714198675780e-13      -4.415720554238e-13       3.558430580394e-15       1.565317319575e-16       2.305733344385e-17      -1.721185667014e-18 
 2458       1.188815015440e-11       3.715844791049e-13      -4.385576844845e-13       3.553630491221e-15       1.562687073703e-16       2.312628530225e-17      -1.726054737299e-18 
 2459       1.185218819257e-11       3.717675250655e-13      -4.356318159642e-13       3.548831305844e-15       1.560062323636e-16       2.319485917690e-17      -1.730802234467e-18 
 2460       1.181624469732e-11       3.719684714585e-13      -4.327949083722e-13       3.544033118524e-15       1.557443056630e-16       2.326308488627e-17      -1.735521858244e-18 
 2461       1.178032568056e-11       3.721867824361e-13      -4.300474211616e-13       3.539236023780e-15       1.554829259848e-16       2.333099234837e-17      -1.740307613816e-18 
 2462       1.174443717334e-11       3.724219203020e-13      -4.273898147293e-13       3.534440116390e-15       1.552220920352e-16       2.339861158095e-17      -1.745253812146e-18 
 2463       1.170858522589e-11       3.726733455099e-13      -4.248225504174e-13       3.529645491390e-15       1.549618025111e-16       2.346597270152e-17      -1.750455070281e-18 
 2464       1.167277590766e-11       3.729405166610e-13      -4.223460905139e-13       3.524852244077e-15       1.547020560997e-16       2.353310592751e-17      -1.756006311663e-18 
 2465       1.163701530732e-11       3.732228905025e-13      -4.199608982532e-13       3.520060470006e-15       1.544428514782e-16       2.360004157633e-17      -1.762002766442e-18 
 2466       1.160130953275e-11       3.735199219258e-13      -4.176674378171e-13       3.515270264992e-15       1.541841873146e-16       2.366681006551e-17      -1.768539971781e-18 
 2467       1.156566471112e-11       3.738310639640e-13      -4.154661743354e-13       3.510481725109e-15       1.539260622669e-16       2.373344191275e-17      -1.775713772175e-18 
 2468       1.153008698887e-11       3.741557677906e-13      -4.133575738869e-13       3.505694946694e-15       1.536684749833e-16       2.379996773608e-17      -1.783620319752e-18 
 2469       1.149458253172e-11       3.744934827173e-13      -4.113421034999e-13       3.500910026341e-15       1.534114241026e-16       2.386641825394e-17      -1.792356074593e-18 
 2470       1.145915752474e-11       3.748436561921e-13      -4.094202311531e-13       3.496127060908e-15       1.531549082537e-16       2.393282428526e-17      -1.802017805034e-18 
 2471       1.142381817229e-11       3.752057337973e-13      -4.075924257764e-13       3.491346147510e-15       1.528989260556e-16       2.399921674959e-17      -1.812702587983e-18 
 2472       1.138857069813e-11       3.755791592479e-13      -4.058591572518e-13       3.486567383525e-15       1.526434761178e-16       2.406562666719e-17      -1.824507809226e-18 
 2473       1.135342134537e-11       3.759633743894e-13      -4.042208964137e-13       3.481790866595e-15       1.523885570399e-16       2.413208515915e-17      -1.837531163741e-18 
 2474       1.131837637651e-11       3.763578191959e-13      -4.026781150502e-13       3.477016694618e-15       1.521341674116e-16       2.419862344744e-17      -1.851870656008e-18 
 2475       1.128344207349e-11       3.767619317685e-13      -4.012312859035e-13       3.472244965758e-15       1.518803058131e-16       2.426527285509e-17      -1.867624600316e-18 
 2476       1.124862473765e-11       3.771751483329e-13      -3.998808826710e-13       3.467475778441e-15       1.516269708145e-16       2.433206480623e-17      -1.884891621078e-18 
 2477       1.121393015507e-11       3.775969005335e-13      -3.986270510053e-13       3.462709233848e-15       1.513741608523e-16       2.439902850016e-17      -1.903741907781e-18 
 2478       1.117936198901e-11       3.780266073012e-13      -3.974686193891e-13       3.457945443425e-15       1.511218738571e-16       2.446618391824e-17      -1.924130793541e-18 
 2479       1.114492337797e-11       3.784636829337e-13      -3.964040824151e-13       3.453184521419e-15       1.508701076233e-16       2.453354877587e-17      -1.945984666299e-18 
 2480       1.111061746958e-11       3.789075397933e-13      -3.954319292495e-13       3.448426582391e-15       1.506188599330e-16       2.460114084485e-17      -1.969229667540e-18 
 2481       1.107644742063e-11       3.793575883051e-13      -3.945506436265e-13       3.443671741210e-15       1.503681285564e-16       2.466897795341e-17      -1.993791692037e-18 
 2482       1.104241639705e-11       3.798132369551e-13      -3.937587038426e-13       3.438920113060e-15       1.501179112509e-16       2.473707798630e-17      -2.019596387606e-18 
 2483       1.100852757393e-11       3.802738922880e-13      -3.930545827509e-13       3.434171813437e-15       1.498682057621e-16       2.480545888480e-17      -2.046569154847e-18 
 2484       1.097478413554e-11       3.807389589053e-13      -3.924367477555e-13       3.429426958147e-15       1.496190098230e-16       2.487413864685e-17      -2.074635146898e-18 
 2485       1.094118927531e-11       3.812078394635e-13      -3.919036608059e-13       3.424685663312e-15       1.493703211542e-16       2.494313532703e-17      -2.103719269184e-18 
 2486       1.090774619586e-11       3.816799346721e-13      -3.914537783910e-13       3.419948045365e-15       1.491221374642e-16       2.501246703667e-17      -2.133746179161e-18 
 2487       1.087445810900e-11       3.821546432912e-13      -3.910855515340e-13       3.415214221055e-15       1.488744564490e-16       2.508215194388e-17      -2.164640286067e-18 
 2488       1.084132823577e-11       3.826313621304e-13      -3.907974257863e-13       3.410484307441e-15       1.486272757921e-16       2.515220827362e-17      -2.196325750674e-18 
 2489       1.080835980639e-11       3.831094860460e-13      -3.905878412218e-13       3.405758421899e-15       1.483805931648e-16       2.522265430774e-17      -2.228726485030e-18 
 2490       1.077555606031e-11       3.835884079393e-13      -3.904552324316e-13       3.401036682119e-15       1.481344062261e-16       2.529350838505e-17      -2.261766152211e-18 
 2491       1.074292024621e-11       3.840675187549e-13      -3.903980285180e-13       3.396319206104e-15       1.478887126222e-16       2.536478890139e-17      -2.295368166073e-18 
 2492       1.071045562203e-11       3.845462074784e-13      -3.904146530892e-13       3.391606112173e-15       1.476435099871e-16       2.543651430965e-17      -2.329455690994e-18 
 2493       1.067816545492e-11       3.850238611346e-13      -3.905035242531e-13       3.386897518960e-15       1.473987959425e-16       2.550870311985e-17      -2.363951641626e-18 
 2494       1.064605302132e-11       3.854998647856e-13      -3.906630546121e-13       3.382193545415e-15       1.471545680973e-16       2.558137389920e-17      -2.398778682644e-18 
 2495       1.061412160691e-11       3.859736015286e-13      -3.908916512573e-13       3.377494310802e-15       1.469108240483e-16       2.565454527216e-17      -2.433859228494e-18 
 2496       1.058237450666e-11       3.864444524940e-13      -3.911877157628e-13       3.372799934703e-15       1.466675613793e-16       2.572823592046e-17      -2.469115443140e-18 
 2497       1.055081502482e-11       3.869117968436e-13      -3.915496441801e-13       3.368110537016e-15       1.464247776622e-16       2.580246458322e-17      -2.504469239816e-18 
 2498       1.051944647491e-11       3.873750117686e-13      -3.919758270323e-13       3.363426237954e-15       1.461824704559e-16       2.587725005693e-17      -2.539842280771e-18 
 2499       1.048827217980e-11       3.878334724874e-13      -3.924646493086e-13       3.358747158048e-15       1.459406373069e-16       2.595261119557e-17      -2.575155977021e-18 
 2500       1.045729547162e-11       3.882865522439e-13      -3.930144904585e-13       3.354073418147e-15       1.456992757493e-16       2.602856691065e-17      -2.610331488093e-18 
